uniprot_id,ptm_enzyme,ptm_enzyme_family,ptm_enzyme_class,site,ptm_type,score,source,evidence_level,has_curated_source,n_references,references,raw_sources
A1X283,P12931,SRC,tyr,Y508,Phosphorylation,2.0,MIMP;PhosphoSitePlus;ProtMapper;REACH_ProtMapper;RLIMS-P_ProtMapper;SIGNOR,curated_literature,True,1,20943948,MIMP;PhosphoSite;PhosphoSite_MIMP;PhosphoSite_ProtMapper;ProtMapper;REACH_ProtMapper;RLIMS-P_ProtMapper;SIGNOR
A2A288,P30291,WEE1,tyr,Y15,Phosphorylation,1.0,ProtMapper;Sparser_ProtMapper,literature_supported,False,1,10214922,ProtMapper;Sparser_ProtMapper
A6NI28,P12931,SRC,tyr,Y376,Phosphorylation,1.0,ProtMapper;REACH_ProtMapper;RLIMS-P_ProtMapper,literature_supported,False,1,28584191,ProtMapper;REACH_ProtMapper;RLIMS-P_ProtMapper
A6NMY6,P12931,SRC,tyr,Y24,Phosphorylation,1.0,UniProt_ModRes;dbPTM,curated_source,True,1,19534553,UniProt_ModRes;dbPTM
A8K4G0,P06241,SRC,tyr,Y188,Phosphorylation,3.0,PhosphoSitePlus;ProtMapper;SIGNOR;UniProt_ModRes;dbPTM,curated_literature,True,2,16920917;17928527,PhosphoSite;PhosphoSite_ProtMapper;ProtMapper;SIGNOR;UniProt_ModRes;dbPTM
O00160,P43405,SYK/ZAP-70,tyr,Y607;Y634,Phosphorylation,1.0,UniProt_ModRes,curated_literature,True,1,39694035,UniProt_ModRes
O00170,P12931,SRC,tyr,Y248,Phosphorylation,1.0,KEA,literature_supported,False,1,17570479,KEA
O00213,P00519,ABL,tyr,Y547,Phosphorylation,8.0,KEA;ProtMapper;REACH_ProtMapper;SIGNOR;Sparser_ProtMapper;UniProt_ModRes;dbPTM,curated_literature,True,5,15031292;18922798;20110615;22506131;26255939,KEA;ProtMapper;REACH_ProtMapper;SIGNOR;SIGNOR_ProtMapper;Sparser_ProtMapper;UniProt_ModRes;dbPTM
O00291,P00533,EGF receptor,tyr,Y152,Phosphorylation,1.0,PhosphoSitePlus,curated_source,True,0,,PhosphoSite
O00308,P06241,SRC,tyr,Y392,Phosphorylation,1.0,ProtMapper;Sparser_ProtMapper,literature_supported,False,1,28475870,ProtMapper;Sparser_ProtMapper
O00401,P00519,ABL,tyr,Y175;Y256,Phosphorylation,12.0,HPRD;KEA;MIMP;PhosphoELM;PhosphoSitePlus;ProtMapper;REACH_ProtMapper;SIGNOR;Sparser_ProtMapper,curated_literature,True,9,16199863;17389395;18452278;18707149;19415658;19664994;19901323;20068231;20146487,HPRD;HPRD_MIMP;KEA;MIMP;PhosphoSite_MIMP;ProtMapper;REACH_ProtMapper;SIGNOR;SIGNOR_ProtMapper;Sparser_ProtMapper;phosphoELM_MIMP
O00401,P06241,SRC,tyr,Y256,Phosphorylation,1.0,ProtMapper;REACH_ProtMapper;Sparser_ProtMapper,literature_supported,False,1,23291261,ProtMapper;REACH_ProtMapper;Sparser_ProtMapper
O00401,P42684,ABL,tyr,Y256,Phosphorylation,2.0,iPTMnet;neXtProt,literature_supported,False,1,20146487,iPTMnet_REST;neXtProt
O00401,Q05397,FAK,tyr,Y256,Phosphorylation,6.0,NCI-PID_ProtMapper;ProtMapper;REACH_ProtMapper;RLIMS-P_ProtMapper;Reactome_ProtMapper;Sparser_ProtMapper;UniProt_ModRes;dbPTM,curated_literature,True,7,14676198;16257963;17389395;18083107;19534553;20068231;21857884,NCI-PID_ProtMapper;ProtMapper;REACH_ProtMapper;RLIMS-P_ProtMapper;Reactome_ProtMapper;Sparser_ProtMapper;UniProt_ModRes;dbPTM
O00401,Q06187,TEC,tyr,Y256,Phosphorylation,2.0,ProtMapper;Reactome_ProtMapper,predicted_or_inferred,False,0,,ProtMapper;Reactome_ProtMapper
O00401,Q07912,Tyr protein kinase,dual,Y256,Phosphorylation,6.0,NCI-PID_ProtMapper;ProtMapper;REACH_ProtMapper;RLIMS-P_ProtMapper;Reactome_ProtMapper;Sparser_ProtMapper;UniProt_ModRes;dbPTM,curated_literature,True,7,14676198;16257963;17389395;18083107;19534553;20068231;21857884,NCI-PID_ProtMapper;ProtMapper;REACH_ProtMapper;RLIMS-P_ProtMapper;Reactome_ProtMapper;Sparser_ProtMapper;UniProt_ModRes;dbPTM
O00429,P00519,ABL,tyr,Y266;Y368;Y449,Phosphorylation,1.0,PhosphoSitePlus;ProtMapper;REACH_ProtMapper;RLIMS-P_ProtMapper,curated_literature,True,1,29022905,PhosphoSite;PhosphoSite_ProtMapper;ProtMapper;REACH_ProtMapper;RLIMS-P_ProtMapper
O00560,P12931,SRC,tyr,Y4;Y46,Phosphorylation,2.0,PhosphoSitePlus;ProtMapper;REACH_ProtMapper;RLIMS-P_ProtMapper;Sparser_ProtMapper,curated_literature,True,2,22349701;27578500,PhosphoSite;PhosphoSite_ProtMapper;ProtMapper;REACH_ProtMapper;RLIMS-P_ProtMapper;Sparser_ProtMapper
O00560,P21802,Fibroblast growth factor receptor,tyr,Y4,Phosphorylation,1.0,ProtMapper;REACH_ProtMapper,literature_supported,False,1,27578500,ProtMapper;REACH_ProtMapper
O00571,P08069,Insulin receptor,tyr,Y104,Phosphorylation,1.0,KEA,literature_supported,False,1,17570479,KEA
O00767,P00533,EGF receptor,tyr,Y14;Y41;Y55,Phosphorylation,2.0,PhosphoSitePlus;ProtMapper,curated_source,True,0,,PhosphoSite;PhosphoSite_ProtMapper;ProtMapper
O14493,P29317,Ephrin receptor,tyr,Y208,Phosphorylation,2.0,KEA;MIMP;PhosphoELM;PhosphoSitePlus;ProtMapper;UniProt_ModRes,curated_literature,True,1,16236711,KEA;MIMP;PhosphoSite;PhosphoSite_MIMP;PhosphoSite_ProtMapper;ProtMapper;UniProt_ModRes;phosphoELM;phosphoELM_MIMP
O14522,P06241,SRC,tyr,Y1030;Y915,Phosphorylation,1.0,PhosphoSitePlus,curated_source,True,0,,PhosphoSite
O14543,O60674,JAK,tyr,Y204;Y221,Phosphorylation,3.0,KEA;MIMP;PhosphoELM;PhosphoSitePlus;ProtMapper;REACH_ProtMapper,curated_literature,True,3,12783885;15173187;25682267,KEA;MIMP;PhosphoSite;PhosphoSite_MIMP;PhosphoSite_ProtMapper;ProtMapper;REACH_ProtMapper;phosphoELM_MIMP
O14543,P06239,SRC,tyr,Y204;Y221,Phosphorylation,3.0,KEA;MIMP;PhosphoELM;PhosphoNetworks;PhosphoSitePlus;ProtMapper,curated_literature,True,2,12783885;15173187,KEA;MIMP;PhosphoNetworks;PhosphoSite;PhosphoSite_MIMP;PhosphoSite_ProtMapper;ProtMapper;phosphoELM;phosphoELM_MIMP
O14543,P12931,SRC,tyr,Y221,Phosphorylation,1.0,Li2012,predicted_or_inferred,False,0,,Li2012
O14543,P23458,JAK,tyr,Y204;Y221,Phosphorylation,1.0,ProtMapper;REACH_ProtMapper,literature_supported,False,1,25682267,ProtMapper;REACH_ProtMapper
O14559,P06241,SRC,tyr,Y406,Phosphorylation,4.0,HPRD;KEA;MIMP;PhosphoSitePlus;ProtMapper;REACH_ProtMapper;SIGNOR,curated_literature,True,1,16777849,HPRD;HPRD_MIMP;KEA;MIMP;PhosphoSite;PhosphoSite_MIMP;PhosphoSite_ProtMapper;ProtMapper;REACH_ProtMapper;SIGNOR;SIGNOR_ProtMapper
O14639,P06213,Insulin receptor,tyr,Y410,Phosphorylation,1.0,KEA,literature_supported,False,1,17570479,KEA
O14639,P12931,SRC,tyr,Y410,Phosphorylation,1.0,KEA,literature_supported,False,1,17570479,KEA
O14639,Q08881,TEC,tyr,Y357,Phosphorylation,1.0,KEA,literature_supported,False,1,17570479,KEA
O14641,P12931,SRC,tyr,Y18;Y27;Y275;Y295;Y463,Phosphorylation,3.0,MIMP;PhosphoSitePlus;ProtMapper,curated_source,True,0,,MIMP;PhosphoSite;PhosphoSite_MIMP;PhosphoSite_ProtMapper;ProtMapper
O14744,O60674,JAK,tyr,Y297;Y304;Y307,Phosphorylation,4.0,MIMP;PhosphoSitePlus;ProtMapper;REACH_ProtMapper;Reactome_ProtMapper;SIGNOR,curated_literature,True,2,21316606;25662273,MIMP;PhosphoSite;PhosphoSite_MIMP;PhosphoSite_ProtMapper;ProtMapper;REACH_ProtMapper;Reactome_ProtMapper;SIGNOR;SIGNOR_ProtMapper
O14744,P12931,SRC,tyr,Y324,Phosphorylation,1.0,PhosphoSitePlus,curated_source,True,0,,PhosphoSite
O14746,P12931,SRC,tyr,Y707,Phosphorylation,8.0,BEL-Large-Corpus_ProtMapper;HPRD;KEA;MIMP;PhosphoELM;PhosphoSitePlus;ProtMapper;RLIMS-P_ProtMapper;SIGNOR;dbPTM,curated_literature,True,3,12808100;18829466;20211239,BEL-Large-Corpus_ProtMapper;HPRD;HPRD_MIMP;KEA;MIMP;PhosphoSite;PhosphoSite_MIMP;PhosphoSite_ProtMapper;ProtMapper;RLIMS-P_ProtMapper;SIGNOR;SIGNOR_ProtMapper;dbPTM;phosphoELM;phosphoELM_MIMP
O14746,P41240,CSK,tyr,Y707,Phosphorylation,2.0,ProtMapper;Sparser_ProtMapper,literature_supported,False,2,22872811;28264499,ProtMapper;Sparser_ProtMapper
O14818,P00519,ABL,tyr,Y106;Y153,Phosphorylation,3.0,MIMP;PhosphoSitePlus;ProtMapper;SIGNOR;UniProt_ModRes;dbPTM,curated_literature,True,2,16678104;25620702,MIMP;PhosphoSite;PhosphoSite_MIMP;PhosphoSite_ProtMapper;ProtMapper;SIGNOR;SIGNOR_ProtMapper;UniProt_ModRes;dbPTM
O14818,P42684,ABL,tyr,Y153,Phosphorylation,3.0,MIMP;PhosphoSitePlus;ProtMapper;SIGNOR;UniProt_ModRes;dbPTM,curated_literature,True,1,16678104,MIMP;PhosphoSite;PhosphoSite_MIMP;PhosphoSite_ProtMapper;ProtMapper;SIGNOR;SIGNOR_ProtMapper;UniProt_ModRes;dbPTM
O14828,P00533,EGF receptor,tyr,Y41,Phosphorylation,6.0,HPRD;KEA;MIMP;PhosphoSitePlus;ProtMapper;SIGNOR,curated_literature,True,2,15144186;9658162,HPRD;HPRD_MIMP;KEA;MIMP;PhosphoSite_MIMP;ProtMapper;SIGNOR;SIGNOR_ProtMapper
O14874,P12931,SRC,tyr,Y246,Phosphorylation,1.0,PhosphoSitePlus,curated_source,True,0,,PhosphoSite
O14920,P07948,SRC,tyr,Y188;Y199,Phosphorylation,2.0,PhosphoSitePlus;ProtMapper,curated_source,True,0,,PhosphoSite;PhosphoSite_ProtMapper;ProtMapper
O14920,P12931,SRC,tyr,Y188;Y199,Phosphorylation,6.0,KEA;MIMP;PhosphoSitePlus;ProtMapper;REACH_ProtMapper;SIGNOR;Sparser_ProtMapper,curated_literature,True,3,12645577;12707358;15456896,KEA;MIMP;PhosphoSite;PhosphoSite_MIMP;PhosphoSite_ProtMapper;ProtMapper;REACH_ProtMapper;SIGNOR;SIGNOR_ProtMapper;Sparser_ProtMapper
O14939,P00533,EGF receptor,tyr,Y179;Y296,Phosphorylation,4.0,HPRD;KEA;MIMP;PhosphoSitePlus;ProtMapper;SIGNOR,curated_literature,True,1,9837959,HPRD;HPRD_MIMP;KEA;MIMP;PhosphoSite;PhosphoSite_MIMP;PhosphoSite_ProtMapper;ProtMapper;SIGNOR;SIGNOR_ProtMapper
O14939,P06241,SRC,tyr,Y165;Y470,Phosphorylation,1.0,KEA,literature_supported,False,1,15282299,KEA
O14939,P09769,SRC,tyr,Y165;Y470,Phosphorylation,1.0,KEA,literature_supported,False,1,15282299,KEA
O14939,P12931,SRC,tyr,Y511,Phosphorylation,1.0,MIMP;PhosphoSitePlus;ProtMapper;REACH_ProtMapper;Sparser_ProtMapper,curated_literature,True,1,21936578,MIMP;PhosphoSite;PhosphoSite_MIMP;PhosphoSite_ProtMapper;ProtMapper;REACH_ProtMapper;Sparser_ProtMapper
O14939,P52333,JAK,tyr,Y415,Phosphorylation,3.0,MIMP;PhosphoSitePlus;ProtMapper;REACH_ProtMapper;RLIMS-P_ProtMapper;SIGNOR,curated_literature,True,2,20176813;21414324,MIMP;PhosphoSite;PhosphoSite_MIMP;PhosphoSite_ProtMapper;ProtMapper;REACH_ProtMapper;RLIMS-P_ProtMapper;SIGNOR;SIGNOR_ProtMapper
O14964,P00533,EGF receptor,tyr,Y329;Y334,Phosphorylation,6.0,HPRD;KEA;Li2012;MIMP;PhosphoELM;PhosphoSitePlus;ProtMapper;SIGNOR,curated_literature,True,2,12953068;17016520,HPRD;HPRD_MIMP;KEA;Li2012;MIMP;PhosphoSite_MIMP;ProtMapper;SIGNOR;SIGNOR_ProtMapper;phosphoELM;phosphoELM_MIMP
O14964,P06239,SRC,tyr,Y216,Phosphorylation,1.0,KEA,literature_supported,False,1,17570479,KEA
O14965,P12931,SRC,tyr,Y148,Phosphorylation,1.0,PhosphoSitePlus;ProtMapper;RLIMS-P_ProtMapper,curated_literature,True,1,27242098,PhosphoSite;PhosphoSite_ProtMapper;ProtMapper;RLIMS-P_ProtMapper
O14974,P06213,Insulin receptor,tyr,Y901,Phosphorylation,1.0,KEA,literature_supported,False,1,17570479,KEA
O14976,P12931,SRC,tyr,Y1149;Y412,Phosphorylation,2.0,PhosphoSitePlus;ProtMapper;REACH_ProtMapper;RLIMS-P_ProtMapper;SIGNOR,curated_literature,True,1,28135906,PhosphoSite;ProtMapper;REACH_ProtMapper;RLIMS-P_ProtMapper;SIGNOR
O14986,P43405,SYK/ZAP-70,tyr,Y105,Phosphorylation,3.0,MIMP;PhosphoSitePlus;ProtMapper,curated_source,True,0,,MIMP;PhosphoSite;PhosphoSite_MIMP;PhosphoSite_ProtMapper;ProtMapper
O15056,P12931,SRC,tyr,Y490,Phosphorylation,1.0,MIMP;PhosphoSitePlus;ProtMapper;REACH_ProtMapper;RLIMS-P_ProtMapper;Sparser_ProtMapper;UniProt_ModRes,curated_literature,True,1,23076136,MIMP;PhosphoSite;PhosphoSite_MIMP;PhosphoSite_ProtMapper;ProtMapper;REACH_ProtMapper;RLIMS-P_ProtMapper;Sparser_ProtMapper;UniProt_ModRes
O15117,P00533,EGF receptor,tyr,Y595;Y651,Phosphorylation,1.0,KEA;Li2012,literature_supported,False,1,17570479,KEA;Li2012
O15117,P04626,EGF receptor,tyr,Y595,Phosphorylation,1.0,KEA,literature_supported,False,1,17570479,KEA
O15117,P06239,SRC,tyr,Y595,Phosphorylation,1.0,KEA,literature_supported,False,1,17570479,KEA
O15117,P06241,SRC,tyr,Y559;Y569;Y571;Y581;Y595;Y605;Y625;Y651;Y697;Y707;Y755;Y757;Y771;Y780;Y811;Y813;Y827;Y836,Phosphorylation,7.0,HPRD;KEA;MIMP;PhosphoELM;PhosphoNetworks;PhosphoSitePlus;ProtMapper;SIGNOR,curated_literature,True,2,10409671;10570256,HPRD;HPRD_MIMP;KEA;MIMP;PhosphoNetworks;PhosphoSite;PhosphoSite_MIMP;PhosphoSite_ProtMapper;ProtMapper;SIGNOR;SIGNOR_ProtMapper;phosphoELM;phosphoELM_MIMP
O15117,P07948,SRC,tyr,Y651,Phosphorylation,1.0,KEA,literature_supported,False,1,17570479,KEA
O15117,P12931,SRC,tyr,Y595;Y651;Y771,Phosphorylation,1.0,Li2012;ProtMapper;REACH_ProtMapper;Sparser_ProtMapper,literature_supported,False,1,19632164,Li2012;ProtMapper;REACH_ProtMapper;Sparser_ProtMapper
O15126,P00533,EGF receptor,tyr,Y37,Phosphorylation,3.0,HPRD;KEA;SIGNOR,curated_literature,True,1,9658162,HPRD;KEA;SIGNOR
O15146,O15146,Tyr protein kinase,tyr,Y554;Y755,Phosphorylation,1.0,UniProt_ModRes,curated_source,True,0,,UniProt_ModRes
O15151,P00519,ABL,tyr,Y55;Y99,Phosphorylation,3.0,MIMP;PhosphoSitePlus;ProtMapper;REACH_ProtMapper;Sparser_ProtMapper,curated_literature,True,4,20651945;26148237;28690977;29262653,MIMP;PhosphoSite;PhosphoSite_MIMP;PhosphoSite_ProtMapper;ProtMapper;REACH_ProtMapper;Sparser_ProtMapper
O15162,P00519,ABL,tyr,Y69;Y74,Phosphorylation,7.0,BEL-Large-Corpus_ProtMapper;HPRD;KEA;Li2012;MIMP;PhosphoELM;PhosphoSitePlus;ProtMapper;SIGNOR;UniProt_ModRes;dbPTM,curated_literature,True,3,11390389;12871937;15212693,BEL-Large-Corpus_ProtMapper;HPRD_MIMP;KEA;Li2012;MIMP;PhosphoSite;PhosphoSite_MIMP;PhosphoSite_ProtMapper;ProtMapper;SIGNOR;SIGNOR_ProtMapper;UniProt_ModRes;dbPTM;phosphoELM;phosphoELM_MIMP
O15162,P12931,SRC,tyr,Y69;Y74,Phosphorylation,6.0,BEL-Large-Corpus_ProtMapper;HPRD;KEA;Li2012;MIMP;PhosphoELM;PhosphoSitePlus;ProtMapper;SIGNOR,curated_literature,True,3,11390389;12871937;15212693,BEL-Large-Corpus_ProtMapper;HPRD_MIMP;KEA;Li2012;MIMP;PhosphoSite;PhosphoSite_MIMP;PhosphoSite_ProtMapper;ProtMapper;SIGNOR;SIGNOR_ProtMapper;phosphoELM;phosphoELM_MIMP
O15162,P41240,CSK,tyr,Y74,Phosphorylation,1.0,ProtMapper;Sparser_ProtMapper,literature_supported,False,1,23259795,ProtMapper;Sparser_ProtMapper
O15197,P54760,Ephrin receptor,tyr,Y644;Y645;Y651;Y669,Phosphorylation,1.0,UniProt_ModRes,curated_literature,True,1,34431498,UniProt_ModRes
O15259,P12931,SRC,tyr,Y721;Y722,Phosphorylation,2.0,MIMP;PhosphoSitePlus;ProtMapper;REACH_ProtMapper;UniProt_ModRes;dbPTM,curated_literature,True,1,21357692,MIMP;PhosphoSite;PhosphoSite_MIMP;PhosphoSite_ProtMapper;ProtMapper;REACH_ProtMapper;UniProt_ModRes;dbPTM
O15259,P41240,CSK,tyr,Y721,Phosphorylation,1.0,ProtMapper;Sparser_ProtMapper,literature_supported,False,1,21357692,ProtMapper;Sparser_ProtMapper
O15259,Q14289,FAK,tyr,Y349;Y350;Y46;Y721,Phosphorylation,2.0,MIMP;PhosphoSitePlus;ProtMapper;REACH_ProtMapper;Sparser_ProtMapper;UniProt_ModRes;dbPTM,curated_literature,True,1,21357692,MIMP;PhosphoSite;PhosphoSite_MIMP;PhosphoSite_ProtMapper;ProtMapper;REACH_ProtMapper;Sparser_ProtMapper;UniProt_ModRes;dbPTM
O15264,O14733,MAP kinase kinase,dual,Y182,Phosphorylation,1.0,UniProt_ModRes,curated_literature,True,1,9374491,UniProt_ModRes
O15264,P45985,MAP kinase kinase,dual,Y182,Phosphorylation,1.0,UniProt_ModRes,curated_literature,True,1,9374491,UniProt_ModRes
O15264,P46734,MAP kinase kinase,dual,Y182,Phosphorylation,3.0,NCI-PID_ProtMapper;PhosphoSitePlus;ProtMapper;UniProt_ModRes;dbPTM,curated_literature,True,3,18083107;9374491;9790884,NCI-PID_ProtMapper;PhosphoSite;ProtMapper;UniProt_ModRes;dbPTM
O15264,P52564,MAP kinase kinase,dual,Y182,Phosphorylation,3.0,PhosphoSitePlus;ProtMapper;Reactome_ProtMapper;UniProt_ModRes,curated_literature,True,1,9374491,PhosphoSite;ProtMapper;Reactome_ProtMapper;UniProt_ModRes
O15269,P00519,ABL,tyr,Y164,Phosphorylation,2.0,MIMP;PhosphoSitePlus;ProtMapper;RLIMS-P_ProtMapper;SIGNOR;UniProt_ModRes,curated_literature,True,1,23629659,MIMP;PhosphoSite;PhosphoSite_MIMP;PhosphoSite_ProtMapper;ProtMapper;RLIMS-P_ProtMapper;SIGNOR;SIGNOR_ProtMapper;UniProt_ModRes
O15304,P29597,JAK,tyr,Y162;Y53,Phosphorylation,3.0,MIMP;PhosphoSitePlus;ProtMapper;Sparser_ProtMapper,curated_literature,True,1,20727854,MIMP;PhosphoSite;PhosphoSite_MIMP;PhosphoSite_ProtMapper;ProtMapper;Sparser_ProtMapper
O15304,P42684,ABL,tyr,Y34,Phosphorylation,5.0,KEA;MIMP;PhosphoELM;PhosphoNetworks;PhosphoSitePlus;ProtMapper;SIGNOR;UniProt_ModRes;dbPTM,curated_literature,True,1,11278261,KEA;MIMP;PhosphoNetworks;PhosphoSite;PhosphoSite_MIMP;PhosphoSite_ProtMapper;ProtMapper;SIGNOR;SIGNOR_ProtMapper;UniProt_ModRes;dbPTM;phosphoELM;phosphoELM_MIMP
O15350,P00519,ABL,tyr,Y99,Phosphorylation,20.0,HPRD;KEA;MIMP;NCI-PID_ProtMapper;PhosphoELM;PhosphoSitePlus;ProtMapper;REACH_ProtMapper;RLIMS-P_ProtMapper;SIGNOR;Sparser_ProtMapper;UniProt_ModRes;dbPTM,curated_literature,True,15,10391249;10391250;10391251;11223036;17535448;20057499;20195489;21188172;23318434;25341038;25666857;25893286;26512706;27294865;28690977,HPRD;HPRD_MIMP;KEA;MIMP;NCI-PID_ProtMapper;PhosphoSite;PhosphoSite_MIMP;PhosphoSite_ProtMapper;ProtMapper;REACH_ProtMapper;RLIMS-P_ProtMapper;SIGNOR;SIGNOR_ProtMapper;Sparser_ProtMapper;UniProt_ModRes;dbPTM;phosphoELM;phosphoELM_MIMP
O15350,P08631,SRC,tyr,Y28,Phosphorylation,2.0,PhosphoSitePlus;ProtMapper;REACH_ProtMapper;RLIMS-P_ProtMapper;UniProt_ModRes;dbPTM,curated_literature,True,1,17535448,PhosphoSite;ProtMapper;REACH_ProtMapper;RLIMS-P_ProtMapper;UniProt_ModRes;dbPTM
O15350,P12931,SRC,tyr,Y28,Phosphorylation,2.0,PhosphoSitePlus;ProtMapper;REACH_ProtMapper;RLIMS-P_ProtMapper;UniProt_ModRes;dbPTM,curated_literature,True,1,17535448,PhosphoSite;ProtMapper;REACH_ProtMapper;RLIMS-P_ProtMapper;UniProt_ModRes;dbPTM
O15357,P00533,EGF receptor,tyr,Y986,Phosphorylation,1.0,BEL-Large-Corpus_ProtMapper;ProtMapper,literature_supported,False,1,15951569,BEL-Large-Corpus_ProtMapper;ProtMapper
O15357,P06239,SRC,tyr,Y886;Y986,Phosphorylation,1.0,KEA,literature_supported,False,1,17570479,KEA
O15357,P12931,SRC,tyr,Y986;Y987,Phosphorylation,21.0,HPRD;KEA;Li2012;MIMP;PhosphoELM;PhosphoSitePlus;ProtMapper;SIGNOR;UniProt_ModRes;dbPTM,curated_literature,True,12,11349134;12235291;12522270;15592455;15951569;16497976;17081983;17389395;18083107;18669648;19534553;19901323,HPRD;HPRD_MIMP;KEA;Li2012;MIMP;PhosphoSite_MIMP;ProtMapper;SIGNOR;SIGNOR_ProtMapper;UniProt_ModRes;dbPTM;phosphoELM;phosphoELM_MIMP
O15379,P12931,SRC,tyr,Y325;Y328;Y331,Phosphorylation,1.0,PhosphoSitePlus;ProtMapper;REACH_ProtMapper,curated_literature,True,1,30317579,PhosphoSite;ProtMapper;REACH_ProtMapper
O15455,P00533,EGF receptor,tyr,Y858,Phosphorylation,1.0,PhosphoSitePlus;ProtMapper;REACH_ProtMapper;Sparser_ProtMapper,curated_literature,True,1,25022196,PhosphoSite;PhosphoSite_ProtMapper;ProtMapper;REACH_ProtMapper;Sparser_ProtMapper
O15455,P12931,SRC,tyr,Y759,Phosphorylation,3.0,PhosphoSitePlus;ProtMapper;REACH_ProtMapper;RLIMS-P_ProtMapper;Sparser_ProtMapper,curated_literature,True,3,24526685;25022196;27514533,PhosphoSite;PhosphoSite_ProtMapper;ProtMapper;REACH_ProtMapper;RLIMS-P_ProtMapper;Sparser_ProtMapper
O15455,Q06187,TEC,tyr,Y759,Phosphorylation,3.0,ProtMapper;REACH_ProtMapper;Sparser_ProtMapper,literature_supported,False,3,25022196;26196947;26417435,ProtMapper;REACH_ProtMapper;Sparser_ProtMapper
O15492,P00533,EGF receptor,tyr,Y168;Y177,Phosphorylation,9.0,BEL-Large-Corpus_ProtMapper;HPRD;KEA;MIMP;PhosphoELM;PhosphoSitePlus;ProtMapper;RLIMS-P_ProtMapper;SIGNOR;UniProt_ModRes;dbPTM,curated_literature,True,3,11602604;12588871;15212693,BEL-Large-Corpus_ProtMapper;HPRD;HPRD_MIMP;KEA;MIMP;PhosphoSite;PhosphoSite_MIMP;PhosphoSite_ProtMapper;ProtMapper;RLIMS-P_ProtMapper;SIGNOR;SIGNOR_ProtMapper;UniProt_ModRes;dbPTM;phosphoELM;phosphoELM_MIMP
O15492,P06213,Insulin receptor,tyr,Y168,Phosphorylation,1.0,KEA,literature_supported,False,1,17570479,KEA
O15492,P07948,SRC,tyr,Y168;Y177,Phosphorylation,6.0,BEL-Large-Corpus_ProtMapper;HPRD;KEA;MIMP;PhosphoELM;PhosphoSitePlus;ProtMapper;SIGNOR,curated_literature,True,3,11602604;12588871;15212693,BEL-Large-Corpus_ProtMapper;HPRD;HPRD_MIMP;KEA;MIMP;PhosphoSite;PhosphoSite_MIMP;PhosphoSite_ProtMapper;ProtMapper;SIGNOR;SIGNOR_ProtMapper;phosphoELM;phosphoELM_MIMP
O15492,P12931,SRC,tyr,Y168;Y177,Phosphorylation,7.0,HPRD;KEA;MIMP;PhosphoELM;PhosphoSitePlus;ProtMapper;SIGNOR,curated_literature,True,2,11602604;12588871,HPRD;HPRD_MIMP;KEA;MIMP;PhosphoSite;PhosphoSite_MIMP;PhosphoSite_ProtMapper;ProtMapper;SIGNOR;SIGNOR_ProtMapper;phosphoELM;phosphoELM_MIMP
O15492,P41240,CSK,tyr,Y168,Phosphorylation,4.0,HPRD;KEA;MIMP;PhosphoELM;PhosphoSitePlus,curated_literature,True,2,11602604;12588871,HPRD;HPRD_MIMP;KEA;MIMP;PhosphoSite_MIMP;phosphoELM_MIMP
O15523,P06213,Insulin receptor,tyr,Y69,Phosphorylation,1.0,KEA,literature_supported,False,1,17570479,KEA
O15524,P07947,SRC,tyr,Y80,Phosphorylation,1.0,PhosphoSitePlus,curated_source,True,0,,PhosphoSite
O15524,P07948,SRC,tyr,Y80,Phosphorylation,1.0,PhosphoSitePlus,curated_source,True,0,,PhosphoSite
O15524,P12931,SRC,tyr,Y80,Phosphorylation,1.0,PhosphoSitePlus,curated_source,True,0,,PhosphoSite
O15524,P51451,SRC,tyr,Y80,Phosphorylation,1.0,PhosphoSitePlus,curated_source,True,0,,PhosphoSite
O15530,P06213,Insulin receptor,tyr,Y373;Y376;Y9,Phosphorylation,3.0,UniProt_ModRes;dbPTM,curated_literature,True,3,11481331;14585963;16314505,UniProt_ModRes;dbPTM
O15530,P07949,Tyr protein kinase,tyr,Y9,Phosphorylation,8.0,BEL-Large-Corpus_ProtMapper;HPRD;KEA;MIMP;PhosphoELM;PhosphoSitePlus;ProtMapper;REACH_ProtMapper;SIGNOR,curated_literature,True,5,11481331;12738763;15212693;15302935;16314505,BEL-Large-Corpus_ProtMapper;HPRD_MIMP;KEA;MIMP;PhosphoSite;PhosphoSite_MIMP;PhosphoSite_ProtMapper;ProtMapper;REACH_ProtMapper;SIGNOR;SIGNOR_ProtMapper;phosphoELM;phosphoELM_MIMP
O15530,P08069,Insulin receptor,tyr,Y373;Y376,Phosphorylation,5.0,HPRD;KEA;MIMP;PhosphoELM;PhosphoSitePlus;ProtMapper;SIGNOR,curated_literature,True,3,17570479;20044479;20643654,HPRD_MIMP;KEA;MIMP;PhosphoSite;PhosphoSite_MIMP;PhosphoSite_ProtMapper;ProtMapper;SIGNOR;SIGNOR_ProtMapper;phosphoELM_MIMP
O15530,P08631,SRC,tyr,Y373,Phosphorylation,1.0,KEA,literature_supported,False,1,17570479,KEA
O15530,P12931,SRC,tyr,Y246;Y249;Y358;Y373;Y376;Y485;Y9,Phosphorylation,13.0,BEL-Large-Corpus_ProtMapper;HPRD;KEA;MIMP;PhosphoELM;PhosphoSitePlus;ProtMapper;REACH_ProtMapper;RLIMS-P_ProtMapper;SIGNOR;Sparser_ProtMapper;UniProt_ModRes;dbPTM,curated_literature,True,8,1148133;11481331;12738763;14585963;15212693;15302935;16314505;20643654,BEL-Large-Corpus_ProtMapper;HPRD;HPRD_MIMP;KEA;MIMP;PhosphoSite;PhosphoSite_MIMP;PhosphoSite_ProtMapper;ProtMapper;REACH_ProtMapper;RLIMS-P_ProtMapper;SIGNOR;SIGNOR_ProtMapper;Sparser_ProtMapper;UniProt_ModRes;dbPTM;phosphoELM;phosphoELM_MIMP
O43157,P04626,EGF receptor,tyr,Y1708;Y1732,Phosphorylation,1.0,MIMP;PhosphoSitePlus;ProtMapper;REACH_ProtMapper;Sparser_ProtMapper,curated_literature,True,1,20880496,MIMP;PhosphoSite;PhosphoSite_MIMP;PhosphoSite_ProtMapper;ProtMapper;REACH_ProtMapper;Sparser_ProtMapper
O43184,P12931,SRC,tyr,Y907,Phosphorylation,1.0,UniProt_ModRes,curated_source,True,0,,UniProt_ModRes
O43196,P00519,ABL,tyr,Y742,Phosphorylation,1.0,ProtMapper;REACH_ProtMapper;Sparser_ProtMapper,literature_supported,False,1,22401567,ProtMapper;REACH_ProtMapper;Sparser_ProtMapper
O43196,P06213,Insulin receptor,tyr,Y742,Phosphorylation,1.0,ProtMapper;Sparser_ProtMapper,literature_supported,False,1,22401567,ProtMapper;Sparser_ProtMapper
O43281,P06239,SRC,tyr,Y253,Phosphorylation,1.0,KEA,literature_supported,False,1,17570479,KEA
O43281,P08069,Insulin receptor,tyr,Y253,Phosphorylation,1.0,KEA,literature_supported,False,1,17570479,KEA
O43281,P12931,SRC,tyr,Y253,Phosphorylation,1.0,KEA;UniProt_ModRes,curated_source,True,1,8647432,KEA;UniProt_ModRes
O43281,Q06187,TEC,tyr,Y253,Phosphorylation,1.0,KEA,literature_supported,False,1,17570479,KEA
O43294,P06241,SRC,tyr,Y43;Y60,Phosphorylation,6.0,KEA;MIMP;PhosphoELM;PhosphoNetworks;PhosphoSitePlus;ProtMapper;SIGNOR;UniProt_ModRes;dbPTM,curated_literature,True,2,10838081;11856738,KEA;MIMP;PhosphoNetworks;PhosphoSite;PhosphoSite_MIMP;PhosphoSite_ProtMapper;ProtMapper;SIGNOR;UniProt_ModRes;dbPTM;phosphoELM;phosphoELM_MIMP
O43294,Q14289,FAK,tyr,Y43;Y60,Phosphorylation,7.0,KEA;MIMP;PhosphoELM;PhosphoNetworks;PhosphoSitePlus;ProtMapper;RLIMS-P_ProtMapper;SIGNOR;Sparser_ProtMapper;UniProt_ModRes;dbPTM,curated_literature,True,4,10838081;11856738;16183059;21533080,KEA;MIMP;PhosphoNetworks;PhosphoSite;PhosphoSite_MIMP;PhosphoSite_ProtMapper;ProtMapper;RLIMS-P_ProtMapper;SIGNOR;Sparser_ProtMapper;UniProt_ModRes;dbPTM;phosphoELM_MIMP
O43296,P06213,Insulin receptor,tyr,Y343;Y511,Phosphorylation,1.0,KEA,literature_supported,False,1,17570479,KEA
O43296,P06239,SRC,tyr,Y343;Y511,Phosphorylation,1.0,KEA,literature_supported,False,1,17570479,KEA
O43353,O43353,TKL Ser/Thr protein kinase,dual,Y474,Phosphorylation,3.0,PhosphoSitePlus;UniProt;UniProt_ModRes;iPTMnet;neXtProt,curated_literature,True,1,21123652,PSP;UniProt;UniProt_ModRes;iPTMnet_REST;neXtProt
O43353,P09769,SRC,tyr,Y474,Phosphorylation,1.0,PhosphoSitePlus,curated_source,True,0,,PhosphoSite
O43353,P12931,SRC,tyr,Y381,Phosphorylation,2.0,iPTMnet;neXtProt,literature_supported,False,1,21887730,iPTMnet_REST;neXtProt
O43353,P41240,CSK,tyr,Y381,Phosphorylation,1.0,UniProt_ModRes,curated_literature,True,1,21887730,UniProt_ModRes
O43490,P06241,SRC,tyr,Y828;Y852,Phosphorylation,3.0,MIMP;PhosphoSitePlus;ProtMapper,curated_source,True,0,,MIMP;PhosphoSite;PhosphoSite_MIMP;PhosphoSite_ProtMapper;ProtMapper
O43490,P12931,SRC,tyr,Y828;Y852,Phosphorylation,2.0,MIMP;PhosphoSitePlus;ProtMapper;SIGNOR,curated_literature,True,1,19296573,MIMP;PhosphoSite;PhosphoSite_MIMP;PhosphoSite_ProtMapper;ProtMapper;SIGNOR;SIGNOR_ProtMapper
O43516,Q06187,TEC,tyr,Y468,Phosphorylation,1.0,ProtMapper;Sparser_ProtMapper,literature_supported,False,1,25413351,ProtMapper;Sparser_ProtMapper
O43559,Q16620,Insulin receptor,tyr,Y417;Y455,Phosphorylation,3.0,HPRD;KEA;MIMP;ProtMapper;SIGNOR,curated_literature,True,1,11432792,HPRD_MIMP;KEA;MIMP;ProtMapper;SIGNOR;SIGNOR_ProtMapper
O43561,P00519,ABL,tyr,Y161,Phosphorylation,1.0,ProtMapper;REACH_ProtMapper,literature_supported,False,1,19290927,ProtMapper;REACH_ProtMapper
O43561,P06239,SRC,tyr,Y156;Y200;Y220;Y64,Phosphorylation,2.0,ProtMapper;REACH_ProtMapper;RLIMS-P_ProtMapper;Reactome_ProtMapper;SIGNOR;Sparser_ProtMapper,curated_literature,True,2,16938345;27700984,ProtMapper;REACH_ProtMapper;RLIMS-P_ProtMapper;Reactome_ProtMapper;SIGNOR;SIGNOR_ProtMapper;Sparser_ProtMapper
O43561,P06241,SRC,tyr,Y200;Y220,Phosphorylation,2.0,ProtMapper;SIGNOR,curated_literature,True,1,16938345,ProtMapper;SIGNOR;SIGNOR_ProtMapper
O43561,P43403,SYK/ZAP-70,tyr,Y126;Y127;Y131;Y132;Y156;Y161;Y163;Y168;Y170;Y171;Y190;Y191;Y200;Y207;Y220;Y225;Y226;Y227;Y255;Y262,Phosphorylation,9.0,HPRD;KEA;MIMP;PhosphoELM;PhosphoSitePlus;ProtMapper;REACH_ProtMapper;RLIMS-P_ProtMapper;SIGNOR;Sparser_ProtMapper,curated_literature,True,7,11368773;15659558;18779373;22507872;23150273;23758320;27700984,HPRD;HPRD_MIMP;KEA;MIMP;PhosphoSite;PhosphoSite_MIMP;ProtMapper;REACH_ProtMapper;RLIMS-P_ProtMapper;SIGNOR;SIGNOR_ProtMapper;Sparser_ProtMapper;phosphoELM_MIMP
O43561,P43405,SYK/ZAP-70,tyr,Y161;Y200;Y220;Y255,Phosphorylation,1.0,Li2012;ProtMapper;REACH_ProtMapper;Reactome_ProtMapper;Sparser_ProtMapper,literature_supported,False,2,18068154;24782869,Li2012;ProtMapper;REACH_ProtMapper;Reactome_ProtMapper;Sparser_ProtMapper
O43561,Q05397,FAK,tyr,Y171;Y200,Phosphorylation,2.0,PhosphoSitePlus;ProtMapper;REACH_ProtMapper;Sparser_ProtMapper,curated_source,True,2,28699640;29456532,PhosphoSite;ProtMapper;REACH_ProtMapper;Sparser_ProtMapper
O43561,Q08881,TEC,tyr,Y110;Y156;Y161;Y200;Y220;Y255;Y36;Y45;Y64;Y70,Phosphorylation,3.0,NCI-PID_ProtMapper;ProtMapper,literature_supported,False,3,11368773;12186560;9489702,NCI-PID_ProtMapper;ProtMapper
O43561,Q14289,FAK,tyr,Y171;Y200,Phosphorylation,1.0,PhosphoSitePlus;ProtMapper;Sparser_ProtMapper,curated_source,True,1,28699640,PhosphoSite;ProtMapper;Sparser_ProtMapper
O43586,P00519,ABL,tyr,Y345,Phosphorylation,5.0,HPRD;KEA;MIMP;PhosphoELM;ProtMapper;SIGNOR,curated_literature,True,1,11163214,HPRD;HPRD_MIMP;KEA;MIMP;ProtMapper;SIGNOR;SIGNOR_ProtMapper;phosphoELM;phosphoELM_MIMP
O43586,P06239,SRC,tyr,Y345,Phosphorylation,1.0,KEA,literature_supported,False,1,17570479,KEA
O43597,P00533,EGF receptor,tyr,Y55,Phosphorylation,1.0,ProtMapper;REACH_ProtMapper,literature_supported,False,1,21364986,ProtMapper;REACH_ProtMapper
O43597,P12931,SRC,tyr,Y227;Y55,Phosphorylation,10.0,BEL-Large-Corpus_ProtMapper;KEA;MIMP;NCI-PID_ProtMapper;PhosphoELM;PhosphoSitePlus;ProtMapper;Reactome_ProtMapper;SIGNOR,curated_literature,True,7,12593795;12815057;15212693;15564375;15637081;16000370;16893902,BEL-Large-Corpus_ProtMapper;KEA;MIMP;NCI-PID_ProtMapper;PhosphoSite;PhosphoSite_MIMP;PhosphoSite_ProtMapper;ProtMapper;Reactome_ProtMapper;SIGNOR;SIGNOR_ProtMapper;phosphoELM;phosphoELM_MIMP
O43597,P22607,Fibroblast growth factor receptor,tyr,Y55,Phosphorylation,1.0,ProtMapper;Sparser_ProtMapper,literature_supported,False,1,22045636,ProtMapper;Sparser_ProtMapper
O43602,P00519,ABL,tyr,Y70,Phosphorylation,1.0,KEA;UniProt_ModRes,curated_source,True,1,14757045,KEA;UniProt_ModRes
O43613,P12931,SRC,tyr,Y358,Phosphorylation,3.0,MIMP;PhosphoSitePlus;ProtMapper,curated_source,True,0,,MIMP;PhosphoSite;PhosphoSite_MIMP;PhosphoSite_ProtMapper;ProtMapper
O43663,P06241,SRC,tyr,Y464,Phosphorylation,1.0,PhosphoSitePlus,curated_source,True,0,,PhosphoSite
O43663,P12931,SRC,tyr,Y464,Phosphorylation,1.0,PhosphoSitePlus,curated_source,True,0,,PhosphoSite
O43707,Q05397,FAK,tyr,Y265;Y31;Y4,Phosphorylation,2.0,ProtMapper;SIGNOR,curated_literature,True,1,23454549,ProtMapper;SIGNOR;SIGNOR_ProtMapper
O43823,P07948,SRC,tyr,Y146;Y150;Y152;Y154;Y170;Y311;Y436;Y51;Y53;Y539;Y80,Phosphorylation,2.0,PhosphoSitePlus;ProtMapper,curated_source,True,0,,PhosphoSite;PhosphoSite_ProtMapper;ProtMapper
O43823,P12931,SRC,tyr,Y146;Y150;Y152;Y154;Y170;Y311;Y436;Y51;Y53;Y539;Y80,Phosphorylation,3.0,MIMP;PhosphoSitePlus;ProtMapper,curated_source,True,0,,MIMP;PhosphoSite;PhosphoSite_MIMP;PhosphoSite_ProtMapper;ProtMapper
O43865,P00533,EGF receptor,tyr,Y28,Phosphorylation,1.0,BEL-Large-Corpus_ProtMapper;ProtMapper,literature_supported,False,1,15951569,BEL-Large-Corpus_ProtMapper;ProtMapper
O43914,P06239,SRC,tyr,Y91,Phosphorylation,1.0,KEA,literature_supported,False,1,17570479,KEA
O43914,P43405,SYK/ZAP-70,tyr,Y101;Y102;Y90;Y91,Phosphorylation,3.0,HPRD;KEA;Li2012;MIMP;PhosphoELM;PhosphoSitePlus,curated_literature,True,1,9490415,HPRD;HPRD_MIMP;KEA;Li2012;MIMP;PhosphoSite_MIMP;phosphoELM;phosphoELM_MIMP
O60234,P00519,ABL,tyr,Y104,Phosphorylation,2.0,PhosphoSitePlus;ProtMapper;REACH_ProtMapper,curated_literature,True,2,18138835;28390425,PhosphoSite;ProtMapper;REACH_ProtMapper
O60260,P00519,ABL,tyr,Y143,Phosphorylation,9.0,MIMP;PhosphoSitePlus;ProtMapper;REACH_ProtMapper;SIGNOR;Sparser_ProtMapper,curated_literature,True,8,20823226;21209200;21639795;22761618;23348931;28222786;29103051;29941042,MIMP;PhosphoSite;PhosphoSite_MIMP;PhosphoSite_ProtMapper;ProtMapper;REACH_ProtMapper;SIGNOR;SIGNOR_ProtMapper;Sparser_ProtMapper
O60291,P06239,SRC,tyr,Y394,Phosphorylation,1.0,KEA,literature_supported,False,1,17570479,KEA
O60331,P00533,EGF receptor,tyr,Y639;Y649,Phosphorylation,1.0,ProtMapper;Sparser_ProtMapper;UniProt_ModRes,curated_source,True,1,28388589,ProtMapper;Sparser_ProtMapper;UniProt_ModRes
O60331,P12931,SRC,tyr,Y649,Phosphorylation,2.0,MIMP;PhosphoSitePlus;ProtMapper;RLIMS-P_ProtMapper;SIGNOR,curated_literature,True,1,15738269,MIMP;PhosphoSite;PhosphoSite_MIMP;PhosphoSite_ProtMapper;ProtMapper;RLIMS-P_ProtMapper;SIGNOR;SIGNOR_ProtMapper
O60331,P41240,CSK,tyr,Y649,Phosphorylation,1.0,UniProt_ModRes;dbPTM,curated_literature,True,1,15738269,UniProt_ModRes;dbPTM
O60496,P00533,EGF receptor,tyr,Y402,Phosphorylation,1.0,BEL-Large-Corpus_ProtMapper;ProtMapper,literature_supported,False,1,15831486,BEL-Large-Corpus_ProtMapper;ProtMapper
O60496,P07948,SRC,tyr,Y271;Y299;Y345,Phosphorylation,4.0,HPRD;KEA;MIMP;PhosphoELM;PhosphoSitePlus,curated_literature,True,3,10428862;16497976;19901323,HPRD;HPRD_MIMP;KEA;MIMP;PhosphoSite_MIMP;phosphoELM_MIMP
O60496,P08631,SRC,tyr,Y271;Y299;Y345,Phosphorylation,4.0,HPRD;KEA;MIMP;PhosphoELM;PhosphoSitePlus,curated_literature,True,3,10428862;16497976;19901323,HPRD;HPRD_MIMP;KEA;MIMP;PhosphoSite_MIMP;phosphoELM_MIMP
O60496,P12931,SRC,tyr,Y271;Y299;Y345,Phosphorylation,5.0,HPRD;KEA;MIMP;PhosphoELM;PhosphoSitePlus,curated_literature,True,4,10428862;16497976;17570479;19901323,HPRD;HPRD_MIMP;KEA;MIMP;PhosphoSite_MIMP;phosphoELM_MIMP
O60496,Q06187,TEC,tyr,Y299,Phosphorylation,1.0,KEA,literature_supported,False,1,17570479,KEA
O60500,P06241,SRC,tyr,Y1176;Y1193;Y1217,Phosphorylation,8.0,NCI-PID_ProtMapper;ProtMapper;REACH_ProtMapper;UniProt_ModRes,curated_source,True,8,10504499;12668668;12846735;15579503;16543952;18212058;18256598;21982880,NCI-PID_ProtMapper;ProtMapper;REACH_ProtMapper;UniProt_ModRes
O60500,P07947,SRC,tyr,Y1193,Phosphorylation,1.0,PhosphoSitePlus,curated_source,True,0,,PhosphoSite
O60506,P11362,Fibroblast growth factor receptor,tyr,Y373,Phosphorylation,4.0,KEA;MIMP;PhosphoELM;PhosphoSitePlus;ProtMapper;SIGNOR,curated_literature,True,1,12601080,KEA;MIMP;PhosphoSite_MIMP;ProtMapper;SIGNOR;SIGNOR_ProtMapper;phosphoELM;phosphoELM_MIMP
O60664,P35790,choline/ethanolamine kinase,unknown,Y251,Phosphorylation,1.0,SIGNOR,curated_literature,True,1,34929314,SIGNOR
O60674,O60674,JAK,tyr,Y1007;Y1008;Y119;Y570;Y813;Y868;Y966;Y972,Phosphorylation,4.0,HPRD;PhosphoELM;PhosphoSitePlus;SIGNOR;UniProt;UniProt_ModRes;iPTMnet,curated_literature,True,10,11593427;11818507;15121872;15143187;15143188;16174768;17389395;18491316;21841788;9111318,HPRD;PSP;Signor;UniProt;UniProt_ModRes;iPTMnet_REST;phospho.ELM
O60674,P00519,ABL,tyr,Y1007;Y1008,Phosphorylation,13.0,HPRD;KEA;MIMP;PhosphoELM;PhosphoSitePlus;ProtMapper;REACH_ProtMapper;RLIMS-P_ProtMapper;SIGNOR;Sparser_ProtMapper,curated_literature,True,8,11593427;15143187;15793561;15923602;16705159;16705160;25821558;9111318,HPRD;HPRD_MIMP;KEA;MIMP;PhosphoSite_MIMP;ProtMapper;REACH_ProtMapper;RLIMS-P_ProtMapper;SIGNOR;SIGNOR_ProtMapper;Sparser_ProtMapper;phosphoELM_MIMP
O60674,P00533,EGF receptor,tyr,Y813,Phosphorylation,1.0,Li2012,predicted_or_inferred,False,0,,Li2012
O60674,P08069,Insulin receptor,tyr,Y1008,Phosphorylation,1.0,KEA,literature_supported,False,1,17570479,KEA
O60674,P09619,CSF-1/PDGF receptor,tyr,Y813,Phosphorylation,1.0,Li2012,predicted_or_inferred,False,0,,Li2012
O60674,P12931,SRC,tyr,Y1007,Phosphorylation,2.0,KEA;NCI-PID_ProtMapper;ProtMapper,literature_supported,False,2,17158356;17570479,KEA;NCI-PID_ProtMapper;ProtMapper
O60674,P52333,JAK,tyr,Y1008,Phosphorylation,6.0,KEA,literature_supported,False,6,11593427;15793561;15923602;16705159;16705160;9111318,KEA
O60711,P06241,SRC,tyr,Y22,Phosphorylation,1.0,KEA,literature_supported,False,1,17570479,KEA
O60711,P07948,SRC,tyr,Y72,Phosphorylation,5.0,KEA;ProtMapper;RLIMS-P_ProtMapper;SIGNOR;UniProt_ModRes;dbPTM,curated_literature,True,2,17640867;20543562,KEA;ProtMapper;RLIMS-P_ProtMapper;SIGNOR;UniProt_ModRes;dbPTM
O60711,P08069,Insulin receptor,tyr,Y22,Phosphorylation,1.0,KEA,literature_supported,False,1,17570479,KEA
O60716,P00533,EGF receptor,tyr,Y228;Y321;Y334;Y96,Phosphorylation,9.0,BEL-Large-Corpus_ProtMapper;HPRD;KEA;MIMP;PhosphoELM;PhosphoSitePlus;ProtMapper;REACH_ProtMapper;SIGNOR;Sparser_ProtMapper,curated_literature,True,7,14996911;15951569;17016520;17389395;20068231;23481205;26067913,BEL-Large-Corpus_ProtMapper;HPRD;HPRD_MIMP;KEA;MIMP;PhosphoSite_MIMP;ProtMapper;REACH_ProtMapper;SIGNOR;SIGNOR_ProtMapper;Sparser_ProtMapper;phosphoELM_MIMP
O60716,P06241,SRC,tyr,Y112;Y217;Y228;Y96,Phosphorylation,3.0,NCI-PID_ProtMapper;ProtMapper;REACH_ProtMapper;UniProt_ModRes;dbPTM,curated_literature,True,2,17194753;26477567,NCI-PID_ProtMapper;ProtMapper;REACH_ProtMapper;UniProt_ModRes;dbPTM
O60716,P07333,CSF-1/PDGF receptor,tyr,Y228;Y904,Phosphorylation,1.0,ProtMapper;REACH_ProtMapper;Sparser_ProtMapper,literature_supported,False,1,21049007,ProtMapper;REACH_ProtMapper;Sparser_ProtMapper
O60716,P08069,Insulin receptor,tyr,Y217,Phosphorylation,1.0,KEA,literature_supported,False,1,17570479,KEA
O60716,P12931,SRC,tyr,Y112;Y217;Y228;Y257;Y280;Y291;Y296;Y302;Y96,Phosphorylation,11.0,HPRD;KEA;MIMP;PhosphoELM;PhosphoSitePlus;ProtMapper;REACH_ProtMapper;RLIMS-P_ProtMapper;SIGNOR;Sparser_ProtMapper,curated_literature,True,11,11382764;14996911;17016520;17194753;17389395;18669648;18707149;19138410;20068231;23457577;26477567,HPRD;HPRD_MIMP;KEA;MIMP;PhosphoSite_MIMP;ProtMapper;REACH_ProtMapper;RLIMS-P_ProtMapper;SIGNOR;SIGNOR_ProtMapper;Sparser_ProtMapper;phosphoELM_MIMP
O60739,P00533,EGF receptor,tyr,Y30,Phosphorylation,1.0,KEA,literature_supported,False,1,17570479,KEA
O60885,O60674,JAK,tyr,Y97;Y98,Phosphorylation,1.0,PhosphoSitePlus,curated_source,True,0,,PhosphoSite
O60927,P08069,Insulin receptor,tyr,Y64,Phosphorylation,1.0,KEA,literature_supported,False,1,17570479,KEA
O75022,P07948,SRC,tyr,Y595;Y625,Phosphorylation,1.0,UniProt_ModRes,curated_source,True,0,,UniProt_ModRes
O75051,P06241,SRC,tyr,Y1605;Y1677,Phosphorylation,1.0,PhosphoSitePlus,curated_source,True,0,,PhosphoSite
O75056,P54760,Ephrin receptor,tyr,Y409;Y419;Y431,Phosphorylation,1.0,HPRD;KEA;MIMP;PhosphoELM,curated_literature,True,1,9388509,HPRD_MIMP;KEA;MIMP;phosphoELM_MIMP
O75116,P12931,SRC,tyr,Y722,Phosphorylation,3.0,ProtMapper;REACH_ProtMapper;UniProt_ModRes;dbPTM,curated_literature,True,3,18559669;20826462;23991123,ProtMapper;REACH_ProtMapper;UniProt_ModRes;dbPTM
O75121,P00533,EGF receptor,tyr,Y287,Phosphorylation,1.0,ProtMapper;Sparser_ProtMapper;UniProt_ModRes,curated_literature,True,1,24735981,ProtMapper;Sparser_ProtMapper;UniProt_ModRes
O75365,P12931,SRC,tyr,Y53,Phosphorylation,1.0,ProtMapper;REACH_ProtMapper;RLIMS-P_ProtMapper;Sparser_ProtMapper,literature_supported,False,1,23691193,ProtMapper;REACH_ProtMapper;RLIMS-P_ProtMapper;Sparser_ProtMapper
O75369,P06239,SRC,tyr,Y2502,Phosphorylation,1.0,KEA,literature_supported,False,1,17570479,KEA
O75410,P06239,SRC,tyr,Y533,Phosphorylation,1.0,KEA,literature_supported,False,1,17570479,KEA
O75444,P42680,TEC,tyr,Y21,Phosphorylation,1.0,ProtMapper;RLIMS-P_ProtMapper,literature_supported,False,1,25993510,ProtMapper;RLIMS-P_ProtMapper
O75494,P29320,Ephrin receptor,tyr,Y136;Y142,Phosphorylation,1.0,PhosphoNetworks,predicted_or_inferred,False,0,,PhosphoNetworks
O75494,Q06187,TEC,tyr,Y110,Phosphorylation,1.0,PhosphoNetworks,predicted_or_inferred,False,0,,PhosphoNetworks
O75496,P00519,ABL,tyr,Y150,Phosphorylation,1.0,PhosphoSitePlus;ProtMapper;REACH_ProtMapper;RLIMS-P_ProtMapper;Sparser_ProtMapper,curated_literature,True,1,24789045,PhosphoSite;ProtMapper;REACH_ProtMapper;RLIMS-P_ProtMapper;Sparser_ProtMapper
O75508,Q05397,FAK,tyr,Y191;Y192,Phosphorylation,1.0,PhosphoSitePlus,curated_source,True,0,,PhosphoSite
O75553,P00519,ABL,tyr,Y220,Phosphorylation,1.0,KEA,literature_supported,False,1,17570479,KEA
O75553,P06241,SRC,tyr,Y198;Y220;Y232,Phosphorylation,2.0,ProtMapper;Reactome_ProtMapper,predicted_or_inferred,False,0,,ProtMapper;Reactome_ProtMapper
O75553,P07948,SRC,tyr,Y198,Phosphorylation,1.0,KEA,literature_supported,False,1,17570479,KEA
O75553,P08069,Insulin receptor,tyr,Y220,Phosphorylation,1.0,KEA,literature_supported,False,1,17570479,KEA
O75553,P12931,SRC,tyr,Y185;Y198;Y200;Y220;Y232,Phosphorylation,8.0,HPRD;KEA;MIMP;PhosphoELM;PhosphoSitePlus;ProtMapper;SIGNOR,curated_literature,True,5,10959835;11279201;15062102;15316068;17570479,HPRD;HPRD_MIMP;KEA;MIMP;PhosphoSite_MIMP;ProtMapper;SIGNOR;SIGNOR_ProtMapper;phosphoELM_MIMP
O75563,P08069,Insulin receptor,tyr,Y75,Phosphorylation,1.0,KEA,literature_supported,False,1,17570479,KEA
O75563,P08631,SRC,tyr,Y75,Phosphorylation,1.0,KEA,literature_supported,False,1,17570479,KEA
O75674,P06241,SRC,tyr,Y460,Phosphorylation,3.0,HPRD;KEA;MIMP;PhosphoSitePlus;ProtMapper;SIGNOR,curated_literature,True,1,11711534,HPRD_MIMP;KEA;MIMP;PhosphoSite_MIMP;ProtMapper;SIGNOR;SIGNOR_ProtMapper
O75688,P00519,ABL,tyr,Y367,Phosphorylation,1.0,KEA,literature_supported,False,1,17164333,KEA
O75716,O75716,Ser/Thr protein kinase,dual,Y198,Phosphorylation,1.0,UniProt_ModRes,curated_literature,True,1,18184589,UniProt_ModRes
O75791,Q08881,TEC,tyr,Y45,Phosphorylation,1.0,PhosphoSitePlus,curated_source,True,0,,PhosphoSite
O75874,P11362,Fibroblast growth factor receptor,tyr,Y42,Phosphorylation,1.0,PhosphoSitePlus,curated_source,True,0,,PhosphoSite
O75874,P36888,CSF-1/PDGF receptor,tyr,Y391;Y42,Phosphorylation,1.0,PhosphoSitePlus;SIGNOR,curated_literature,True,1,34289383,PhosphoSite;SIGNOR
O75886,P00533,EGF receptor,tyr,Y192;Y374,Phosphorylation,10.0,BEL-Large-Corpus_ProtMapper;HPRD;KEA;MIMP;PhosphoELM;PhosphoSitePlus;ProtMapper;SIGNOR,curated_literature,True,7,10993906;11687594;15212693;15951569;17081983;17389395;19901323,BEL-Large-Corpus_ProtMapper;HPRD;HPRD_MIMP;KEA;MIMP;PhosphoSite_MIMP;ProtMapper;SIGNOR;SIGNOR_ProtMapper;phosphoELM_MIMP
O75886,P06241,SRC,tyr,Y291;Y371;Y374,Phosphorylation,2.0,PhosphoSitePlus;ProtMapper,curated_source,True,0,,PhosphoSite;PhosphoSite_ProtMapper;ProtMapper
O75886,P07948,SRC,tyr,Y371,Phosphorylation,1.0,KEA,literature_supported,False,1,17570479,KEA
O75955,P06241,SRC,tyr,Y160,Phosphorylation,2.0,PhosphoSitePlus;ProtMapper,curated_source,True,0,,PhosphoSite;PhosphoSite_ProtMapper;ProtMapper
O75955,P12931,SRC,tyr,Y149;Y56,Phosphorylation,1.0,PhosphoSitePlus;ProtMapper;REACH_ProtMapper;Sparser_ProtMapper,curated_literature,True,1,26923594,PhosphoSite;PhosphoSite_ProtMapper;ProtMapper;REACH_ProtMapper;Sparser_ProtMapper
O75962,Q05397,FAK,tyr,Y2796,Phosphorylation,4.0,HPRD;KEA;MIMP;PhosphoELM;PhosphoSitePlus;ProtMapper;SIGNOR,curated_literature,True,1,12551902,HPRD;HPRD_MIMP;KEA;MIMP;PhosphoSite;PhosphoSite_MIMP;PhosphoSite_ProtMapper;ProtMapper;SIGNOR;SIGNOR_ProtMapper;phosphoELM_MIMP
O94875,P00519,ABL,tyr,Y164;Y175;Y50;Y573;Y59,Phosphorylation,1.0,PhosphoSitePlus,curated_source,True,0,,PhosphoSite
O94916,P00519,ABL,tyr,Y143;Y161,Phosphorylation,2.0,MIMP;PhosphoSitePlus;ProtMapper,curated_source,True,0,,MIMP;PhosphoSite;PhosphoSite_MIMP;PhosphoSite_ProtMapper;ProtMapper
O94989,P29323,Ephrin receptor,tyr,Y353,Phosphorylation,1.0,SIGNOR;UniProt_ModRes,curated_literature,True,1,21029865,SIGNOR;UniProt_ModRes
O95185,P12931,SRC,tyr,Y449;Y454;Y568;Y649;Y667,Phosphorylation,2.0,ProtMapper;Reactome_ProtMapper,predicted_or_inferred,False,0,,ProtMapper;Reactome_ProtMapper
O95297,P06213,Insulin receptor,tyr,Y200,Phosphorylation,1.0,KEA,literature_supported,False,1,17570479,KEA
O95297,P07948,SRC,tyr,Y263,Phosphorylation,1.0,KEA,literature_supported,False,1,17570479,KEA
O95297,P12931,SRC,tyr,Y241;Y263,Phosphorylation,13.0,BEL-Large-Corpus_ProtMapper;HPRD;KEA;Li2012;MIMP;PhosphoELM;PhosphoSitePlus;ProtMapper;SIGNOR,curated_literature,True,9,10681522;11751924;15212693;17016520;18578522;18669648;18707149;19664994;20068231,BEL-Large-Corpus_ProtMapper;HPRD;HPRD_MIMP;KEA;Li2012;MIMP;PhosphoSite;PhosphoSite_MIMP;PhosphoSite_ProtMapper;ProtMapper;SIGNOR;SIGNOR_ProtMapper;phosphoELM;phosphoELM_MIMP
O95319,P12931,SRC,tyr,Y39;Y63,Phosphorylation,1.0,KEA;SIGNOR,curated_literature,True,1,17855367,KEA;SIGNOR
O95433,P00519,ABL,tyr,Y223,Phosphorylation,3.0,PhosphoSitePlus;ProtMapper;RLIMS-P_ProtMapper;SIGNOR;Sparser_ProtMapper;UniProt_ModRes,curated_literature,True,3,26235616;27515256;29127155,PhosphoSite;PhosphoSite_ProtMapper;ProtMapper;RLIMS-P_ProtMapper;SIGNOR;Sparser_ProtMapper;UniProt_ModRes
O95487,P04626,EGF receptor,tyr,Y117,Phosphorylation,1.0,KEA,literature_supported,False,1,17570479,KEA
O95644,P52333,JAK,tyr,Y371,Phosphorylation,2.0,PhosphoSitePlus;ProtMapper,curated_source,True,0,,PhosphoSite;PhosphoSite_ProtMapper;ProtMapper
P00338,P00533,EGF receptor,tyr,Y10,Phosphorylation,1.0,ProtMapper;REACH_ProtMapper,literature_supported,False,1,28218905,ProtMapper;REACH_ProtMapper
P00338,P04626,EGF receptor,tyr,Y10,Phosphorylation,1.0,PhosphoSitePlus;ProtMapper;REACH_ProtMapper;RLIMS-P_ProtMapper;Sparser_ProtMapper,curated_literature,True,1,28218905,PhosphoSite;PhosphoSite_ProtMapper;ProtMapper;REACH_ProtMapper;RLIMS-P_ProtMapper;Sparser_ProtMapper
P00338,P11362,Fibroblast growth factor receptor,tyr,Y10;Y112;Y39;Y83,Phosphorylation,3.0,HPRD;MIMP;PhosphoSitePlus;ProtMapper;REACH_ProtMapper;SIGNOR;Sparser_ProtMapper,curated_literature,True,2,21969607;28516914,HPRD_MIMP;MIMP;PhosphoSite;PhosphoSite_MIMP;PhosphoSite_ProtMapper;ProtMapper;REACH_ProtMapper;SIGNOR;SIGNOR_ProtMapper;Sparser_ProtMapper
P00338,P12931,SRC,tyr,Y10,Phosphorylation,1.0,PhosphoSitePlus;ProtMapper;REACH_ProtMapper;Sparser_ProtMapper,curated_literature,True,1,28218905,PhosphoSite;PhosphoSite_ProtMapper;ProtMapper;REACH_ProtMapper;Sparser_ProtMapper
P00519,P00519,ABL,tyr,Y226;Y393;Y412;Y469;Y70,Phosphorylation,4.0,HPRD;PhosphoSitePlus;SIGNOR;UniProt;UniProt_ModRes;iPTMnet;neXtProt,curated_literature,True,8,10964922;11781820;12522270;12748290;16497976;16912036;18775435;8441409,HPRD;PSP;Signor;UniProt;UniProt_ModRes;iPTMnet_REST;neXtProt
P00519,P06213,Insulin receptor,tyr,Y393;Y412,Phosphorylation,1.0,KEA,literature_supported,False,1,17570479,KEA
P00519,P06239,SRC,tyr,Y226;Y393;Y412,Phosphorylation,3.0,KEA;NCI-PID_ProtMapper;ProtMapper,literature_supported,False,4,11847100;16076903;16787943;17570479,KEA;NCI-PID_ProtMapper;ProtMapper
P00519,P06241,SRC,tyr,Y115;Y128;Y134;Y139;Y147;Y158;Y172;Y185;Y191;Y204;Y215;Y226;Y234;Y245;Y393;Y412;Y70;Y89,Phosphorylation,4.0,HPRD;KEA;MIMP;NCI-PID_ProtMapper;PhosphoELM;PhosphoSitePlus;ProtMapper,curated_literature,True,6,11847100;12522270;16076903;16787943;16912036;17570479,HPRD_MIMP;KEA;MIMP;NCI-PID_ProtMapper;PhosphoSite;PhosphoSite_MIMP;PhosphoSite_ProtMapper;ProtMapper;phosphoELM_MIMP
P00519,P07947,SRC,tyr,Y226;Y393,Phosphorylation,3.0,NCI-PID_ProtMapper;ProtMapper,literature_supported,False,3,11847100;16076903;16787943,NCI-PID_ProtMapper;ProtMapper
P00519,P07948,SRC,tyr,Y115;Y128;Y134;Y139;Y147;Y158;Y172;Y185;Y191;Y204;Y215;Y226;Y234;Y245;Y393;Y412;Y70;Y89,Phosphorylation,4.0,HPRD;MIMP;NCI-PID_ProtMapper;PhosphoELM;PhosphoSitePlus;ProtMapper,curated_literature,True,3,11847100;16076903;16787943,HPRD_MIMP;MIMP;NCI-PID_ProtMapper;PhosphoSite;PhosphoSite_MIMP;PhosphoSite_ProtMapper;ProtMapper;phosphoELM_MIMP
P00519,P08631,SRC,tyr,Y115;Y128;Y134;Y139;Y147;Y158;Y172;Y185;Y191;Y204;Y215;Y226;Y234;Y245;Y393;Y412;Y70;Y89,Phosphorylation,4.0,HPRD;KEA;MIMP;NCI-PID_ProtMapper;PhosphoELM;PhosphoSitePlus;ProtMapper;Sparser_ProtMapper,curated_literature,True,6,11847100;12522270;16076903;16787943;16912036;18775435,HPRD_MIMP;KEA;MIMP;NCI-PID_ProtMapper;PhosphoSite;PhosphoSite_MIMP;PhosphoSite_ProtMapper;ProtMapper;Sparser_ProtMapper;phosphoELM_MIMP
P00519,P09619,CSF-1/PDGF receptor,tyr,Y226;Y393,Phosphorylation,1.0,ProtMapper;REACH_ProtMapper,literature_supported,False,1,19275932,ProtMapper;REACH_ProtMapper
P00519,P09769,SRC,tyr,Y226;Y393,Phosphorylation,3.0,NCI-PID_ProtMapper;ProtMapper,literature_supported,False,3,11847100;16076903;16787943,NCI-PID_ProtMapper;ProtMapper
P00519,P12931,SRC,tyr,Y226;Y245;Y393;Y412;Y469;Y488,Phosphorylation,16.0,HPRD;KEA;MIMP;NCI-PID_ProtMapper;PhosphoELM;PhosphoSitePlus;ProtMapper;REACH_ProtMapper;SIGNOR;Sparser_ProtMapper;dbPTM,curated_literature,True,13,10964922;11781820;11847100;12445832;12522270;16076903;16464493;16497976;16787943;18691976;19369195;19901323;20168609,HPRD;HPRD_MIMP;KEA;MIMP;NCI-PID_ProtMapper;PhosphoSite;PhosphoSite_MIMP;ProtMapper;REACH_ProtMapper;SIGNOR;SIGNOR_ProtMapper;Sparser_ProtMapper;dbPTM;phosphoELM_MIMP
P00519,P51451,SRC,tyr,Y226;Y393,Phosphorylation,3.0,NCI-PID_ProtMapper;ProtMapper,literature_supported,False,3,11847100;16076903;16787943,NCI-PID_ProtMapper;ProtMapper
P00533,O60674,JAK,tyr,Y1069;Y1092;Y1110,Phosphorylation,13.0,HPRD;KEA;MIMP;PhosphoELM;PhosphoSitePlus;ProtMapper;REACH_ProtMapper;SIGNOR;Sparser_ProtMapper,curated_literature,True,11,10459005;10635327;15302935;16799092;17016520;17081983;17389395;18669648;18691976;23838182;9363897,HPRD;HPRD_MIMP;KEA;MIMP;PhosphoSite_MIMP;ProtMapper;REACH_ProtMapper;SIGNOR;SIGNOR_ProtMapper;Sparser_ProtMapper;phosphoELM_MIMP
P00533,P00519,ABL,tyr,Y1016;Y1092;Y1172;Y1197,Phosphorylation,6.0,BEL-Large-Corpus_ProtMapper;HPRD;KEA;Li2012;MIMP;PhosphoELM;PhosphoSitePlus;ProtMapper;RLIMS-P_ProtMapper;SIGNOR;Sparser_ProtMapper,curated_literature,True,4,15618223;15901825;16943190;28338646,BEL-Large-Corpus_ProtMapper;HPRD_MIMP;KEA;Li2012;MIMP;PhosphoSite;PhosphoSite_MIMP;PhosphoSite_ProtMapper;ProtMapper;RLIMS-P_ProtMapper;SIGNOR;SIGNOR_ProtMapper;Sparser_ProtMapper;phosphoELM_MIMP
P00533,P00533,EGF receptor,tyr,Y1016;Y1069;Y1092;Y1110;Y1138;Y1172;Y1197;Y869;Y998,Phosphorylation,4.0,HPRD;PhosphoELM;PhosphoSitePlus;SIGNOR;UniProt;UniProt_ModRes;iPTMnet;neXtProt,curated_literature,True,31,10635327;10653583;11983694;12873986;1314835;16729043;16799092;1688559;17016520;17081983;17389395;17426253;17575160;17646646;18669648;18691976;18707149;19563760;19651622;19836242;19935697;20068231;23774213;2543678;26918609;27153536;2803273;3263271;8845374;9363897;9733788,HPRD;PSP;Signor;UniProt;UniProt_ModRes;iPTMnet_REST;neXtProt;phospho.ELM
P00533,P04626,EGF receptor,tyr,Y1069;Y1092;Y1197,Phosphorylation,8.0,HPRD;KEA;MIMP;PhosphoELM;PhosphoSitePlus;ProtMapper;Sparser_ProtMapper,curated_literature,True,9,10635327;16799092;16843263;17016520;17389395;18669648;18691976;23027125;9363897,HPRD;HPRD_MIMP;KEA;MIMP;PhosphoSite_MIMP;ProtMapper;Sparser_ProtMapper;phosphoELM_MIMP
P00533,P06239,SRC,tyr,Y1016;Y1069;Y1092;Y1110;Y1172;Y1197,Phosphorylation,1.0,NCI-PID_ProtMapper;ProtMapper,literature_supported,False,1,11160627,NCI-PID_ProtMapper;ProtMapper
P00533,P06241,SRC,tyr,Y1016;Y1069;Y1092;Y1110;Y1172;Y1197,Phosphorylation,1.0,NCI-PID_ProtMapper;ProtMapper,literature_supported,False,1,11160627,NCI-PID_ProtMapper;ProtMapper
P00533,P07947,SRC,tyr,Y1016;Y1069;Y1092;Y1110;Y1125;Y1172;Y1197,Phosphorylation,1.0,NCI-PID_ProtMapper;ProtMapper;REACH_ProtMapper,literature_supported,False,2,11160627;22430206,NCI-PID_ProtMapper;ProtMapper;REACH_ProtMapper
P00533,P07948,SRC,tyr,Y1016;Y1069;Y1092;Y1110;Y1125;Y1172;Y1197,Phosphorylation,1.0,NCI-PID_ProtMapper;ProtMapper;REACH_ProtMapper;Sparser_ProtMapper,literature_supported,False,2,11160627;22430206,NCI-PID_ProtMapper;ProtMapper;REACH_ProtMapper;Sparser_ProtMapper
P00533,P08631,SRC,tyr,Y1016;Y1069;Y1092;Y1110;Y1172;Y1197,Phosphorylation,1.0,NCI-PID_ProtMapper;ProtMapper,literature_supported,False,1,11160627,NCI-PID_ProtMapper;ProtMapper
P00533,P09769,SRC,tyr,Y1016;Y1069;Y1092;Y1110;Y1172;Y1197,Phosphorylation,1.0,NCI-PID_ProtMapper;ProtMapper,literature_supported,False,1,11160627,NCI-PID_ProtMapper;ProtMapper
P00533,P12931,SRC,tyr,Y1016;Y1069;Y1092;Y1110;Y1125;Y1172;Y1197;Y727;Y764;Y869;Y891;Y915;Y944;Y998,Phosphorylation,66.0,BEL-Large-Corpus_ProtMapper;HPRD;KEA;Li2012;MIMP;NCI-PID_ProtMapper;PhosphoELM;PhosphoSitePlus;ProtMapper;REACH_ProtMapper;RLIMS-P_ProtMapper;Reactome_ProtMapper;SIGNOR;Sparser_ProtMapper,curated_literature,True,78,10075741;11160627;11250711;11311660;11983694;12878163;14630916;14750954;15212693;15282306;15302935;15618223;15657067;15951569;16414009;16729043;16799092;17016520;17043637;17081983;17389395;17570479;17653080;17897439;17971399;18083107;18295415;18669648;18957516;19151764;19258037;19275932;19305428;19840943;20190765;20802523;20935677;21822308;22426783;22430206;22927910;22957061;23066441;23119029;23119185;23349873;23449029;23702846;23866081;23873690;23942551;24335899;25077442;25301722;25356505;25366117;25505586;25573954;25748412;25841779;25955608;25958313;26325669;26571308;26771606;27495374;27564112;27716204;28513565;29036202;29124875;29285309;29321659;29641465;7488034;8845374;9069259;9990038,BEL-Large-Corpus_ProtMapper;HPRD;HPRD_MIMP;KEA;Li2012;MIMP;NCI-PID_ProtMapper;PhosphoSite;PhosphoSite_MIMP;PhosphoSite_ProtMapper;ProtMapper;REACH_ProtMapper;RLIMS-P_ProtMapper;Reactome_ProtMapper;SIGNOR;SIGNOR_ProtMapper;Sparser_ProtMapper;phosphoELM;phosphoELM_MIMP
P00533,P41240,CSK,tyr,Y1092;Y1125;Y869,Phosphorylation,3.0,ProtMapper;RLIMS-P_ProtMapper;Sparser_ProtMapper,literature_supported,False,5,12771140;20667610;22430206;23830194;28325761,ProtMapper;RLIMS-P_ProtMapper;Sparser_ProtMapper
P00533,P42685,SRC,tyr,Y1197,Phosphorylation,2.0,ProtMapper;RLIMS-P_ProtMapper;Sparser_ProtMapper,literature_supported,False,2,25594057;29348886,ProtMapper;RLIMS-P_ProtMapper;Sparser_ProtMapper
P00533,P51451,SRC,tyr,Y1016;Y1069;Y1092;Y1110;Y1172;Y1197,Phosphorylation,1.0,NCI-PID_ProtMapper;ProtMapper,literature_supported,False,1,11160627,NCI-PID_ProtMapper;ProtMapper
P00533,Q13882,BRK/PTK6/SIK,tyr,Y1069;Y869,Phosphorylation,1.0,ProtMapper;RLIMS-P_ProtMapper;Sparser_ProtMapper,literature_supported,False,1,22231447,ProtMapper;RLIMS-P_ProtMapper;Sparser_ProtMapper
P00533,Q15303,EGF receptor,tyr,Y1197,Phosphorylation,1.0,KEA,literature_supported,False,1,17570479,KEA
P01100,P12931,SRC,tyr,Y10;Y30,Phosphorylation,1.0,PhosphoSitePlus;UniProt_ModRes,curated_literature,True,2,17160021;22105363,PhosphoSite;UniProt_ModRes
P01106,P00519,ABL,tyr,Y32;Y74,Phosphorylation,2.0,PhosphoSitePlus;ProtMapper;REACH_ProtMapper;Sparser_ProtMapper,curated_literature,True,1,23318434,PhosphoSite;PhosphoSite_ProtMapper;ProtMapper;REACH_ProtMapper;Sparser_ProtMapper
P01111,P12931,SRC,tyr,Y32,Phosphorylation,2.0,PhosphoSitePlus;ProtMapper,curated_source,True,0,,PhosphoSite;PhosphoSite_ProtMapper;ProtMapper
P01112,P00519,ABL,tyr,Y137,Phosphorylation,2.0,PhosphoSitePlus;ProtMapper,curated_source,True,0,,PhosphoSite;PhosphoSite_ProtMapper;ProtMapper
P01112,P12931,SRC,tyr,Y32;Y64;Y96,Phosphorylation,2.0,PhosphoSitePlus;ProtMapper;SIGNOR,curated_literature,True,1,25157176,PhosphoSite;PhosphoSite_ProtMapper;ProtMapper;SIGNOR;SIGNOR_ProtMapper
P01112,P42684,ABL,tyr,Y137,Phosphorylation,2.0,PhosphoSitePlus;ProtMapper,curated_source,True,0,,PhosphoSite;PhosphoSite_ProtMapper;ProtMapper
P01116,P12931,SRC,tyr,Y32;Y64,Phosphorylation,1.0,PhosphoSitePlus,curated_source,True,0,,PhosphoSite
P01350,P06241,SRC,tyr,Y87,Phosphorylation,1.0,KEA,literature_supported,False,1,17570479,KEA
P01350,P12931,SRC,tyr,Y87,Phosphorylation,4.0,BEL-Large-Corpus_ProtMapper;KEA;MIMP;PhosphoELM;ProtMapper,curated_literature,True,3,15212693;8578591;96108162,BEL-Large-Corpus_ProtMapper;KEA;MIMP;ProtMapper;phosphoELM;phosphoELM_MIMP
P01350,Q15303,EGF receptor,tyr,Y87,Phosphorylation,1.0,KEA,literature_supported,False,1,17570479,KEA
P01889,P12931,SRC,tyr,Y344,Phosphorylation,2.0,PhosphoSitePlus;ProtMapper,curated_source,True,0,,PhosphoSite;PhosphoSite_ProtMapper;ProtMapper
P02545,P12931,SRC,tyr,Y45,Phosphorylation,1.0,PhosphoSitePlus,curated_source,True,0,,PhosphoSite
P02730,P06239,SRC,tyr,Y21;Y904,Phosphorylation,1.0,KEA,literature_supported,False,1,17570479,KEA
P02730,P07948,SRC,tyr,Y21;Y359;Y46;Y8;Y904,Phosphorylation,7.0,HPRD;KEA;MIMP;PhosphoELM;PhosphoNetworks;PhosphoSitePlus;ProtMapper;SIGNOR,curated_literature,True,3,10942405;1998697;2065070,HPRD;HPRD_MIMP;KEA;MIMP;PhosphoNetworks;PhosphoSite;PhosphoSite_MIMP;PhosphoSite_ProtMapper;ProtMapper;SIGNOR;SIGNOR_ProtMapper;phosphoELM;phosphoELM_MIMP
P02730,P43405,SYK/ZAP-70,tyr,Y21;Y359;Y46;Y8;Y904,Phosphorylation,7.0,HPRD;KEA;MIMP;PhosphoELM;PhosphoNetworks;PhosphoSitePlus;ProtMapper;SIGNOR;Sparser_ProtMapper,curated_literature,True,4,10942405;19306898;1998697;2065070,HPRD;HPRD_MIMP;KEA;MIMP;PhosphoNetworks;PhosphoSite;PhosphoSite_MIMP;PhosphoSite_ProtMapper;ProtMapper;SIGNOR;SIGNOR_ProtMapper;Sparser_ProtMapper;phosphoELM;phosphoELM_MIMP
P02786,P12931,SRC,tyr,Y20,Phosphorylation,1.0,PhosphoSitePlus;ProtMapper;RLIMS-P_ProtMapper,curated_literature,True,1,21859709,PhosphoSite;PhosphoSite_ProtMapper;ProtMapper;RLIMS-P_ProtMapper
P03372,P00519,ABL,tyr,Y219;Y52,Phosphorylation,2.0,MIMP;PhosphoELM;PhosphoSitePlus;ProtMapper;SIGNOR,curated_literature,True,1,20101225,MIMP;PhosphoSite;PhosphoSite_MIMP;PhosphoSite_ProtMapper;ProtMapper;SIGNOR;SIGNOR_ProtMapper;phosphoELM_MIMP
P03372,P00533,EGF receptor,tyr,Y537,Phosphorylation,1.0,ProtMapper;REACH_ProtMapper,literature_supported,False,1,20809984,ProtMapper;REACH_ProtMapper
P03372,P06239,SRC,tyr,Y537,Phosphorylation,7.0,HPRD;KEA;MIMP;PhosphoELM;PhosphoSitePlus;ProtMapper;SIGNOR,curated_literature,True,3,10571988;7539106;9500442,HPRD;HPRD_MIMP;KEA;MIMP;PhosphoSite;PhosphoSite_MIMP;PhosphoSite_ProtMapper;ProtMapper;SIGNOR;SIGNOR_ProtMapper;phosphoELM;phosphoELM_MIMP
P03372,P08069,Insulin receptor,tyr,Y219,Phosphorylation,1.0,PhosphoSitePlus,curated_source,True,0,,PhosphoSite
P03372,P12931,SRC,tyr,Y537,Phosphorylation,11.0,HPRD;KEA;Li2012;MIMP;PhosphoELM;PhosphoSitePlus;ProtMapper;REACH_ProtMapper;RLIMS-P_ProtMapper;SIGNOR;Sparser_ProtMapper,curated_literature,True,8,22865929;24487689;25275301;25364741;27472465;30148069;7539106;9500442,HPRD;HPRD_MIMP;KEA;Li2012;MIMP;PhosphoSite;PhosphoSite_MIMP;PhosphoSite_ProtMapper;ProtMapper;REACH_ProtMapper;RLIMS-P_ProtMapper;SIGNOR;SIGNOR_ProtMapper;Sparser_ProtMapper;phosphoELM;phosphoELM_MIMP
P03372,P41240,CSK,tyr,Y537,Phosphorylation,1.0,ProtMapper;Sparser_ProtMapper,literature_supported,False,1,25364741,ProtMapper;Sparser_ProtMapper
P03956,Q504Y2,,tyr,Y360,Phosphorylation,1.0,ProtMapper;REACH_ProtMapper;UniProt_ModRes,curated_literature,True,2,25171405;25862977,ProtMapper;REACH_ProtMapper;UniProt_ModRes
P04040,P00519,ABL,tyr,Y231;Y386,Phosphorylation,10.0,HPRD;KEA;MIMP;PhosphoELM;PhosphoSitePlus;ProtMapper;REACH_ProtMapper;SIGNOR;Sparser_ProtMapper,curated_literature,True,6,12777400;12950161;26117330;26340608;26375285;29535798,HPRD_MIMP;KEA;MIMP;PhosphoSite;PhosphoSite_MIMP;PhosphoSite_ProtMapper;ProtMapper;REACH_ProtMapper;SIGNOR;SIGNOR_ProtMapper;Sparser_ProtMapper;phosphoELM;phosphoELM_MIMP
P04040,P42684,ABL,tyr,Y231;Y386,Phosphorylation,7.0,HPRD;KEA;MIMP;PhosphoELM;PhosphoSitePlus;ProtMapper;SIGNOR,curated_literature,True,2,12777400;12950161,HPRD;HPRD_MIMP;KEA;MIMP;PhosphoSite;PhosphoSite_MIMP;PhosphoSite_ProtMapper;ProtMapper;SIGNOR;SIGNOR_ProtMapper;phosphoELM;phosphoELM_MIMP
P04049,O60674,JAK,tyr,Y340;Y341,Phosphorylation,8.0,HPRD;KEA;MIMP;PhosphoELM;PhosphoSitePlus;ProtMapper;Reactome_ProtMapper;SIGNOR,curated_literature,True,4,10205168;11134016;8876196;9689060,HPRD;HPRD_MIMP;KEA;MIMP;PhosphoSite_MIMP;ProtMapper;Reactome_ProtMapper;SIGNOR;SIGNOR_ProtMapper;phosphoELM_MIMP
P04049,P06241,SRC,tyr,Y340;Y341,Phosphorylation,2.0,ProtMapper;Reactome_ProtMapper,predicted_or_inferred,False,0,,ProtMapper;Reactome_ProtMapper
P04049,P07948,SRC,tyr,Y340;Y341,Phosphorylation,2.0,ProtMapper;Reactome_ProtMapper,predicted_or_inferred,False,0,,ProtMapper;Reactome_ProtMapper
P04049,P08631,SRC,tyr,Y341,Phosphorylation,1.0,KEA,literature_supported,False,1,17570479,KEA
P04049,P12931,SRC,tyr,Y340;Y341,Phosphorylation,12.0,BEL-Large-Corpus_ProtMapper;HPRD;KEA;MIMP;PhosphoELM;PhosphoSitePlus;ProtMapper;REACH_ProtMapper;RLIMS-P_ProtMapper;Reactome_ProtMapper;SIGNOR;Sparser_ProtMapper;UniProt_ModRes;dbPTM,curated_literature,True,15,-;10205168;10998357;12551923;12952943;15258589;15710605;16170185;16630891;16892053;17097642;22592532;29063113;7692235;8876196,BEL-Large-Corpus_ProtMapper;HPRD_MIMP;KEA;MIMP;PhosphoSite;PhosphoSite_MIMP;PhosphoSite_ProtMapper;ProtMapper;REACH_ProtMapper;RLIMS-P_ProtMapper;Reactome_ProtMapper;SIGNOR;SIGNOR_ProtMapper;Sparser_ProtMapper;UniProt_ModRes;dbPTM;phosphoELM;phosphoELM_MIMP
P04049,P23458,JAK,tyr,Y341,Phosphorylation,1.0,BEL-Large-Corpus_ProtMapper;ProtMapper,literature_supported,False,1,16170185,BEL-Large-Corpus_ProtMapper;ProtMapper
P04049,P41240,CSK,tyr,Y341,Phosphorylation,1.0,ProtMapper;Sparser_ProtMapper,literature_supported,False,1,22182854,ProtMapper;Sparser_ProtMapper
P04083,P00519,ABL,tyr,Y21,Phosphorylation,2.0,HPRD;KEA;MIMP;PhosphoELM;PhosphoSitePlus;ProtMapper,curated_literature,True,1,2457390,HPRD_MIMP;KEA;MIMP;PhosphoSite;PhosphoSite_MIMP;PhosphoSite_ProtMapper;ProtMapper;phosphoELM;phosphoELM_MIMP
P04083,P00533,EGF receptor,tyr,Y21,Phosphorylation,9.0,HPRD;KEA;MIMP;PhosphoELM;PhosphoSitePlus;ProtMapper;SIGNOR;Sparser_ProtMapper;UniProt_ModRes;dbPTM,curated_literature,True,6,17081983;22792315;24103589;2457390;3020049;9223619,HPRD_MIMP;KEA;MIMP;PhosphoSite;PhosphoSite_MIMP;PhosphoSite_ProtMapper;ProtMapper;SIGNOR;SIGNOR_ProtMapper;Sparser_ProtMapper;UniProt_ModRes;dbPTM;phosphoELM;phosphoELM_MIMP
P04083,P08069,Insulin receptor,tyr,Y21,Phosphorylation,1.0,KEA,literature_supported,False,1,17570479,KEA
P04083,P08631,SRC,tyr,Y21,Phosphorylation,1.0,KEA,literature_supported,False,1,17570479,KEA
P04083,P12931,SRC,tyr,Y21,Phosphorylation,4.0,HPRD;KEA;MIMP;PhosphoELM;PhosphoSitePlus;ProtMapper;SIGNOR,curated_literature,True,2,24103589;2457390,HPRD_MIMP;KEA;MIMP;PhosphoSite;PhosphoSite_MIMP;PhosphoSite_ProtMapper;ProtMapper;SIGNOR;SIGNOR_ProtMapper;phosphoELM;phosphoELM_MIMP
P04083,P21860,EGF receptor,tyr,Y21,Phosphorylation,1.0,KEA,literature_supported,False,1,17570479,KEA
P04234,P06213,Insulin receptor,tyr,Y160,Phosphorylation,1.0,KEA,literature_supported,False,1,17570479,KEA
P04234,P12931,SRC,tyr,Y149;Y160,Phosphorylation,1.0,Li2012,predicted_or_inferred,False,0,,Li2012
P04406,P12931,SRC,tyr,Y42,Phosphorylation,1.0,BEL-Large-Corpus_ProtMapper;HPRD;MIMP;PhosphoSitePlus;ProtMapper;RLIMS-P_ProtMapper,curated_literature,True,1,17488287,BEL-Large-Corpus_ProtMapper;HPRD_MIMP;MIMP;PhosphoSite;PhosphoSite_MIMP;PhosphoSite_ProtMapper;ProtMapper;RLIMS-P_ProtMapper
P04406,Q14289,FAK,tyr,Y320,Phosphorylation,1.0,PhosphoNetworks,predicted_or_inferred,False,0,,PhosphoNetworks
P04439,P12931,SRC,tyr,Y344,Phosphorylation,3.0,PhosphoELM;PhosphoSitePlus;ProtMapper;SIGNOR,curated_literature,True,1,6304688,PhosphoSite;PhosphoSite_ProtMapper;ProtMapper;SIGNOR;SIGNOR_ProtMapper;phosphoELM
P04626,P00533,EGF receptor,tyr,Y1139;Y1218;Y1221;Y1222;Y1248,Phosphorylation,13.0,BEL-Large-Corpus_ProtMapper;HPRD;KEA;Li2012;MIMP;PhosphoELM;PhosphoSitePlus;ProtMapper;RLIMS-P_ProtMapper;SIGNOR,curated_literature,True,8,11500516;12354693;15951569;1706616;17081983;17389395;17426253;24355130,BEL-Large-Corpus_ProtMapper;HPRD;HPRD_MIMP;KEA;Li2012;MIMP;PhosphoSite_MIMP;ProtMapper;RLIMS-P_ProtMapper;SIGNOR;SIGNOR_ProtMapper;phosphoELM_MIMP
P04626,P04626,EGF receptor,tyr,Y1112;Y1139;Y1196;Y1218;Y1221;Y1222;Y1248;Y877,Phosphorylation,4.0,HPRD;PhosphoELM;PhosphoSitePlus;SIGNOR;UniProt;UniProt_ModRes;iPTMnet;neXtProt,curated_literature,True,14,10372802;11500516;12354693;15156151;16729043;16785428;1706616;17081983;17389395;17426253;17554007;27134172;7624146;9637788,HPRD;PSP;Signor;UniProt;UniProt_ModRes;iPTMnet_REST;neXtProt;phospho.ELM
P04626,P06241,SRC,tyr,Y877,Phosphorylation,1.0,PhosphoSitePlus;ProtMapper;REACH_ProtMapper;Reactome_ProtMapper,curated_literature,True,1,21499296,PhosphoSite;ProtMapper;REACH_ProtMapper;Reactome_ProtMapper
P04626,P07947,SRC,tyr,Y877,Phosphorylation,3.0,PhosphoSitePlus;ProtMapper;Reactome_ProtMapper,curated_source,True,0,,PhosphoSite;ProtMapper;Reactome_ProtMapper
P04626,P07948,SRC,tyr,Y1196,Phosphorylation,1.0,KEA,literature_supported,False,1,17570479,KEA
P04626,P12931,SRC,tyr,Y877,Phosphorylation,1.0,PhosphoSitePlus;ProtMapper;REACH_ProtMapper;Reactome_ProtMapper,curated_literature,True,1,11250711,PhosphoSite;ProtMapper;REACH_ProtMapper;Reactome_ProtMapper
P04629,P04626,EGF receptor,tyr,Y791,Phosphorylation,1.0,KEA,literature_supported,False,1,17570479,KEA
P04629,P04629,Insulin receptor,tyr,Y496;Y676;Y680;Y681;Y791,Phosphorylation,4.0,PhosphoSitePlus;SIGNOR;UniProt;UniProt_ModRes;iPTMnet;neXtProt,curated_literature,True,6,10092678;15488758;27676246;7510697;8155326;9099755,PSP;Signor;UniProt;UniProt_ModRes;iPTMnet_REST;neXtProt
P04629,P06213,Insulin receptor,tyr,Y676;Y680,Phosphorylation,1.0,KEA,literature_supported,False,1,17570479,KEA
P04629,P08069,Insulin receptor,tyr,Y681,Phosphorylation,1.0,KEA,literature_supported,False,1,17570479,KEA
P04629,P12931,SRC,tyr,Y496,Phosphorylation,2.0,KEA;Li2012;ProtMapper;Sparser_ProtMapper,literature_supported,False,2,17570479;23319303,KEA;Li2012;ProtMapper;Sparser_ProtMapper
P04629,P41240,CSK,tyr,Y496,Phosphorylation,1.0,ProtMapper;Sparser_ProtMapper,literature_supported,False,1,20219970,ProtMapper;Sparser_ProtMapper
P04637,P12931,SRC,tyr,Y126;Y220,Phosphorylation,1.0,PhosphoSitePlus;ProtMapper;RLIMS-P_ProtMapper,curated_literature,True,1,25071020,PhosphoSite;ProtMapper;RLIMS-P_ProtMapper
P05023,P06213,Insulin receptor,tyr,Y10,Phosphorylation,1.0,KEA,literature_supported,False,1,17570479,KEA
P05023,P12931,SRC,tyr,Y149;Y260,Phosphorylation,2.0,PhosphoSitePlus;ProtMapper,curated_source,True,0,,PhosphoSite;PhosphoSite_ProtMapper;ProtMapper
P05067,P00519,ABL,tyr,Y682;Y757,Phosphorylation,2.0,PhosphoSitePlus;iPTMnet;neXtProt,curated_source,True,1,11279131,PhosphoSite;iPTMnet_REST;neXtProt
P05067,P04629,Insulin receptor,tyr,Y757,Phosphorylation,2.0,iPTMnet;neXtProt,literature_supported,False,1,21849536,iPTMnet_REST;neXtProt
P05067,P06213,Insulin receptor,tyr,Y757,Phosphorylation,1.0,KEA,literature_supported,False,1,17570479,KEA
P05067,P06241,SRC,tyr,Y757,Phosphorylation,1.0,HPRD;MIMP;PhosphoELM;PhosphoSitePlus;ProtMapper;Sparser_ProtMapper,curated_literature,True,1,18089558,HPRD_MIMP;MIMP;PhosphoSite;PhosphoSite_MIMP;PhosphoSite_ProtMapper;ProtMapper;Sparser_ProtMapper;phosphoELM_MIMP
P05067,P41240,CSK,tyr,Y762,Phosphorylation,1.0,ProtMapper;Sparser_ProtMapper,literature_supported,False,1,21650223,ProtMapper;Sparser_ProtMapper
P05106,P08631,SRC,tyr,Y773,Phosphorylation,1.0,KEA,literature_supported,False,1,17570479,KEA
P05106,P12931,SRC,tyr,Y773;Y785,Phosphorylation,11.0,BEL-Large-Corpus_ProtMapper;HPRD;KEA;Li2012;MIMP;PhosphoELM;PhosphoSitePlus;ProtMapper;SIGNOR,curated_literature,True,6,11723131;15212693;15699036;18088087;18398066;8631894,BEL-Large-Corpus_ProtMapper;HPRD;HPRD_MIMP;KEA;Li2012;MIMP;PhosphoSite;PhosphoSite_MIMP;PhosphoSite_ProtMapper;ProtMapper;SIGNOR;SIGNOR_ProtMapper;phosphoELM;phosphoELM_MIMP
P05106,P43405,SYK/ZAP-70,tyr,Y773;Y785,Phosphorylation,4.0,HPRD;KEA;Li2012;MIMP;PhosphoELM;PhosphoSitePlus,curated_literature,True,4,11723131;15699036;18088087;8631894,HPRD_MIMP;KEA;Li2012;MIMP;PhosphoSite_MIMP;phosphoELM;phosphoELM_MIMP
P05107,P06239,SRC,tyr,Y735,Phosphorylation,3.0,MIMP;PhosphoSitePlus;ProtMapper,curated_source,True,0,,MIMP;PhosphoSite;PhosphoSite_MIMP;PhosphoSite_ProtMapper;ProtMapper
P05129,P43405,SYK/ZAP-70,tyr,Y675,Phosphorylation,1.0,UniProt_ModRes,curated_source,True,0,,UniProt_ModRes
P05362,P12931,SRC,tyr,Y512,Phosphorylation,3.0,ProtMapper;REACH_ProtMapper;RLIMS-P_ProtMapper;Sparser_ProtMapper,literature_supported,False,3,21474822;22846676;25097454,ProtMapper;REACH_ProtMapper;RLIMS-P_ProtMapper;Sparser_ProtMapper
P05412,P00519,ABL,tyr,Y170,Phosphorylation,7.0,HPRD;KEA;MIMP;PhosphoELM;PhosphoSitePlus;ProtMapper;REACH_ProtMapper;RLIMS-P_ProtMapper;SIGNOR;Sparser_ProtMapper,curated_literature,True,4,10637231;14757045;15302935;19818398,HPRD;HPRD_MIMP;KEA;MIMP;PhosphoSite;PhosphoSite_MIMP;PhosphoSite_ProtMapper;ProtMapper;REACH_ProtMapper;RLIMS-P_ProtMapper;SIGNOR;SIGNOR_ProtMapper;Sparser_ProtMapper;phosphoELM_MIMP
P05412,P12931,SRC,tyr,Y170;Y26,Phosphorylation,1.0,ProtMapper;REACH_ProtMapper,literature_supported,False,1,16740711,ProtMapper;REACH_ProtMapper
P05412,P41240,CSK,tyr,Y170;Y26,Phosphorylation,3.0,ProtMapper;REACH_ProtMapper;RLIMS-P_ProtMapper;Sparser_ProtMapper,literature_supported,False,3,16740711;19818398;23593342,ProtMapper;REACH_ProtMapper;RLIMS-P_ProtMapper;Sparser_ProtMapper
P05556,P12931,SRC,tyr,Y795,Phosphorylation,1.0,BEL-Large-Corpus_ProtMapper;ProtMapper,literature_supported,False,1,11259684,BEL-Large-Corpus_ProtMapper;ProtMapper
P05556,P42684,ABL,tyr,Y783,Phosphorylation,2.0,PhosphoSitePlus;ProtMapper,curated_source,True,0,,PhosphoSite;PhosphoSite_ProtMapper;ProtMapper
P05771,P43405,SYK/ZAP-70,tyr,Y662,Phosphorylation,1.0,UniProt_ModRes,curated_source,True,0,,UniProt_ModRes
P06127,P00533,EGF receptor,tyr,Y453,Phosphorylation,1.0,KEA,literature_supported,False,1,17570479,KEA
P06127,P06239,SRC,tyr,Y453;Y487,Phosphorylation,9.0,HPRD;KEA;MIMP;PhosphoELM;PhosphoNetworks;PhosphoSitePlus;ProtMapper;SIGNOR,curated_literature,True,4,11298344;12522270;15144186;15659558,HPRD;HPRD_MIMP;KEA;MIMP;PhosphoNetworks;PhosphoSite;PhosphoSite_MIMP;PhosphoSite_ProtMapper;ProtMapper;SIGNOR;SIGNOR_ProtMapper;phosphoELM;phosphoELM_MIMP
P06127,P06241,SRC,tyr,Y453;Y487,Phosphorylation,8.0,HPRD;KEA;MIMP;PhosphoELM;PhosphoSitePlus;ProtMapper;SIGNOR,curated_literature,True,4,11298344;12522270;15144186;15659558,HPRD;HPRD_MIMP;KEA;MIMP;PhosphoSite;PhosphoSite_MIMP;PhosphoSite_ProtMapper;ProtMapper;SIGNOR;SIGNOR_ProtMapper;phosphoELM_MIMP
P06127,P07948,SRC,tyr,Y453,Phosphorylation,1.0,KEA,literature_supported,False,1,17570479,KEA
P06127,P12931,SRC,tyr,Y453;Y487,Phosphorylation,1.0,Li2012,predicted_or_inferred,False,0,,Li2012
P06213,P00533,EGF receptor,tyr,Y1185,Phosphorylation,1.0,BEL-Large-Corpus_ProtMapper;ProtMapper,literature_supported,False,1,15951569,BEL-Large-Corpus_ProtMapper;ProtMapper
P06213,P06213,Insulin receptor,tyr,Y1011;Y1185;Y1189;Y1190;Y1355;Y1361;Y992;Y999,Phosphorylation,4.0,HPRD;PhosphoELM;PhosphoSitePlus;UniProt;UniProt_ModRes;iPTMnet;neXtProt,curated_literature,True,28,10340378;10463939;10852715;10940390;11401470;12707268;1321605;14690593;15135305;16246733;16271887;1645354;16497976;1658004;1689998;18278056;18767165;19901323;26584640;3038872;3166375;7806540;8024702;8496180;8504096;8662806;9000514;9312016,HPRD;PSP;UniProt;UniProt_ModRes;iPTMnet_REST;neXtProt;phospho.ELM
P06213,P07948,SRC,tyr,Y999,Phosphorylation,1.0,KEA,literature_supported,False,1,17570479,KEA
P06213,P08069,Insulin receptor,tyr,Y1185;Y1189;Y1190;Y1355;Y1361,Phosphorylation,1.0,KEA,literature_supported,False,1,17570479,KEA
P06213,P08581,Tyr protein kinase,tyr,Y1185,Phosphorylation,1.0,PhosphoSitePlus,curated_source,True,0,,PhosphoSite
P06239,P06239,SRC,tyr,Y394;Y505,Phosphorylation,4.0,HPRD;PhosphoELM;PhosphoSitePlus;SIGNOR;UniProt;UniProt_ModRes;iPTMnet;neXtProt,curated_literature,True,12,11828322;15144186;1639064;16461343;18578522;2250907;3265417;3352600;8139546;8258691;8405050;8945479,HPRD;PSP;Signor;UniProt;UniProt_ModRes;iPTMnet_REST;neXtProt;phospho.ELM
P06239,P06241,SRC,tyr,Y505,Phosphorylation,1.0,ProtMapper;REACH_ProtMapper,literature_supported,False,1,22043010,ProtMapper;REACH_ProtMapper
P06239,P07948,SRC,tyr,Y192,Phosphorylation,1.0,ProtMapper;REACH_ProtMapper,literature_supported,False,1,22238634,ProtMapper;REACH_ProtMapper
P06239,P12931,SRC,tyr,Y505,Phosphorylation,3.0,ProtMapper;REACH_ProtMapper;Sparser_ProtMapper,literature_supported,False,3,20515836;23686495;26421924,ProtMapper;REACH_ProtMapper;Sparser_ProtMapper
P06239,P30530,AXL/UFO,tyr,Y394,Phosphorylation,2.0,PhosphoSitePlus;ProtMapper,curated_source,True,0,,PhosphoSite;PhosphoSite_ProtMapper;ProtMapper
P06239,P41240,CSK,tyr,Y394;Y505,Phosphorylation,32.0,HPRD;KEA;MIMP;NCI-PID_ProtMapper;PhosphoELM;PhosphoSitePlus;ProtMapper;REACH_ProtMapper;RLIMS-P_ProtMapper;SIGNOR;Sparser_ProtMapper;UniProt_ModRes,curated_literature,True,39,11181701;11489946;12485116;14610046;14967142;15144186;15592455;15743820;1639064;16497976;16537894;18691976;19369195;19690332;19901323;20346773;20813252;21406692;22426112;22507872;22566970;24227778;24463463;24764511;24816556;25595912;25979654;27045023;27460989;27547268;28448599;28522807;40592325;8139546;8183556;8193535;8631775;89123626;8945479,HPRD;HPRD_MIMP;KEA;MIMP;NCI-PID_ProtMapper;PhosphoSite;PhosphoSite_MIMP;PhosphoSite_ProtMapper;ProtMapper;REACH_ProtMapper;RLIMS-P_ProtMapper;SIGNOR_ProtMapper;Sparser_ProtMapper;UniProt_ModRes;phosphoELM_MIMP
P06239,P42679,CSK,tyr,Y505,Phosphorylation,3.0,iPTMnet;neXtProt,literature_supported,False,2,7511815;8197166,iPTMnet_REST;neXtProt
P06239,P43403,SYK/ZAP-70,tyr,Y192,Phosphorylation,1.0,ProtMapper;REACH_ProtMapper,literature_supported,False,1,28735895,ProtMapper;REACH_ProtMapper
P06239,P43405,SYK/ZAP-70,tyr,Y192,Phosphorylation,10.0,HPRD;KEA;MIMP;PhosphoELM;PhosphoSitePlus;ProtMapper;REACH_ProtMapper;RLIMS-P_ProtMapper;SIGNOR;Sparser_ProtMapper,curated_literature,True,7,15659558;16497976;19664994;25990959;7518561;8798764;8845015,HPRD;HPRD_MIMP;KEA;MIMP;PhosphoSite_MIMP;ProtMapper;REACH_ProtMapper;RLIMS-P_ProtMapper;SIGNOR;SIGNOR_ProtMapper;Sparser_ProtMapper;phosphoELM_MIMP
P06239,Q08881,TEC,tyr,Y192,Phosphorylation,2.0,ProtMapper;REACH_ProtMapper,literature_supported,False,2,28644030;30190583,ProtMapper;REACH_ProtMapper
P06239,Q14289,FAK,tyr,Y394,Phosphorylation,2.0,NCI-PID_ProtMapper;ProtMapper,predicted_or_inferred,False,0,,NCI-PID_ProtMapper;ProtMapper
P06241,P06241,SRC,tyr,Y28;Y365;Y417;Y420,Phosphorylation,4.0,HPRD;PhosphoELM;PhosphoSitePlus;SIGNOR;UniProt_ModRes;iPTMnet;neXtProt,curated_literature,True,8,16497976;1722201;1985196;20058876;20068231;20658524;22080863;9425276,HPRD;PSP;Signor;UniProt_ModRes;iPTMnet_REST;neXtProt;phospho.ELM
P06241,P07332,Fes/fps,tyr,Y365;Y417;Y420,Phosphorylation,1.0,KEA,literature_supported,False,1,1985196,KEA
P06241,P07947,SRC,tyr,Y365,Phosphorylation,1.0,PhosphoNetworks,predicted_or_inferred,False,0,,PhosphoNetworks
P06241,P09619,CSF-1/PDGF receptor,tyr,Y28;Y365,Phosphorylation,4.0,HPRD;KEA;MIMP;PhosphoELM;PhosphoNetworks;PhosphoSitePlus;ProtMapper;SIGNOR,curated_literature,True,1,9425276,HPRD_MIMP;KEA;MIMP;PhosphoNetworks;PhosphoSite;PhosphoSite_MIMP;PhosphoSite_ProtMapper;ProtMapper;SIGNOR;SIGNOR_ProtMapper;phosphoELM;phosphoELM_MIMP
P06241,P29597,JAK,tyr,Y420,Phosphorylation,1.0,ProtMapper;Sparser_ProtMapper,literature_supported,False,1,27521342,ProtMapper;Sparser_ProtMapper
P06241,P30530,AXL/UFO,tyr,Y420,Phosphorylation,2.0,PhosphoSitePlus;ProtMapper,curated_source,True,0,,PhosphoSite;PhosphoSite_ProtMapper;ProtMapper
P06241,P41240,CSK,tyr,Y420;Y476;Y528;Y531,Phosphorylation,11.0,HPRD;KEA;MIMP;NCI-PID_ProtMapper;PhosphoELM;PhosphoNetworks;PhosphoSitePlus;ProtMapper;REACH_ProtMapper;RLIMS-P_ProtMapper;UniProt_ModRes;dbPTM,curated_literature,True,11,10366594;11489946;14967142;1533589;16537894;1699196;18691976;19369195;1985196;25720756;9647655,HPRD;HPRD_MIMP;KEA;MIMP;NCI-PID_ProtMapper;PhosphoNetworks;PhosphoSite;PhosphoSite_MIMP;ProtMapper;REACH_ProtMapper;RLIMS-P_ProtMapper;UniProt_ModRes;dbPTM;phosphoELM;phosphoELM_MIMP
P06241,Q14289,FAK,tyr,Y420,Phosphorylation,2.0,NCI-PID_ProtMapper;ProtMapper,predicted_or_inferred,False,0,,NCI-PID_ProtMapper;ProtMapper
P06396,P12931,SRC,tyr,Y409;Y414;Y465;Y603;Y651;Y86,Phosphorylation,5.0,HPRD;KEA;MIMP;PhosphoELM;PhosphoSitePlus;ProtMapper;SIGNOR;UniProt_ModRes;dbPTM,curated_literature,True,1,10210201,HPRD_MIMP;KEA;MIMP;PhosphoSite;PhosphoSite_MIMP;PhosphoSite_ProtMapper;ProtMapper;SIGNOR;SIGNOR_ProtMapper;UniProt_ModRes;dbPTM;phosphoELM;phosphoELM_MIMP
P06396,P41240,CSK,tyr,Y35;Y358;Y409;Y414;Y465;Y552;Y600;Y603;Y651;Y86,Phosphorylation,2.0,HPRD;KEA;MIMP;PhosphoELM;PhosphoSitePlus;ProtMapper;SIGNOR,curated_literature,True,1,10210201,HPRD;HPRD_MIMP;KEA;MIMP;PhosphoSite_MIMP;ProtMapper;SIGNOR_ProtMapper;phosphoELM_MIMP
P06400,P00519,ABL,tyr,Y805,Phosphorylation,2.0,MIMP;PhosphoSitePlus;ProtMapper;REACH_ProtMapper;SIGNOR;Sparser_ProtMapper,curated_literature,True,1,16158058,MIMP;PhosphoSite;PhosphoSite_MIMP;PhosphoSite_ProtMapper;ProtMapper;REACH_ProtMapper;SIGNOR;SIGNOR_ProtMapper;Sparser_ProtMapper
P06493,P04626,EGF receptor,tyr,Y15,Phosphorylation,5.0,HPRD;MIMP;PhosphoELM;PhosphoSitePlus;ProtMapper;RLIMS-P_ProtMapper;SIGNOR;Sparser_ProtMapper,curated_literature,True,4,12049736;19861462;20144215;28335434,HPRD_MIMP;MIMP;PhosphoSite;PhosphoSite_MIMP;PhosphoSite_ProtMapper;ProtMapper;RLIMS-P_ProtMapper;SIGNOR;SIGNOR_ProtMapper;Sparser_ProtMapper;phosphoELM_MIMP
P06493,P06213,Insulin receptor,tyr,Y15,Phosphorylation,3.0,ProtMapper;Sparser_ProtMapper,literature_supported,False,3,20498628;24909175;25344910,ProtMapper;Sparser_ProtMapper
P06493,P07948,SRC,tyr,Y15,Phosphorylation,26.0,HPRD;KEA;MIMP;PhosphoELM;PhosphoSitePlus;ProtMapper;RLIMS-P_ProtMapper;Sparser_ProtMapper,curated_literature,True,23,10564259;12186947;15592455;15964826;16083285;16497976;17016520;18452278;18669648;18691976;19413330;19415658;19651622;19901323;20058876;20068231;7530044;7743995;8084605;8428596;9001210;9268380;96108162,HPRD;HPRD_MIMP;KEA;MIMP;PhosphoSite_MIMP;ProtMapper;RLIMS-P_ProtMapper;Sparser_ProtMapper;phosphoELM_MIMP
P06493,P08069,Insulin receptor,tyr,Y15,Phosphorylation,1.0,KEA,literature_supported,False,1,17570479,KEA
P06493,P08922,Insulin receptor,tyr,Y15,Phosphorylation,1.0,ProtMapper;Sparser_ProtMapper,literature_supported,False,1,25450480,ProtMapper;Sparser_ProtMapper
P06493,P0C1S8,WEE1,tyr,Y15,Phosphorylation,1.0,ProtMapper;RLIMS-P_ProtMapper;Sparser_ProtMapper;UniProt_ModRes,curated_literature,True,6,11029659;18669648;19690332;19917613;29606300;7569953,ProtMapper;RLIMS-P_ProtMapper;Sparser_ProtMapper;UniProt_ModRes
P06493,P12931,SRC,tyr,Y15,Phosphorylation,1.0,HPRD;KEA;MIMP;PhosphoELM;PhosphoSitePlus;ProtMapper,curated_literature,True,1,17570479,HPRD_MIMP;KEA;MIMP;PhosphoSite;PhosphoSite_MIMP;PhosphoSite_ProtMapper;ProtMapper;phosphoELM_MIMP
P06493,P19525,GCN2,dual,Y4,Phosphorylation,2.0,HPRD;MIMP;PhosphoSitePlus;ProtMapper;REACH_ProtMapper;RLIMS-P_ProtMapper;SIGNOR;Sparser_ProtMapper;UniProt_ModRes,curated_literature,True,2,20395957;25149538,HPRD_MIMP;MIMP;PhosphoSite;PhosphoSite_MIMP;PhosphoSite_ProtMapper;ProtMapper;REACH_ProtMapper;RLIMS-P_ProtMapper;SIGNOR_ProtMapper;Sparser_ProtMapper;UniProt_ModRes
P06493,P30291,WEE1,tyr,Y15,Phosphorylation,96.0,HPRD;KEA;MIMP;NCI-PID_ProtMapper;PhosphoELM;PhosphoNetworks;PhosphoSitePlus;ProtMapper;REACH_ProtMapper;RLIMS-P_ProtMapper;Reactome_ProtMapper;SIGNOR;Sparser_ProtMapper;UniProt_ModRes,curated_literature,True,94,10209262;10564259;10896159;11202906;11527575;11730318;11751453;11807090;12186947;1384126;14972559;15350223;15592455;15837193;15964826;16083285;16096060;16497976;17016520;17192257;17480229;17718912;18378775;18385244;18452278;18669648;18691976;19305423;19413330;19415658;19651622;19690332;19821025;19901323;19917613;20058876;20068231;20347419;20406171;20465818;20498628;20609246;20813250;22494620;22546375;22770610;23166842;23410205;23494566;23537585;23727417;24143279;24415942;24536047;24630986;24651440;24666614;24927813;25174607;25344910;25361894;25458954;25609063;25774168;26006103;26057002;26131711;26804466;26899266;27196765;27196784;27532275;27669826;28126323;28264028;28396830;28928160;29044141;29217775;29500418;29606300;29930204;7569953;7743995;7749193;7774574;8084605;8428596;8578591;8972180;9001210;9268380;9552418;96108162,HPRD;HPRD_MIMP;KEA;MIMP;NCI-PID_ProtMapper;PhosphoNetworks;PhosphoSite;PhosphoSite_MIMP;PhosphoSite_ProtMapper;ProtMapper;REACH_ProtMapper;RLIMS-P_ProtMapper;Reactome_ProtMapper;SIGNOR;SIGNOR_ProtMapper;Sparser_ProtMapper;UniProt_ModRes;phosphoELM;phosphoELM_MIMP
P06493,Q05655,PKC,dual,Y15,Phosphorylation,1.0,UniProt_ModRes,curated_literature,True,5,18669648;19690332;19917613;29606300;7569953,UniProt_ModRes
P06733,P07947,SRC,tyr,Y44,Phosphorylation,1.0,PhosphoNetworks,predicted_or_inferred,False,0,,PhosphoNetworks
P06733,P12931,SRC,tyr,Y44,Phosphorylation,10.0,BEL-Large-Corpus_ProtMapper;HPRD;KEA;MIMP;PhosphoELM;PhosphoSitePlus;ProtMapper;SIGNOR,curated_literature,True,7,15212693;15592455;15951569;24841372;7629021;8578591;96108162,BEL-Large-Corpus_ProtMapper;HPRD_MIMP;KEA;MIMP;PhosphoSite_MIMP;ProtMapper;SIGNOR;SIGNOR_ProtMapper;phosphoELM;phosphoELM_MIMP
P06748,P07947,SRC,tyr,Y67,Phosphorylation,1.0,PhosphoNetworks,predicted_or_inferred,False,0,,PhosphoNetworks
P06748,P29597,JAK,tyr,Y17,Phosphorylation,1.0,PhosphoNetworks,predicted_or_inferred,False,0,,PhosphoNetworks
P06748,Q9UM73,Insulin receptor,tyr,Y17;Y29;Y67,Phosphorylation,2.0,KEA,literature_supported,False,2,11110708;9819383,KEA
P06748,Q9Y463,MNB/DYRK,dual,Y67,Phosphorylation,1.0,PhosphoNetworks,predicted_or_inferred,False,0,,PhosphoNetworks
P07203,P00519,ABL,tyr,Y98,Phosphorylation,4.0,HPRD;KEA;PhosphoSitePlus;ProtMapper;SIGNOR,curated_literature,True,1,12893824,HPRD;KEA;PhosphoSite;PhosphoSite_ProtMapper;ProtMapper;SIGNOR;SIGNOR_ProtMapper
P07203,P42684,ABL,tyr,Y98,Phosphorylation,4.0,HPRD;KEA;PhosphoNetworks;PhosphoSitePlus;ProtMapper;SIGNOR,curated_literature,True,1,12893824,HPRD;KEA;PhosphoNetworks;PhosphoSite;PhosphoSite_ProtMapper;ProtMapper;SIGNOR;SIGNOR_ProtMapper
P07332,P07332,Fes/fps,tyr,Y713,Phosphorylation,4.0,HPRD;PhosphoELM;PhosphoSitePlus;SIGNOR;UniProt;UniProt_ModRes;iPTMnet;neXtProt,curated_literature,True,9,15485904;18046454;18775312;19369195;19382747;7687763;8334128;8663427;8955135,HPRD;PSP;Signor;UniProt;UniProt_ModRes;iPTMnet_REST;neXtProt;phospho.ELM
P07332,P08631,SRC,tyr,Y713,Phosphorylation,1.0,KEA,literature_supported,False,1,17570479,KEA
P07333,P07333,CSF-1/PDGF receptor,tyr,Y546;Y561;Y699;Y708;Y723;Y809;Y923;Y969,Phosphorylation,4.0,HPRD;PhosphoELM;PhosphoSitePlus;SIGNOR;UniProt;UniProt_ModRes;iPTMnet,curated_literature,True,6,15297464;1833648;19369195;20489731;7526094;8798707,HPRD;PSP;Signor;UniProt;UniProt_ModRes;iPTMnet_REST;phospho.ELM
P07333,P08069,Insulin receptor,tyr,Y699,Phosphorylation,1.0,KEA,literature_supported,False,1,17570479,KEA
P07355,P06213,Insulin receptor,tyr,Y24,Phosphorylation,1.0,ProtMapper;Sparser_ProtMapper,literature_supported,False,1,23519104,ProtMapper;Sparser_ProtMapper
P07355,P07947,SRC,tyr,Y24,Phosphorylation,1.0,PhosphoSitePlus,curated_source,True,0,,PhosphoSite
P07355,P08069,Insulin receptor,tyr,Y24;Y333,Phosphorylation,1.0,PhosphoSitePlus;ProtMapper;RLIMS-P_ProtMapper;Sparser_ProtMapper,curated_literature,True,1,27821486,PhosphoSite;PhosphoSite_ProtMapper;ProtMapper;RLIMS-P_ProtMapper;Sparser_ProtMapper
P07355,P12931,SRC,tyr,Y24;Y333;Y42,Phosphorylation,20.0,BEL-Large-Corpus_ProtMapper;HPRD;KEA;MIMP;PhosphoELM;PhosphoSitePlus;ProtMapper;RLIMS-P_ProtMapper;SIGNOR;Sparser_ProtMapper;UniProt_ModRes;dbPTM,curated_literature,True,18,15212693;15302870;17287340;17389395;18083107;2143014;23594883;2415974;24239898;2456953;24727000;25303710;25574848;26716413;27821486;28669632;30081903;88296872,BEL-Large-Corpus_ProtMapper;HPRD_MIMP;KEA;MIMP;PhosphoSite;PhosphoSite_MIMP;PhosphoSite_ProtMapper;ProtMapper;RLIMS-P_ProtMapper;SIGNOR;SIGNOR_ProtMapper;Sparser_ProtMapper;UniProt_ModRes;dbPTM;phosphoELM;phosphoELM_MIMP
P07355,P41240,CSK,tyr,Y24,Phosphorylation,3.0,ProtMapper;Sparser_ProtMapper,literature_supported,False,3,21237296;23691485;27385217,ProtMapper;Sparser_ProtMapper
P07355,P51813,TEC,tyr,Y275;Y318,Phosphorylation,1.0,PhosphoNetworks,predicted_or_inferred,False,0,,PhosphoNetworks
P07550,P06213,Insulin receptor,tyr,Y132;Y141;Y350;Y354,Phosphorylation,7.0,HPRD;KEA;MIMP;PhosphoELM;PhosphoSitePlus;ProtMapper;SIGNOR,curated_literature,True,4,17570479;8521811;8557631;8910597,HPRD;HPRD_MIMP;KEA;MIMP;PhosphoSite_MIMP;ProtMapper;SIGNOR;SIGNOR_ProtMapper;phosphoELM_MIMP
P07550,P08069,Insulin receptor,tyr,Y132;Y141;Y350;Y354,Phosphorylation,4.0,HPRD;KEA;MIMP;PhosphoELM;PhosphoNetworks;PhosphoSitePlus,curated_literature,True,4,17570479;8521811;8557631;8910597,HPRD_MIMP;KEA;MIMP;PhosphoNetworks;PhosphoSite_MIMP;phosphoELM;phosphoELM_MIMP
P07737,P12931,SRC,tyr,Y129,Phosphorylation,1.0,HPRD;MIMP;PhosphoELM;PhosphoSitePlus;ProtMapper;Sparser_ProtMapper,curated_literature,True,1,23000962,HPRD_MIMP;MIMP;PhosphoSite;PhosphoSite_MIMP;PhosphoSite_ProtMapper;ProtMapper;Sparser_ProtMapper;phosphoELM_MIMP
P07737,P35968,CSF-1/PDGF receptor,tyr,Y129,Phosphorylation,2.0,HPRD;MIMP;PhosphoELM;PhosphoSitePlus;ProtMapper;Sparser_ProtMapper,curated_literature,True,2,23000962;27669692,HPRD_MIMP;MIMP;PhosphoSite;PhosphoSite_MIMP;PhosphoSite_ProtMapper;ProtMapper;Sparser_ProtMapper;phosphoELM_MIMP
P07766,P06239,SRC,tyr,Y188;Y199,Phosphorylation,9.0,HPRD;KEA;MIMP;PhosphoELM;PhosphoSitePlus;ProtMapper;SIGNOR,curated_literature,True,6,11855827;12522270;15144186;15592455;15659558;16094384,HPRD;HPRD_MIMP;KEA;MIMP;PhosphoSite_MIMP;ProtMapper;SIGNOR;SIGNOR_ProtMapper;phosphoELM_MIMP
P07766,P06241,SRC,tyr,Y188;Y199,Phosphorylation,5.0,HPRD;MIMP;PhosphoELM;PhosphoSitePlus;ProtMapper,curated_source,True,0,,HPRD_MIMP;MIMP;PhosphoSite;PhosphoSite_MIMP;PhosphoSite_ProtMapper;ProtMapper;phosphoELM_MIMP
P07766,P12931,SRC,tyr,Y188;Y199,Phosphorylation,1.0,Li2012,predicted_or_inferred,False,0,,Li2012
P07900,P12931,SRC,tyr,Y197,Phosphorylation,1.0,PhosphoSitePlus,curated_source,True,0,,PhosphoSite
P07900,P30291,WEE1,tyr,Y38,Phosphorylation,2.0,PhosphoSitePlus;ProtMapper,curated_source,True,0,,PhosphoSite;PhosphoSite_ProtMapper;ProtMapper
P07947,P07947,SRC,tyr,Y426,Phosphorylation,4.0,HPRD;SIGNOR;UniProt;UniProt_ModRes;iPTMnet;neXtProt,curated_literature,True,7,17081983;18669648;18691976;18707149;19651622;9058199;9794236,HPRD;Signor;UniProt;UniProt_ModRes;iPTMnet_REST;neXtProt
P07947,P29317,Ephrin receptor,tyr,Y426,Phosphorylation,1.0,PhosphoSitePlus,curated_source,True,0,,PhosphoSite
P07947,P30530,AXL/UFO,tyr,Y426,Phosphorylation,2.0,PhosphoSitePlus;ProtMapper,curated_source,True,0,,PhosphoSite;PhosphoSite_ProtMapper;ProtMapper
P07947,P41240,CSK,tyr,Y345;Y426;Y521;Y537,Phosphorylation,4.0,HPRD;KEA;MIMP;NCI-PID_ProtMapper;PhosphoELM;PhosphoNetworks;PhosphoSitePlus;ProtMapper;UniProt_ModRes;dbPTM,curated_literature,True,8,11489946;14967142;15592455;16439366;16537894;18083107;18691976;19369195,HPRD_MIMP;KEA;MIMP;NCI-PID_ProtMapper;PhosphoNetworks;PhosphoSite;PhosphoSite_MIMP;PhosphoSite_ProtMapper;ProtMapper;UniProt_ModRes;dbPTM;phosphoELM_MIMP
P07947,Q14289,FAK,tyr,Y426,Phosphorylation,2.0,NCI-PID_ProtMapper;ProtMapper,predicted_or_inferred,False,0,,NCI-PID_ProtMapper;ProtMapper
P07948,O60674,JAK,tyr,Y397,Phosphorylation,1.0,ProtMapper;REACH_ProtMapper,literature_supported,False,1,19234487,ProtMapper;REACH_ProtMapper
P07948,P00533,EGF receptor,tyr,Y32,Phosphorylation,2.0,PhosphoSitePlus;ProtMapper;REACH_ProtMapper;Sparser_ProtMapper,curated_literature,True,2,23764002;25071818,PhosphoSite;PhosphoSite_ProtMapper;ProtMapper;REACH_ProtMapper;Sparser_ProtMapper
P07948,P07948,SRC,tyr,Y397;Y508,Phosphorylation,4.0,HPRD;PhosphoELM;UniProt;UniProt_ModRes;iPTMnet;neXtProt,curated_literature,True,12,14563648;15592455;18070987;18088087;18691976;19369195;19901323;20068231;21636860;7935444;8530369;9171348,HPRD;UniProt;UniProt_ModRes;iPTMnet_REST;neXtProt;phospho.ELM
P07948,P30530,AXL/UFO,tyr,Y397,Phosphorylation,2.0,PhosphoSitePlus;ProtMapper,curated_source,True,0,,PhosphoSite;PhosphoSite_ProtMapper;ProtMapper
P07948,P41240,CSK,tyr,Y316;Y397;Y508,Phosphorylation,15.0,HPRD;KEA;MIMP;NCI-PID_ProtMapper;PhosphoELM;PhosphoNetworks;PhosphoSitePlus;ProtMapper;REACH_ProtMapper;SIGNOR;UniProt_ModRes,curated_literature,True,20,10415030;11489946;14967142;15592455;15626731;16497976;16537894;1722201;18070987;18452278;18669648;18691976;19369195;19651622;19901323;20068231;22711887;7935444;8612628;9171348,HPRD;HPRD_MIMP;KEA;MIMP;NCI-PID_ProtMapper;PhosphoNetworks;PhosphoSite_MIMP;ProtMapper;REACH_ProtMapper;SIGNOR_ProtMapper;UniProt_ModRes;phosphoELM;phosphoELM_MIMP
P07948,P42679,CSK,tyr,Y508,Phosphorylation,12.0,HPRD;KEA;MIMP;PhosphoELM;PhosphoSitePlus;ProtMapper;SIGNOR;UniProt_ModRes,curated_literature,True,14,15592455;16497976;1722201;18070987;18452278;18669648;18691976;19369195;19651622;19901323;20068231;7935444;8612628;9171348,HPRD;HPRD_MIMP;KEA;MIMP;PhosphoSite;PhosphoSite_MIMP;PhosphoSite_ProtMapper;ProtMapper;SIGNOR_ProtMapper;UniProt_ModRes;phosphoELM_MIMP
P07948,Q14289,FAK,tyr,Y397,Phosphorylation,2.0,NCI-PID_ProtMapper;ProtMapper,predicted_or_inferred,False,0,,NCI-PID_ProtMapper;ProtMapper
P07949,P06239,SRC,tyr,Y1062,Phosphorylation,1.0,KEA,literature_supported,False,1,17570479,KEA
P07949,P07948,SRC,tyr,Y1096,Phosphorylation,1.0,KEA,literature_supported,False,1,17570479,KEA
P07949,P07949,Tyr protein kinase,tyr,Y1015;Y1029;Y1062;Y1090;Y1096;Y687;Y806;Y809;Y826;Y900;Y905;Y981,Phosphorylation,4.0,HPRD;PhosphoELM;PhosphoSitePlus;SIGNOR;UniProt;UniProt_ModRes;iPTMnet;neXtProt,curated_literature,True,16,10445857;11061555;11121408;11245446;11713247;14711813;14981541;15588985;15677445;16928683;20117004;24560924;27226544;28846099;8621380;8663426,HPRD;PSP;Signor;UniProt;UniProt_ModRes;iPTMnet_REST;neXtProt;phospho.ELM
P07949,P08069,Insulin receptor,tyr,Y905,Phosphorylation,1.0,KEA,literature_supported,False,1,17570479,KEA
P07949,P12931,SRC,tyr,Y1096;Y905,Phosphorylation,2.0,HPRD;KEA;Li2012;MIMP;PhosphoELM;PhosphoSitePlus;ProtMapper,curated_literature,True,2,11713247;17570479,HPRD_MIMP;KEA;Li2012;MIMP;PhosphoSite;PhosphoSite_MIMP;PhosphoSite_ProtMapper;ProtMapper;phosphoELM_MIMP
P07949,Q05397,FAK,tyr,Y1062;Y905,Phosphorylation,2.0,HPRD;MIMP;PhosphoELM;PhosphoSitePlus;ProtMapper;RLIMS-P_ProtMapper;SIGNOR,curated_literature,True,2,21454698;25409876,HPRD_MIMP;MIMP;PhosphoSite;PhosphoSite_MIMP;PhosphoSite_ProtMapper;ProtMapper;RLIMS-P_ProtMapper;SIGNOR;SIGNOR_ProtMapper;phosphoELM_MIMP
P07949,Q07912,Tyr protein kinase,dual,Y1062;Y791,Phosphorylation,1.0,PhosphoNetworks,predicted_or_inferred,False,0,,PhosphoNetworks
P07949,Q16832,Insulin receptor,tyr,Y900;Y905,Phosphorylation,1.0,PhosphoNetworks,predicted_or_inferred,False,0,,PhosphoNetworks
P08034,P21709,Ephrin receptor,tyr,Y243,Phosphorylation,1.0,PhosphoSitePlus,curated_source,True,0,,PhosphoSite
P08034,P54762,Ephrin receptor,tyr,Y243,Phosphorylation,1.0,PhosphoSitePlus,curated_source,True,0,,PhosphoSite
P08034,Q04912,Tyr protein kinase,tyr,Y243,Phosphorylation,1.0,PhosphoSitePlus,curated_source,True,0,,PhosphoSite
P08069,P06213,Insulin receptor,tyr,Y1161;Y1165;Y1166;Y1346;Y980,Phosphorylation,1.0,KEA;Li2012,literature_supported,False,1,17570479,KEA;Li2012
P08069,P06241,SRC,tyr,Y973;Y980,Phosphorylation,1.0,KEA,literature_supported,False,1,17570479,KEA
P08069,P08069,Insulin receptor,tyr,Y1161;Y1165;Y1166;Y1346;Y973;Y980,Phosphorylation,4.0,PhosphoELM;PhosphoSitePlus;SIGNOR;UniProt;UniProt_ModRes;iPTMnet;neXtProt,curated_literature,True,12,11591350;11694888;15334055;16793764;18501599;18566589;19041240;26584640;7493944;7798258;8550552;8940173,PSP;Signor;UniProt;UniProt_ModRes;iPTMnet_REST;neXtProt;phospho.ELM
P08069,P12931,SRC,tyr,Y1161;Y1165;Y1166;Y1346;Y973;Y980,Phosphorylation,13.0,BEL-Large-Corpus_ProtMapper;HPRD;KEA;MIMP;PhosphoELM;PhosphoSitePlus;ProtMapper;RLIMS-P_ProtMapper;SIGNOR,curated_literature,True,11,15212693;17016520;17389395;18691976;20068231;23472139;7493944;7537849;7559478;8550552;8940173,BEL-Large-Corpus_ProtMapper;HPRD;HPRD_MIMP;KEA;MIMP;PhosphoSite_MIMP;ProtMapper;RLIMS-P_ProtMapper;SIGNOR;SIGNOR_ProtMapper;phosphoELM;phosphoELM_MIMP
P08238,P12931,SRC,tyr,Y301,Phosphorylation,2.0,MIMP;NCI-PID_ProtMapper;PhosphoSitePlus;ProtMapper;SIGNOR;Sparser_ProtMapper;UniProt_ModRes,curated_literature,True,2,17855507;23585225,MIMP;NCI-PID_ProtMapper;PhosphoSite;PhosphoSite_MIMP;PhosphoSite_ProtMapper;ProtMapper;SIGNOR;SIGNOR_ProtMapper;Sparser_ProtMapper;UniProt_ModRes
P08559,O60674,JAK,tyr,Y301,Phosphorylation,1.0,PhosphoSitePlus,curated_source,True,0,,PhosphoSite
P08559,P00519,ABL,tyr,Y301,Phosphorylation,1.0,PhosphoSitePlus,curated_source,True,0,,PhosphoSite
P08559,P11362,Fibroblast growth factor receptor,tyr,Y301,Phosphorylation,1.0,PhosphoSitePlus,curated_source,True,0,,PhosphoSite
P08559,P12931,SRC,tyr,Y289,Phosphorylation,1.0,PhosphoSitePlus;ProtMapper;REACH_ProtMapper;Sparser_ProtMapper,curated_literature,True,1,26848621,PhosphoSite;PhosphoSite_ProtMapper;ProtMapper;REACH_ProtMapper;Sparser_ProtMapper
P08559,P36888,CSF-1/PDGF receptor,tyr,Y301,Phosphorylation,1.0,PhosphoSitePlus,curated_source,True,0,,PhosphoSite
P08575,P41240,CSK,tyr,Y1218,Phosphorylation,2.0,MIMP;PhosphoELM;PhosphoSitePlus;ProtMapper;SIGNOR,curated_literature,True,1,7507203,MIMP;PhosphoSite_MIMP;PhosphoSite_ProtMapper;ProtMapper;SIGNOR;SIGNOR_ProtMapper;phosphoELM_MIMP
P08581,P00519,ABL,tyr,Y1349;Y1356;Y1367;Y1374,Phosphorylation,11.0,HPRD;KEA;MIMP;PhosphoELM;PhosphoSitePlus;ProtMapper,curated_literature,True,12,10069803;12475979;15475459;7513258;7687741;7708691;7731718;7961992;8662889;9252406;9444958;9826708,HPRD_MIMP;KEA;MIMP;PhosphoSite;PhosphoSite_MIMP;PhosphoSite_ProtMapper;ProtMapper;phosphoELM_MIMP
P08581,P06213,Insulin receptor,tyr,Y1234,Phosphorylation,1.0,KEA,literature_supported,False,1,17570479,KEA
P08581,P07948,SRC,tyr,Y1313,Phosphorylation,1.0,KEA,literature_supported,False,1,17570479,KEA
P08581,P08069,Insulin receptor,tyr,Y1235,Phosphorylation,1.0,KEA,literature_supported,False,1,17570479,KEA
P08581,P08581,Tyr protein kinase,tyr,Y1230;Y1234;Y1235;Y1349;Y1356;Y1365,Phosphorylation,4.0,PhosphoELM;PhosphoSitePlus;SIGNOR;UniProt;UniProt_ModRes;iPTMnet;neXtProt,curated_literature,True,13,1247597;12475979;15735664;1655790;16782899;20145145;7513258;7687741;7731718;7961992;8208547;8302603;8547236,PSP;Signor;UniProt;UniProt_ModRes;iPTMnet_REST;neXtProt;phospho.ELM
P08581,P12931,SRC,tyr,Y1234;Y1313,Phosphorylation,1.0,KEA;Li2012,literature_supported,False,1,17570479,KEA;Li2012
P08581,P16591,Fes/fps,tyr,Y1349,Phosphorylation,2.0,PhosphoSitePlus;ProtMapper,curated_source,True,0,,PhosphoSite;PhosphoSite_ProtMapper;ProtMapper
P08581,P51813,TEC,tyr,Y1235;Y1253,Phosphorylation,4.0,HPRD;MIMP;PhosphoELM;PhosphoSitePlus;ProtMapper,curated_source,True,0,,HPRD_MIMP;MIMP;PhosphoSite;PhosphoSite_MIMP;PhosphoSite_ProtMapper;ProtMapper;phosphoELM_MIMP
P08581,Q04912,Tyr protein kinase,tyr,Y1234;Y1235;Y1252;Y1253;Y1349;Y1356;Y1367;Y1374,Phosphorylation,4.0,BEL-Large-Corpus_ProtMapper;HPRD;MIMP;PhosphoELM;PhosphoSitePlus;ProtMapper,curated_literature,True,1,10871856,BEL-Large-Corpus_ProtMapper;HPRD_MIMP;MIMP;PhosphoSite;PhosphoSite_MIMP;PhosphoSite_ProtMapper;ProtMapper;phosphoELM_MIMP
P08621,P30291,WEE1,tyr,Y126,Phosphorylation,1.0,PhosphoNetworks,predicted_or_inferred,False,0,,PhosphoNetworks
P08631,P06213,Insulin receptor,tyr,Y410,Phosphorylation,1.0,KEA,literature_supported,False,1,17570479,KEA
P08631,P07948,SRC,tyr,Y410,Phosphorylation,1.0,KEA,literature_supported,False,1,17570479,KEA
P08631,P08631,SRC,tyr,Y411;Y51;Y522,Phosphorylation,4.0,HPRD;PhosphoELM;PhosphoSitePlus;SIGNOR;UniProt;UniProt_ModRes;iPTMnet;neXtProt,curated_literature,True,9,10644735;10934191;11896602;11976726;16497976;17016520;19664994;9407116;9822689,HPRD;PSP;Signor;UniProt;UniProt_ModRes;iPTMnet_REST;neXtProt;phospho.ELM
P08631,P30530,AXL/UFO,tyr,Y411,Phosphorylation,2.0,PhosphoSitePlus;ProtMapper,curated_source,True,0,,PhosphoSite;PhosphoSite_ProtMapper;ProtMapper
P08631,P41240,CSK,tyr,Y411;Y522,Phosphorylation,3.0,HPRD;KEA;MIMP;NCI-PID_ProtMapper;PhosphoELM;PhosphoSitePlus;ProtMapper,curated_literature,True,5,10644735;11489946;11976726;14967142;16537894,HPRD_MIMP;KEA;MIMP;NCI-PID_ProtMapper;PhosphoSite;PhosphoSite_MIMP;PhosphoSite_ProtMapper;ProtMapper;phosphoELM_MIMP
P08631,P42679,CSK,tyr,Y522,Phosphorylation,2.0,iPTMnet;neXtProt,literature_supported,False,1,14985335,iPTMnet_REST;neXtProt
P08631,Q14289,FAK,tyr,Y411,Phosphorylation,2.0,NCI-PID_ProtMapper;ProtMapper,predicted_or_inferred,False,0,,NCI-PID_ProtMapper;ProtMapper
P08670,P12931,SRC,tyr,Y117,Phosphorylation,1.0,ProtMapper;REACH_ProtMapper;Sparser_ProtMapper,literature_supported,False,1,30696956,ProtMapper;REACH_ProtMapper;Sparser_ProtMapper
P08727,P12931,SRC,tyr,Y391,Phosphorylation,2.0,MIMP;PhosphoSitePlus;ProtMapper;SIGNOR;Sparser_ProtMapper,curated_literature,True,1,21049038,MIMP;PhosphoSite;PhosphoSite_MIMP;PhosphoSite_ProtMapper;ProtMapper;SIGNOR;SIGNOR_ProtMapper;Sparser_ProtMapper
P08922,P08922,Insulin receptor,tyr,Y2274;Y2334,Phosphorylation,2.0,UniProt;UniProt_ModRes;iPTMnet,curated_literature,True,1,12538861,UniProt;UniProt_ModRes;iPTMnet_REST
P09038,P42680,TEC,tyr,Y215;Y82,Phosphorylation,1.0,PhosphoSitePlus;UniProt_ModRes,curated_literature,True,1,20230531,PhosphoSite;UniProt_ModRes
P09211,P00533,EGF receptor,tyr,Y199;Y4;Y8,Phosphorylation,4.0,MIMP;PhosphoSitePlus;ProtMapper;RLIMS-P_ProtMapper;SIGNOR;Sparser_ProtMapper;UniProt_ModRes;dbPTM,curated_literature,True,2,19254954;26429914,MIMP;PhosphoSite;PhosphoSite_MIMP;PhosphoSite_ProtMapper;ProtMapper;RLIMS-P_ProtMapper;SIGNOR;SIGNOR_ProtMapper;Sparser_ProtMapper;UniProt_ModRes;dbPTM
P09327,P12931,SRC,tyr,Y256;Y46;Y60;Y64;Y81,Phosphorylation,3.0,HPRD;KEA;MIMP;PhosphoELM;PhosphoSitePlus;ProtMapper;SIGNOR,curated_literature,True,1,15342783,HPRD_MIMP;KEA;MIMP;PhosphoSite;PhosphoSite_MIMP;PhosphoSite_ProtMapper;ProtMapper;SIGNOR;SIGNOR_ProtMapper;phosphoELM_MIMP
P09619,P00519,ABL,tyr,Y686;Y934;Y970,Phosphorylation,2.0,HPRD;MIMP;NCI-PID_ProtMapper;PhosphoSitePlus;ProtMapper;REACH_ProtMapper;SIGNOR;UniProt_ModRes,curated_literature,True,1,19275932,HPRD_MIMP;MIMP;NCI-PID_ProtMapper;PhosphoSite;PhosphoSite_MIMP;PhosphoSite_ProtMapper;ProtMapper;REACH_ProtMapper;SIGNOR;SIGNOR_ProtMapper;UniProt_ModRes
P09619,P06213,Insulin receptor,tyr,Y1009;Y1021;Y751;Y763;Y857,Phosphorylation,1.0,KEA,literature_supported,False,1,17570479,KEA
P09619,P06241,SRC,tyr,Y1009,Phosphorylation,1.0,KEA,literature_supported,False,1,17570479,KEA
P09619,P07333,CSF-1/PDGF receptor,tyr,Y751;Y857,Phosphorylation,4.0,HPRD;MIMP;PhosphoELM;PhosphoSitePlus,curated_source,True,0,,HPRD_MIMP;MIMP;PhosphoSite_MIMP;phosphoELM_MIMP
P09619,P07948,SRC,tyr,Y771,Phosphorylation,1.0,KEA,literature_supported,False,1,17570479,KEA
P09619,P09619,CSF-1/PDGF receptor,tyr,Y1009;Y1021;Y562;Y579;Y581;Y716;Y740;Y751;Y763;Y771;Y775;Y778;Y857,Phosphorylation,4.0,HPRD;PhosphoSitePlus;SIGNOR;UniProt;UniProt_ModRes;iPTMnet;neXtProt,curated_literature,True,19,10391677;10821867;12062403;1314164;1375321;1396585;14966296;15763428;15902258;1709159;2550144;7545675;7678051;7685273;7935391;8195171;8617789;8940081;9642269,HPRD;PSP;Signor;UniProt;UniProt_ModRes;iPTMnet_REST;neXtProt
P09619,P10721,CSF-1/PDGF receptor,tyr,Y740;Y751;Y857,Phosphorylation,4.0,HPRD;KEA;MIMP;PhosphoELM;PhosphoSitePlus,curated_source,True,1,17570479,HPRD_MIMP;KEA;MIMP;PhosphoSite_MIMP;phosphoELM_MIMP
P09619,P12931,SRC,tyr,Y1009;Y771;Y934,Phosphorylation,1.0,Li2012;ProtMapper;REACH_ProtMapper,literature_supported,False,1,19275932,Li2012;ProtMapper;REACH_ProtMapper
P09619,P16234,CSF-1/PDGF receptor,tyr,Y1021;Y751;Y857,Phosphorylation,2.0,HPRD;KEA;MIMP;PhosphoELM;PhosphoSitePlus,curated_literature,True,4,10821867;17570479;2550144;8195171,HPRD_MIMP;KEA;MIMP;PhosphoSite_MIMP;phosphoELM_MIMP
P09619,P36888,CSF-1/PDGF receptor,tyr,Y751;Y857,Phosphorylation,4.0,HPRD;MIMP;PhosphoELM;PhosphoSitePlus,curated_source,True,0,,HPRD_MIMP;MIMP;PhosphoSite_MIMP;phosphoELM_MIMP
P09619,P42684,ABL,tyr,Y686;Y934;Y970,Phosphorylation,3.0,MIMP;PhosphoSitePlus;ProtMapper;UniProt_ModRes,curated_source,True,0,,MIMP;PhosphoSite;PhosphoSite_MIMP;PhosphoSite_ProtMapper;ProtMapper;UniProt_ModRes
P09693,P06241,SRC,tyr,Y160;Y171,Phosphorylation,2.0,KEA;ProtMapper;Reactome_ProtMapper,literature_supported,False,1,17570479,KEA;ProtMapper;Reactome_ProtMapper
P09693,P07947,SRC,tyr,Y160;Y171,Phosphorylation,2.0,ProtMapper;Reactome_ProtMapper,predicted_or_inferred,False,0,,ProtMapper;Reactome_ProtMapper
P09693,P07948,SRC,tyr,Y160;Y171,Phosphorylation,2.0,ProtMapper;Reactome_ProtMapper,predicted_or_inferred,False,0,,ProtMapper;Reactome_ProtMapper
P09693,P08069,Insulin receptor,tyr,Y171,Phosphorylation,1.0,KEA,literature_supported,False,1,17570479,KEA
P09693,P08631,SRC,tyr,Y160;Y171,Phosphorylation,2.0,ProtMapper;Reactome_ProtMapper,predicted_or_inferred,False,0,,ProtMapper;Reactome_ProtMapper
P09693,P09769,SRC,tyr,Y160;Y171,Phosphorylation,2.0,ProtMapper;Reactome_ProtMapper,predicted_or_inferred,False,0,,ProtMapper;Reactome_ProtMapper
P09693,P12931,SRC,tyr,Y160;Y171,Phosphorylation,3.0,Li2012;ProtMapper;Reactome_ProtMapper,predicted_or_inferred,False,0,,Li2012;ProtMapper;Reactome_ProtMapper
P09769,O60674,JAK,tyr,Y34;Y412,Phosphorylation,1.0,PhosphoNetworks,predicted_or_inferred,False,0,,PhosphoNetworks
P09769,P06213,Insulin receptor,tyr,Y412,Phosphorylation,1.0,KEA,literature_supported,False,1,17570479,KEA
P09769,P06239,SRC,tyr,Y34;Y412,Phosphorylation,1.0,PhosphoNetworks,predicted_or_inferred,False,0,,PhosphoNetworks
P09769,P06241,SRC,tyr,Y412,Phosphorylation,1.0,KEA,literature_supported,False,1,17570479,KEA
P09769,P09769,SRC,tyr,Y412;Y523,Phosphorylation,4.0,HPRD;PhosphoELM;iPTMnet;neXtProt,curated_literature,True,2,7515063;8612628,HPRD;iPTMnet_REST;neXtProt;phospho.ELM
P09769,P12931,SRC,tyr,Y523,Phosphorylation,1.0,UniProt_ModRes;dbPTM,curated_literature,True,1,19369195,UniProt_ModRes;dbPTM
P09769,P41240,CSK,tyr,Y412;Y523,Phosphorylation,6.0,HPRD;KEA;Li2012;MIMP;NCI-PID_ProtMapper;PhosphoELM;PhosphoNetworks;PhosphoSitePlus;ProtMapper;SIGNOR,curated_literature,True,5,11489946;14967142;16537894;7515063;8612628,HPRD;HPRD_MIMP;KEA;Li2012;MIMP;NCI-PID_ProtMapper;PhosphoNetworks;PhosphoSite_MIMP;ProtMapper;SIGNOR_ProtMapper;phosphoELM;phosphoELM_MIMP
P09769,P42679,CSK,tyr,Y34;Y412,Phosphorylation,1.0,PhosphoNetworks,predicted_or_inferred,False,0,,PhosphoNetworks
P09769,Q06418,AXL/UFO,tyr,Y34;Y523,Phosphorylation,1.0,PhosphoNetworks,predicted_or_inferred,False,0,,PhosphoNetworks
P09769,Q14289,FAK,tyr,Y180;Y412,Phosphorylation,2.0,NCI-PID_ProtMapper;PhosphoNetworks;ProtMapper,predicted_or_inferred,False,0,,NCI-PID_ProtMapper;PhosphoNetworks;ProtMapper
P09874,P08581,Tyr protein kinase,tyr,Y907,Phosphorylation,3.0,PhosphoSitePlus;ProtMapper;REACH_ProtMapper;RLIMS-P_ProtMapper;Sparser_ProtMapper,curated_literature,True,3,26779812;28255272;29805738,PhosphoSite;PhosphoSite_ProtMapper;ProtMapper;REACH_ProtMapper;RLIMS-P_ProtMapper;Sparser_ProtMapper
P09874,P08922,Insulin receptor,tyr,Y907,Phosphorylation,1.0,ProtMapper;REACH_ProtMapper;Sparser_ProtMapper,literature_supported,False,1,26779812,ProtMapper;REACH_ProtMapper;Sparser_ProtMapper
P09917,P07947,SRC,tyr,Y43;Y446;Y54,Phosphorylation,1.0,PhosphoSitePlus,curated_source,True,0,,PhosphoSite
P09917,P08631,SRC,tyr,Y43;Y54;Y95,Phosphorylation,1.0,PhosphoSitePlus,curated_source,True,0,,PhosphoSite
P09917,P09769,SRC,tyr,Y43;Y446;Y54,Phosphorylation,1.0,PhosphoSitePlus,curated_source,True,0,,PhosphoSite
P0DP23,P00533,EGF receptor,tyr,Y100,Phosphorylation,21.0,BEL-Large-Corpus_ProtMapper;HPRD;KEA;MIMP;PhosphoELM;PhosphoSitePlus;ProtMapper;SIGNOR,curated_literature,True,16,12153558;15212693;15592455;16497976;17016520;17287340;17389395;18578522;18669648;18707149;19901323;20068231;2843348;3415247;7925415;8639568,BEL-Large-Corpus_ProtMapper;HPRD;HPRD_MIMP;KEA;MIMP;PhosphoSite_MIMP;ProtMapper;SIGNOR;SIGNOR_ProtMapper;phosphoELM;phosphoELM_MIMP
P0DP23,P06213,Insulin receptor,tyr,Y100;Y139,Phosphorylation,19.0,HPRD;KEA;MIMP;PhosphoELM;PhosphoSitePlus;ProtMapper;SIGNOR,curated_literature,True,15,12153558;15592455;16497976;17016520;17287340;17389395;18578522;18669648;18707149;19901323;20068231;2843348;3415247;7925415;8639568,HPRD;HPRD_MIMP;KEA;MIMP;PhosphoSite_MIMP;ProtMapper;SIGNOR;SIGNOR_ProtMapper;phosphoELM;phosphoELM_MIMP
P0DP24,P00533,EGF receptor,tyr,Y100,Phosphorylation,21.0,BEL-Large-Corpus_ProtMapper;HPRD;KEA;MIMP;PhosphoELM;PhosphoSitePlus;ProtMapper;SIGNOR,curated_literature,True,16,12153558;15212693;15592455;16497976;17016520;17287340;17389395;18578522;18669648;18707149;19901323;20068231;2843348;3415247;7925415;8639568,BEL-Large-Corpus_ProtMapper;HPRD;HPRD_MIMP;KEA;MIMP;PhosphoSite_MIMP;ProtMapper;SIGNOR;SIGNOR_ProtMapper;phosphoELM;phosphoELM_MIMP
P0DP24,P06213,Insulin receptor,tyr,Y100;Y139,Phosphorylation,19.0,HPRD;KEA;MIMP;PhosphoELM;PhosphoSitePlus;ProtMapper;SIGNOR,curated_literature,True,15,12153558;15592455;16497976;17016520;17287340;17389395;18578522;18669648;18707149;19901323;20068231;2843348;3415247;7925415;8639568,HPRD;HPRD_MIMP;KEA;MIMP;PhosphoSite_MIMP;ProtMapper;SIGNOR;SIGNOR_ProtMapper;phosphoELM;phosphoELM_MIMP
P0DP25,P00533,EGF receptor,tyr,Y100,Phosphorylation,21.0,BEL-Large-Corpus_ProtMapper;HPRD;KEA;MIMP;PhosphoELM;PhosphoSitePlus;ProtMapper;SIGNOR,curated_literature,True,16,12153558;15212693;15592455;16497976;17016520;17287340;17389395;18578522;18669648;18707149;19901323;20068231;2843348;3415247;7925415;8639568,BEL-Large-Corpus_ProtMapper;HPRD;HPRD_MIMP;KEA;MIMP;PhosphoSite_MIMP;ProtMapper;SIGNOR;SIGNOR_ProtMapper;phosphoELM;phosphoELM_MIMP
P0DP25,P06213,Insulin receptor,tyr,Y100;Y139,Phosphorylation,19.0,HPRD;KEA;MIMP;PhosphoELM;PhosphoSitePlus;ProtMapper;SIGNOR,curated_literature,True,15,12153558;15592455;16497976;17016520;17287340;17389395;18578522;18669648;18707149;19901323;20068231;2843348;3415247;7925415;8639568,HPRD;HPRD_MIMP;KEA;MIMP;PhosphoSite_MIMP;ProtMapper;SIGNOR;SIGNOR_ProtMapper;phosphoELM;phosphoELM_MIMP
P10275,P00533,EGF receptor,tyr,Y535,Phosphorylation,1.0,ProtMapper;REACH_ProtMapper;Sparser_ProtMapper,literature_supported,False,1,24868554,ProtMapper;REACH_ProtMapper;Sparser_ProtMapper
P10275,P12931,SRC,tyr,Y269;Y535,Phosphorylation,15.0,MIMP;PhosphoSitePlus;ProtMapper;REACH_ProtMapper;RLIMS-P_ProtMapper;Sparser_ProtMapper,curated_literature,True,15,17525795;19117998;20383201;20570899;21318111;21512132;21886458;21956655;24868554;24948875;25133482;25547388;25950519;26829214;28144231,MIMP;PhosphoSite;PhosphoSite_MIMP;PhosphoSite_ProtMapper;ProtMapper;REACH_ProtMapper;RLIMS-P_ProtMapper;Sparser_ProtMapper
P10275,P16591,Fes/fps,tyr,Y225,Phosphorylation,2.0,MIMP;PhosphoSitePlus;ProtMapper;SIGNOR,curated_literature,True,1,23906537,MIMP;PhosphoSite;PhosphoSite_MIMP;PhosphoSite_ProtMapper;ProtMapper;SIGNOR;SIGNOR_ProtMapper
P10275,P29320,Ephrin receptor,tyr,Y535;Y552,Phosphorylation,2.0,ProtMapper;REACH_ProtMapper;Sparser_ProtMapper,literature_supported,False,2,20570899;23752182,ProtMapper;REACH_ProtMapper;Sparser_ProtMapper
P10275,P41240,CSK,tyr,Y225;Y269;Y309;Y348;Y359;Y364;Y365;Y395;Y535;Y552;Y916,Phosphorylation,1.0,ProtMapper;Sparser_ProtMapper;UniProt_ModRes,curated_literature,True,4,17045208;17494760;20623637;24868554,ProtMapper;Sparser_ProtMapper;UniProt_ModRes
P10275,P51813,TEC,tyr,Y535,Phosphorylation,1.0,ProtMapper;RLIMS-P_ProtMapper,literature_supported,False,1,21350583,ProtMapper;RLIMS-P_ProtMapper
P10275,Q07912,Tyr protein kinase,dual,Y269;Y365;Y535,Phosphorylation,12.0,MIMP;PhosphoSitePlus;ProtMapper;REACH_ProtMapper;RLIMS-P_ProtMapper;Sparser_ProtMapper;UniProt_ModRes,curated_literature,True,15,17045208;17494760;20383201;20623637;21318111;22168167;22566699;23424109;23597703;25347744;25699576;25950519;26546517;26814148;28055971,MIMP;PhosphoSite;PhosphoSite_MIMP;PhosphoSite_ProtMapper;ProtMapper;REACH_ProtMapper;RLIMS-P_ProtMapper;Sparser_ProtMapper;UniProt_ModRes
P10301,P06213,Insulin receptor,tyr,Y66,Phosphorylation,1.0,KEA,literature_supported,False,1,17570479,KEA
P10301,P12931,SRC,tyr,Y66,Phosphorylation,6.0,BEL-Large-Corpus_ProtMapper;HPRD;KEA;MIMP;PhosphoELM;PhosphoSitePlus;ProtMapper;SIGNOR,curated_literature,True,3,10570155;11682467;15212693,BEL-Large-Corpus_ProtMapper;HPRD_MIMP;KEA;MIMP;PhosphoSite;PhosphoSite_MIMP;PhosphoSite_ProtMapper;ProtMapper;SIGNOR;SIGNOR_ProtMapper;phosphoELM;phosphoELM_MIMP
P10301,P29323,Ephrin receptor,tyr,Y66,Phosphorylation,5.0,HPRD;KEA;MIMP;PhosphoELM;PhosphoSitePlus;ProtMapper;SIGNOR,curated_literature,True,2,10570155;11682467,HPRD_MIMP;KEA;MIMP;PhosphoSite;PhosphoSite_MIMP;PhosphoSite_ProtMapper;ProtMapper;SIGNOR;SIGNOR_ProtMapper;phosphoELM;phosphoELM_MIMP
P10398,O60674,JAK,tyr,Y302,Phosphorylation,2.0,ProtMapper;Reactome_ProtMapper,predicted_or_inferred,False,0,,ProtMapper;Reactome_ProtMapper
P10398,P12931,SRC,tyr,Y301;Y302,Phosphorylation,4.0,KEA;PhosphoELM;PhosphoSitePlus;ProtMapper;Reactome_ProtMapper;SIGNOR,curated_literature,True,1,9020159,KEA;PhosphoSite;PhosphoSite_ProtMapper;ProtMapper;Reactome_ProtMapper;SIGNOR;SIGNOR_ProtMapper;phosphoELM
P10586,P06241,SRC,tyr,Y1852;Y1861,Phosphorylation,2.0,HPRD;KEA;MIMP,curated_literature,True,1,12496362,HPRD;HPRD_MIMP;KEA;MIMP
P10636,P00519,ABL,tyr,Y18;Y305;Y336;Y394;Y711;Y729,Phosphorylation,9.0,HPRD;KEA;MIMP;PhosphoSitePlus;ProtMapper;REACH_ProtMapper;Sparser_ProtMapper,curated_literature,True,8,16014719;17047312;19363261;19604333;21368377;21769920;22673542;29103051,HPRD;HPRD_MIMP;KEA;MIMP;PhosphoSite_MIMP;ProtMapper;REACH_ProtMapper;Sparser_ProtMapper
P10636,P06241,SRC,tyr,Y18;Y29;Y711,Phosphorylation,17.0,MIMP;PhosphoSitePlus;ProtMapper;REACH_ProtMapper;RLIMS-P_ProtMapper;SIGNOR;Sparser_ProtMapper;UniProt_ModRes,curated_literature,True,16,14999081;20110615;20609109;20812151;21741124;21794954;22121920;22482453;22783199;24646911;24860422;25963821;27693185;28033507;28526038;29036830,MIMP;PhosphoSite;PhosphoSite_MIMP;ProtMapper;REACH_ProtMapper;RLIMS-P_ProtMapper;SIGNOR;SIGNOR_ProtMapper;Sparser_ProtMapper;UniProt_ModRes
P10636,P12931,SRC,tyr,Y18,Phosphorylation,3.0,MIMP;PhosphoSitePlus;ProtMapper;REACH_ProtMapper;Sparser_ProtMapper,curated_literature,True,3,17047312;20609109;22482453,MIMP;PhosphoSite;PhosphoSite_MIMP;ProtMapper;REACH_ProtMapper;Sparser_ProtMapper
P10636,P42684,ABL,tyr,Y197;Y310;Y394;Y532;Y645;Y711;Y729,Phosphorylation,3.0,HPRD;MIMP;PhosphoSitePlus;ProtMapper;Sparser_ProtMapper,curated_source,True,1,22654724,HPRD_MIMP;MIMP;PhosphoSite;PhosphoSite_MIMP;ProtMapper;Sparser_ProtMapper
P10636,P43405,SYK/ZAP-70,tyr,Y18;Y514;Y711,Phosphorylation,5.0,MIMP;PhosphoSitePlus;ProtMapper;REACH_ProtMapper;SIGNOR;Sparser_ProtMapper,curated_literature,True,5,18070606;20110615;22482453;28877763;30538427,MIMP;PhosphoSite;PhosphoSite_MIMP;PhosphoSite_ProtMapper;ProtMapper;REACH_ProtMapper;SIGNOR;SIGNOR_ProtMapper;Sparser_ProtMapper
P10636,Q14289,FAK,tyr,Y18,Phosphorylation,2.0,ProtMapper;REACH_ProtMapper;Sparser_ProtMapper,literature_supported,False,2,24860422;29782321,ProtMapper;REACH_ProtMapper;Sparser_ProtMapper
P10721,P06213,Insulin receptor,tyr,Y721,Phosphorylation,1.0,KEA,literature_supported,False,1,17570479,KEA
P10721,P07948,SRC,tyr,Y721,Phosphorylation,1.0,KEA,literature_supported,False,1,17570479,KEA
P10721,P10721,CSF-1/PDGF receptor,tyr,Y547;Y553;Y568;Y570;Y703;Y721;Y730;Y823;Y900;Y936,Phosphorylation,4.0,HPRD;PhosphoELM;PhosphoSitePlus;SIGNOR;UniProt;UniProt_ModRes;iPTMnet;neXtProt,curated_literature,True,13,10377264;10523831;12824176;12878163;16740725;17904548;19049823;19265199;19865100;20147452;21030588;9038210;9799234,HPRD;PSP;Signor;UniProt;UniProt_ModRes;iPTMnet_REST;neXtProt;phospho.ELM
P10721,P12931,SRC,tyr,Y900,Phosphorylation,4.0,HPRD;KEA;Li2012;MIMP;PhosphoELM;PhosphoSitePlus;ProtMapper;SIGNOR,curated_literature,True,1,12878163,HPRD_MIMP;KEA;Li2012;MIMP;PhosphoSite_MIMP;ProtMapper;SIGNOR;SIGNOR_ProtMapper;phosphoELM;phosphoELM_MIMP
P10747,P06239,SRC,tyr,Y191;Y209,Phosphorylation,9.0,HPRD;KEA;MIMP;PhosphoELM;PhosphoSitePlus;ProtMapper;REACH_ProtMapper;RLIMS-P_ProtMapper;Reactome_ProtMapper;SIGNOR;UniProt_ModRes,curated_literature,True,6,16094384;19690332;22936936;27460989;7568038;8992971,HPRD_MIMP;KEA;MIMP;PhosphoSite_MIMP;ProtMapper;REACH_ProtMapper;RLIMS-P_ProtMapper;Reactome_ProtMapper;SIGNOR;SIGNOR_ProtMapper;UniProt_ModRes;phosphoELM;phosphoELM_MIMP
P10747,P06241,SRC,tyr,Y191,Phosphorylation,1.0,ProtMapper;REACH_ProtMapper;Reactome_ProtMapper,literature_supported,False,1,7568038,ProtMapper;REACH_ProtMapper;Reactome_ProtMapper
P10747,P07947,SRC,tyr,Y191,Phosphorylation,2.0,ProtMapper;Reactome_ProtMapper,predicted_or_inferred,False,0,,ProtMapper;Reactome_ProtMapper
P10747,P07948,SRC,tyr,Y191,Phosphorylation,2.0,ProtMapper;Reactome_ProtMapper,predicted_or_inferred,False,0,,ProtMapper;Reactome_ProtMapper
P10747,P08069,Insulin receptor,tyr,Y191,Phosphorylation,1.0,KEA,literature_supported,False,1,17570479,KEA
P10747,P12931,SRC,tyr,Y191,Phosphorylation,3.0,Li2012;ProtMapper;Reactome_ProtMapper,predicted_or_inferred,False,0,,Li2012;ProtMapper;Reactome_ProtMapper
P10747,P42680,TEC,tyr,Y191,Phosphorylation,1.0,Li2012,predicted_or_inferred,False,0,,Li2012
P10747,Q08881,TEC,tyr,Y191;Y206;Y209;Y218,Phosphorylation,13.0,HPRD;KEA;MIMP;PhosphoELM;PhosphoSitePlus;ProtMapper;SIGNOR,curated_literature,True,7,15144186;15592455;16094384;19901323;22936936;8946678;8992971,HPRD;HPRD_MIMP;KEA;MIMP;PhosphoSite_MIMP;ProtMapper;SIGNOR;SIGNOR_ProtMapper;phosphoELM;phosphoELM_MIMP
P10809,P08069,Insulin receptor,tyr,Y227,Phosphorylation,1.0,KEA,literature_supported,False,1,17570479,KEA
P10828,P12931,SRC,tyr,Y406,Phosphorylation,2.0,PhosphoSitePlus;ProtMapper,curated_source,True,0,,PhosphoSite;PhosphoSite_ProtMapper;ProtMapper
P10912,O60674,JAK,tyr,Y332;Y487;Y534;Y566;Y595;Y627,Phosphorylation,2.0,KEA;PhosphoELM;PhosphoNetworks;UniProt_ModRes,curated_literature,True,5,15690087;21980433;25505247;8647880;9121492,KEA;PhosphoNetworks;UniProt_ModRes;phosphoELM
P10912,P08069,Insulin receptor,tyr,Y566,Phosphorylation,1.0,KEA,literature_supported,False,1,17570479,KEA
P11137,P06241,SRC,tyr,Y50;Y67;Y745,Phosphorylation,3.0,KEA;MIMP;PhosphoELM;PhosphoNetworks;PhosphoSitePlus;ProtMapper;RLIMS-P_ProtMapper,curated_literature,True,1,15536091,KEA;MIMP;PhosphoNetworks;PhosphoSite;PhosphoSite_MIMP;PhosphoSite_ProtMapper;ProtMapper;RLIMS-P_ProtMapper;phosphoELM;phosphoELM_MIMP
P11137,P07948,SRC,tyr,Y67;Y745,Phosphorylation,2.0,KEA;MIMP;PhosphoELM;PhosphoNetworks;PhosphoSitePlus,curated_literature,True,1,15536091,KEA;MIMP;PhosphoNetworks;PhosphoSite_MIMP;phosphoELM;phosphoELM_MIMP
P11137,P12931,SRC,tyr,Y67,Phosphorylation,1.0,Li2012,predicted_or_inferred,False,0,,Li2012
P11171,P00533,EGF receptor,tyr,Y418;Y437;Y660,Phosphorylation,6.0,HPRD;KEA;MIMP;PhosphoELM;PhosphoSitePlus;ProtMapper;SIGNOR;UniProt_ModRes;dbPTM,curated_literature,True,3,1647028;2171679;23186163,HPRD;HPRD_MIMP;KEA;MIMP;PhosphoSite;PhosphoSite_MIMP;ProtMapper;SIGNOR;SIGNOR_ProtMapper;UniProt_ModRes;dbPTM;phosphoELM;phosphoELM_MIMP
P11171,P04626,EGF receptor,tyr,Y660,Phosphorylation,1.0,KEA,literature_supported,False,1,17570479,KEA
P11274,O60674,JAK,tyr,Y177,Phosphorylation,1.0,ProtMapper;REACH_ProtMapper,literature_supported,False,1,21183952,ProtMapper;REACH_ProtMapper
P11274,P00519,ABL,tyr,Y177;Y246;Y360,Phosphorylation,8.0,HPRD;KEA;Li2012;MIMP;PhosphoELM;PhosphoSitePlus;ProtMapper,curated_literature,True,11,10405761;11376433;12124177;12522270;16912036;7529874;8622703;8955135;9178913;9407116;9467953,HPRD_MIMP;KEA;Li2012;MIMP;PhosphoSite;PhosphoSite_MIMP;PhosphoSite_ProtMapper;ProtMapper;phosphoELM;phosphoELM_MIMP
P11274,P00533,EGF receptor,tyr,Y246,Phosphorylation,1.0,KEA,literature_supported,False,1,17570479,KEA
P11274,P06213,Insulin receptor,tyr,Y246,Phosphorylation,1.0,KEA,literature_supported,False,1,17570479,KEA
P11274,P06241,SRC,tyr,Y177,Phosphorylation,5.0,HPRD;MIMP;PhosphoELM;PhosphoSitePlus;ProtMapper,curated_source,True,0,,HPRD_MIMP;MIMP;PhosphoSite;PhosphoSite_MIMP;PhosphoSite_ProtMapper;ProtMapper;phosphoELM_MIMP
P11274,P07332,Fes/fps,tyr,Y177;Y246;Y276;Y279;Y283,Phosphorylation,17.0,HPRD;KEA;MIMP;PhosphoELM;PhosphoSitePlus;ProtMapper;REACH_ProtMapper;SIGNOR;Sparser_ProtMapper;UniProt_ModRes;dbPTM,curated_literature,True,11,10405761;12124177;12522270;15302586;16497976;28819864;7529874;8622703;8955135;9178913;9407116,HPRD;HPRD_MIMP;KEA;MIMP;PhosphoSite;PhosphoSite_MIMP;PhosphoSite_ProtMapper;ProtMapper;REACH_ProtMapper;SIGNOR;SIGNOR_ProtMapper;Sparser_ProtMapper;UniProt_ModRes;dbPTM;phosphoELM;phosphoELM_MIMP
P11274,P07948,SRC,tyr,Y177,Phosphorylation,5.0,HPRD;MIMP;PhosphoELM;PhosphoSitePlus;ProtMapper,curated_source,True,0,,HPRD_MIMP;MIMP;PhosphoSite;PhosphoSite_MIMP;PhosphoSite_ProtMapper;ProtMapper;phosphoELM_MIMP
P11274,P08631,SRC,tyr,Y177;Y246;Y276,Phosphorylation,18.0,HPRD;KEA;MIMP;PhosphoELM;PhosphoNetworks;PhosphoSitePlus;ProtMapper;SIGNOR;UniProt_ModRes;dbPTM,curated_literature,True,12,10405761;12124177;12522270;16497976;16912036;17570479;18083107;19690332;7529874;8955135;9178913;9407116,HPRD;HPRD_MIMP;KEA;MIMP;PhosphoNetworks;PhosphoSite;PhosphoSite_MIMP;PhosphoSite_ProtMapper;ProtMapper;SIGNOR_ProtMapper;UniProt_ModRes;dbPTM;phosphoELM;phosphoELM_MIMP
P11274,P12931,SRC,tyr,Y177;Y246,Phosphorylation,1.0,Li2012;ProtMapper;REACH_ProtMapper,literature_supported,False,1,29312576,Li2012;ProtMapper;REACH_ProtMapper
P11274,P16591,Fes/fps,tyr,Y177;Y246;Y276;Y279;Y283,Phosphorylation,1.0,Li2012,predicted_or_inferred,False,0,,Li2012
P11274,Q08345,Insulin receptor,tyr,Y177,Phosphorylation,1.0,ProtMapper;REACH_ProtMapper;RLIMS-P_ProtMapper,literature_supported,False,1,29438985,ProtMapper;REACH_ProtMapper;RLIMS-P_ProtMapper
P11309,P51813,TEC,tyr,Y309,Phosphorylation,1.0,KEA,literature_supported,False,1,14981536,KEA
P11362,P00533,EGF receptor,tyr,Y730,Phosphorylation,1.0,KEA,literature_supported,False,1,17570479,KEA
P11362,P06213,Insulin receptor,tyr,Y654,Phosphorylation,1.0,KEA,literature_supported,False,1,17570479,KEA
P11362,P08069,Insulin receptor,tyr,Y653,Phosphorylation,1.0,KEA,literature_supported,False,1,17570479,KEA
P11362,P11362,Fibroblast growth factor receptor,tyr,Y463;Y583;Y585;Y653;Y654;Y730;Y766,Phosphorylation,4.0,PhosphoELM;PhosphoSitePlus;UniProt;UniProt_ModRes;iPTMnet;neXtProt,curated_literature,True,4,16507368;19224897;19665973;8622701,PSP;UniProt;UniProt_ModRes;iPTMnet_REST;neXtProt;phospho.ELM
P11362,P51813,TEC,tyr,Y653;Y654;Y684;Y685,Phosphorylation,4.0,HPRD;MIMP;PhosphoELM;PhosphoSitePlus;ProtMapper,curated_source,True,0,,HPRD_MIMP;MIMP;PhosphoSite;PhosphoSite_MIMP;PhosphoSite_ProtMapper;ProtMapper;phosphoELM_MIMP
P11387,P00519,ABL,tyr,Y268,Phosphorylation,3.0,KEA;MIMP;PhosphoELM;PhosphoSitePlus;ProtMapper;SIGNOR,curated_literature,True,1,15448168,KEA;MIMP;PhosphoSite;PhosphoSite_MIMP;PhosphoSite_ProtMapper;ProtMapper;SIGNOR;phosphoELM;phosphoELM_MIMP
P11413,P12931,SRC,tyr,Y112;Y428;Y458;Y507;Y537,Phosphorylation,4.0,HPRD;MIMP;PhosphoELM;PhosphoSitePlus;ProtMapper,curated_source,True,0,,HPRD_MIMP;MIMP;PhosphoSite;PhosphoSite_MIMP;PhosphoSite_ProtMapper;ProtMapper;phosphoELM_MIMP
P11488,P12931,SRC,tyr,Y142,Phosphorylation,1.0,UniProt_ModRes;dbPTM,curated_literature,True,1,11032890,UniProt_ModRes;dbPTM
P11511,P12931,SRC,tyr,Y361,Phosphorylation,2.0,MIMP;PhosphoSitePlus;ProtMapper;SIGNOR,curated_literature,True,1,19556341,MIMP;PhosphoSite;PhosphoSite_MIMP;PhosphoSite_ProtMapper;ProtMapper;SIGNOR;SIGNOR_ProtMapper
P11802,P07947,SRC,tyr,Y17,Phosphorylation,3.0,KEA;MIMP;PhosphoSitePlus;ProtMapper;SIGNOR,curated_literature,True,1,18479465,KEA;MIMP;PhosphoSite;PhosphoSite_MIMP;PhosphoSite_ProtMapper;ProtMapper;SIGNOR;SIGNOR_ProtMapper
P11802,P07948,SRC,tyr,Y17,Phosphorylation,1.0,KEA;MIMP;PhosphoSitePlus;ProtMapper,curated_literature,True,1,18479465,KEA;MIMP;PhosphoSite;PhosphoSite_MIMP;PhosphoSite_ProtMapper;ProtMapper
P11802,P12931,SRC,tyr,Y17,Phosphorylation,2.0,KEA;MIMP;PhosphoSitePlus;ProtMapper;Sparser_ProtMapper,curated_literature,True,1,18479465,KEA;MIMP;PhosphoSite;PhosphoSite_MIMP;PhosphoSite_ProtMapper;ProtMapper;Sparser_ProtMapper
P11912,P06213,Insulin receptor,tyr,Y182;Y199,Phosphorylation,1.0,KEA,literature_supported,False,1,17570479,KEA
P11912,P06241,SRC,tyr,Y161;Y182;Y188;Y199;Y210,Phosphorylation,6.0,HPRD;KEA;MIMP;PhosphoELM;PhosphoNetworks;PhosphoSitePlus;ProtMapper;Reactome_ProtMapper;SIGNOR,curated_literature,True,2,17570479;9531288,HPRD;HPRD_MIMP;KEA;MIMP;PhosphoNetworks;PhosphoSite_MIMP;ProtMapper;Reactome_ProtMapper;SIGNOR;SIGNOR_ProtMapper;phosphoELM;phosphoELM_MIMP
P11912,P07948,SRC,tyr,Y150;Y182;Y188;Y199,Phosphorylation,5.0,HPRD;KEA;MIMP;PhosphoELM;PhosphoNetworks;PhosphoSitePlus;ProtMapper;Reactome_ProtMapper;SIGNOR,curated_literature,True,2,17570479;9531288,HPRD;HPRD_MIMP;KEA;MIMP;PhosphoNetworks;PhosphoSite_MIMP;ProtMapper;Reactome_ProtMapper;SIGNOR;SIGNOR_ProtMapper;phosphoELM;phosphoELM_MIMP
P11912,P12931,SRC,tyr,Y188;Y210,Phosphorylation,1.0,KEA;Li2012,literature_supported,False,1,17570479,KEA;Li2012
P11912,P16591,Fes/fps,tyr,Y188;Y210,Phosphorylation,1.0,Li2012,predicted_or_inferred,False,0,,Li2012
P11912,P43405,SYK/ZAP-70,tyr,Y210,Phosphorylation,1.0,ProtMapper;Sparser_ProtMapper,literature_supported,False,1,30465710,ProtMapper;Sparser_ProtMapper
P11912,P51451,SRC,tyr,Y188;Y199,Phosphorylation,2.0,ProtMapper;Reactome_ProtMapper,predicted_or_inferred,False,0,,ProtMapper;Reactome_ProtMapper
P11912,Q9H3Y6,SRC,tyr,Y188;Y199,Phosphorylation,2.0,ProtMapper;Reactome_ProtMapper,predicted_or_inferred,False,0,,ProtMapper;Reactome_ProtMapper
P11940,P00533,EGF receptor,tyr,Y54,Phosphorylation,1.0,KEA,literature_supported,False,1,17570479,KEA
P12004,P00519,ABL,tyr,Y211,Phosphorylation,1.0,ProtMapper;REACH_ProtMapper;Sparser_ProtMapper,literature_supported,False,1,23542172,ProtMapper;REACH_ProtMapper;Sparser_ProtMapper
P12004,P00533,EGF receptor,tyr,Y211,Phosphorylation,19.0,MIMP;PhosphoSitePlus;ProtMapper;REACH_ProtMapper;RLIMS-P_ProtMapper;SIGNOR;Sparser_ProtMapper;UniProt_ModRes;dbPTM,curated_literature,True,18,17115032;20587074;20670598;21220489;22238610;22692198;23542172;23593472;24655521;25073158;25675097;26719139;26725162;28102297;28157503;28666590;29140271;38459011,MIMP;PhosphoSite;PhosphoSite_MIMP;PhosphoSite_ProtMapper;ProtMapper;REACH_ProtMapper;RLIMS-P_ProtMapper;SIGNOR;SIGNOR_ProtMapper;Sparser_ProtMapper;UniProt_ModRes;dbPTM
P12004,P08069,Insulin receptor,tyr,Y133;Y250;Y60,Phosphorylation,2.0,PhosphoSitePlus;ProtMapper,curated_source,True,0,,PhosphoSite;PhosphoSite_ProtMapper;ProtMapper
P12004,Q04912,Tyr protein kinase,tyr,Y211,Phosphorylation,1.0,ProtMapper;REACH_ProtMapper;Sparser_ProtMapper,literature_supported,False,1,23542172,ProtMapper;REACH_ProtMapper;Sparser_ProtMapper
P12235,P06239,SRC,tyr,Y195,Phosphorylation,3.0,MIMP;PhosphoSitePlus;ProtMapper;REACH_ProtMapper;Sparser_ProtMapper,curated_literature,True,3,20007455;22823520;26210498,MIMP;PhosphoSite;PhosphoSite_MIMP;PhosphoSite_ProtMapper;ProtMapper;REACH_ProtMapper;Sparser_ProtMapper
P12235,P12931,SRC,tyr,Y195,Phosphorylation,2.0,MIMP;PhosphoSitePlus;ProtMapper;Sparser_ProtMapper,curated_literature,True,2,20007455;22823520,MIMP;PhosphoSite;PhosphoSite_MIMP;PhosphoSite_ProtMapper;ProtMapper;Sparser_ProtMapper
P12318,P00533,EGF receptor,tyr,Y281,Phosphorylation,1.0,KEA,literature_supported,False,1,17570479,KEA
P12318,P06213,Insulin receptor,tyr,Y281,Phosphorylation,1.0,KEA,literature_supported,False,1,17570479,KEA
P12318,P06241,SRC,tyr,Y280;Y281;Y287;Y288;Y303;Y304,Phosphorylation,4.0,HPRD;KEA;MIMP;PhosphoELM;PhosphoNetworks;PhosphoSitePlus;ProtMapper;Reactome_ProtMapper;SIGNOR,curated_literature,True,1,8756631,HPRD;HPRD_MIMP;KEA;MIMP;PhosphoNetworks;PhosphoSite;PhosphoSite_MIMP;PhosphoSite_ProtMapper;ProtMapper;Reactome_ProtMapper;SIGNOR;SIGNOR_ProtMapper;phosphoELM;phosphoELM_MIMP
P12318,P07947,SRC,tyr,Y288;Y304,Phosphorylation,2.0,ProtMapper;Reactome_ProtMapper,predicted_or_inferred,False,0,,ProtMapper;Reactome_ProtMapper
P12318,P07948,SRC,tyr,Y280;Y281;Y287;Y288;Y303;Y304,Phosphorylation,4.0,HPRD;KEA;MIMP;PhosphoELM;PhosphoNetworks;PhosphoSitePlus;ProtMapper;Reactome_ProtMapper;SIGNOR,curated_literature,True,1,8756631,HPRD;HPRD_MIMP;KEA;MIMP;PhosphoNetworks;PhosphoSite;PhosphoSite_MIMP;PhosphoSite_ProtMapper;ProtMapper;Reactome_ProtMapper;SIGNOR;SIGNOR_ProtMapper;phosphoELM;phosphoELM_MIMP
P12318,P08631,SRC,tyr,Y288;Y304,Phosphorylation,2.0,ProtMapper;Reactome_ProtMapper,predicted_or_inferred,False,0,,ProtMapper;Reactome_ProtMapper
P12318,P09769,SRC,tyr,Y288;Y304,Phosphorylation,2.0,ProtMapper;Reactome_ProtMapper,predicted_or_inferred,False,0,,ProtMapper;Reactome_ProtMapper
P12318,P12931,SRC,tyr,Y281;Y288;Y304,Phosphorylation,2.0,Li2012;ProtMapper;Reactome_ProtMapper;dbPTM,literature_supported,False,2,18083107;8756631,Li2012;ProtMapper;Reactome_ProtMapper;dbPTM
P12318,P43405,SYK/ZAP-70,tyr,Y280;Y281;Y287;Y288;Y303;Y304,Phosphorylation,4.0,HPRD;KEA;Li2012;MIMP;PhosphoELM;PhosphoNetworks;PhosphoSitePlus;ProtMapper;SIGNOR,curated_literature,True,1,8756631,HPRD;HPRD_MIMP;KEA;Li2012;MIMP;PhosphoNetworks;PhosphoSite;PhosphoSite_MIMP;PhosphoSite_ProtMapper;ProtMapper;SIGNOR;SIGNOR_ProtMapper;phosphoELM;phosphoELM_MIMP
P12318,P51451,SRC,tyr,Y280;Y281;Y287;Y288;Y303;Y304,Phosphorylation,4.0,HPRD;KEA;MIMP;PhosphoELM;PhosphoNetworks;PhosphoSitePlus;ProtMapper;SIGNOR,curated_literature,True,1,8756631,HPRD;HPRD_MIMP;KEA;MIMP;PhosphoNetworks;PhosphoSite;PhosphoSite_MIMP;PhosphoSite_ProtMapper;ProtMapper;SIGNOR;SIGNOR_ProtMapper;phosphoELM;phosphoELM_MIMP
P12532,P00519,ABL,tyr,Y153,Phosphorylation,1.0,PhosphoSitePlus,curated_source,True,0,,PhosphoSite
P12814,P06213,Insulin receptor,tyr,Y12,Phosphorylation,1.0,KEA,literature_supported,False,1,17570479,KEA
P12814,Q05397,FAK,tyr,Y12;Y193,Phosphorylation,11.0,HPRD;KEA;MIMP;PhosphoELM;PhosphoNetworks;PhosphoSitePlus;ProtMapper;REACH_ProtMapper;SIGNOR;Sparser_ProtMapper;UniProt_ModRes;dbPTM,curated_literature,True,6,11369769;16291744;19229129;20159040;23454549;25860875,HPRD_MIMP;KEA;MIMP;PhosphoNetworks;PhosphoSite;PhosphoSite_MIMP;PhosphoSite_ProtMapper;ProtMapper;REACH_ProtMapper;SIGNOR;SIGNOR_ProtMapper;Sparser_ProtMapper;UniProt_ModRes;dbPTM;phosphoELM;phosphoELM_MIMP
P12830,P12931,SRC,tyr,Y753;Y754;Y755;Y797,Phosphorylation,3.0,NCI-PID_ProtMapper;PhosphoSitePlus;ProtMapper;REACH_ProtMapper;RLIMS-P_ProtMapper;Reactome_ProtMapper;Sparser_ProtMapper;UniProt_ModRes,curated_literature,True,5,11836526;15601859;22252131;26549256;27203386,NCI-PID_ProtMapper;PhosphoSite;ProtMapper;REACH_ProtMapper;RLIMS-P_ProtMapper;Reactome_ProtMapper;Sparser_ProtMapper;UniProt_ModRes
P12931,P00533,EGF receptor,tyr,Y216;Y419,Phosphorylation,2.0,ProtMapper;REACH_ProtMapper;RLIMS-P_ProtMapper;Sparser_ProtMapper,literature_supported,False,3,14760089;16769082;22957061,ProtMapper;REACH_ProtMapper;RLIMS-P_ProtMapper;Sparser_ProtMapper
P12931,P04626,EGF receptor,tyr,Y216,Phosphorylation,3.0,BEL-Large-Corpus_ProtMapper;ProtMapper;REACH_ProtMapper;Sparser_ProtMapper,literature_supported,False,3,12753909;16769082;19617202,BEL-Large-Corpus_ProtMapper;ProtMapper;REACH_ProtMapper;Sparser_ProtMapper
P12931,P07948,SRC,tyr,Y419,Phosphorylation,1.0,ProtMapper;Sparser_ProtMapper,literature_supported,False,1,26536590,ProtMapper;Sparser_ProtMapper
P12931,P09619,CSF-1/PDGF receptor,tyr,Y419,Phosphorylation,2.0,HPRD;MIMP;PhosphoELM;PhosphoSitePlus;ProtMapper;SIGNOR,curated_literature,True,1,15489898,HPRD_MIMP;MIMP;PhosphoSite;PhosphoSite_MIMP;PhosphoSite_ProtMapper;ProtMapper;SIGNOR;SIGNOR_ProtMapper;phosphoELM_MIMP
P12931,P09769,SRC,tyr,Y419;Y530,Phosphorylation,6.0,HPRD;KEA;MIMP;PhosphoELM;PhosphoSitePlus;ProtMapper;SIGNOR;Sparser_ProtMapper,curated_literature,True,6,12387813;12468645;12747961;3103926;7678701;9208935,HPRD_MIMP;KEA;MIMP;PhosphoSite_MIMP;ProtMapper;SIGNOR_ProtMapper;Sparser_ProtMapper;phosphoELM_MIMP
P12931,P12931,SRC,tyr,Y216;Y338;Y419;Y530,Phosphorylation,4.0,HPRD;PhosphoELM;PhosphoSitePlus;SIGNOR;UniProt;UniProt_ModRes;iPTMnet;neXtProt,curated_literature,True,18,11035005;11804588;12753909;14661060;15466214;15489898;17016520;17389395;18936167;19307596;19664994;20371672;25731159;26936507;6273838;7578094;8755732;9988270,HPRD;PSP;Signor;UniProt;UniProt_ModRes;iPTMnet_REST;neXtProt;phospho.ELM
P12931,P16234,CSF-1/PDGF receptor,tyr,Y216;Y419,Phosphorylation,11.0,HPRD;KEA;MIMP;PhosphoELM;PhosphoSitePlus;ProtMapper;SIGNOR;Sparser_ProtMapper,curated_literature,True,10,11278940;11804588;12753909;14661060;15489898;15845350;17081983;6273838;7578094;9988270,HPRD_MIMP;KEA;MIMP;PhosphoSite;PhosphoSite_MIMP;PhosphoSite_ProtMapper;ProtMapper;SIGNOR;SIGNOR_ProtMapper;Sparser_ProtMapper;phosphoELM_MIMP
P12931,P21709,Ephrin receptor,tyr,Y419,Phosphorylation,1.0,ProtMapper;Sparser_ProtMapper,literature_supported,False,1,14499344,ProtMapper;Sparser_ProtMapper
P12931,P29323,Ephrin receptor,tyr,Y419,Phosphorylation,1.0,PhosphoSitePlus,curated_source,True,0,,PhosphoSite
P12931,P30530,AXL/UFO,tyr,Y419,Phosphorylation,2.0,PhosphoSitePlus;ProtMapper,curated_source,True,0,,PhosphoSite;PhosphoSite_ProtMapper;ProtMapper
P12931,P35790,choline/ethanolamine kinase,unknown,Y530,Phosphorylation,4.0,ProtMapper;REACH_ProtMapper;Sparser_ProtMapper,literature_supported,False,4,15845350;22823952;26453921;28784162,ProtMapper;REACH_ProtMapper;Sparser_ProtMapper
P12931,P41240,CSK,tyr,Y338;Y419;Y530,Phosphorylation,31.0,HPRD;KEA;MIMP;NCI-PID_ProtMapper;PhosphoELM;PhosphoNetworks;PhosphoSitePlus;ProtMapper;REACH_ProtMapper;RLIMS-P_ProtMapper;SIGNOR;Sparser_ProtMapper;UniProt_ModRes;dbPTM,curated_literature,True,36,11489946;12387813;12468645;1383688;14967142;16227616;16537894;18614016;19307596;19369195;19534553;20337577;20525307;20657842;21442427;21632985;21940449;22323292;22689825;23051580;23159740;23378895;23824743;24632723;25372749;26234813;26453921;26936507;28974561;3103926;7525268;7592628;7678701;7929427;9208935;9523754,HPRD_MIMP;KEA;MIMP;NCI-PID_ProtMapper;PhosphoNetworks;PhosphoSite;PhosphoSite_MIMP;PhosphoSite_ProtMapper;ProtMapper;REACH_ProtMapper;RLIMS-P_ProtMapper;SIGNOR_ProtMapper;Sparser_ProtMapper;UniProt_ModRes;dbPTM;phosphoELM;phosphoELM_MIMP
P12931,P42679,CSK,tyr,Y530,Phosphorylation,2.0,ProtMapper;REACH_ProtMapper;Sparser_ProtMapper,literature_supported,False,2,26453921;27600824,ProtMapper;REACH_ProtMapper;Sparser_ProtMapper
P12931,Q05397,FAK,tyr,Y419;Y530,Phosphorylation,5.0,NCI-PID_ProtMapper;ProtMapper;RLIMS-P_ProtMapper;Sparser_ProtMapper,literature_supported,False,6,15277544;15485841;16679515;18452157;20955590;28213315,NCI-PID_ProtMapper;ProtMapper;RLIMS-P_ProtMapper;Sparser_ProtMapper
P12931,Q14289,FAK,tyr,Y419,Phosphorylation,2.0,NCI-PID_ProtMapper;ProtMapper;UniProt_ModRes,curated_source,True,0,,NCI-PID_ProtMapper;ProtMapper;UniProt_ModRes
P12956,P12931,SRC,tyr,Y530,Phosphorylation,1.0,PhosphoSitePlus;ProtMapper;REACH_ProtMapper;RLIMS-P_ProtMapper,curated_literature,True,1,27998981,PhosphoSite;PhosphoSite_ProtMapper;ProtMapper;REACH_ProtMapper;RLIMS-P_ProtMapper
P13569,P07948,SRC,tyr,Y512;Y515,Phosphorylation,1.0,OmniPath;ProtMapper;RLIMS-P_ProtMapper;iPTMnet,literature_supported,False,1,24178769,ProtMapper;RLIMS-P_ProtMapper;iPTMnet_REST
P13569,P43405,SYK/ZAP-70,tyr,Y512,Phosphorylation,1.0,PhosphoSitePlus;ProtMapper;REACH_ProtMapper;Sparser_ProtMapper,curated_literature,True,1,26835446,PhosphoSite;PhosphoSite_ProtMapper;ProtMapper;REACH_ProtMapper;Sparser_ProtMapper
P13639,P41240,CSK,tyr,Y265;Y373,Phosphorylation,1.0,UniProt_ModRes,curated_literature,True,1,24648518,UniProt_ModRes
P13688,P00533,EGF receptor,tyr,Y493,Phosphorylation,1.0,UniProt_ModRes,curated_literature,True,2,18424730;7478590,UniProt_ModRes
P13688,P06213,Insulin receptor,tyr,Y493;Y520,Phosphorylation,1.0,UniProt_ModRes,curated_literature,True,2,18424730;7478590,UniProt_ModRes
P13688,P06239,SRC,tyr,Y493;Y520,Phosphorylation,1.0,UniProt_ModRes,curated_literature,True,2,18424730;7478590,UniProt_ModRes
P13688,P07948,SRC,tyr,Y520,Phosphorylation,1.0,KEA,literature_supported,False,1,17570479,KEA
P13688,P12931,SRC,tyr,Y493;Y520,Phosphorylation,4.0,HPRD;KEA;MIMP;PhosphoELM;PhosphoSitePlus;ProtMapper;SIGNOR;UniProt_ModRes,curated_literature,True,4,17570479;18424730;7478590;9867848,HPRD_MIMP;KEA;MIMP;PhosphoSite_MIMP;ProtMapper;SIGNOR;SIGNOR_ProtMapper;UniProt_ModRes;phosphoELM_MIMP
P14317,O43781,MNB/DYRK,dual,Y360;Y378;Y397,Phosphorylation,1.0,PhosphoNetworks,predicted_or_inferred,False,0,,PhosphoNetworks
P14317,P00533,EGF receptor,tyr,Y378;Y397,Phosphorylation,1.0,KEA,literature_supported,False,1,17570479,KEA
P14317,P06241,SRC,tyr,Y360;Y378;Y397,Phosphorylation,1.0,PhosphoNetworks,predicted_or_inferred,False,0,,PhosphoNetworks
P14317,P07332,Fes/fps,tyr,Y378;Y397,Phosphorylation,1.0,UniProt_ModRes,curated_source,True,0,,UniProt_ModRes
P14317,P07333,CSF-1/PDGF receptor,tyr,Y378;Y397,Phosphorylation,1.0,KEA,literature_supported,False,1,17570479,KEA
P14317,P07948,SRC,tyr,Y222;Y360;Y378;Y397,Phosphorylation,8.0,HPRD;KEA;MIMP;PhosphoELM;PhosphoNetworks;PhosphoSitePlus;ProtMapper;REACH_ProtMapper;SIGNOR;Sparser_ProtMapper,curated_literature,True,7,10066823;17570479;23001182;8578591;9104825;9183008;96108162,HPRD_MIMP;KEA;MIMP;PhosphoNetworks;PhosphoSite;PhosphoSite_MIMP;PhosphoSite_ProtMapper;ProtMapper;REACH_ProtMapper;SIGNOR;SIGNOR_ProtMapper;Sparser_ProtMapper;phosphoELM;phosphoELM_MIMP
P14317,P09769,SRC,tyr,Y222;Y360;Y397,Phosphorylation,7.0,HPRD;KEA;MIMP;PhosphoELM;PhosphoNetworks;PhosphoSitePlus;ProtMapper;RLIMS-P_ProtMapper;SIGNOR;UniProt_ModRes;dbPTM,curated_literature,True,6,10066823;8578591;8611520;9104825;9183008;96108162,HPRD;HPRD_MIMP;KEA;MIMP;PhosphoNetworks;PhosphoSite;PhosphoSite_MIMP;ProtMapper;RLIMS-P_ProtMapper;SIGNOR;SIGNOR_ProtMapper;UniProt_ModRes;dbPTM;phosphoELM;phosphoELM_MIMP
P14317,P11362,Fibroblast growth factor receptor,tyr,Y360;Y397,Phosphorylation,1.0,PhosphoNetworks,predicted_or_inferred,False,0,,PhosphoNetworks
P14317,P12931,SRC,tyr,Y378;Y397,Phosphorylation,1.0,Li2012,predicted_or_inferred,False,0,,Li2012
P14317,P22455,Fibroblast growth factor receptor,tyr,Y103;Y140,Phosphorylation,1.0,PhosphoNetworks,predicted_or_inferred,False,0,,PhosphoNetworks
P14317,P29597,JAK,tyr,Y222,Phosphorylation,1.0,PhosphoNetworks,predicted_or_inferred,False,0,,PhosphoNetworks
P14317,P30291,WEE1,tyr,Y198,Phosphorylation,1.0,PhosphoNetworks,predicted_or_inferred,False,0,,PhosphoNetworks
P14317,P43405,SYK/ZAP-70,tyr,Y360;Y378;Y397,Phosphorylation,11.0,HPRD;KEA;Li2012;MIMP;PhosphoELM;PhosphoNetworks;PhosphoSitePlus;ProtMapper;REACH_ProtMapper;RLIMS-P_ProtMapper;SIGNOR;Sparser_ProtMapper;UniProt_ModRes,curated_literature,True,8,15795233;21444687;23001182;25723543;8578591;9104825;9183008;96108162,HPRD_MIMP;KEA;Li2012;MIMP;PhosphoNetworks;PhosphoSite;PhosphoSite_MIMP;PhosphoSite_ProtMapper;ProtMapper;REACH_ProtMapper;RLIMS-P_ProtMapper;SIGNOR;SIGNOR_ProtMapper;Sparser_ProtMapper;UniProt_ModRes;phosphoELM;phosphoELM_MIMP
P14317,Q9Y463,MNB/DYRK,dual,Y103;Y140,Phosphorylation,1.0,PhosphoNetworks,predicted_or_inferred,False,0,,PhosphoNetworks
P14616,P14616,Insulin receptor,tyr,Y1145;Y1146,Phosphorylation,1.0,UniProt_ModRes,curated_source,True,0,,UniProt_ModRes
P14618,P00533,EGF receptor,tyr,Y148,Phosphorylation,1.0,PhosphoSitePlus;ProtMapper;REACH_ProtMapper;Sparser_ProtMapper,curated_literature,True,1,26759242,PhosphoSite;PhosphoSite_ProtMapper;ProtMapper;REACH_ProtMapper;Sparser_ProtMapper
P14618,P11362,Fibroblast growth factor receptor,tyr,Y105,Phosphorylation,7.0,ProtMapper;REACH_ProtMapper;RLIMS-P_ProtMapper;Sparser_ProtMapper,literature_supported,False,7,19920251;22859060;24099138;26959741;28418088;29190880;29910687,ProtMapper;REACH_ProtMapper;RLIMS-P_ProtMapper;Sparser_ProtMapper
P14618,P21802,Fibroblast growth factor receptor,tyr,Y390,Phosphorylation,1.0,PhosphoNetworks,predicted_or_inferred,False,0,,PhosphoNetworks
P14618,Q9UM73,Insulin receptor,tyr,Y105,Phosphorylation,4.0,ProtMapper;REACH_ProtMapper;RLIMS-P_ProtMapper;Sparser_ProtMapper,literature_supported,False,4,23814019;26975375;27148264;28414323,ProtMapper;REACH_ProtMapper;RLIMS-P_ProtMapper;Sparser_ProtMapper
P14784,P06213,Insulin receptor,tyr,Y418,Phosphorylation,1.0,KEA,literature_supported,False,1,17570479,KEA
P14784,P06239,SRC,tyr,Y381;Y384;Y387;Y418;Y536,Phosphorylation,6.0,HPRD;KEA;MIMP;PhosphoELM;PhosphoNetworks;PhosphoSitePlus;ProtMapper;SIGNOR,curated_literature,True,2,10214954;2047859,HPRD_MIMP;KEA;MIMP;PhosphoNetworks;PhosphoSite;PhosphoSite_MIMP;PhosphoSite_ProtMapper;ProtMapper;SIGNOR;SIGNOR_ProtMapper;phosphoELM;phosphoELM_MIMP
P14784,P08069,Insulin receptor,tyr,Y387,Phosphorylation,1.0,KEA,literature_supported,False,1,17570479,KEA
P14784,P12931,SRC,tyr,Y387;Y418;Y536,Phosphorylation,1.0,Li2012,predicted_or_inferred,False,0,,Li2012
P14784,P23458,JAK,tyr,Y364;Y418;Y536,Phosphorylation,6.0,HPRD;KEA;MIMP;PhosphoELM;PhosphoSitePlus;ProtMapper;SIGNOR,curated_literature,True,3,7499411;8643566;8700888,HPRD;HPRD_MIMP;KEA;MIMP;PhosphoSite_MIMP;ProtMapper;SIGNOR;SIGNOR_ProtMapper;phosphoELM_MIMP
P14921,P07947,SRC,tyr,Y283,Phosphorylation,1.0,PhosphoSitePlus;ProtMapper;REACH_ProtMapper;Sparser_ProtMapper,curated_literature,True,1,28474232,PhosphoSite;ProtMapper;REACH_ProtMapper;Sparser_ProtMapper
P14921,P07949,Tyr protein kinase,tyr,Y223,Phosphorylation,1.0,PhosphoNetworks,predicted_or_inferred,False,0,,PhosphoNetworks
P14921,P08069,Insulin receptor,tyr,Y205,Phosphorylation,1.0,KEA,literature_supported,False,1,17570479,KEA
P14921,P12931,SRC,tyr,Y283,Phosphorylation,1.0,PhosphoSitePlus;ProtMapper;REACH_ProtMapper;Sparser_ProtMapper,curated_literature,True,1,28474232,PhosphoSite;ProtMapper;REACH_ProtMapper;Sparser_ProtMapper
P14921,Q16288,Insulin receptor,tyr,Y205,Phosphorylation,1.0,PhosphoNetworks,predicted_or_inferred,False,0,,PhosphoNetworks
P14923,P00533,EGF receptor,tyr,Y20,Phosphorylation,1.0,BEL-Large-Corpus_ProtMapper;ProtMapper,literature_supported,False,1,15951569,BEL-Large-Corpus_ProtMapper;ProtMapper
P14923,P06241,SRC,tyr,Y133;Y550,Phosphorylation,3.0,HPRD;KEA;MIMP;PhosphoSitePlus;ProtMapper;SIGNOR,curated_literature,True,1,14517306,HPRD_MIMP;KEA;MIMP;PhosphoSite;PhosphoSite_MIMP;PhosphoSite_ProtMapper;ProtMapper;SIGNOR;SIGNOR_ProtMapper
P14923,P12931,SRC,tyr,Y644,Phosphorylation,5.0,HPRD;KEA;MIMP;NCI-PID_ProtMapper;PhosphoSitePlus;ProtMapper;SIGNOR;Sparser_ProtMapper,curated_literature,True,3,14517306;23911551;8081883,HPRD_MIMP;KEA;MIMP;NCI-PID_ProtMapper;PhosphoSite;PhosphoSite_MIMP;PhosphoSite_ProtMapper;ProtMapper;SIGNOR;SIGNOR_ProtMapper;Sparser_ProtMapper
P14923,P16591,Fes/fps,tyr,Y550,Phosphorylation,3.0,HPRD;KEA;MIMP;PhosphoSitePlus;ProtMapper;SIGNOR,curated_literature,True,1,14517306,HPRD_MIMP;KEA;MIMP;PhosphoSite;PhosphoSite_MIMP;PhosphoSite_ProtMapper;ProtMapper;SIGNOR;SIGNOR_ProtMapper
P15090,P06213,Insulin receptor,tyr,Y20,Phosphorylation,8.0,HPRD;KEA;MIMP;PhosphoELM;PhosphoSitePlus;ProtMapper;REACH_ProtMapper;SIGNOR;Sparser_ProtMapper,curated_literature,True,3,1648089;1956339;8463311,HPRD;HPRD_MIMP;KEA;MIMP;PhosphoSite_MIMP;ProtMapper;REACH_ProtMapper;SIGNOR;SIGNOR_ProtMapper;Sparser_ProtMapper;phosphoELM_MIMP
P15151,P06213,Insulin receptor,tyr,Y398,Phosphorylation,1.0,KEA,literature_supported,False,1,17570479,KEA
P15151,P06239,SRC,tyr,Y398,Phosphorylation,1.0,KEA,literature_supported,False,1,17570479,KEA
P15172,P00519,ABL,tyr,Y30,Phosphorylation,3.0,KEA;ProtMapper;REACH_ProtMapper;SIGNOR,curated_literature,True,2,12415271;26998525,KEA;ProtMapper;REACH_ProtMapper;SIGNOR_ProtMapper
P15172,Q02750,MAP kinase kinase,dual,Y156,Phosphorylation,1.0,ProtMapper;RLIMS-P_ProtMapper,literature_supported,False,1,21454680,ProtMapper;RLIMS-P_ProtMapper
P15260,O60674,JAK,tyr,Y457,Phosphorylation,1.0,KEA,literature_supported,False,1,8156998,KEA
P15260,P23458,JAK,tyr,Y457,Phosphorylation,4.0,HPRD;KEA;Li2012;MIMP;PhosphoELM;PhosphoSitePlus;ProtMapper;SIGNOR,curated_literature,True,2,7615558;8156998,HPRD_MIMP;KEA;Li2012;MIMP;PhosphoSite_MIMP;ProtMapper;SIGNOR;SIGNOR_ProtMapper;phosphoELM;phosphoELM_MIMP
P15311,P00533,EGF receptor,tyr,Y146;Y354,Phosphorylation,9.0,BEL-Large-Corpus_ProtMapper;HPRD;KEA;Li2012;MIMP;PhosphoELM;PhosphoSitePlus;ProtMapper;SIGNOR,curated_literature,True,5,10377409;12560083;1382070;15212693;15647376,BEL-Large-Corpus_ProtMapper;HPRD;HPRD_MIMP;KEA;Li2012;MIMP;PhosphoSite;PhosphoSite_MIMP;PhosphoSite_ProtMapper;ProtMapper;SIGNOR;SIGNOR_ProtMapper;phosphoELM;phosphoELM_MIMP
P15311,P06239,SRC,tyr,Y146,Phosphorylation,8.0,HPRD;KEA;MIMP;PhosphoELM;PhosphoSitePlus;ProtMapper;REACH_ProtMapper;RLIMS-P_ProtMapper;SIGNOR;Sparser_ProtMapper,curated_literature,True,3,12560083;1382070;19124745,HPRD;HPRD_MIMP;KEA;MIMP;PhosphoSite;PhosphoSite_MIMP;PhosphoSite_ProtMapper;ProtMapper;REACH_ProtMapper;RLIMS-P_ProtMapper;SIGNOR;SIGNOR_ProtMapper;Sparser_ProtMapper;phosphoELM;phosphoELM_MIMP
P15311,P09619,CSF-1/PDGF receptor,tyr,Y146;Y354,Phosphorylation,1.0,dbPTM,literature_supported,False,1,-,dbPTM
P15311,P12931,SRC,tyr,Y146;Y478,Phosphorylation,12.0,HPRD;KEA;MIMP;PhosphoELM;PhosphoSitePlus;ProtMapper;REACH_ProtMapper;RLIMS-P_ProtMapper;SIGNOR;Sparser_ProtMapper,curated_literature,True,11,14504278;15623525;15647376;18078820;18701134;21818323;22262457;22397367;24339867;25231728;28306714,HPRD_MIMP;KEA;MIMP;PhosphoSite;PhosphoSite_MIMP;PhosphoSite_ProtMapper;ProtMapper;REACH_ProtMapper;RLIMS-P_ProtMapper;SIGNOR;SIGNOR_ProtMapper;Sparser_ProtMapper;phosphoELM;phosphoELM_MIMP
P15311,P16591,Fes/fps,tyr,Y146;Y354;Y478,Phosphorylation,2.0,PhosphoSitePlus;ProtMapper,curated_source,True,0,,PhosphoSite;PhosphoSite_ProtMapper;ProtMapper
P15311,P43405,SYK/ZAP-70,tyr,Y354;Y424,Phosphorylation,2.0,ProtMapper;REACH_ProtMapper;Sparser_ProtMapper,literature_supported,False,2,23338238;28306714,ProtMapper;REACH_ProtMapper;Sparser_ProtMapper
P15391,P00519,ABL,tyr,Y508;Y509,Phosphorylation,4.0,HPRD;KEA;MIMP;PhosphoSitePlus;ProtMapper;SIGNOR,curated_literature,True,1,11120811,HPRD;HPRD_MIMP;KEA;MIMP;PhosphoSite;PhosphoSite_MIMP;PhosphoSite_ProtMapper;ProtMapper;SIGNOR;SIGNOR_ProtMapper
P15391,P06213,Insulin receptor,tyr,Y348;Y439;Y531,Phosphorylation,1.0,KEA,literature_supported,False,1,17570479,KEA
P15391,P07948,SRC,tyr,Y409;Y500;Y531;Y532,Phosphorylation,9.0,BEL-Large-Corpus_ProtMapper;HPRD;KEA;MIMP;PhosphoELM;PhosphoNetworks;PhosphoSitePlus;ProtMapper;SIGNOR,curated_literature,True,6,10201980;10706702;10933394;15212693;16497976;9190913,BEL-Large-Corpus_ProtMapper;HPRD;HPRD_MIMP;KEA;MIMP;PhosphoNetworks;PhosphoSite;PhosphoSite_MIMP;PhosphoSite_ProtMapper;ProtMapper;SIGNOR;SIGNOR_ProtMapper;phosphoELM;phosphoELM_MIMP
P15391,P12931,SRC,tyr,Y500;Y531,Phosphorylation,1.0,Li2012,predicted_or_inferred,False,0,,Li2012
P15391,P42680,TEC,tyr,Y500;Y531,Phosphorylation,1.0,Li2012,predicted_or_inferred,False,0,,Li2012
P15391,P43405,SYK/ZAP-70,tyr,Y500;Y531,Phosphorylation,1.0,Li2012,predicted_or_inferred,False,0,,Li2012
P15391,Q06187,TEC,tyr,Y500;Y531;Y532,Phosphorylation,5.0,HPRD;KEA;MIMP;PhosphoELM;PhosphoSitePlus,curated_literature,True,4,10201980;10933394;16497976;9190913,HPRD;HPRD_MIMP;KEA;MIMP;PhosphoSite_MIMP;phosphoELM_MIMP
P15498,P00519,ABL,tyr,Y174;Y267,Phosphorylation,3.0,MIMP;PhosphoSitePlus;ProtMapper,curated_source,True,0,,MIMP;PhosphoSite;PhosphoSite_MIMP;PhosphoSite_ProtMapper;ProtMapper
P15498,P00533,EGF receptor,tyr,Y142;Y160;Y174,Phosphorylation,1.0,Li2012,predicted_or_inferred,False,0,,Li2012
P15498,P06239,SRC,tyr,Y142;Y160;Y174,Phosphorylation,7.0,HPRD;KEA;MIMP;PhosphoELM;PhosphoNetworks;PhosphoSitePlus;ProtMapper;SIGNOR,curated_literature,True,5,10669745;15699036;16285729;17570479;898671,HPRD;HPRD_MIMP;KEA;MIMP;PhosphoNetworks;PhosphoSite;PhosphoSite_MIMP;PhosphoSite_ProtMapper;ProtMapper;SIGNOR;SIGNOR_ProtMapper;phosphoELM;phosphoELM_MIMP
P15498,P06241,SRC,tyr,Y142;Y160;Y174,Phosphorylation,3.0,NCI-PID_ProtMapper;ProtMapper;Reactome_ProtMapper,literature_supported,False,3,15933714;9438848;9822663,NCI-PID_ProtMapper;ProtMapper;Reactome_ProtMapper
P15498,P12931,SRC,tyr,Y142;Y160;Y174,Phosphorylation,1.0,Li2012,predicted_or_inferred,False,0,,Li2012
P15498,P43403,SYK/ZAP-70,tyr,Y174;Y192,Phosphorylation,1.0,ProtMapper;REACH_ProtMapper;RLIMS-P_ProtMapper,literature_supported,False,1,23758320,ProtMapper;REACH_ProtMapper;RLIMS-P_ProtMapper
P15498,P43405,SYK/ZAP-70,tyr,Y174,Phosphorylation,1.0,ProtMapper;REACH_ProtMapper,literature_supported,False,1,19179667,ProtMapper;REACH_ProtMapper
P15529,P07947,SRC,tyr,Y324;Y338;Y339;Y353;Y354;Y368,Phosphorylation,2.0,HPRD;KEA;MIMP,curated_literature,True,1,11901164,HPRD;HPRD_MIMP;KEA;MIMP
P15529,P12931,SRC,tyr,Y354;Y384,Phosphorylation,3.0,HPRD;MIMP;PhosphoSitePlus,curated_source,True,0,,HPRD_MIMP;MIMP;PhosphoSite;PhosphoSite_MIMP
P15923,P21802,Fibroblast growth factor receptor,tyr,Y382,Phosphorylation,1.0,PhosphoNetworks,predicted_or_inferred,False,0,,PhosphoNetworks
P15941,P00519,ABL,tyr,Y1243,Phosphorylation,5.0,KEA;Li2012;PhosphoELM;PhosphoSitePlus;SIGNOR,curated_literature,True,3,14521915;16888623;7664271,KEA;Li2012;PhosphoSite;SIGNOR;phosphoELM
P15941,P00533,EGF receptor,tyr,Y1229;Y229;Y238;Y247,Phosphorylation,7.0,BEL-Large-Corpus_ProtMapper;HPRD;KEA;Li2012;PhosphoELM;ProtMapper;SIGNOR;UniProt_ModRes,curated_literature,True,5,11152665;11483589;14521915;15212693;17545600,BEL-Large-Corpus_ProtMapper;HPRD;KEA;Li2012;ProtMapper;SIGNOR;SIGNOR_ProtMapper;UniProt_ModRes;phosphoELM
P15941,P06239,SRC,tyr,Y1229,Phosphorylation,2.0,ProtMapper;SIGNOR,curated_literature,True,1,14766232,ProtMapper;SIGNOR;SIGNOR_ProtMapper
P15941,P07948,SRC,tyr,Y1229,Phosphorylation,2.0,iPTMnet;neXtProt,literature_supported,False,1,12750561,iPTMnet_REST;neXtProt
P15941,P08069,Insulin receptor,tyr,Y1229,Phosphorylation,1.0,KEA,literature_supported,False,1,17570479,KEA
P15941,P09619,CSF-1/PDGF receptor,tyr,Y1203;Y1218,Phosphorylation,3.0,PhosphoSitePlus;ProtMapper;dbPTM,curated_literature,True,3,14521915;17545600;18083107,PhosphoSite;PhosphoSite_ProtMapper;ProtMapper;dbPTM
P15941,P12931,SRC,tyr,Y1229,Phosphorylation,7.0,BEL-Large-Corpus_ProtMapper;KEA;Li2012;PhosphoELM;PhosphoSitePlus;ProtMapper;SIGNOR;UniProt_ModRes,curated_literature,True,5,11152665;11483589;14521915;15212693;17545600,BEL-Large-Corpus_ProtMapper;KEA;Li2012;PhosphoSite;PhosphoSite_ProtMapper;ProtMapper;SIGNOR;SIGNOR_ProtMapper;UniProt_ModRes;phosphoELM
P15941,P41240,CSK,tyr,Y1229,Phosphorylation,5.0,UniProt_ModRes;dbPTM,curated_literature,True,5,11152665;11483589;14521915;17545600;18083107,UniProt_ModRes;dbPTM
P15941,P43403,SYK/ZAP-70,tyr,Y1203;Y1229;Y229;Y238;Y247,Phosphorylation,2.0,KEA;ProtMapper;SIGNOR,curated_literature,True,1,14766232,KEA;ProtMapper;SIGNOR;SIGNOR_ProtMapper
P16035,P12931,SRC,tyr,Y165;Y62;Y90,Phosphorylation,1.0,PhosphoSitePlus,curated_source,True,0,,PhosphoSite
P16104,Q9UIG0,,tyr,Y143,Phosphorylation,11.0,MIMP;PhosphoSitePlus;ProtMapper;REACH_ProtMapper;RLIMS-P_ProtMapper;SIGNOR;Sparser_ProtMapper;UniProt_ModRes,curated_literature,True,12,19092802;19234442;19707781;20823147;20965415;21326359;22971774;25979708;26941327;27220480;27449264;30013081,MIMP;PhosphoSite_MIMP;PhosphoSite_ProtMapper;ProtMapper;REACH_ProtMapper;RLIMS-P_ProtMapper;SIGNOR_ProtMapper;Sparser_ProtMapper;UniProt_ModRes
P16144,P11362,Fibroblast growth factor receptor,tyr,Y1564,Phosphorylation,1.0,PhosphoSitePlus;ProtMapper;Sparser_ProtMapper,curated_literature,True,1,26918348,PhosphoSite;PhosphoSite_ProtMapper;ProtMapper;Sparser_ProtMapper
P16234,P09619,CSF-1/PDGF receptor,tyr,Y754,Phosphorylation,5.0,HPRD;MIMP;PhosphoELM;PhosphoSitePlus;ProtMapper,curated_source,True,0,,HPRD_MIMP;MIMP;PhosphoSite;PhosphoSite_MIMP;PhosphoSite_ProtMapper;ProtMapper;phosphoELM_MIMP
P16234,P16234,CSF-1/PDGF receptor,tyr,Y1018;Y572;Y574;Y720;Y731;Y742;Y754;Y762;Y768;Y849;Y988,Phosphorylation,4.0,HPRD;UniProt;UniProt_ModRes;iPTMnet;neXtProt,curated_literature,True,9,10733900;10734113;11095946;1646396;17604334;7523122;7535778;8617789;8943348,HPRD;UniProt;UniProt_ModRes;iPTMnet_REST;neXtProt
P16284,P06239,SRC,tyr,Y663;Y713,Phosphorylation,2.0,PhosphoSitePlus;ProtMapper;Reactome_ProtMapper;SIGNOR,curated_literature,True,1,9624175,PhosphoSite;PhosphoSite_ProtMapper;ProtMapper;Reactome_ProtMapper;SIGNOR
P16284,P06241,SRC,tyr,Y663;Y690;Y713,Phosphorylation,2.0,PhosphoSitePlus;ProtMapper;Reactome_ProtMapper,curated_source,True,0,,PhosphoSite;PhosphoSite_ProtMapper;ProtMapper;Reactome_ProtMapper
P16284,P07332,Fes/fps,tyr,Y690;Y713,Phosphorylation,1.0,SIGNOR,curated_literature,True,1,12972546,SIGNOR
P16284,P07947,SRC,tyr,Y663,Phosphorylation,2.0,ProtMapper;Reactome_ProtMapper,predicted_or_inferred,False,0,,ProtMapper;Reactome_ProtMapper
P16284,P07948,SRC,tyr,Y663,Phosphorylation,2.0,ProtMapper;Reactome_ProtMapper,predicted_or_inferred,False,0,,ProtMapper;Reactome_ProtMapper
P16284,P08631,SRC,tyr,Y713,Phosphorylation,1.0,KEA,literature_supported,False,1,17570479,KEA
P16284,P12931,SRC,tyr,Y663,Phosphorylation,2.0,ProtMapper;Reactome_ProtMapper,predicted_or_inferred,False,0,,ProtMapper;Reactome_ProtMapper
P16284,P16591,Fes/fps,tyr,Y690;Y713,Phosphorylation,7.0,SIGNOR;UniProt_ModRes;dbPTM,curated_literature,True,8,12972546;15592455;18083107;18088087;19342684;19690332;21464369;9298995,SIGNOR;UniProt_ModRes;dbPTM
P16284,P41240,CSK,tyr,Y713,Phosphorylation,1.0,SIGNOR,curated_literature,True,1,9624175,SIGNOR
P16333,P00519,ABL,tyr,Y105,Phosphorylation,2.0,HPRD;MIMP;PhosphoELM;PhosphoSitePlus;ProtMapper;RLIMS-P_ProtMapper;SIGNOR,curated_literature,True,1,22327338,HPRD_MIMP;MIMP;PhosphoSite;PhosphoSite_MIMP;PhosphoSite_ProtMapper;ProtMapper;RLIMS-P_ProtMapper;SIGNOR;SIGNOR_ProtMapper;phosphoELM_MIMP
P16333,P00533,EGF receptor,tyr,Y105,Phosphorylation,1.0,BEL-Large-Corpus_ProtMapper;ProtMapper,literature_supported,False,1,15951569,BEL-Large-Corpus_ProtMapper;ProtMapper
P16410,O60674,JAK,tyr,Y201,Phosphorylation,7.0,HPRD;KEA;MIMP;PhosphoELM;PhosphoNetworks;PhosphoSitePlus;ProtMapper;SIGNOR;UniProt_ModRes,curated_literature,True,4,10842319;9175836;9813138;9973379,HPRD;HPRD_MIMP;KEA;MIMP;PhosphoNetworks;PhosphoSite_MIMP;ProtMapper;SIGNOR;SIGNOR_ProtMapper;UniProt_ModRes;phosphoELM;phosphoELM_MIMP
P16410,P06239,SRC,tyr,Y201;Y218,Phosphorylation,6.0,HPRD;KEA;MIMP;PhosphoELM;PhosphoSitePlus;ProtMapper;REACH_ProtMapper;SIGNOR,curated_literature,True,3,10842319;9813138;9973379,HPRD;HPRD_MIMP;KEA;MIMP;PhosphoSite_MIMP;ProtMapper;REACH_ProtMapper;SIGNOR;SIGNOR_ProtMapper;phosphoELM_MIMP
P16410,P06241,SRC,tyr,Y201;Y218,Phosphorylation,6.0,HPRD;KEA;MIMP;PhosphoELM;PhosphoSitePlus;ProtMapper;REACH_ProtMapper;SIGNOR,curated_literature,True,3,10842319;9813138;9973379,HPRD;HPRD_MIMP;KEA;MIMP;PhosphoSite_MIMP;ProtMapper;REACH_ProtMapper;SIGNOR;SIGNOR_ProtMapper;phosphoELM_MIMP
P16410,P23458,JAK,tyr,Y201,Phosphorylation,1.0,Li2012,predicted_or_inferred,False,0,,Li2012
P16410,P42680,TEC,tyr,Y201,Phosphorylation,1.0,Li2012,predicted_or_inferred,False,0,,Li2012
P16410,P42681,TEC,tyr,Y201,Phosphorylation,9.0,HPRD;KEA;MIMP;PhosphoELM;PhosphoSitePlus;ProtMapper;SIGNOR;UniProt_ModRes;dbPTM,curated_literature,True,4,10842319;9175836;9813138;9973379,HPRD;HPRD_MIMP;KEA;MIMP;PhosphoSite_MIMP;ProtMapper;SIGNOR;SIGNOR_ProtMapper;UniProt_ModRes;dbPTM;phosphoELM;phosphoELM_MIMP
P16410,P43403,SYK/ZAP-70,tyr,Y218,Phosphorylation,1.0,ProtMapper;REACH_ProtMapper,literature_supported,False,1,9973379,ProtMapper;REACH_ProtMapper
P16591,P06213,Insulin receptor,tyr,Y714,Phosphorylation,1.0,KEA,literature_supported,False,1,17570479,KEA
P16591,P12931,SRC,tyr,Y714,Phosphorylation,1.0,KEA;PhosphoSitePlus;ProtMapper,curated_literature,True,1,17570479,KEA;PhosphoSite;PhosphoSite_ProtMapper;ProtMapper
P16591,P16591,Fes/fps,tyr,Y615;Y714,Phosphorylation,4.0,HPRD;PhosphoSitePlus;UniProt_ModRes;iPTMnet;neXtProt,curated_literature,True,5,10074905;10998246;18691976;19159681;19901323,HPRD;PSP;UniProt_ModRes;iPTMnet_REST;neXtProt
P16662,P12931,SRC,tyr,Y438,Phosphorylation,2.0,MIMP;PhosphoSitePlus;ProtMapper;SIGNOR,curated_literature,True,1,19289110,MIMP;PhosphoSite;PhosphoSite_MIMP;PhosphoSite_ProtMapper;ProtMapper;SIGNOR;SIGNOR_ProtMapper
P16871,P23458,JAK,tyr,Y449,Phosphorylation,1.0,ProtMapper;REACH_ProtMapper,literature_supported,False,1,27729062,ProtMapper;REACH_ProtMapper
P16871,P52333,JAK,tyr,Y449,Phosphorylation,2.0,ProtMapper;Sparser_ProtMapper,literature_supported,False,2,22551764;27423467,ProtMapper;Sparser_ProtMapper
P16885,P00533,EGF receptor,tyr,Y1197,Phosphorylation,1.0,KEA,literature_supported,False,1,17570479,KEA
P16885,P06239,SRC,tyr,Y1197;Y1217;Y743;Y753;Y759,Phosphorylation,13.0,HPRD;KEA;MIMP;PhosphoELM;PhosphoNetworks;PhosphoSitePlus;ProtMapper;SIGNOR,curated_literature,True,10,11507089;11606584;12181444;14656219;15144186;15184383;16497976;17570479;19901323;7682059,HPRD;HPRD_MIMP;KEA;MIMP;PhosphoNetworks;PhosphoSite;PhosphoSite_MIMP;PhosphoSite_ProtMapper;ProtMapper;SIGNOR;SIGNOR_ProtMapper;phosphoELM;phosphoELM_MIMP
P16885,P06241,SRC,tyr,Y1217;Y743;Y753;Y759,Phosphorylation,11.0,HPRD;KEA;MIMP;PhosphoELM;PhosphoNetworks;PhosphoSitePlus;ProtMapper;SIGNOR,curated_literature,True,8,11507089;11606584;12181444;14656219;15144186;16497976;19901323;7682059,HPRD;HPRD_MIMP;KEA;MIMP;PhosphoNetworks;PhosphoSite;PhosphoSite_MIMP;PhosphoSite_ProtMapper;ProtMapper;SIGNOR;SIGNOR_ProtMapper;phosphoELM;phosphoELM_MIMP
P16885,P07948,SRC,tyr,Y743;Y753;Y759,Phosphorylation,12.0,BEL-Large-Corpus_ProtMapper;HPRD;KEA;MIMP;PhosphoELM;PhosphoSitePlus;ProtMapper;SIGNOR,curated_literature,True,9,11507089;11606584;12181444;14656219;15144186;15212693;16497976;19901323;7682059,BEL-Large-Corpus_ProtMapper;HPRD;HPRD_MIMP;KEA;MIMP;PhosphoSite_MIMP;ProtMapper;SIGNOR;SIGNOR_ProtMapper;phosphoELM;phosphoELM_MIMP
P16885,P08631,SRC,tyr,Y753;Y759,Phosphorylation,11.0,HPRD;KEA;MIMP;PhosphoELM;PhosphoSitePlus;ProtMapper;SIGNOR,curated_literature,True,8,11507089;11606584;12181444;14656219;15144186;16497976;19901323;7682059,HPRD;HPRD_MIMP;KEA;MIMP;PhosphoSite_MIMP;ProtMapper;SIGNOR;SIGNOR_ProtMapper;phosphoELM_MIMP
P16885,P12931,SRC,tyr,Y753;Y759,Phosphorylation,6.0,HPRD;KEA;Li2012;MIMP;PhosphoELM;PhosphoSitePlus;ProtMapper,curated_literature,True,6,11507089;11606584;12181444;14656219;15144186;7682059,HPRD_MIMP;KEA;Li2012;MIMP;PhosphoSite;PhosphoSite_MIMP;PhosphoSite_ProtMapper;ProtMapper;phosphoELM;phosphoELM_MIMP
P16885,P42680,TEC,tyr,Y753;Y759,Phosphorylation,2.0,Li2012;iPTMnet;neXtProt,literature_supported,False,1,15184383,Li2012;iPTMnet_REST;neXtProt
P16885,P43405,SYK/ZAP-70,tyr,Y759,Phosphorylation,5.0,HPRD;MIMP;PhosphoELM;PhosphoSitePlus;ProtMapper,curated_source,True,0,,HPRD_MIMP;MIMP;PhosphoSite;PhosphoSite_MIMP;PhosphoSite_ProtMapper;ProtMapper;phosphoELM_MIMP
P16885,Q06187,TEC,tyr,Y1197;Y1217;Y1245;Y753;Y759,Phosphorylation,22.0,HPRD;KEA;MIMP;PhosphoELM;PhosphoNetworks;PhosphoSitePlus;ProtMapper;REACH_ProtMapper;RLIMS-P_ProtMapper;SIGNOR;Sparser_ProtMapper;UniProt_ModRes;dbPTM,curated_literature,True,16,11507089;11606584;12181444;12235209;14656219;15144186;15184383;16497976;17239630;17290227;19690332;19901323;21074890;22409342;29455639;7682059,HPRD;HPRD_MIMP;KEA;MIMP;PhosphoNetworks;PhosphoSite;PhosphoSite_MIMP;PhosphoSite_ProtMapper;ProtMapper;REACH_ProtMapper;RLIMS-P_ProtMapper;SIGNOR;SIGNOR_ProtMapper;Sparser_ProtMapper;UniProt_ModRes;dbPTM;phosphoELM;phosphoELM_MIMP
P17028,P06213,Insulin receptor,tyr,Y335,Phosphorylation,1.0,KEA,literature_supported,False,1,17570479,KEA
P17028,P08631,SRC,tyr,Y335,Phosphorylation,1.0,KEA,literature_supported,False,1,17570479,KEA
P17028,P21860,EGF receptor,tyr,Y335,Phosphorylation,1.0,KEA,literature_supported,False,1,17570479,KEA
P17181,P08069,Insulin receptor,tyr,Y481,Phosphorylation,1.0,KEA,literature_supported,False,1,17570479,KEA
P17181,P08631,SRC,tyr,Y481,Phosphorylation,1.0,KEA,literature_supported,False,1,17570479,KEA
P17181,P23458,JAK,tyr,Y466;Y481,Phosphorylation,1.0,Li2012;ProtMapper;REACH_ProtMapper,literature_supported,False,1,25386349,Li2012;ProtMapper;REACH_ProtMapper
P17181,P29597,JAK,tyr,Y466;Y481,Phosphorylation,11.0,HPRD;KEA;MIMP;PhosphoELM;PhosphoNetworks;PhosphoSitePlus;ProtMapper;REACH_ProtMapper;SIGNOR;Sparser_ProtMapper;UniProt_ModRes,curated_literature,True,9,20937132;21949722;21994561;23223197;7526154;8605876;8700538;95059042;9677371,HPRD_MIMP;KEA;MIMP;PhosphoNetworks;PhosphoSite;PhosphoSite_MIMP;PhosphoSite_ProtMapper;ProtMapper;REACH_ProtMapper;SIGNOR;SIGNOR_ProtMapper;Sparser_ProtMapper;UniProt_ModRes;phosphoELM;phosphoELM_MIMP
P17252,P43405,SYK/ZAP-70,tyr,Y658,Phosphorylation,7.0,HPRD;KEA;MIMP;PhosphoELM;PhosphoSitePlus;ProtMapper;SIGNOR;Sparser_ProtMapper;UniProt_ModRes,curated_literature,True,3,12881490;17192257;20068231,HPRD;HPRD_MIMP;KEA;MIMP;PhosphoSite_MIMP;ProtMapper;SIGNOR;SIGNOR_ProtMapper;Sparser_ProtMapper;UniProt_ModRes;phosphoELM;phosphoELM_MIMP
P17275,P00519,ABL,tyr,Y173;Y182;Y188,Phosphorylation,2.0,PhosphoSitePlus;ProtMapper;RLIMS-P_ProtMapper,curated_literature,True,1,26217035,PhosphoSite;PhosphoSite_ProtMapper;ProtMapper;RLIMS-P_ProtMapper
P17302,P12931,SRC,tyr,Y247;Y265;Y313,Phosphorylation,14.0,HPRD;KEA;MIMP;PhosphoELM;PhosphoSitePlus;ProtMapper;REACH_ProtMapper;RLIMS-P_ProtMapper;SIGNOR;Sparser_ProtMapper,curated_literature,True,15,11514593;16916748;19284610;19901323;21856279;22342665;23596415;23718910;24508467;24670366;26706150;27280719;29587860;30095367;30323740,HPRD;HPRD_MIMP;KEA;MIMP;PhosphoSite;PhosphoSite_MIMP;PhosphoSite_ProtMapper;ProtMapper;REACH_ProtMapper;RLIMS-P_ProtMapper;SIGNOR;SIGNOR_ProtMapper;Sparser_ProtMapper;phosphoELM_MIMP
P17302,P29597,JAK,tyr,Y247;Y265,Phosphorylation,1.0,ProtMapper;Sparser_ProtMapper,literature_supported,False,1,27235399,ProtMapper;Sparser_ProtMapper
P17600,P12931,SRC,tyr,Y301,Phosphorylation,2.0,ProtMapper;REACH_ProtMapper,literature_supported,False,2,23173039;27115346,ProtMapper;REACH_ProtMapper
P17600,P41240,CSK,tyr,Y301,Phosphorylation,1.0,ProtMapper;Sparser_ProtMapper,literature_supported,False,1,23173039,ProtMapper;Sparser_ProtMapper
P17612,P06241,SRC,tyr,Y70,Phosphorylation,1.0,PhosphoSitePlus,curated_source,True,0,,PhosphoSite
P17612,P41240,CSK,tyr,Y331,Phosphorylation,1.0,PhosphoNetworks,predicted_or_inferred,False,0,,PhosphoNetworks
P17612,P43403,SYK/ZAP-70,tyr,Y331,Phosphorylation,1.0,PhosphoNetworks,predicted_or_inferred,False,0,,PhosphoNetworks
P17612,Q96S53,TKL Ser/Thr protein kinase,dual,Y331,Phosphorylation,1.0,PhosphoNetworks,predicted_or_inferred,False,0,,PhosphoNetworks
P17676,P00519,ABL,tyr,Y78,Phosphorylation,2.0,MIMP;PhosphoSitePlus;ProtMapper;SIGNOR,curated_literature,True,1,19563810,MIMP;PhosphoSite;PhosphoSite_MIMP;PhosphoSite_ProtMapper;ProtMapper;SIGNOR;SIGNOR_ProtMapper
P17676,P42684,ABL,tyr,Y78,Phosphorylation,2.0,MIMP;PhosphoSitePlus;ProtMapper;SIGNOR,curated_literature,True,1,19563810,MIMP;PhosphoSite;PhosphoSite_MIMP;PhosphoSite_ProtMapper;ProtMapper;SIGNOR;SIGNOR_ProtMapper
P17813,P12931,SRC,tyr,Y612;Y614,Phosphorylation,1.0,PhosphoSitePlus,curated_source,True,0,,PhosphoSite
P17844,P00519,ABL,tyr,Y593,Phosphorylation,2.0,MIMP;PhosphoSitePlus;ProtMapper;SIGNOR,curated_literature,True,1,17018282,MIMP;PhosphoSite;PhosphoSite_MIMP;PhosphoSite_ProtMapper;ProtMapper;SIGNOR;SIGNOR_ProtMapper
P17931,P00519,ABL,tyr,Y107;Y118;Y79,Phosphorylation,5.0,MIMP;PhosphoSitePlus;ProtMapper;REACH_ProtMapper;RLIMS-P_ProtMapper;SIGNOR;Sparser_ProtMapper,curated_literature,True,4,20600357;22232548;23625538;24205440,MIMP;PhosphoSite;PhosphoSite_MIMP;PhosphoSite_ProtMapper;ProtMapper;REACH_ProtMapper;RLIMS-P_ProtMapper;SIGNOR;SIGNOR_ProtMapper;Sparser_ProtMapper
P17931,P42684,ABL,tyr,Y118;Y79,Phosphorylation,2.0,MIMP;PhosphoSitePlus;ProtMapper;SIGNOR,curated_literature,True,1,20150913,MIMP;PhosphoSite;PhosphoSite_MIMP;PhosphoSite_ProtMapper;ProtMapper;SIGNOR;SIGNOR_ProtMapper
P17948,P06213,Insulin receptor,tyr,Y1169;Y1242;Y794,Phosphorylation,1.0,KEA,literature_supported,False,1,17570479,KEA
P17948,P17948,CSF-1/PDGF receptor,tyr,Y1053;Y1169;Y1213;Y1242;Y1309;Y1327;Y1333;Y794;Y914,Phosphorylation,4.0,HPRD;PhosphoELM;PhosphoSitePlus;SIGNOR;UniProt;UniProt_ModRes;iPTMnet;neXtProt,curated_literature,True,7,11513746;11583921;12796773;16946136;9299537;9600074;9722576,HPRD;PSP;Signor;UniProt;UniProt_ModRes;iPTMnet_REST;neXtProt;phospho.ELM
P17948,P35916,CSF-1/PDGF receptor,tyr,Y1169;Y1213;Y1333;Y794,Phosphorylation,1.0,Li2012,predicted_or_inferred,False,0,,Li2012
P17948,P35968,CSF-1/PDGF receptor,tyr,Y1169;Y1213;Y1333;Y794,Phosphorylation,1.0,Li2012,predicted_or_inferred,False,0,,Li2012
P18031,P00533,EGF receptor,tyr,Y66,Phosphorylation,8.0,HPRD;KEA;Li2012;MIMP;PhosphoELM;PhosphoSitePlus;ProtMapper;SIGNOR;UniProt_ModRes;dbPTM,curated_literature,True,4,11106648;11506178;8999839;9355745,HPRD_MIMP;KEA;Li2012;MIMP;PhosphoSite;PhosphoSite_MIMP;PhosphoSite_ProtMapper;ProtMapper;SIGNOR;SIGNOR_ProtMapper;UniProt_ModRes;dbPTM;phosphoELM;phosphoELM_MIMP
P18031,P06213,Insulin receptor,tyr,Y152;Y153;Y66,Phosphorylation,10.0,BEL-Large-Corpus_ProtMapper;HPRD;KEA;Li2012;MIMP;PhosphoELM;PhosphoSitePlus;ProtMapper;SIGNOR,curated_literature,True,6,11106648;11506178;15212693;17570479;8999839;9355745,BEL-Large-Corpus_ProtMapper;HPRD;HPRD_MIMP;KEA;Li2012;MIMP;PhosphoSite_MIMP;ProtMapper;SIGNOR;SIGNOR_ProtMapper;phosphoELM;phosphoELM_MIMP
P18031,P16591,Fes/fps,tyr,Y152,Phosphorylation,4.0,NCI-PID_ProtMapper;ProtMapper;REACH_ProtMapper,literature_supported,False,4,11106648;12377785;15226396;9786960,NCI-PID_ProtMapper;ProtMapper;REACH_ProtMapper
P18206,P00519,ABL,tyr,Y822,Phosphorylation,2.0,ProtMapper;REACH_ProtMapper;RLIMS-P_ProtMapper;Sparser_ProtMapper,literature_supported,False,2,24751539;28553939,ProtMapper;REACH_ProtMapper;RLIMS-P_ProtMapper;Sparser_ProtMapper
P18206,P12931,SRC,tyr,Y100;Y1065;Y1133,Phosphorylation,5.0,HPRD;KEA;MIMP;PhosphoELM;PhosphoSitePlus;ProtMapper;REACH_ProtMapper;RLIMS-P_ProtMapper;SIGNOR;Sparser_ProtMapper,curated_literature,True,4,15229287;25115937;28592633;28684609,HPRD_MIMP;KEA;MIMP;PhosphoSite_MIMP;ProtMapper;REACH_ProtMapper;RLIMS-P_ProtMapper;SIGNOR;SIGNOR_ProtMapper;Sparser_ProtMapper;phosphoELM_MIMP
P18206,Q05397,FAK,tyr,Y100;Y1133,Phosphorylation,1.0,ProtMapper;REACH_ProtMapper,literature_supported,False,1,19138410,ProtMapper;REACH_ProtMapper
P18433,P12931,SRC,tyr,Y789;Y798,Phosphorylation,10.0,HPRD;KEA;MIMP;PhosphoELM;PhosphoSitePlus;ProtMapper;SIGNOR,curated_literature,True,7,11923305;16497976;17016520;17389395;18578522;20068231;7518772,HPRD;HPRD_MIMP;KEA;MIMP;PhosphoSite;PhosphoSite_MIMP;PhosphoSite_ProtMapper;ProtMapper;SIGNOR_ProtMapper;phosphoELM_MIMP
P18669,P11362,Fibroblast growth factor receptor,tyr,Y26,Phosphorylation,1.0,ProtMapper;REACH_ProtMapper,literature_supported,False,1,30087897,ProtMapper;REACH_ProtMapper
P18827,P12931,SRC,tyr,Y286,Phosphorylation,2.0,PhosphoSitePlus;ProtMapper,curated_source,True,0,,PhosphoSite;PhosphoSite_ProtMapper;ProtMapper
P18858,O43781,MNB/DYRK,dual,Y919,Phosphorylation,1.0,PhosphoNetworks,predicted_or_inferred,False,0,,PhosphoNetworks
P19022,P12931,SRC,tyr,Y820;Y852;Y860;Y884;Y886,Phosphorylation,5.0,KEA;MIMP;PhosphoELM;PhosphoSitePlus;ProtMapper;SIGNOR,curated_literature,True,2,10502299;16371504,KEA;MIMP;PhosphoSite;PhosphoSite_MIMP;PhosphoSite_ProtMapper;ProtMapper;SIGNOR;SIGNOR_ProtMapper;phosphoELM;phosphoELM_MIMP
P19105,P00533,EGF receptor,tyr,Y155,Phosphorylation,1.0,PhosphoSitePlus,curated_source,True,0,,PhosphoSite
P19174,P00519,ABL,tyr,Y1003;Y771,Phosphorylation,2.0,NCI-PID_ProtMapper;PhosphoSitePlus;ProtMapper;Sparser_ProtMapper,curated_literature,True,2,12652307;19290927,NCI-PID_ProtMapper;PhosphoSite;PhosphoSite_ProtMapper;ProtMapper;Sparser_ProtMapper
P19174,P00533,EGF receptor,tyr,Y1253;Y1254;Y472;Y771;Y775;Y783,Phosphorylation,22.0,BEL-Large-Corpus_ProtMapper;HPRD;KEA;Li2012;MIMP;PhosphoELM;PhosphoSitePlus;ProtMapper;SIGNOR,curated_literature,True,24,12601080;15144186;15212693;15592455;15864276;15951569;16038803;16126727;16153436;16497976;1689310;17016520;17081983;1708307;17389395;17570479;19901323;20068231;7682059;7991458;8578591;8657103;8885868;9176240,BEL-Large-Corpus_ProtMapper;HPRD;HPRD_MIMP;KEA;Li2012;MIMP;PhosphoSite;PhosphoSite_MIMP;PhosphoSite_ProtMapper;ProtMapper;SIGNOR;SIGNOR_ProtMapper;phosphoELM;phosphoELM_MIMP
P19174,P06239,SRC,tyr,Y771,Phosphorylation,1.0,KEA,literature_supported,False,1,17570479,KEA
P19174,P07948,SRC,tyr,Y771;Y783,Phosphorylation,19.0,HPRD;KEA;MIMP;PhosphoELM;PhosphoSitePlus;ProtMapper;REACH_ProtMapper;RLIMS-P_ProtMapper;SIGNOR,curated_literature,True,15,12601080;15144186;15592455;16038803;16126727;16153436;16497976;1689310;17016520;1708307;17389395;20068231;7682059;8657103;8885868,HPRD;HPRD_MIMP;KEA;MIMP;PhosphoSite_MIMP;ProtMapper;REACH_ProtMapper;RLIMS-P_ProtMapper;SIGNOR;SIGNOR_ProtMapper;phosphoELM_MIMP
P19174,P07949,Tyr protein kinase,tyr,Y783,Phosphorylation,17.0,HPRD;KEA;MIMP;PhosphoELM;PhosphoSitePlus;ProtMapper,curated_literature,True,13,12601080;16038803;16126727;16153436;16497976;1689310;17016520;1708307;17389395;20068231;7682059;8657103;8885868,HPRD;HPRD_MIMP;KEA;MIMP;PhosphoSite;PhosphoSite_MIMP;PhosphoSite_ProtMapper;ProtMapper;phosphoELM_MIMP
P19174,P08631,SRC,tyr,Y1253;Y1254;Y771;Y783,Phosphorylation,19.0,HPRD;KEA;MIMP;PhosphoELM;PhosphoSitePlus;ProtMapper;SIGNOR,curated_literature,True,17,12601080;15144186;15592455;16038803;16126727;16153436;16497976;1689310;17016520;17081983;1708307;17389395;18707149;20068231;7682059;8657103;8885868,HPRD;HPRD_MIMP;KEA;MIMP;PhosphoSite_MIMP;ProtMapper;SIGNOR;SIGNOR_ProtMapper;phosphoELM_MIMP
P19174,P08922,Insulin receptor,tyr,Y783,Phosphorylation,1.0,ProtMapper;REACH_ProtMapper,literature_supported,False,1,29388468,ProtMapper;REACH_ProtMapper
P19174,P09619,CSF-1/PDGF receptor,tyr,Y1253;Y1254;Y771;Y783,Phosphorylation,9.0,BEL-Large-Corpus_ProtMapper;KEA;Li2012;PhosphoSitePlus;ProtMapper,curated_literature,True,13,12601080;15144186;15212693;15592455;16038803;16126727;16153436;1689310;17081983;1708307;7682059;8657103;8885868,BEL-Large-Corpus_ProtMapper;KEA;Li2012;PhosphoSite;ProtMapper
P19174,P11362,Fibroblast growth factor receptor,tyr,Y1253;Y1254;Y472;Y771;Y783,Phosphorylation,11.0,BEL-Large-Corpus_ProtMapper;KEA;Li2012;NCI-PID_ProtMapper;PhosphoNetworks;ProtMapper,literature_supported,False,16,12601080;15144186;15212693;15592455;16038803;16126727;16153436;1689310;17081983;1708307;7682059;7991458;8050374;8657103;8885868;9052794,BEL-Large-Corpus_ProtMapper;KEA;Li2012;NCI-PID_ProtMapper;PhosphoNetworks;ProtMapper
P19174,P12931,SRC,tyr,Y1253;Y472;Y771;Y783,Phosphorylation,19.0,HPRD;KEA;MIMP;PhosphoELM;PhosphoSitePlus;ProtMapper;Reactome_ProtMapper;SIGNOR,curated_literature,True,14,12601080;16038803;16126727;16153436;16497976;1689310;17016520;1708307;17389395;17570479;20068231;7682059;8657103;8885868,HPRD;HPRD_MIMP;KEA;MIMP;PhosphoSite_MIMP;ProtMapper;Reactome_ProtMapper;SIGNOR;SIGNOR_ProtMapper;phosphoELM_MIMP
P19174,P16234,CSF-1/PDGF receptor,tyr,Y1253;Y1254;Y771;Y783,Phosphorylation,9.0,KEA,literature_supported,False,12,12601080;15144186;15592455;16038803;16126727;16153436;1689310;17081983;1708307;7682059;8657103;8885868,KEA
P19174,P21802,Fibroblast growth factor receptor,tyr,Y1253;Y1254;Y771;Y783,Phosphorylation,9.0,KEA,literature_supported,False,12,12601080;15144186;15592455;16038803;16126727;16153436;1689310;17081983;1708307;7682059;8657103;8885868,KEA
P19174,P22455,Fibroblast growth factor receptor,tyr,Y1253;Y1254;Y771;Y783,Phosphorylation,9.0,KEA,literature_supported,False,12,12601080;15144186;15592455;16038803;16126727;16153436;1689310;17081983;1708307;7682059;8657103;8885868,KEA
P19174,P22607,Fibroblast growth factor receptor,tyr,Y1253;Y1254;Y771;Y783,Phosphorylation,9.0,KEA,literature_supported,False,12,12601080;15144186;15592455;16038803;16126727;16153436;1689310;17081983;1708307;7682059;8657103;8885868,KEA
P19174,P30530,AXL/UFO,tyr,Y771,Phosphorylation,1.0,Li2012,predicted_or_inferred,False,0,,Li2012
P19174,P35968,CSF-1/PDGF receptor,tyr,Y1253,Phosphorylation,1.0,BEL-Large-Corpus_ProtMapper;ProtMapper,literature_supported,False,1,15212693,BEL-Large-Corpus_ProtMapper;ProtMapper
P19174,P42680,TEC,tyr,Y783,Phosphorylation,1.0,ProtMapper;Sparser_ProtMapper,literature_supported,False,1,24317039,ProtMapper;Sparser_ProtMapper
P19174,P42681,TEC,tyr,Y783,Phosphorylation,1.0,UniProt_ModRes,curated_literature,True,4,11564877;15215251;19690332;8657103,UniProt_ModRes
P19174,P43403,SYK/ZAP-70,tyr,Y1253;Y783,Phosphorylation,2.0,iPTMnet;neXtProt,literature_supported,False,1,15161916,iPTMnet_REST;neXtProt
P19174,P43405,SYK/ZAP-70,tyr,Y1254;Y771;Y775;Y783,Phosphorylation,25.0,HPRD;KEA;Li2012;MIMP;PhosphoELM;PhosphoNetworks;PhosphoSitePlus;ProtMapper;RLIMS-P_ProtMapper;SIGNOR;UniProt_ModRes;dbPTM,curated_literature,True,21,11564877;12601080;15144186;15215251;15592455;16038803;16126727;16153436;16497976;1689310;17016520;17081983;1708307;17389395;19534553;19690332;20068231;20494825;7682059;8657103;8885868,HPRD;HPRD_MIMP;KEA;Li2012;MIMP;PhosphoNetworks;PhosphoSite;PhosphoSite_MIMP;PhosphoSite_ProtMapper;ProtMapper;RLIMS-P_ProtMapper;SIGNOR;SIGNOR_ProtMapper;UniProt_ModRes;dbPTM;phosphoELM;phosphoELM_MIMP
P19174,P54764,Ephrin receptor,tyr,Y783,Phosphorylation,2.0,iPTMnet;neXtProt,literature_supported,False,1,17494698,iPTMnet_REST;neXtProt
P19174,Q05397,FAK,tyr,Y783,Phosphorylation,1.0,ProtMapper;Sparser_ProtMapper,literature_supported,False,1,26278977,ProtMapper;Sparser_ProtMapper
P19174,Q06187,TEC,tyr,Y1253;Y783,Phosphorylation,2.0,NCI-PID_ProtMapper;ProtMapper,literature_supported,False,2,15010370;9550384,NCI-PID_ProtMapper;ProtMapper
P19174,Q06418,AXL/UFO,tyr,Y771,Phosphorylation,8.0,KEA,literature_supported,False,8,12601080;15144186;15592455;16038803;1689310;1708307;7682059;8657103,KEA
P19174,Q08881,TEC,tyr,Y775;Y783,Phosphorylation,16.0,HPRD;MIMP;PhosphoELM;PhosphoSitePlus;ProtMapper;REACH_ProtMapper;RLIMS-P_ProtMapper;Sparser_ProtMapper;UniProt_ModRes;dbPTM;iPTMnet;neXtProt,curated_literature,True,17,11564877;15215251;15951569;17148460;17389395;17420479;19412549;19427038;19534553;19690332;20237289;22649724;23933134;24412752;25916191;28644030;8657103,HPRD_MIMP;MIMP;PhosphoSite;PhosphoSite_MIMP;PhosphoSite_ProtMapper;ProtMapper;REACH_ProtMapper;RLIMS-P_ProtMapper;Sparser_ProtMapper;UniProt_ModRes;dbPTM;iPTMnet_REST;neXtProt;phosphoELM_MIMP
P19174,Q16620,Insulin receptor,tyr,Y1253;Y1254;Y771;Y783,Phosphorylation,9.0,KEA,literature_supported,False,12,12601080;15144186;15592455;16038803;16126727;16153436;1689310;17081983;1708307;7682059;8657103;8885868,KEA
P19235,O60674,JAK,tyr,Y368;Y426;Y454;Y456;Y468;Y485;Y489;Y504,Phosphorylation,7.0,BEL-Large-Corpus_ProtMapper;HPRD;KEA;MIMP;PhosphoELM;PhosphoNetworks;PhosphoSitePlus;ProtMapper;SIGNOR;UniProt_ModRes,curated_literature,True,9,10579919;10660611;11443118;11781573;12027890;12441334;15212693;7559499;9573010,BEL-Large-Corpus_ProtMapper;HPRD;HPRD_MIMP;KEA;MIMP;PhosphoNetworks;PhosphoSite_MIMP;ProtMapper;SIGNOR;SIGNOR_ProtMapper;UniProt_ModRes;phosphoELM;phosphoELM_MIMP
P19235,P06213,Insulin receptor,tyr,Y489,Phosphorylation,1.0,KEA,literature_supported,False,1,17570479,KEA
P19235,P07948,SRC,tyr,Y368;Y489,Phosphorylation,3.0,HPRD;KEA;MIMP;PhosphoELM;PhosphoNetworks;PhosphoSitePlus,curated_literature,True,2,10579919;12441334,HPRD_MIMP;KEA;MIMP;PhosphoNetworks;PhosphoSite_MIMP;phosphoELM;phosphoELM_MIMP
P19235,P23458,JAK,tyr,Y426;Y454;Y456;Y489,Phosphorylation,1.0,Li2012,predicted_or_inferred,False,0,,Li2012
P19367,P12931,SRC,tyr,Y686;Y732,Phosphorylation,1.0,PhosphoSitePlus;ProtMapper;REACH_ProtMapper;RLIMS-P_ProtMapper;Sparser_ProtMapper,curated_literature,True,1,28054552,PhosphoSite;PhosphoSite_ProtMapper;ProtMapper;REACH_ProtMapper;RLIMS-P_ProtMapper;Sparser_ProtMapper
P19404,P12931,SRC,tyr,Y193,Phosphorylation,1.0,PhosphoSitePlus;ProtMapper;REACH_ProtMapper;Sparser_ProtMapper;UniProt_ModRes,curated_literature,True,1,22823520,PhosphoSite;PhosphoSite_ProtMapper;ProtMapper;REACH_ProtMapper;Sparser_ProtMapper;UniProt_ModRes
P19404,P41240,CSK,tyr,Y193,Phosphorylation,1.0,ProtMapper;REACH_ProtMapper,literature_supported,False,1,22823520,ProtMapper;REACH_ProtMapper
P19525,P19525,GCN2,dual,Y101;Y162;Y293,Phosphorylation,3.0,HPRD;PhosphoSitePlus;SIGNOR;UniProt;UniProt_ModRes;iPTMnet,curated_literature,True,1,16373505,HPRD;PSP;Signor;UniProt;UniProt_ModRes;iPTMnet_REST
P19525,P23458,JAK,tyr,Y101;Y293,Phosphorylation,2.0,HPRD;KEA;MIMP;PhosphoELM;PhosphoSitePlus,curated_literature,True,1,17290288,HPRD;HPRD_MIMP;KEA;MIMP;PhosphoSite_MIMP;phosphoELM_MIMP
P19525,P29597,JAK,tyr,Y162,Phosphorylation,1.0,PhosphoNetworks,predicted_or_inferred,False,0,,PhosphoNetworks
P19793,P45985,MAP kinase kinase,dual,Y249,Phosphorylation,4.0,KEA;MIMP;PhosphoELM;PhosphoSitePlus;ProtMapper;SIGNOR,curated_literature,True,1,10938283,KEA;MIMP;PhosphoSite;PhosphoSite_MIMP;PhosphoSite_ProtMapper;ProtMapper;SIGNOR;SIGNOR_ProtMapper;phosphoELM;phosphoELM_MIMP
P20138,P00533,EGF receptor,tyr,Y340,Phosphorylation,1.0,KEA,literature_supported,False,1,17570479,KEA
P20138,P06239,SRC,tyr,Y340;Y358,Phosphorylation,5.0,HPRD;KEA;MIMP;PhosphoELM;PhosphoSitePlus;ProtMapper;SIGNOR;UniProt_ModRes,curated_literature,True,3,10206955;10556798;10887109,HPRD_MIMP;KEA;MIMP;PhosphoSite;PhosphoSite_MIMP;PhosphoSite_ProtMapper;ProtMapper;SIGNOR;SIGNOR_ProtMapper;UniProt_ModRes;phosphoELM;phosphoELM_MIMP
P20138,P07948,SRC,tyr,Y340,Phosphorylation,1.0,KEA,literature_supported,False,1,17570479,KEA
P20138,P12931,SRC,tyr,Y340,Phosphorylation,3.0,HPRD;KEA;Li2012;MIMP;PhosphoELM;PhosphoSitePlus,curated_literature,True,2,10206955;10887109,HPRD_MIMP;KEA;Li2012;MIMP;PhosphoSite_MIMP;phosphoELM;phosphoELM_MIMP
P20273,P07948,SRC,tyr,Y762;Y807;Y822,Phosphorylation,2.0,ProtMapper;Reactome_ProtMapper,predicted_or_inferred,False,0,,ProtMapper;Reactome_ProtMapper
P20273,P12931,SRC,tyr,Y762;Y807;Y822;Y842,Phosphorylation,1.0,Li2012,predicted_or_inferred,False,0,,Li2012
P20916,P06241,SRC,tyr,Y620,Phosphorylation,3.0,HPRD;KEA;MIMP;ProtMapper;SIGNOR,curated_literature,True,1,7525550,HPRD;HPRD_MIMP;KEA;MIMP;ProtMapper;SIGNOR_ProtMapper
P20936,P00533,EGF receptor,tyr,Y283;Y460,Phosphorylation,7.0,HPRD;KEA;Li2012;MIMP;PhosphoELM;PhosphoSitePlus;ProtMapper;SIGNOR;Sparser_ProtMapper,curated_literature,True,3,17570479;1850098;7991458,HPRD;HPRD_MIMP;KEA;Li2012;MIMP;PhosphoSite_MIMP;ProtMapper;SIGNOR;SIGNOR_ProtMapper;Sparser_ProtMapper;phosphoELM;phosphoELM_MIMP
P20936,P06239,SRC,tyr,Y283;Y460,Phosphorylation,2.0,HPRD;KEA;MIMP;PhosphoELM;PhosphoSitePlus,curated_literature,True,1,1850098,HPRD;HPRD_MIMP;KEA;MIMP;PhosphoSite_MIMP;phosphoELM_MIMP
P20936,P07333,CSF-1/PDGF receptor,tyr,Y460,Phosphorylation,4.0,HPRD;MIMP;PhosphoELM;PhosphoSitePlus,curated_source,True,0,,HPRD_MIMP;MIMP;PhosphoSite_MIMP;phosphoELM_MIMP
P20936,P09619,CSF-1/PDGF receptor,tyr,Y283;Y460,Phosphorylation,1.0,HPRD;KEA;Li2012;MIMP;PhosphoELM;PhosphoSitePlus,curated_literature,True,1,1850098,HPRD_MIMP;KEA;Li2012;MIMP;PhosphoSite_MIMP;phosphoELM_MIMP
P20936,P10721,CSF-1/PDGF receptor,tyr,Y460,Phosphorylation,4.0,HPRD;MIMP;PhosphoELM;PhosphoSitePlus,curated_source,True,0,,HPRD_MIMP;MIMP;PhosphoSite_MIMP;phosphoELM_MIMP
P20936,P16234,CSF-1/PDGF receptor,tyr,Y283;Y460,Phosphorylation,1.0,HPRD;KEA;MIMP;PhosphoELM;PhosphoSitePlus,curated_literature,True,1,1850098,HPRD_MIMP;KEA;MIMP;PhosphoSite_MIMP;phosphoELM_MIMP
P20936,P36888,CSF-1/PDGF receptor,tyr,Y460,Phosphorylation,4.0,HPRD;MIMP;PhosphoELM;PhosphoSitePlus,curated_source,True,0,,HPRD_MIMP;MIMP;PhosphoSite_MIMP;phosphoELM_MIMP
P20963,P06213,Insulin receptor,tyr,Y153,Phosphorylation,1.0,KEA,literature_supported,False,1,17570479,KEA
P20963,P06239,SRC,tyr,Y142,Phosphorylation,5.0,HPRD;MIMP;PhosphoELM;PhosphoSitePlus;ProtMapper,curated_source,True,0,,HPRD_MIMP;MIMP;PhosphoSite;PhosphoSite_MIMP;PhosphoSite_ProtMapper;ProtMapper;phosphoELM_MIMP
P20963,P06241,SRC,tyr,Y111;Y122;Y123;Y142;Y153;Y72;Y83,Phosphorylation,9.0,HPRD;KEA;MIMP;PhosphoELM;PhosphoSitePlus;ProtMapper;Reactome_ProtMapper,curated_literature,True,8,12522270;15144186;15592455;15659558;16094384;8578591;96108162;9677202,HPRD_MIMP;KEA;MIMP;PhosphoSite_MIMP;ProtMapper;Reactome_ProtMapper;phosphoELM;phosphoELM_MIMP
P20963,P07947,SRC,tyr,Y111;Y123;Y142;Y153;Y72;Y83,Phosphorylation,2.0,ProtMapper;Reactome_ProtMapper,predicted_or_inferred,False,0,,ProtMapper;Reactome_ProtMapper
P20963,P07948,SRC,tyr,Y111;Y123;Y142;Y153;Y72;Y83,Phosphorylation,2.0,ProtMapper;Reactome_ProtMapper,predicted_or_inferred,False,0,,ProtMapper;Reactome_ProtMapper
P20963,P08631,SRC,tyr,Y111;Y123;Y142;Y153;Y72;Y83,Phosphorylation,2.0,ProtMapper;Reactome_ProtMapper,predicted_or_inferred,False,0,,ProtMapper;Reactome_ProtMapper
P20963,P09769,SRC,tyr,Y111;Y123;Y142;Y153;Y72;Y83,Phosphorylation,2.0,ProtMapper;Reactome_ProtMapper,predicted_or_inferred,False,0,,ProtMapper;Reactome_ProtMapper
P20963,P12931,SRC,tyr,Y111;Y123;Y142;Y153;Y64;Y72;Y83,Phosphorylation,3.0,Li2012;ProtMapper;Reactome_ProtMapper,predicted_or_inferred,False,0,,Li2012;ProtMapper;Reactome_ProtMapper
P21554,Q05397,FAK,tyr,Y397,Phosphorylation,1.0,ProtMapper;Sparser_ProtMapper,literature_supported,False,1,28826534,ProtMapper;Sparser_ProtMapper
P21709,P21709,Ephrin receptor,tyr,Y599;Y605;Y781;Y930,Phosphorylation,1.0,UniProt_ModRes,curated_source,True,0,,UniProt_ModRes
P21802,P11362,Fibroblast growth factor receptor,tyr,Y769,Phosphorylation,1.0,KEA,literature_supported,False,1,17570479,KEA
P21802,P21802,Fibroblast growth factor receptor,tyr,Y466;Y586;Y588;Y656;Y657;Y769,Phosphorylation,4.0,PhosphoSitePlus;UniProt;UniProt_ModRes;iPTMnet;neXtProt,curated_literature,True,4,15629145;17803937;19060208;19410646,PSP;UniProt;UniProt_ModRes;iPTMnet_REST;neXtProt
P21854,P07948,SRC,tyr,Y39;Y7,Phosphorylation,1.0,UniProt_ModRes,curated_source,True,0,,UniProt_ModRes
P21860,P00533,EGF receptor,tyr,Y1199;Y1262;Y1276;Y1289;Y1328,Phosphorylation,2.0,Li2012;ProtMapper;SIGNOR,curated_literature,True,1,7929151,Li2012;ProtMapper;SIGNOR;SIGNOR_ProtMapper
P21860,P04626,EGF receptor,tyr,Y1199;Y1289,Phosphorylation,2.0,KEA;ProtMapper;REACH_ProtMapper;RLIMS-P_ProtMapper;Sparser_ProtMapper,literature_supported,False,3,17570479;27531070;29066975,KEA;ProtMapper;REACH_ProtMapper;RLIMS-P_ProtMapper;Sparser_ProtMapper
P21860,P06213,Insulin receptor,tyr,Y1262,Phosphorylation,1.0,KEA,literature_supported,False,1,17570479,KEA
P21860,P06239,SRC,tyr,Y1199,Phosphorylation,1.0,KEA,literature_supported,False,1,17570479,KEA
P21860,P06241,SRC,tyr,Y1262,Phosphorylation,1.0,KEA,literature_supported,False,1,17570479,KEA
P21980,P12931,SRC,tyr,Y369,Phosphorylation,1.0,KEA,literature_supported,False,1,17570479,KEA
P22001,P12931,SRC,tyr,Y187;Y447;Y499,Phosphorylation,3.0,KEA;MIMP;PhosphoELM;PhosphoSitePlus;ProtMapper;SIGNOR,curated_literature,True,1,11812778,KEA;MIMP;PhosphoSite;PhosphoSite_MIMP;PhosphoSite_ProtMapper;ProtMapper;SIGNOR;SIGNOR_ProtMapper;phosphoELM;phosphoELM_MIMP
P22001,Q16620,Insulin receptor,tyr,Y161;Y162;Y163;Y499,Phosphorylation,4.0,MIMP;PhosphoELM;PhosphoSitePlus;ProtMapper;SIGNOR,curated_literature,True,1,19166614,MIMP;PhosphoSite;PhosphoSite_MIMP;PhosphoSite_ProtMapper;ProtMapper;SIGNOR;SIGNOR_ProtMapper;phosphoELM_MIMP
P22059,O60674,JAK,tyr,Y394,Phosphorylation,1.0,ProtMapper;Sparser_ProtMapper,literature_supported,False,1,23428468,ProtMapper;Sparser_ProtMapper
P22455,P22455,Fibroblast growth factor receptor,tyr,Y642;Y643;Y754,Phosphorylation,1.0,UniProt_ModRes,curated_literature,True,2,18670643;7518429,UniProt_ModRes
P22607,P08069,Insulin receptor,tyr,Y647,Phosphorylation,1.0,KEA,literature_supported,False,1,17570479,KEA
P22607,P11362,Fibroblast growth factor receptor,tyr,Y599,Phosphorylation,1.0,PhosphoSitePlus,curated_source,True,0,,PhosphoSite
P22607,P22607,Fibroblast growth factor receptor,tyr,Y647;Y648;Y724;Y760,Phosphorylation,4.0,HPRD;PhosphoELM;PhosphoSitePlus;SIGNOR;UniProt;UniProt_ModRes;iPTMnet,curated_literature,True,4,11294897;19286672;19901323;8754806,HPRD;PSP;Signor;UniProt;UniProt_ModRes;iPTMnet_REST;phospho.ELM
P22681,P00519,ABL,tyr,Y700;Y774,Phosphorylation,12.0,BEL-Large-Corpus_ProtMapper;KEA;Li2012;PhosphoSitePlus;ProtMapper;UniProt_ModRes;dbPTM,curated_literature,True,13,10829062;11239464;11994282;11997497;12522270;12604776;15212693;15556646;17389395;20622007;9102067;9525940;9890970,BEL-Large-Corpus_ProtMapper;KEA;Li2012;PhosphoSite;ProtMapper;UniProt_ModRes;dbPTM
P22681,P00533,EGF receptor,tyr,Y371;Y552;Y700;Y731;Y774,Phosphorylation,14.0,BEL-Large-Corpus_ProtMapper;HPRD;KEA;Li2012;MIMP;PhosphoELM;PhosphoSitePlus;ProtMapper;REACH_ProtMapper;RLIMS-P_ProtMapper,curated_literature,True,21,10092522;10635327;10799548;10829062;10934191;11239464;11448952;11994282;11997497;12522270;12604776;15212693;15556646;15951569;16497976;17389395;25301722;29920512;9102067;9525940;9890970,BEL-Large-Corpus_ProtMapper;HPRD;HPRD_MIMP;KEA;Li2012;MIMP;PhosphoSite;PhosphoSite_MIMP;ProtMapper;REACH_ProtMapper;RLIMS-P_ProtMapper;phosphoELM_MIMP
P22681,P06213,Insulin receptor,tyr,Y371;Y700;Y774,Phosphorylation,11.0,BEL-Large-Corpus_ProtMapper;HPRD;KEA;Li2012;MIMP;PhosphoELM;PhosphoSitePlus;ProtMapper;SIGNOR;UniProt_ModRes;dbPTM,curated_literature,True,12,10635327;10829062;11239464;11994282;11997497;12522270;12604776;15212693;15951569;17570479;9102067;9525940,BEL-Large-Corpus_ProtMapper;HPRD_MIMP;KEA;Li2012;MIMP;PhosphoSite_MIMP;ProtMapper;SIGNOR;SIGNOR_ProtMapper;UniProt_ModRes;dbPTM;phosphoELM;phosphoELM_MIMP
P22681,P06239,SRC,tyr,Y700;Y731;Y774,Phosphorylation,9.0,HPRD;KEA;MIMP;PhosphoELM;PhosphoNetworks;PhosphoSitePlus;ProtMapper,curated_literature,True,13,10092522;10799548;10829062;10934191;11239464;11994282;11997497;12522270;12604776;17570479;9102067;9525940;9890970,HPRD_MIMP;KEA;MIMP;PhosphoNetworks;PhosphoSite;PhosphoSite_MIMP;PhosphoSite_ProtMapper;ProtMapper;phosphoELM_MIMP
P22681,P06241,SRC,tyr,Y700;Y731;Y774,Phosphorylation,21.0,HPRD;KEA;MIMP;PhosphoELM;PhosphoNetworks;PhosphoSitePlus;ProtMapper;REACH_ProtMapper;RLIMS-P_ProtMapper;SIGNOR;Sparser_ProtMapper,curated_literature,True,16,10092522;10799548;10829062;10934191;11239464;11994282;11997497;12522270;12604776;15556646;17570479;19904769;22880054;9102067;9525940;9890970,HPRD;HPRD_MIMP;KEA;MIMP;PhosphoNetworks;PhosphoSite;PhosphoSite_MIMP;PhosphoSite_ProtMapper;ProtMapper;REACH_ProtMapper;RLIMS-P_ProtMapper;SIGNOR;SIGNOR_ProtMapper;Sparser_ProtMapper;phosphoELM;phosphoELM_MIMP
P22681,P07947,SRC,tyr,Y141;Y368;Y700;Y731;Y774,Phosphorylation,9.0,HPRD;KEA;MIMP;PhosphoELM;PhosphoNetworks;PhosphoSitePlus,curated_literature,True,12,10092522;10799548;10829062;10934191;11239464;11994282;11997497;12522270;12604776;9102067;9525940;9890970,HPRD_MIMP;KEA;MIMP;PhosphoNetworks;PhosphoSite_MIMP;phosphoELM;phosphoELM_MIMP
P22681,P07948,SRC,tyr,Y371,Phosphorylation,2.0,PhosphoSitePlus;ProtMapper,curated_source,True,0,,PhosphoSite;PhosphoSite_ProtMapper;ProtMapper
P22681,P08631,SRC,tyr,Y731,Phosphorylation,13.0,HPRD;KEA;MIMP;PhosphoELM;PhosphoNetworks;PhosphoSitePlus,curated_literature,True,8,10092522;10799548;10934191;11239464;11994282;12604776;9525940;9890970,HPRD;HPRD_MIMP;KEA;MIMP;PhosphoNetworks;PhosphoSite_MIMP;phosphoELM_MIMP
P22681,P09619,CSF-1/PDGF receptor,tyr,Y700,Phosphorylation,1.0,KEA;Li2012,literature_supported,False,1,17570479,KEA;Li2012
P22681,P09769,SRC,tyr,Y141;Y674;Y774,Phosphorylation,1.0,PhosphoNetworks,predicted_or_inferred,False,0,,PhosphoNetworks
P22681,P12931,SRC,tyr,Y700;Y731;Y774,Phosphorylation,10.0,BEL-Large-Corpus_ProtMapper;HPRD;KEA;Li2012;MIMP;PhosphoELM;PhosphoSitePlus;ProtMapper;REACH_ProtMapper;UniProt_ModRes;dbPTM,curated_literature,True,14,10092522;10799548;10829062;10934191;11239464;11994282;12522270;12604776;14739300;15212693;17570479;19861161;9525940;9890970,BEL-Large-Corpus_ProtMapper;HPRD_MIMP;KEA;Li2012;MIMP;PhosphoSite;PhosphoSite_MIMP;PhosphoSite_ProtMapper;ProtMapper;REACH_ProtMapper;UniProt_ModRes;dbPTM;phosphoELM_MIMP
P22681,P21802,Fibroblast growth factor receptor,tyr,Y455;Y674,Phosphorylation,1.0,PhosphoNetworks,predicted_or_inferred,False,0,,PhosphoNetworks
P22681,P35968,CSF-1/PDGF receptor,tyr,Y774,Phosphorylation,1.0,ProtMapper;REACH_ProtMapper,literature_supported,False,1,21242968,ProtMapper;REACH_ProtMapper
P22681,P42684,ABL,tyr,Y337;Y700;Y774,Phosphorylation,1.0,PhosphoNetworks,predicted_or_inferred,False,0,,PhosphoNetworks
P22681,P42685,SRC,tyr,Y141;Y774,Phosphorylation,1.0,PhosphoNetworks,predicted_or_inferred,False,0,,PhosphoNetworks
P22681,P43405,SYK/ZAP-70,tyr,Y141;Y368;Y455;Y700;Y731;Y774,Phosphorylation,10.0,HPRD;KEA;Li2012;MIMP;PhosphoELM;PhosphoNetworks;PhosphoSitePlus;ProtMapper;RLIMS-P_ProtMapper;Sparser_ProtMapper,curated_literature,True,13,10092522;10799548;10829062;10934191;11239464;11994282;11997497;12522270;12604776;22880054;9102067;9525940;9890970,HPRD_MIMP;KEA;Li2012;MIMP;PhosphoNetworks;PhosphoSite;PhosphoSite_MIMP;PhosphoSite_ProtMapper;ProtMapper;RLIMS-P_ProtMapper;Sparser_ProtMapper;phosphoELM;phosphoELM_MIMP
P22681,P51813,TEC,tyr,Y368,Phosphorylation,1.0,PhosphoNetworks,predicted_or_inferred,False,0,,PhosphoNetworks
P22681,Q06418,AXL/UFO,tyr,Y674,Phosphorylation,1.0,PhosphoNetworks,predicted_or_inferred,False,0,,PhosphoNetworks
P22681,Q13882,BRK/PTK6/SIK,tyr,Y700;Y731;Y774,Phosphorylation,2.0,ProtMapper;Reactome_ProtMapper,predicted_or_inferred,False,0,,ProtMapper;Reactome_ProtMapper
P22681,Q14289,FAK,tyr,Y552;Y674,Phosphorylation,1.0,PhosphoNetworks,predicted_or_inferred,False,0,,PhosphoNetworks
P22681,Q16832,Insulin receptor,tyr,Y141;Y731,Phosphorylation,1.0,PhosphoNetworks,predicted_or_inferred,False,0,,PhosphoNetworks
P22681,Q92630,MNB/DYRK,dual,Y552;Y674,Phosphorylation,1.0,PhosphoNetworks,predicted_or_inferred,False,0,,PhosphoNetworks
P22681,Q9NR20,MNB/DYRK,dual,Y141;Y700,Phosphorylation,1.0,PhosphoNetworks,predicted_or_inferred,False,0,,PhosphoNetworks
P23246,P12931,SRC,tyr,Y597;Y691,Phosphorylation,3.0,MIMP;PhosphoSitePlus;ProtMapper,curated_source,True,0,,MIMP;PhosphoSite;PhosphoSite_MIMP;PhosphoSite_ProtMapper;ProtMapper
P23246,Q9UM73,Insulin receptor,tyr,Y293,Phosphorylation,3.0,MIMP;PhosphoELM;PhosphoSitePlus;ProtMapper;REACH_ProtMapper;SIGNOR;UniProt_ModRes,curated_literature,True,2,17537995;28633417,MIMP;PhosphoSite;PhosphoSite_MIMP;PhosphoSite_ProtMapper;ProtMapper;REACH_ProtMapper;SIGNOR;SIGNOR_ProtMapper;UniProt_ModRes;phosphoELM_MIMP
P23443,P12931,SRC,tyr,Y62,Phosphorylation,1.0,KEA,literature_supported,False,1,16640565,KEA
P23458,P23458,JAK,tyr,Y1034;Y1035,Phosphorylation,4.0,UniProt;UniProt_ModRes;iPTMnet;neXtProt,curated_literature,True,2,11909529;9382798,UniProt;UniProt_ModRes;iPTMnet_REST;neXtProt
P23458,P52333,JAK,tyr,Y1034;Y1035,Phosphorylation,5.0,HPRD;KEA;MIMP;PhosphoELM;PhosphoSitePlus;ProtMapper;SIGNOR,curated_literature,True,2,12559972;19901323,HPRD;HPRD_MIMP;KEA;MIMP;PhosphoSite;PhosphoSite_MIMP;PhosphoSite_ProtMapper;ProtMapper;SIGNOR;SIGNOR_ProtMapper;phosphoELM_MIMP
P23469,P04626,EGF receptor,tyr,Y696,Phosphorylation,1.0,BEL-Large-Corpus_ProtMapper;ProtMapper;REACH_ProtMapper;Sparser_ProtMapper,literature_supported,False,1,17486066,BEL-Large-Corpus_ProtMapper;ProtMapper;REACH_ProtMapper;Sparser_ProtMapper
P23528,P12931,SRC,tyr,Y68,Phosphorylation,2.0,HPRD;MIMP;PhosphoELM;PhosphoSitePlus;ProtMapper;SIGNOR,curated_literature,True,1,19802004,HPRD_MIMP;MIMP;PhosphoSite;PhosphoSite_MIMP;PhosphoSite_ProtMapper;ProtMapper;SIGNOR;SIGNOR_ProtMapper;phosphoELM_MIMP
P23588,P51813,TEC,tyr,Y593,Phosphorylation,1.0,PhosphoNetworks,predicted_or_inferred,False,0,,PhosphoNetworks
P23634,P12931,SRC,tyr,Y1176,Phosphorylation,4.0,HPRD;KEA;MIMP;PhosphoELM;PhosphoSitePlus,curated_literature,True,2,12540962;9182531,HPRD;HPRD_MIMP;KEA;MIMP;PhosphoSite_MIMP;phosphoELM_MIMP
P23634,Q05397,FAK,tyr,Y1176,Phosphorylation,3.0,HPRD;KEA;MIMP;PhosphoELM;PhosphoSitePlus;SIGNOR,curated_literature,True,2,12540962;9182531,HPRD_MIMP;KEA;MIMP;PhosphoSite;PhosphoSite_MIMP;SIGNOR;phosphoELM_MIMP
P23743,P00519,ABL,tyr,Y218,Phosphorylation,3.0,ProtMapper;REACH_ProtMapper;Sparser_ProtMapper,literature_supported,False,3,23582058;23847619;24708409,ProtMapper;REACH_ProtMapper;Sparser_ProtMapper
P23743,P06239,SRC,tyr,Y335,Phosphorylation,2.0,MIMP;PhosphoSitePlus;ProtMapper;REACH_ProtMapper;Sparser_ProtMapper,curated_literature,True,2,22048771;23847619,MIMP;PhosphoSite;PhosphoSite_MIMP;PhosphoSite_ProtMapper;ProtMapper;REACH_ProtMapper;Sparser_ProtMapper
P23743,P12931,SRC,tyr,Y335,Phosphorylation,2.0,MIMP;PhosphoSitePlus;ProtMapper;RLIMS-P_ProtMapper;SIGNOR,curated_literature,True,1,17700527,MIMP;PhosphoSite;PhosphoSite_MIMP;PhosphoSite_ProtMapper;ProtMapper;RLIMS-P_ProtMapper;SIGNOR;SIGNOR_ProtMapper
P24666,P06239,SRC,tyr,Y132;Y133,Phosphorylation,6.0,HPRD;KEA;MIMP;PhosphoELM;PhosphoSitePlus;ProtMapper;SIGNOR,curated_literature,True,3,15951569;17016520;9038134,HPRD;HPRD_MIMP;KEA;MIMP;PhosphoSite;PhosphoSite_MIMP;PhosphoSite_ProtMapper;ProtMapper;SIGNOR;SIGNOR_ProtMapper;phosphoELM_MIMP
P24666,P06241,SRC,tyr,Y132;Y133,Phosphorylation,6.0,HPRD;KEA;MIMP;PhosphoELM;PhosphoSitePlus;ProtMapper;SIGNOR,curated_literature,True,3,15951569;17016520;9038134,HPRD;HPRD_MIMP;KEA;MIMP;PhosphoSite_MIMP;ProtMapper;SIGNOR;SIGNOR_ProtMapper;phosphoELM_MIMP
P24752,P11362,Fibroblast growth factor receptor,tyr,Y407,Phosphorylation,1.0,PhosphoSitePlus;ProtMapper;SIGNOR,curated_literature,True,1,27867011,PhosphoSite;PhosphoSite_ProtMapper;ProtMapper;SIGNOR
P24752,P36888,CSF-1/PDGF receptor,tyr,Y407,Phosphorylation,1.0,SIGNOR,curated_literature,True,1,34289383,SIGNOR
P24844,P00533,EGF receptor,tyr,Y143;Y156,Phosphorylation,4.0,BEL-Large-Corpus_ProtMapper;KEA;MIMP;PhosphoELM;PhosphoSitePlus;ProtMapper,curated_literature,True,3,15212693;8578591;96108162,BEL-Large-Corpus_ProtMapper;KEA;MIMP;PhosphoSite_MIMP;ProtMapper;phosphoELM;phosphoELM_MIMP
P24941,P06241,SRC,tyr,Y15,Phosphorylation,1.0,KEA,literature_supported,False,1,17570479,KEA
P24941,P07948,SRC,tyr,Y15,Phosphorylation,1.0,ProtMapper;REACH_ProtMapper;RLIMS-P_ProtMapper;Sparser_ProtMapper,literature_supported,False,1,8806683,ProtMapper;REACH_ProtMapper;RLIMS-P_ProtMapper;Sparser_ProtMapper
P24941,P30291,WEE1,tyr,Y15,Phosphorylation,37.0,HPRD;KEA;MIMP;PhosphoELM;PhosphoSitePlus;ProtMapper;REACH_ProtMapper;RLIMS-P_ProtMapper;Reactome_ProtMapper;SIGNOR;Sparser_ProtMapper;UniProt_ModRes;dbPTM,curated_literature,True,33,10896159;11029659;11585773;12912980;12972555;1396589;15144186;15302935;15659558;16177568;16497976;17016520;17095507;17192257;17389395;18083107;18212344;18452278;18691976;19369195;19534553;19664994;19690332;20462953;20465818;21900495;22999936;24419005;24927813;25361894;25458954;30266203;7743995,HPRD;HPRD_MIMP;KEA;MIMP;PhosphoSite;PhosphoSite_MIMP;PhosphoSite_ProtMapper;ProtMapper;REACH_ProtMapper;RLIMS-P_ProtMapper;Reactome_ProtMapper;SIGNOR;SIGNOR_ProtMapper;Sparser_ProtMapper;UniProt_ModRes;dbPTM;phosphoELM_MIMP
P25098,P00533,EGF receptor,tyr,Y13;Y86;Y92,Phosphorylation,2.0,ProtMapper;REACH_ProtMapper;iPTMnet;neXtProt,literature_supported,False,2,18463167;23904266,ProtMapper;REACH_ProtMapper;iPTMnet_REST;neXtProt
P25098,P12931,SRC,tyr,Y13;Y86;Y92,Phosphorylation,2.0,KEA;MIMP;PhosphoSitePlus;ProtMapper;SIGNOR,curated_literature,True,1,16725308,KEA;MIMP;PhosphoSite;PhosphoSite_MIMP;PhosphoSite_ProtMapper;ProtMapper;SIGNOR
P25116,P06241,SRC,tyr,Y161,Phosphorylation,1.0,ProtMapper;Sparser_ProtMapper,literature_supported,False,1,24709904,ProtMapper;Sparser_ProtMapper
P25490,P00519,ABL,tyr,Y254,Phosphorylation,1.0,PhosphoSitePlus,curated_source,True,0,,PhosphoSite
P25490,P07948,SRC,tyr,Y254;Y383;Y8,Phosphorylation,2.0,PhosphoSitePlus;ProtMapper,curated_source,True,0,,PhosphoSite;PhosphoSite_ProtMapper;ProtMapper
P25963,P00519,ABL,tyr,Y305,Phosphorylation,2.0,KEA;MIMP;PhosphoELM;PhosphoSitePlus;ProtMapper,curated_literature,True,1,14757045,KEA;MIMP;PhosphoSite;PhosphoSite_MIMP;PhosphoSite_ProtMapper;ProtMapper;phosphoELM;phosphoELM_MIMP
P25963,P00533,EGF receptor,tyr,Y305;Y42,Phosphorylation,1.0,KEA;ProtMapper;REACH_ProtMapper,literature_supported,False,2,17570479;21170083,KEA;ProtMapper;REACH_ProtMapper
P25963,P06213,Insulin receptor,tyr,Y42,Phosphorylation,5.0,HPRD;MIMP;PhosphoELM;PhosphoSitePlus;ProtMapper,curated_source,True,0,,HPRD_MIMP;MIMP;PhosphoSite;PhosphoSite_MIMP;PhosphoSite_ProtMapper;ProtMapper;phosphoELM_MIMP
P25963,P06239,SRC,tyr,Y42,Phosphorylation,11.0,HPRD;KEA;MIMP;NCI-PID_ProtMapper;PhosphoELM;PhosphoNetworks;PhosphoSitePlus;ProtMapper;SIGNOR,curated_literature,True,6,12429743;12432072;14534291;17570479;8797825;9792645,HPRD;HPRD_MIMP;KEA;MIMP;NCI-PID_ProtMapper;PhosphoNetworks;PhosphoSite;PhosphoSite_MIMP;PhosphoSite_ProtMapper;ProtMapper;SIGNOR;SIGNOR_ProtMapper;phosphoELM;phosphoELM_MIMP
P25963,P12931,SRC,tyr,Y42,Phosphorylation,16.0,HPRD;KEA;Li2012;MIMP;NCI-PID_ProtMapper;PhosphoELM;PhosphoSitePlus;ProtMapper;REACH_ProtMapper;RLIMS-P_ProtMapper;SIGNOR;Sparser_ProtMapper,curated_literature,True,9,12429743;12432072;14991073;24101387;24216290;24637265;25671697;8797825;9792645,HPRD;HPRD_MIMP;KEA;Li2012;MIMP;NCI-PID_ProtMapper;PhosphoSite_MIMP;ProtMapper;REACH_ProtMapper;RLIMS-P_ProtMapper;SIGNOR;SIGNOR_ProtMapper;Sparser_ProtMapper;phosphoELM;phosphoELM_MIMP
P25963,P41240,CSK,tyr,Y42,Phosphorylation,1.0,ProtMapper;REACH_ProtMapper,literature_supported,False,1,25671697,ProtMapper;REACH_ProtMapper
P25963,P43405,SYK/ZAP-70,tyr,Y42,Phosphorylation,4.0,NCI-PID_ProtMapper;ProtMapper;REACH_ProtMapper;Sparser_ProtMapper,literature_supported,False,4,12711606;19014652;21459462;21674813,NCI-PID_ProtMapper;ProtMapper;REACH_ProtMapper;Sparser_ProtMapper
P25963,Q06187,TEC,tyr,Y289;Y305,Phosphorylation,1.0,PhosphoNetworks;PhosphoSitePlus;ProtMapper;REACH_ProtMapper,curated_literature,True,1,30887112,PhosphoNetworks;PhosphoSite;ProtMapper;REACH_ProtMapper
P26010,P12931,SRC,tyr,Y753;Y758,Phosphorylation,3.0,MIMP;PhosphoSitePlus;ProtMapper,curated_source,True,0,,MIMP;PhosphoSite;PhosphoSite_MIMP;PhosphoSite_ProtMapper;ProtMapper
P26010,Q05397,FAK,tyr,Y753;Y758,Phosphorylation,3.0,MIMP;PhosphoSitePlus;ProtMapper,curated_source,True,0,,MIMP;PhosphoSite;PhosphoSite_MIMP;PhosphoSite_ProtMapper;ProtMapper
P26038,P12931,SRC,tyr,Y191;Y205,Phosphorylation,1.0,Li2012,predicted_or_inferred,False,0,,Li2012
P27361,O60674,JAK,tyr,Y204,Phosphorylation,7.0,HPRD;KEA;MIMP;PhosphoELM;PhosphoSitePlus;ProtMapper,curated_literature,True,7,11971971;15466476;16464493;17081983;7687743;7867743;8626767,HPRD_MIMP;KEA;MIMP;PhosphoSite;PhosphoSite_MIMP;PhosphoSite_ProtMapper;ProtMapper;phosphoELM_MIMP
P27361,P06239,SRC,tyr,Y204,Phosphorylation,2.0,ProtMapper;SIGNOR,curated_literature,True,1,17998336,ProtMapper;SIGNOR;SIGNOR_ProtMapper
P27361,P07949,Tyr protein kinase,tyr,Y204,Phosphorylation,2.0,BEL-Large-Corpus_ProtMapper;HPRD;MIMP;PhosphoELM;PhosphoSitePlus;ProtMapper;SIGNOR,curated_literature,True,1,16153436,BEL-Large-Corpus_ProtMapper;HPRD_MIMP;MIMP;PhosphoSite;PhosphoSite_MIMP;PhosphoSite_ProtMapper;ProtMapper;SIGNOR;SIGNOR_ProtMapper;phosphoELM_MIMP
P27361,P36507,MAP kinase kinase,dual,Y204;Y222,Phosphorylation,60.0,BEL-Large-Corpus_ProtMapper;HPRD;KEA;MIMP;NCI-PID_ProtMapper;PhosphoELM;PhosphoNetworks;PhosphoSitePlus;ProtMapper;REACH_ProtMapper;SIGNOR;UniProt_ModRes;dbPTM,curated_literature,True,56,10746662;11118451;11136732;11704645;11948414;11971971;11986622;12750173;12920017;12932319;1381507;1411546;15212693;15342917;15466214;15466476;15580310;15811950;15851026;15951569;16464493;16497976;17081983;17192257;17272394;17389395;17569879;18083107;18669648;18691976;18707149;18799465;18983981;19219045;19369195;19494114;19534553;19541618;19651622;19690332;19901323;19933846;20068231;21406692;23186163;26987942;7559390;7687743;7867743;7898932;8223433;8376945;8626767;9447970;9694850;9731057,BEL-Large-Corpus_ProtMapper;HPRD;HPRD_MIMP;KEA;MIMP;NCI-PID_ProtMapper;PhosphoNetworks;PhosphoSite;PhosphoSite_MIMP;PhosphoSite_ProtMapper;ProtMapper;REACH_ProtMapper;SIGNOR;SIGNOR_ProtMapper;UniProt_ModRes;dbPTM;phosphoELM_MIMP
P27361,Q02750,MAP kinase kinase,dual,Y204;Y210;Y222,Phosphorylation,63.0,BEL-Large-Corpus_ProtMapper;HPRD;KEA;MIMP;NCI-PID_ProtMapper;PhosphoELM;PhosphoNetworks;PhosphoSitePlus;ProtMapper;REACH_ProtMapper;SIGNOR;UniProt_ModRes;dbPTM,curated_literature,True,61,10567369;10746662;10995751;11118451;11136732;11319218;11704645;11948414;11971971;11986622;12048245;12750173;12920017;12925710;12932319;1330321;1381507;15212693;15342917;15466214;15466476;15811950;15851026;15951569;16135787;16464493;17081983;17192257;17272394;17389395;17563371;17569879;18083107;18669648;18691976;18799465;18983981;19369195;19494114;19534553;19541618;19690332;19933846;21406692;23186163;26987942;7559390;7687743;7867743;7898932;7992057;8223433;8226933;8248196;8376945;8626767;9447970;9560161;9677429;9694850;9731057,BEL-Large-Corpus_ProtMapper;HPRD_MIMP;KEA;MIMP;NCI-PID_ProtMapper;PhosphoNetworks;PhosphoSite;PhosphoSite_MIMP;PhosphoSite_ProtMapper;ProtMapper;REACH_ProtMapper;SIGNOR;SIGNOR_ProtMapper;UniProt_ModRes;dbPTM;phosphoELM;phosphoELM_MIMP
P27816,P43405,SYK/ZAP-70,tyr,Y1001,Phosphorylation,1.0,ProtMapper;REACH_ProtMapper;Sparser_ProtMapper,literature_supported,False,1,26096845,ProtMapper;REACH_ProtMapper;Sparser_ProtMapper
P27986,P06213,Insulin receptor,tyr,Y280;Y307;Y310;Y337;Y368;Y580;Y607;Y68;Y98,Phosphorylation,11.0,HPRD;KEA;Li2012;MIMP;PhosphoELM;PhosphoSitePlus;ProtMapper;SIGNOR,curated_literature,True,9,14729945;15592455;16497976;17016520;17389395;17570479;18083107;20068231;8385099,HPRD;HPRD_MIMP;KEA;Li2012;MIMP;PhosphoSite;PhosphoSite_MIMP;PhosphoSite_ProtMapper;ProtMapper;SIGNOR;SIGNOR_ProtMapper;phosphoELM;phosphoELM_MIMP
P27986,P06239,SRC,tyr,Y388;Y418;Y688,Phosphorylation,5.0,HPRD;KEA;MIMP;PhosphoELM;PhosphoSitePlus;ProtMapper;SIGNOR,curated_literature,True,2,11337495;9461588,HPRD;HPRD_MIMP;KEA;MIMP;PhosphoSite_MIMP;ProtMapper;SIGNOR;SIGNOR_ProtMapper;phosphoELM_MIMP
P27986,P06241,SRC,tyr,Y607,Phosphorylation,1.0,KEA,literature_supported,False,1,17570479,KEA
P27986,P07949,Tyr protein kinase,tyr,Y203,Phosphorylation,3.0,MIMP;PhosphoSitePlus;ProtMapper,curated_source,True,0,,MIMP;PhosphoSite;PhosphoSite_MIMP;PhosphoSite_ProtMapper;ProtMapper
P27986,P08069,Insulin receptor,tyr,Y368;Y580,Phosphorylation,1.0,KEA,literature_supported,False,1,17570479,KEA
P27986,P09619,CSF-1/PDGF receptor,tyr,Y508,Phosphorylation,1.0,KEA,literature_supported,False,1,8086421,KEA
P27986,P12931,SRC,tyr,Y307;Y337;Y607;Y688,Phosphorylation,4.0,BEL-Large-Corpus_ProtMapper;HPRD;KEA;Li2012;MIMP;PhosphoELM;PhosphoSitePlus;ProtMapper;REACH_ProtMapper,curated_literature,True,4,15212693;15592455;23270540;8385099,BEL-Large-Corpus_ProtMapper;HPRD_MIMP;KEA;Li2012;MIMP;PhosphoSite_MIMP;ProtMapper;REACH_ProtMapper;phosphoELM;phosphoELM_MIMP
P28070,P00533,EGF receptor,tyr,Y102,Phosphorylation,1.0,KEA,literature_supported,False,1,17570479,KEA
P28070,P06213,Insulin receptor,tyr,Y102,Phosphorylation,1.0,KEA,literature_supported,False,1,17570479,KEA
P28482,O60674,JAK,tyr,Y187,Phosphorylation,8.0,HPRD;KEA;MIMP;PhosphoELM;PhosphoSitePlus;ProtMapper,curated_literature,True,8,11971971;1378617;15592455;15935618;15972258;16094384;16153436;91184134,HPRD_MIMP;KEA;MIMP;PhosphoSite;PhosphoSite_MIMP;PhosphoSite_ProtMapper;ProtMapper;phosphoELM_MIMP
P28482,P07949,Tyr protein kinase,tyr,Y187,Phosphorylation,23.0,BEL-Large-Corpus_ProtMapper;HPRD;KEA;MIMP;PhosphoELM;PhosphoSitePlus;ProtMapper;SIGNOR,curated_literature,True,20,11971971;1378617;15592455;15935618;15972258;16094384;16153436;16497976;17016520;17389395;18452278;18578522;18669648;18691976;18707149;19415658;19651622;19901323;20068231;91184134,BEL-Large-Corpus_ProtMapper;HPRD;HPRD_MIMP;KEA;MIMP;PhosphoSite;PhosphoSite_MIMP;PhosphoSite_ProtMapper;ProtMapper;SIGNOR;SIGNOR_ProtMapper;phosphoELM_MIMP
P28482,P12931,SRC,tyr,Y205,Phosphorylation,1.0,BEL-Large-Corpus_ProtMapper;ProtMapper,literature_supported,False,1,17088251,BEL-Large-Corpus_ProtMapper;ProtMapper
P28482,P36507,MAP kinase kinase,dual,Y187;Y205,Phosphorylation,44.0,BEL-Large-Corpus_ProtMapper;NCI-PID_ProtMapper;ProtMapper;SIGNOR;Sparser_ProtMapper;UniProt_ModRes;dbPTM,curated_literature,True,46,10746662;11118451;11136732;11337027;11549292;11704645;11948414;11971971;11986622;12750173;12920017;12932319;1381507;15342917;15466214;15592455;15811950;15851026;15951569;16094384;17081983;17192257;17272394;17389395;17569879;18083107;18669648;18691976;18799465;19053285;19219045;19369195;19494114;19534553;19541618;19690332;19933846;21406692;23186163;7559390;7898932;8223433;8376945;9447970;9694850;9731057,BEL-Large-Corpus_ProtMapper;NCI-PID_ProtMapper;ProtMapper;SIGNOR;SIGNOR_ProtMapper;Sparser_ProtMapper;UniProt_ModRes;dbPTM
P28482,P46734,MAP kinase kinase,dual,Y187;Y205,Phosphorylation,1.0,PhosphoNetworks,predicted_or_inferred,False,0,,PhosphoNetworks
P28482,Q02750,MAP kinase kinase,dual,Y187;Y205,Phosphorylation,89.0,HPRD;KEA;MIMP;NCI-PID_ProtMapper;PhosphoELM;PhosphoNetworks;PhosphoSitePlus;ProtMapper;REACH_ProtMapper;RLIMS-P_ProtMapper;SIGNOR;Sparser_ProtMapper;UniProt_ModRes;dbPTM,curated_literature,True,81,10567369;10746662;10777511;10995751;10998418;11118451;11136732;11319218;11337027;11704645;11948414;11971971;11986622;12048245;12082107;12750173;12876277;12920017;12925710;12932319;12952943;1330321;1378617;1381507;14743221;15342917;15466214;15592455;15811950;15851026;15935618;15951569;15972258;16094384;16135787;16153436;16497976;17016520;17081983;17192257;17272394;17389395;17563371;17569879;18083107;18452278;18578522;18669648;18691976;18707149;18799465;19053285;19369195;19415658;19494114;19534553;19541618;19651622;19690332;19901323;19933846;20068231;21406692;21506533;23186163;29175850;7559390;7898932;7992057;8223433;8226933;8248196;8376945;9032297;91184134;9148935;9447970;9560161;9694850;9731057;9765155,HPRD;HPRD_MIMP;KEA;MIMP;NCI-PID_ProtMapper;PhosphoNetworks;PhosphoSite;PhosphoSite_MIMP;PhosphoSite_ProtMapper;ProtMapper;REACH_ProtMapper;RLIMS-P_ProtMapper;SIGNOR;SIGNOR_ProtMapper;Sparser_ProtMapper;UniProt_ModRes;dbPTM;phosphoELM;phosphoELM_MIMP
P28482,Q9Y463,MNB/DYRK,dual,Y187,Phosphorylation,1.0,PhosphoNetworks,predicted_or_inferred,False,0,,PhosphoNetworks
P29317,P12931,SRC,tyr,Y594,Phosphorylation,3.0,ProtMapper;REACH_ProtMapper;RLIMS-P_ProtMapper;SIGNOR;Sparser_ProtMapper,curated_literature,True,2,24457997;26788993,ProtMapper;REACH_ProtMapper;RLIMS-P_ProtMapper;SIGNOR;SIGNOR_ProtMapper;Sparser_ProtMapper
P29317,P29317,Ephrin receptor,tyr,Y575;Y588;Y594;Y735;Y772;Y921;Y960,Phosphorylation,4.0,PhosphoSitePlus;SIGNOR;UniProt_ModRes;iPTMnet,curated_literature,True,2,18387945;21538645,PSP;Signor;UniProt_ModRes;iPTMnet_REST
P29320,P06239,SRC,tyr,Y602,Phosphorylation,1.0,KEA,literature_supported,False,1,17570479,KEA
P29320,P29320,Ephrin receptor,tyr,Y596;Y602;Y701;Y779,Phosphorylation,3.0,HPRD;PhosphoELM;SIGNOR;UniProt;UniProt_ModRes;iPTMnet,curated_literature,True,2,11870224;18547520,HPRD;Signor;UniProt;UniProt_ModRes;iPTMnet_REST;phospho.ELM
P29322,P29322,Ephrin receptor,tyr,Y616;Y839,Phosphorylation,1.0,UniProt_ModRes,curated_source,True,0,,UniProt_ModRes
P29323,P21709,Ephrin receptor,tyr,Y596,Phosphorylation,1.0,Li2012,predicted_or_inferred,False,0,,Li2012
P29323,P29323,Ephrin receptor,tyr,Y596,Phosphorylation,3.0,iPTMnet;neXtProt,literature_supported,False,2,11572780;19661068,iPTMnet_REST;neXtProt
P29350,P00519,ABL,tyr,Y536;Y538;Y564;Y566,Phosphorylation,17.0,HPRD;KEA;MIMP;PhosphoELM;PhosphoSitePlus;ProtMapper;SIGNOR,curated_literature,True,9,10488096;10574931;12468540;14699166;14757045;16497976;7512963;8114715;8692915,HPRD;HPRD_MIMP;KEA;MIMP;PhosphoSite_MIMP;ProtMapper;SIGNOR;SIGNOR_ProtMapper;phosphoELM;phosphoELM_MIMP
P29350,P06213,Insulin receptor,tyr,Y536;Y538;Y564,Phosphorylation,11.0,HPRD;KEA;MIMP;PhosphoELM;PhosphoSitePlus;ProtMapper;SIGNOR;Sparser_ProtMapper,curated_literature,True,9,12468540;14699166;14757045;16497976;17570479;18377662;7512963;8114715;8692915,HPRD;HPRD_MIMP;KEA;MIMP;PhosphoSite;PhosphoSite_MIMP;PhosphoSite_ProtMapper;ProtMapper;SIGNOR;SIGNOR_ProtMapper;Sparser_ProtMapper;phosphoELM_MIMP
P29350,P06239,SRC,tyr,Y536;Y538;Y564;Y566;Y63,Phosphorylation,14.0,HPRD;KEA;MIMP;PhosphoELM;PhosphoNetworks;PhosphoSitePlus;ProtMapper;RLIMS-P_ProtMapper;SIGNOR;Sparser_ProtMapper,curated_literature,True,10,10488096;10574931;12468540;14699166;14757045;16497976;23071622;7512963;8114715;8692915,HPRD;HPRD_MIMP;KEA;MIMP;PhosphoNetworks;PhosphoSite;PhosphoSite_MIMP;PhosphoSite_ProtMapper;ProtMapper;RLIMS-P_ProtMapper;SIGNOR;SIGNOR_ProtMapper;Sparser_ProtMapper;phosphoELM;phosphoELM_MIMP
P29350,P06241,SRC,tyr,Y536,Phosphorylation,1.0,KEA,literature_supported,False,1,17570479,KEA
P29350,P07948,SRC,tyr,Y536;Y564;Y566,Phosphorylation,18.0,HPRD;KEA;PhosphoSitePlus;ProtMapper;REACH_ProtMapper;SIGNOR;Sparser_ProtMapper;UniProt_ModRes;dbPTM,curated_literature,True,11,10488096;10574931;12468540;14699166;14757045;17570479;18083107;19690332;28811476;8114715;8692915,HPRD;KEA;PhosphoSite;PhosphoSite_ProtMapper;ProtMapper;REACH_ProtMapper;SIGNOR;SIGNOR_ProtMapper;Sparser_ProtMapper;UniProt_ModRes;dbPTM
P29350,P12931,SRC,tyr,Y536;Y538;Y564;Y566,Phosphorylation,11.0,BEL-Large-Corpus_ProtMapper;HPRD;KEA;Li2012;MIMP;PhosphoELM;PhosphoSitePlus;ProtMapper;SIGNOR;Sparser_ProtMapper,curated_literature,True,10,10488096;10574931;12468540;14699166;14757045;15212693;21900501;7512963;8114715;8692915,BEL-Large-Corpus_ProtMapper;HPRD_MIMP;KEA;Li2012;MIMP;PhosphoSite;PhosphoSite_MIMP;PhosphoSite_ProtMapper;ProtMapper;SIGNOR;SIGNOR_ProtMapper;Sparser_ProtMapper;phosphoELM;phosphoELM_MIMP
P29353,P00533,EGF receptor,tyr,Y194;Y195;Y239;Y240;Y272;Y317;Y349;Y350;Y427;Y428,Phosphorylation,4.0,BEL-Large-Corpus_ProtMapper;HPRD;Li2012;MIMP;PhosphoELM;PhosphoSitePlus;ProtMapper;REACH_ProtMapper;Sparser_ProtMapper,curated_literature,True,2,15951569;26551075,BEL-Large-Corpus_ProtMapper;HPRD_MIMP;Li2012;MIMP;PhosphoSite;PhosphoSite_MIMP;ProtMapper;REACH_ProtMapper;Sparser_ProtMapper;phosphoELM_MIMP
P29353,P04629,Insulin receptor,tyr,Y317;Y428,Phosphorylation,4.0,HPRD;MIMP;PhosphoELM;PhosphoSitePlus,curated_source,True,0,,HPRD_MIMP;MIMP;PhosphoSite;PhosphoSite_MIMP;phosphoELM_MIMP
P29353,P06213,Insulin receptor,tyr,Y318;Y349;Y427;Y428,Phosphorylation,42.0,BEL-Large-Corpus_ProtMapper;HPRD;KEA;Li2012;MIMP;PhosphoELM;PhosphoSitePlus;ProtMapper;SIGNOR,curated_literature,True,29,10482988;10764799;10816433;10896916;10921922;11075717;12237775;12522270;15212693;15592455;16497976;17016520;17389395;18452278;18578522;18669648;19651622;19664994;19901323;20068231;20230923;8610109;8702728;9121430;9446569;9685404;9710204;9741627;9927207,BEL-Large-Corpus_ProtMapper;HPRD;HPRD_MIMP;KEA;Li2012;MIMP;PhosphoSite_MIMP;ProtMapper;SIGNOR;SIGNOR_ProtMapper;phosphoELM_MIMP
P29353,P06239,SRC,tyr,Y239;Y240;Y317;Y318;Y349;Y350;Y427;Y428,Phosphorylation,41.0,HPRD;KEA;MIMP;PhosphoELM;PhosphoNetworks;PhosphoSitePlus;ProtMapper;SIGNOR,curated_literature,True,28,10482988;10764799;10816433;10896916;10921922;11075717;12237775;12522270;15592455;16497976;17016520;17389395;18452278;18578522;18669648;19651622;19664994;19901323;20068231;20230923;8610109;8702728;9121430;9446569;9685404;9710204;9741627;9927207,HPRD;HPRD_MIMP;KEA;MIMP;PhosphoNetworks;PhosphoSite;PhosphoSite_MIMP;ProtMapper;SIGNOR;SIGNOR_ProtMapper;phosphoELM_MIMP
P29353,P06241,SRC,tyr,Y318;Y349;Y350;Y427;Y428,Phosphorylation,43.0,HPRD;KEA;MIMP;PhosphoELM;PhosphoNetworks;PhosphoSitePlus;ProtMapper;SIGNOR,curated_literature,True,28,10482988;10764799;10816433;10896916;10921922;11075717;12237775;12522270;15592455;16497976;17016520;17389395;18452278;18578522;18669648;19651622;19664994;19901323;20068231;20230923;8610109;8702728;9121430;9446569;9685404;9710204;9741627;9927207,HPRD;HPRD_MIMP;KEA;MIMP;PhosphoNetworks;PhosphoSite_MIMP;ProtMapper;SIGNOR;SIGNOR_ProtMapper;phosphoELM_MIMP
P29353,P08069,Insulin receptor,tyr,Y349,Phosphorylation,1.0,KEA,literature_supported,False,1,17570479,KEA
P29353,P08581,Tyr protein kinase,tyr,Y427;Y428,Phosphorylation,4.0,HPRD;MIMP;PhosphoELM;PhosphoSitePlus;ProtMapper,curated_source,True,0,,HPRD_MIMP;MIMP;PhosphoSite;PhosphoSite_MIMP;PhosphoSite_ProtMapper;ProtMapper;phosphoELM_MIMP
P29353,P09619,CSF-1/PDGF receptor,tyr,Y427,Phosphorylation,17.0,KEA;Li2012,literature_supported,False,17,10482988;10764799;10816433;10896916;10921922;11075717;12237775;12522270;15592455;8610109;8702728;9121430;9446569;9685404;9710204;9741627;9927207,KEA;Li2012
P29353,P12931,SRC,tyr,Y194;Y195;Y239;Y240;Y272;Y349;Y350;Y427;Y428,Phosphorylation,22.0,BEL-Large-Corpus_ProtMapper;HPRD;KEA;Li2012;MIMP;PhosphoELM;PhosphoSitePlus;ProtMapper;REACH_ProtMapper;SIGNOR;Sparser_ProtMapper,curated_literature,True,22,10482988;10891441;11075717;11687594;14963047;15212693;15592455;15688026;16497976;17016520;17389395;17570479;19901323;20068231;26551075;8939605;9096689;9121430;9388490;9685404;9710204;9927207,BEL-Large-Corpus_ProtMapper;HPRD;HPRD_MIMP;KEA;Li2012;MIMP;PhosphoSite;PhosphoSite_MIMP;PhosphoSite_ProtMapper;ProtMapper;REACH_ProtMapper;SIGNOR;SIGNOR_ProtMapper;Sparser_ProtMapper;phosphoELM_MIMP
P29353,P16234,CSF-1/PDGF receptor,tyr,Y427,Phosphorylation,17.0,KEA,literature_supported,False,17,10482988;10764799;10816433;10896916;10921922;11075717;12237775;12522270;15592455;8610109;8702728;9121430;9446569;9685404;9710204;9741627;9927207,KEA
P29353,P17948,CSF-1/PDGF receptor,tyr,Y349;Y427,Phosphorylation,1.0,Li2012,predicted_or_inferred,False,0,,Li2012
P29353,P35916,CSF-1/PDGF receptor,tyr,Y239;Y240;Y349;Y350;Y427;Y428,Phosphorylation,20.0,HPRD;KEA;Li2012;MIMP;PhosphoELM;PhosphoSitePlus;ProtMapper;SIGNOR,curated_literature,True,21,10482988;10764799;10816433;10891441;10896916;10921922;11075717;11687594;12237775;12522270;15592455;8610109;8702728;9096689;9121430;9388490;9446569;9685404;9710204;9741627;9927207,HPRD_MIMP;KEA;Li2012;MIMP;PhosphoSite_MIMP;ProtMapper;SIGNOR;SIGNOR_ProtMapper;phosphoELM;phosphoELM_MIMP
P29353,P35968,CSF-1/PDGF receptor,tyr,Y349;Y427,Phosphorylation,1.0,Li2012,predicted_or_inferred,False,0,,Li2012
P29353,P36888,CSF-1/PDGF receptor,tyr,Y239;Y240;Y318;Y349;Y350;Y427;Y428,Phosphorylation,33.0,HPRD;KEA;MIMP;PhosphoELM;PhosphoSitePlus;ProtMapper;SIGNOR,curated_literature,True,32,10482988;10764799;10816433;10891441;10896916;10921922;11075717;11687594;12237775;12522270;15592455;16497976;17016520;17389395;18452278;18578522;18669648;19651622;19664994;19901323;20068231;20230923;8610109;8702728;9096689;9121430;9388490;9446569;9685404;9710204;9741627;9927207,HPRD;HPRD_MIMP;KEA;MIMP;PhosphoSite_MIMP;ProtMapper;SIGNOR;SIGNOR_ProtMapper;phosphoELM_MIMP
P29353,P43403,SYK/ZAP-70,tyr,Y239;Y240;Y317;Y349;Y350;Y427;Y428,Phosphorylation,42.0,HPRD;KEA;MIMP;PhosphoELM;PhosphoNetworks;PhosphoSitePlus;ProtMapper;SIGNOR,curated_literature,True,33,10482988;10764799;10816433;10891441;10896916;10921922;11075717;11687594;12237775;12522270;15592455;15688026;16497976;17016520;17389395;18452278;18578522;18669648;19651622;19664994;19901323;20068231;20230923;8610109;8702728;9096689;9121430;9388490;9446569;9685404;9710204;9741627;9927207,HPRD;HPRD_MIMP;KEA;MIMP;PhosphoNetworks;PhosphoSite;PhosphoSite_MIMP;ProtMapper;SIGNOR;SIGNOR_ProtMapper;phosphoELM;phosphoELM_MIMP
P29353,P43405,SYK/ZAP-70,tyr,Y239;Y240;Y317;Y349;Y350;Y427;Y428,Phosphorylation,20.0,HPRD;KEA;Li2012;MIMP;PhosphoELM;PhosphoNetworks;PhosphoSitePlus;ProtMapper;SIGNOR,curated_literature,True,17,10482988;10891441;11075717;11687594;15592455;15688026;16497976;17016520;17389395;19901323;20068231;9096689;9121430;9388490;9685404;9710204;9927207,HPRD;HPRD_MIMP;KEA;Li2012;MIMP;PhosphoNetworks;PhosphoSite;PhosphoSite_MIMP;ProtMapper;SIGNOR;SIGNOR_ProtMapper;phosphoELM;phosphoELM_MIMP
P29353,P52333,JAK,tyr,Y410;Y448,Phosphorylation,1.0,PhosphoSitePlus,curated_source,True,0,,PhosphoSite
P29353,Q05397,FAK,tyr,Y427,Phosphorylation,1.0,SIGNOR,curated_literature,True,1,9566877,SIGNOR
P29376,P29376,Insulin receptor,tyr,Y676,Phosphorylation,1.0,UniProt_ModRes,curated_source,True,0,,UniProt_ModRes
P29474,P00519,ABL,tyr,Y81,Phosphorylation,1.0,PhosphoSitePlus,curated_source,True,0,,PhosphoSite
P29474,P12931,SRC,tyr,Y81,Phosphorylation,1.0,ProtMapper;REACH_ProtMapper,literature_supported,False,1,19342700,ProtMapper;REACH_ProtMapper
P29474,P41240,CSK,tyr,Y81,Phosphorylation,1.0,ProtMapper;Sparser_ProtMapper,literature_supported,False,1,19342700,ProtMapper;Sparser_ProtMapper
P29474,Q14289,FAK,tyr,Y657,Phosphorylation,5.0,MIMP;PhosphoSitePlus;ProtMapper;REACH_ProtMapper;SIGNOR;Sparser_ProtMapper,curated_literature,True,3,18483407;19934023;26184181,MIMP;PhosphoSite;PhosphoSite_MIMP;PhosphoSite_ProtMapper;ProtMapper;REACH_ProtMapper;SIGNOR;SIGNOR_ProtMapper;Sparser_ProtMapper
P29597,P06241,SRC,tyr,Y1054,Phosphorylation,1.0,KEA,literature_supported,False,1,17570479,KEA
P29597,P23458,JAK,tyr,Y1054;Y1055,Phosphorylation,9.0,HPRD;KEA;MIMP;PhosphoELM;PhosphoSitePlus;ProtMapper;SIGNOR,curated_literature,True,4,15659558;19901323;30029643;8702790,HPRD;HPRD_MIMP;KEA;MIMP;PhosphoSite_MIMP;ProtMapper;SIGNOR;SIGNOR_ProtMapper;phosphoELM;phosphoELM_MIMP
P29597,P29597,JAK,tyr,Y1054;Y1055,Phosphorylation,4.0,PhosphoELM;PhosphoSitePlus;SIGNOR;UniProt;UniProt_ModRes;iPTMnet,curated_literature,True,2,20478313;8702790,PSP;Signor;UniProt;UniProt_ModRes;iPTMnet_REST;phospho.ELM
P30040,Q504Y2,,tyr,Y64;Y66,Phosphorylation,1.0,UniProt_ModRes,curated_literature,True,1,25171405,UniProt_ModRes
P30101,P07948,SRC,tyr,Y445;Y454;Y467,Phosphorylation,2.0,KEA;SIGNOR,curated_literature,True,1,8631326,KEA;SIGNOR
P30203,P08069,Insulin receptor,tyr,Y662,Phosphorylation,1.0,KEA,literature_supported,False,1,17570479,KEA
P30203,P08631,SRC,tyr,Y662,Phosphorylation,1.0,KEA,literature_supported,False,1,17570479,KEA
P30273,P06241,SRC,tyr,Y65;Y76,Phosphorylation,2.0,ProtMapper;Reactome_ProtMapper,predicted_or_inferred,False,0,,ProtMapper;Reactome_ProtMapper
P30273,P07948,SRC,tyr,Y65;Y76,Phosphorylation,2.0,ProtMapper;Reactome_ProtMapper,predicted_or_inferred,False,0,,ProtMapper;Reactome_ProtMapper
P30273,P12931,SRC,tyr,Y65;Y76,Phosphorylation,1.0,Li2012,predicted_or_inferred,False,0,,Li2012
P30304,P12931,SRC,tyr,Y486;Y59,Phosphorylation,1.0,PhosphoSitePlus;ProtMapper;RLIMS-P_ProtMapper;Sparser_ProtMapper,curated_literature,True,1,27485204,PhosphoSite;PhosphoSite_ProtMapper;ProtMapper;RLIMS-P_ProtMapper;Sparser_ProtMapper
P30411,P12931,SRC,tyr,Y177;Y347,Phosphorylation,5.0,HPRD;KEA;MIMP;PhosphoELM;PhosphoSitePlus;ProtMapper;SIGNOR,curated_literature,True,2,10085087;16226010,HPRD_MIMP;KEA;MIMP;PhosphoSite;PhosphoSite_MIMP;PhosphoSite_ProtMapper;ProtMapper;SIGNOR;SIGNOR_ProtMapper;phosphoELM;phosphoELM_MIMP
P30419,P06241,SRC,tyr,Y180,Phosphorylation,5.0,HPRD;KEA;MIMP;PhosphoELM;PhosphoSitePlus;ProtMapper;SIGNOR,curated_literature,True,1,11594778,HPRD;HPRD_MIMP;KEA;MIMP;PhosphoSite;PhosphoSite_MIMP;PhosphoSite_ProtMapper;ProtMapper;SIGNOR;SIGNOR_ProtMapper;phosphoELM;phosphoELM_MIMP
P30419,P07948,SRC,tyr,Y117;Y180,Phosphorylation,4.0,HPRD;KEA;MIMP;PhosphoELM;PhosphoNetworks;PhosphoSitePlus;ProtMapper;SIGNOR,curated_literature,True,1,11594778,HPRD_MIMP;KEA;MIMP;PhosphoNetworks;PhosphoSite;PhosphoSite_MIMP;PhosphoSite_ProtMapper;ProtMapper;SIGNOR;SIGNOR_ProtMapper;phosphoELM;phosphoELM_MIMP
P30530,P00533,EGF receptor,tyr,Y779,Phosphorylation,1.0,ProtMapper;RLIMS-P_ProtMapper;Sparser_ProtMapper,literature_supported,False,1,27775700,ProtMapper;RLIMS-P_ProtMapper;Sparser_ProtMapper
P30530,P12931,SRC,tyr,Y779,Phosphorylation,1.0,ProtMapper;Sparser_ProtMapper,literature_supported,False,1,28675785,ProtMapper;Sparser_ProtMapper
P30530,P30530,AXL/UFO,tyr,Y703;Y779;Y821;Y866,Phosphorylation,4.0,HPRD;UniProt;UniProt_ModRes;iPTMnet,curated_literature,True,2,18346204;9178760,HPRD;UniProt;UniProt_ModRes;iPTMnet_REST
P30530,P51813,TEC,tyr,Y821,Phosphorylation,1.0,PhosphoNetworks,predicted_or_inferred,False,0,,PhosphoNetworks
P30531,P08069,Insulin receptor,tyr,Y107,Phosphorylation,1.0,KEA,literature_supported,False,1,17570479,KEA
P30556,P12931,SRC,tyr,Y319,Phosphorylation,2.0,PhosphoSitePlus;ProtMapper,curated_source,True,0,,PhosphoSite;PhosphoSite_ProtMapper;ProtMapper
P31040,P09769,SRC,tyr,Y543;Y604,Phosphorylation,5.0,ProtMapper;REACH_ProtMapper;SIGNOR;Sparser_ProtMapper,curated_literature,True,5,17997986;19644226;20085797;22823520;25660020,ProtMapper;REACH_ProtMapper;SIGNOR;Sparser_ProtMapper
P31040,P12931,SRC,tyr,Y215,Phosphorylation,1.0,PhosphoSitePlus;ProtMapper;REACH_ProtMapper;UniProt_ModRes,curated_literature,True,1,22823520,PhosphoSite;PhosphoSite_ProtMapper;ProtMapper;REACH_ProtMapper;UniProt_ModRes
P31040,P41240,CSK,tyr,Y215,Phosphorylation,1.0,ProtMapper;REACH_ProtMapper,literature_supported,False,1,22823520,ProtMapper;REACH_ProtMapper
P31431,P12931,SRC,tyr,Y180;Y197,Phosphorylation,2.0,PhosphoSitePlus;ProtMapper;REACH_ProtMapper;Sparser_ProtMapper,curated_literature,True,2,23453597;25219541,PhosphoSite;PhosphoSite_ProtMapper;ProtMapper;REACH_ProtMapper;Sparser_ProtMapper
P31645,P12931,SRC,tyr,Y142;Y47,Phosphorylation,1.0,PhosphoSitePlus,curated_source,True,0,,PhosphoSite
P31749,P07949,Tyr protein kinase,tyr,Y315,Phosphorylation,3.0,HPRD;KEA;MIMP;PhosphoSitePlus;ProtMapper;SIGNOR,curated_literature,True,2,12600984;15994200,HPRD_MIMP;KEA;MIMP;PhosphoSite;PhosphoSite_MIMP;PhosphoSite_ProtMapper;ProtMapper;SIGNOR;SIGNOR_ProtMapper
P31749,P12931,SRC,tyr,Y315;Y326,Phosphorylation,7.0,HPRD;KEA;MIMP;PhosphoSitePlus;ProtMapper;SIGNOR,curated_literature,True,2,11445557;12600984,HPRD;HPRD_MIMP;KEA;MIMP;PhosphoSite_MIMP;ProtMapper;SIGNOR;SIGNOR_ProtMapper
P31749,Q07912,Tyr protein kinase,dual,Y176,Phosphorylation,3.0,ProtMapper;SIGNOR;UniProt_ModRes;dbPTM,curated_literature,True,1,20333297,ProtMapper;SIGNOR;SIGNOR_ProtMapper;UniProt_ModRes;dbPTM
P31749,Q13882,BRK/PTK6/SIK,tyr,Y315;Y326,Phosphorylation,4.0,HPRD;MIMP;PhosphoSitePlus;ProtMapper;SIGNOR,curated_literature,True,2,15994200;20606012,HPRD_MIMP;MIMP;PhosphoSite;PhosphoSite_MIMP;PhosphoSite_ProtMapper;ProtMapper;SIGNOR;SIGNOR_ProtMapper
P31939,Q9UM73,Insulin receptor,tyr,Y104,Phosphorylation,5.0,HPRD;MIMP;PhosphoELM;PhosphoSitePlus;ProtMapper,curated_source,True,0,,HPRD_MIMP;MIMP;PhosphoSite;PhosphoSite_MIMP;PhosphoSite_ProtMapper;ProtMapper;phosphoELM_MIMP
P31994,P06241,SRC,tyr,Y292,Phosphorylation,5.0,HPRD;MIMP;PhosphoELM;PhosphoSitePlus;ProtMapper,curated_source,True,0,,HPRD_MIMP;MIMP;PhosphoSite;PhosphoSite_MIMP;PhosphoSite_ProtMapper;ProtMapper;phosphoELM_MIMP
P31994,P07948,SRC,tyr,Y272;Y273;Y291;Y292,Phosphorylation,4.0,HPRD;KEA;MIMP;PhosphoELM;PhosphoNetworks;PhosphoSitePlus;ProtMapper;SIGNOR,curated_literature,True,1,8756631,HPRD_MIMP;KEA;MIMP;PhosphoNetworks;PhosphoSite;PhosphoSite_MIMP;PhosphoSite_ProtMapper;ProtMapper;SIGNOR;SIGNOR_ProtMapper;phosphoELM;phosphoELM_MIMP
P31994,P12931,SRC,tyr,Y292,Phosphorylation,1.0,Li2012;dbPTM,literature_supported,False,1,8756631,Li2012;dbPTM
P31994,P51451,SRC,tyr,Y272;Y273;Y291;Y292,Phosphorylation,2.0,HPRD;KEA;MIMP;PhosphoELM;PhosphoNetworks;PhosphoSitePlus;ProtMapper,curated_literature,True,1,8756631,HPRD_MIMP;KEA;MIMP;PhosphoNetworks;PhosphoSite;PhosphoSite_MIMP;PhosphoSite_ProtMapper;ProtMapper;phosphoELM;phosphoELM_MIMP
P31995,P06241,SRC,tyr,Y294;Y310,Phosphorylation,1.0,PhosphoSitePlus;SIGNOR,curated_literature,True,1,8756631,PhosphoSite;SIGNOR
P31995,P07948,SRC,tyr,Y287;Y294;Y310,Phosphorylation,3.0,KEA;PhosphoELM;PhosphoNetworks;PhosphoSitePlus;ProtMapper;SIGNOR,curated_literature,True,1,8756631,KEA;PhosphoNetworks;PhosphoSite;PhosphoSite_ProtMapper;ProtMapper;SIGNOR;phosphoELM
P31995,P12931,SRC,tyr,Y294;Y310,Phosphorylation,2.0,dbPTM,literature_supported,False,2,18083107;8756631,dbPTM
P31995,P43405,SYK/ZAP-70,tyr,Y287;Y294;Y310,Phosphorylation,3.0,KEA;PhosphoELM;PhosphoNetworks;PhosphoSitePlus;ProtMapper;SIGNOR,curated_literature,True,1,8756631,KEA;PhosphoNetworks;PhosphoSite;PhosphoSite_ProtMapper;ProtMapper;SIGNOR;phosphoELM
P31995,P51451,SRC,tyr,Y294;Y310,Phosphorylation,1.0,PhosphoSitePlus;ProtMapper;SIGNOR,curated_literature,True,1,8756631,PhosphoSite;PhosphoSite_ProtMapper;ProtMapper;SIGNOR
P32004,P12931,SRC,tyr,Y1176,Phosphorylation,5.0,MIMP;PhosphoELM;PhosphoSitePlus;ProtMapper;Reactome_ProtMapper,curated_source,True,0,,MIMP;PhosphoSite;PhosphoSite_MIMP;PhosphoSite_ProtMapper;ProtMapper;Reactome_ProtMapper;phosphoELM_MIMP
P32004,P29323,Ephrin receptor,tyr,Y1229,Phosphorylation,1.0,PhosphoSitePlus,curated_source,True,0,,PhosphoSite
P32004,P54753,Ephrin receptor,tyr,Y1229,Phosphorylation,2.0,iPTMnet;neXtProt,literature_supported,False,1,22579729,iPTMnet_REST;neXtProt
P32119,P43405,SYK/ZAP-70,tyr,Y193,Phosphorylation,1.0,PhosphoSitePlus,curated_source,True,0,,PhosphoSite
P32248,P12931,SRC,tyr,Y155,Phosphorylation,2.0,PhosphoSitePlus;ProtMapper,curated_source,True,0,,PhosphoSite;PhosphoSite_ProtMapper;ProtMapper
P32927,O60674,JAK,tyr,Y593;Y628,Phosphorylation,3.0,KEA,literature_supported,False,3,10362354;9257712;9677359,KEA
P32927,P07948,SRC,tyr,Y466;Y468;Y822;Y882,Phosphorylation,4.0,MIMP;PhosphoELM;PhosphoSitePlus;ProtMapper,curated_source,True,0,,MIMP;PhosphoSite;PhosphoSite_MIMP;PhosphoSite_ProtMapper;ProtMapper;phosphoELM_MIMP
P33151,P08922,Insulin receptor,tyr,Y658;Y731,Phosphorylation,1.0,ProtMapper;REACH_ProtMapper,literature_supported,False,1,23305708,ProtMapper;REACH_ProtMapper
P33151,P12931,SRC,tyr,Y658;Y685;Y731,Phosphorylation,12.0,HPRD;KEA;MIMP;PhosphoELM;PhosphoSitePlus;ProtMapper;REACH_ProtMapper;RLIMS-P_ProtMapper;SIGNOR;Sparser_ProtMapper,curated_literature,True,19,16027153;16909109;19644057;20708398;21123455;24136461;24358106;24446483;24525631;24583284;24590762;25675998;25924235;26598555;26905827;27381080;28057793;28119542;29326721,HPRD_MIMP;KEA;MIMP;PhosphoSite;PhosphoSite_MIMP;PhosphoSite_ProtMapper;ProtMapper;REACH_ProtMapper;RLIMS-P_ProtMapper;SIGNOR;SIGNOR_ProtMapper;Sparser_ProtMapper;phosphoELM_MIMP
P33151,P41240,CSK,tyr,Y658;Y731,Phosphorylation,2.0,ProtMapper;Sparser_ProtMapper,literature_supported,False,2,28712573;29730311,ProtMapper;Sparser_ProtMapper
P33151,Q05397,FAK,tyr,Y658,Phosphorylation,5.0,ProtMapper;REACH_ProtMapper;Sparser_ProtMapper,literature_supported,False,5,22264731;24446483;25475728;26556953;27703663,ProtMapper;REACH_ProtMapper;Sparser_ProtMapper
P33151,Q14289,FAK,tyr,Y658;Y731,Phosphorylation,3.0,ProtMapper;REACH_ProtMapper,literature_supported,False,3,19644057;28119542;28602626,ProtMapper;REACH_ProtMapper
P33993,P00533,EGF receptor,tyr,Y600,Phosphorylation,2.0,ProtMapper;REACH_ProtMapper,literature_supported,False,2,23764002;30062004,ProtMapper;REACH_ProtMapper
P33993,P07948,SRC,tyr,Y600,Phosphorylation,2.0,PhosphoSitePlus;ProtMapper;REACH_ProtMapper;Sparser_ProtMapper,curated_literature,True,2,23764002;30062004,PhosphoSite;PhosphoSite_ProtMapper;ProtMapper;REACH_ProtMapper;Sparser_ProtMapper
P33993,P12931,SRC,tyr,Y600,Phosphorylation,1.0,ProtMapper;REACH_ProtMapper,literature_supported,False,1,23764002,ProtMapper;REACH_ProtMapper
P34741,P12931,SRC,tyr,Y179,Phosphorylation,3.0,MIMP;PhosphoSitePlus;ProtMapper,curated_source,True,0,,MIMP;PhosphoSite;PhosphoSite_MIMP;PhosphoSite_ProtMapper;ProtMapper
P34741,P29323,Ephrin receptor,tyr,Y191;Y200,Phosphorylation,2.0,NCI-PID_ProtMapper;ProtMapper;Sparser_ProtMapper,literature_supported,False,2,11580899;16198615,NCI-PID_ProtMapper;ProtMapper;Sparser_ProtMapper
P34932,P06213,Insulin receptor,tyr,Y336,Phosphorylation,1.0,KEA,literature_supported,False,1,17570479,KEA
P34932,P06241,SRC,tyr,Y336,Phosphorylation,1.0,KEA,literature_supported,False,1,17570479,KEA
P34947,P12931,SRC,tyr,Y253,Phosphorylation,1.0,ProtMapper;RLIMS-P_ProtMapper,literature_supported,False,1,21097543,ProtMapper;RLIMS-P_ProtMapper
P35222,P00519,ABL,tyr,Y489;Y654;Y86,Phosphorylation,3.0,BEL-Large-Corpus_ProtMapper;HPRD;MIMP;PhosphoELM;PhosphoSitePlus;ProtMapper;RLIMS-P_ProtMapper;Sparser_ProtMapper,curated_literature,True,5,16099633;17618275;20840866;24465953;25164010,BEL-Large-Corpus_ProtMapper;HPRD_MIMP;MIMP;PhosphoSite;PhosphoSite_MIMP;PhosphoSite_ProtMapper;ProtMapper;RLIMS-P_ProtMapper;Sparser_ProtMapper;phosphoELM_MIMP
P35222,P00533,EGF receptor,tyr,Y142;Y333;Y654;Y86,Phosphorylation,6.0,BEL-Large-Corpus_ProtMapper;HPRD;MIMP;PhosphoELM;PhosphoSitePlus;ProtMapper;REACH_ProtMapper;Sparser_ProtMapper,curated_literature,True,9,16099633;20858269;21903109;22200182;22558232;24816560;25164010;26509276;28035485,BEL-Large-Corpus_ProtMapper;HPRD_MIMP;MIMP;PhosphoSite;PhosphoSite_MIMP;PhosphoSite_ProtMapper;ProtMapper;REACH_ProtMapper;Sparser_ProtMapper;phosphoELM_MIMP
P35222,P04626,EGF receptor,tyr,Y654,Phosphorylation,1.0,HPRD;MIMP;PhosphoELM;PhosphoSitePlus;ProtMapper;Sparser_ProtMapper,curated_literature,True,1,23576562,HPRD_MIMP;MIMP;PhosphoSite;PhosphoSite_MIMP;PhosphoSite_ProtMapper;ProtMapper;Sparser_ProtMapper;phosphoELM_MIMP
P35222,P04629,Insulin receptor,tyr,Y142,Phosphorylation,2.0,PhosphoSitePlus;ProtMapper;Sparser_ProtMapper,curated_literature,True,2,22558232;28548074,PhosphoSite;PhosphoSite_ProtMapper;ProtMapper;Sparser_ProtMapper
P35222,P06241,SRC,tyr,Y142,Phosphorylation,11.0,HPRD;KEA;MIMP;PhosphoELM;PhosphoNetworks;PhosphoSitePlus;ProtMapper;SIGNOR;Sparser_ProtMapper;UniProt_ModRes;dbPTM,curated_literature,True,7,12640114;20026641;22264731;22340496;24511551;25803041;26509276,HPRD_MIMP;KEA;MIMP;PhosphoNetworks;PhosphoSite_MIMP;ProtMapper;SIGNOR;SIGNOR_ProtMapper;Sparser_ProtMapper;UniProt_ModRes;dbPTM;phosphoELM;phosphoELM_MIMP
P35222,P07949,Tyr protein kinase,tyr,Y654,Phosphorylation,2.0,iPTMnet;neXtProt,literature_supported,False,1,18316596,iPTMnet_REST;neXtProt
P35222,P08581,Tyr protein kinase,tyr,Y142;Y654,Phosphorylation,4.0,ProtMapper;Sparser_ProtMapper,literature_supported,False,5,23083465;24342833;24511551;25163657;26654598,ProtMapper;Sparser_ProtMapper
P35222,P12931,SRC,tyr,Y333;Y654;Y86,Phosphorylation,25.0,HPRD;KEA;MIMP;NCI-PID_ProtMapper;PhosphoELM;PhosphoSitePlus;ProtMapper;REACH_ProtMapper;RLIMS-P_ProtMapper;SIGNOR;Sparser_ProtMapper;UniProt_ModRes,curated_literature,True,29,10593980;11279024;11836526;12408824;12571228;14517306;16831887;20026641;20840866;21195420;21903109;22056988;22200182;22247700;22264731;22515442;22605996;23476652;23640056;23824743;24816560;25041845;25164010;25423132;25850673;26453937;26918136;27177845;27203386,HPRD_MIMP;KEA;MIMP;NCI-PID_ProtMapper;PhosphoSite;PhosphoSite_MIMP;PhosphoSite_ProtMapper;ProtMapper;REACH_ProtMapper;RLIMS-P_ProtMapper;SIGNOR;SIGNOR_ProtMapper;Sparser_ProtMapper;UniProt_ModRes;phosphoELM;phosphoELM_MIMP
P35222,P16234,CSF-1/PDGF receptor,tyr,Y654,Phosphorylation,1.0,ProtMapper;Sparser_ProtMapper,literature_supported,False,1,22247700,ProtMapper;Sparser_ProtMapper
P35222,P16591,Fes/fps,tyr,Y142,Phosphorylation,9.0,HPRD;KEA;MIMP;NCI-PID_ProtMapper;PhosphoELM;PhosphoSitePlus;ProtMapper;SIGNOR;Sparser_ProtMapper,curated_literature,True,7,12640114;14517306;19047464;19166962;22264731;24511551;25803041,HPRD_MIMP;KEA;MIMP;NCI-PID_ProtMapper;PhosphoSite_MIMP;ProtMapper;SIGNOR;SIGNOR_ProtMapper;Sparser_ProtMapper;phosphoELM_MIMP
P35222,P21802,Fibroblast growth factor receptor,tyr,Y142,Phosphorylation,1.0,PhosphoSitePlus;ProtMapper;Sparser_ProtMapper,curated_literature,True,1,22558232,PhosphoSite;PhosphoSite_ProtMapper;ProtMapper;Sparser_ProtMapper
P35222,P22607,Fibroblast growth factor receptor,tyr,Y142,Phosphorylation,1.0,PhosphoSitePlus;ProtMapper;Sparser_ProtMapper,curated_literature,True,1,22558232,PhosphoSite;PhosphoSite_ProtMapper;ProtMapper;Sparser_ProtMapper
P35222,P36888,CSF-1/PDGF receptor,tyr,Y654,Phosphorylation,1.0,ProtMapper;RLIMS-P_ProtMapper;Sparser_ProtMapper,literature_supported,False,1,22126602,ProtMapper;RLIMS-P_ProtMapper;Sparser_ProtMapper
P35222,P41240,CSK,tyr,Y142;Y654;Y86,Phosphorylation,4.0,ProtMapper;Sparser_ProtMapper;dbPTM,literature_supported,False,5,11279024;21823612;26860872;28821617;29658569,ProtMapper;Sparser_ProtMapper;dbPTM
P35222,P52333,JAK,tyr,Y30;Y64;Y654;Y86,Phosphorylation,1.0,PhosphoSitePlus;ProtMapper;REACH_ProtMapper;RLIMS-P_ProtMapper;Sparser_ProtMapper,curated_literature,True,1,28821617,PhosphoSite;PhosphoSite_ProtMapper;ProtMapper;REACH_ProtMapper;RLIMS-P_ProtMapper;Sparser_ProtMapper
P35222,Q05397,FAK,tyr,Y142,Phosphorylation,6.0,PhosphoSitePlus;ProtMapper;SIGNOR;Sparser_ProtMapper,curated_literature,True,5,22264731;26274564;27292568;28067792;30134553,PhosphoSite;ProtMapper;SIGNOR;Sparser_ProtMapper
P35222,Q13882,BRK/PTK6/SIK,tyr,Y142;Y331;Y333;Y64,Phosphorylation,5.0,HPRD;MIMP;PhosphoELM;PhosphoSitePlus;ProtMapper;REACH_ProtMapper;RLIMS-P_ProtMapper;Sparser_ProtMapper;UniProt_ModRes;dbPTM,curated_literature,True,5,12640114;20026641;22056988;22264731;23398121,HPRD_MIMP;MIMP;PhosphoSite;PhosphoSite_MIMP;PhosphoSite_ProtMapper;ProtMapper;REACH_ProtMapper;RLIMS-P_ProtMapper;Sparser_ProtMapper;UniProt_ModRes;dbPTM;phosphoELM_MIMP
P35228,P12931,SRC,tyr,Y1055;Y151,Phosphorylation,3.0,MIMP;PhosphoSitePlus;ProtMapper;RLIMS-P_ProtMapper;SIGNOR;Sparser_ProtMapper,curated_literature,True,2,19875457;20015194,MIMP;PhosphoSite;PhosphoSite_MIMP;PhosphoSite_ProtMapper;ProtMapper;RLIMS-P_ProtMapper;SIGNOR;SIGNOR_ProtMapper;Sparser_ProtMapper
P35232,P06213,Insulin receptor,tyr,Y114,Phosphorylation,2.0,MIMP;PhosphoSitePlus;ProtMapper;Sparser_ProtMapper,curated_literature,True,2,19854158;24347342,MIMP;PhosphoSite;PhosphoSite_MIMP;PhosphoSite_ProtMapper;ProtMapper;Sparser_ProtMapper
P35232,P10721,CSF-1/PDGF receptor,tyr,Y259,Phosphorylation,1.0,PhosphoSitePlus,curated_source,True,0,,PhosphoSite
P35354,P06241,SRC,tyr,Y446,Phosphorylation,1.0,PhosphoSitePlus;ProtMapper;REACH_ProtMapper;Sparser_ProtMapper,curated_literature,True,1,24970799,PhosphoSite;PhosphoSite_ProtMapper;ProtMapper;REACH_ProtMapper;Sparser_ProtMapper
P35354,P07948,SRC,tyr,Y120,Phosphorylation,2.0,PhosphoSitePlus;ProtMapper,curated_source,True,0,,PhosphoSite;PhosphoSite_ProtMapper;ProtMapper
P35372,P12931,SRC,tyr,Y338,Phosphorylation,3.0,ProtMapper;REACH_ProtMapper;RLIMS-P_ProtMapper,literature_supported,False,3,19029294;24061856;28818835,ProtMapper;REACH_ProtMapper;RLIMS-P_ProtMapper
P35568,P00533,EGF receptor,tyr,Y896,Phosphorylation,1.0,ProtMapper;REACH_ProtMapper;Sparser_ProtMapper,literature_supported,False,1,20670944,ProtMapper;REACH_ProtMapper;Sparser_ProtMapper
P35568,P06213,Insulin receptor,tyr,Y1179;Y1229;Y465;Y612;Y632;Y896;Y941;Y989,Phosphorylation,6.0,KEA;Li2012;PhosphoSitePlus;ProtMapper;REACH_ProtMapper;RLIMS-P_ProtMapper;SIGNOR;Sparser_ProtMapper;UniProt_ModRes;dbPTM,curated_literature,True,12,10655627;11416002;12220227;18083107;19534553;20685959;23401856;25472611;28328746;30092354;7504175;7651388,KEA;Li2012;PhosphoSite;PhosphoSite_ProtMapper;ProtMapper;REACH_ProtMapper;RLIMS-P_ProtMapper;SIGNOR;SIGNOR_ProtMapper;Sparser_ProtMapper;UniProt_ModRes;dbPTM
P35568,P06241,SRC,tyr,Y1179;Y896,Phosphorylation,1.0,KEA,literature_supported,False,2,11259577;8631859,KEA
P35568,P08069,Insulin receptor,tyr,Y1179;Y1229;Y465;Y612;Y632;Y662;Y732;Y896;Y941;Y989,Phosphorylation,7.0,HPRD;KEA;MIMP;PhosphoELM;PhosphoSitePlus;ProtMapper;REACH_ProtMapper;RLIMS-P_ProtMapper;SIGNOR;Sparser_ProtMapper,curated_literature,True,7,11259577;12220227;17570479;17827393;20670944;25886138;8530377,HPRD;HPRD_MIMP;KEA;MIMP;PhosphoSite;PhosphoSite_MIMP;PhosphoSite_ProtMapper;ProtMapper;REACH_ProtMapper;RLIMS-P_ProtMapper;SIGNOR;SIGNOR_ProtMapper;Sparser_ProtMapper;phosphoELM_MIMP
P35568,P08581,Tyr protein kinase,tyr,Y612;Y896,Phosphorylation,1.0,PhosphoSitePlus,curated_source,True,0,,PhosphoSite
P35568,P09619,CSF-1/PDGF receptor,tyr,Y896;Y941,Phosphorylation,1.0,Li2012,predicted_or_inferred,False,0,,Li2012
P35568,P12931,SRC,tyr,Y1229;Y612,Phosphorylation,1.0,Li2012,predicted_or_inferred,False,0,,Li2012
P35568,P23458,JAK,tyr,Y612;Y632;Y662;Y732,Phosphorylation,4.0,HPRD;KEA;MIMP;PhosphoELM;PhosphoSitePlus,curated_literature,True,4,11162588;12220227;15001544;15592455,HPRD;HPRD_MIMP;KEA;MIMP;PhosphoSite_MIMP;phosphoELM_MIMP
P35579,P12931,SRC,tyr,Y158,Phosphorylation,2.0,PhosphoSitePlus;ProtMapper,curated_source,True,0,,PhosphoSite;PhosphoSite_ProtMapper;ProtMapper
P35590,P35590,Tie,tyr,Y1007,Phosphorylation,1.0,UniProt_ModRes,curated_source,True,0,,UniProt_ModRes
P35612,P06241,SRC,tyr,Y489,Phosphorylation,3.0,MIMP;PhosphoSitePlus;ProtMapper;REACH_ProtMapper;RLIMS-P_ProtMapper;Sparser_ProtMapper,curated_literature,True,3,16765915;18634768;19838659,MIMP;PhosphoSite;PhosphoSite_MIMP;PhosphoSite_ProtMapper;ProtMapper;REACH_ProtMapper;RLIMS-P_ProtMapper;Sparser_ProtMapper
P35613,P06241,SRC,tyr,Y140;Y183,Phosphorylation,1.0,PhosphoSitePlus,curated_source,True,0,,PhosphoSite
P35637,P06241,SRC,tyr,Y526,Phosphorylation,2.0,PhosphoSitePlus;ProtMapper,curated_source,True,0,,PhosphoSite;PhosphoSite_ProtMapper;ProtMapper
P35637,P12931,SRC,tyr,Y526,Phosphorylation,2.0,PhosphoSitePlus;ProtMapper,curated_source,True,0,,PhosphoSite;PhosphoSite_ProtMapper;ProtMapper
P35790,P12931,SRC,tyr,Y197;Y333,Phosphorylation,1.0,PhosphoSitePlus;ProtMapper;SIGNOR,curated_literature,True,1,21822308,PhosphoSite;PhosphoSite_ProtMapper;ProtMapper;SIGNOR
P35916,P12931,SRC,tyr,Y1063;Y1333;Y1337;Y830;Y833;Y853,Phosphorylation,5.0,MIMP;PhosphoELM;PhosphoSitePlus;ProtMapper;RLIMS-P_ProtMapper;SIGNOR;UniProt_ModRes;dbPTM,curated_literature,True,4,12881528;16076871;18083107;20431062,MIMP;PhosphoSite;PhosphoSite_MIMP;PhosphoSite_ProtMapper;ProtMapper;RLIMS-P_ProtMapper;SIGNOR;SIGNOR_ProtMapper;UniProt_ModRes;dbPTM;phosphoELM_MIMP
P35916,P35916,CSF-1/PDGF receptor,tyr,Y1063;Y1068;Y1230;Y1231;Y1265;Y1333;Y1337;Y1363,Phosphorylation,3.0,SIGNOR;UniProt;UniProt_ModRes;iPTMnet;neXtProt,curated_literature,True,3,12881528;16076871;20431062,Signor;UniProt;UniProt_ModRes;iPTMnet_REST;neXtProt
P35916,P35968,CSF-1/PDGF receptor,tyr,Y1230;Y1231;Y1265,Phosphorylation,4.0,HPRD;MIMP;PhosphoELM;PhosphoSitePlus,curated_source,True,0,,HPRD_MIMP;MIMP;PhosphoSite_MIMP;phosphoELM_MIMP
P35968,P00533,EGF receptor,tyr,Y996,Phosphorylation,1.0,KEA,literature_supported,False,1,17570479,KEA
P35968,P08069,Insulin receptor,tyr,Y1175,Phosphorylation,1.0,KEA,literature_supported,False,1,17570479,KEA
P35968,P12931,SRC,tyr,Y1175,Phosphorylation,1.0,HPRD;MIMP;PhosphoELM;PhosphoSitePlus;ProtMapper;REACH_ProtMapper,curated_literature,True,1,19050761,HPRD_MIMP;MIMP;PhosphoSite;PhosphoSite_MIMP;PhosphoSite_ProtMapper;ProtMapper;REACH_ProtMapper;phosphoELM_MIMP
P35968,P17948,CSF-1/PDGF receptor,tyr,Y1175;Y1214;Y951,Phosphorylation,1.0,Li2012;ProtMapper;REACH_ProtMapper,literature_supported,False,1,18504303,Li2012;ProtMapper;REACH_ProtMapper
P35968,P35916,CSF-1/PDGF receptor,tyr,Y1214;Y951,Phosphorylation,1.0,Li2012,predicted_or_inferred,False,0,,Li2012
P35968,P35968,CSF-1/PDGF receptor,tyr,Y1054;Y1059;Y1175;Y1214;Y1305;Y1309;Y1319;Y951;Y996,Phosphorylation,4.0,HPRD;PhosphoELM;PhosphoSitePlus;SIGNOR;UniProt;UniProt_ModRes;iPTMnet,curated_literature,True,13,10037737;10102632;10368301;10579917;11387210;12023952;15215251;15962004;17372230;17658244;18936167;19136612;7999104,HPRD;PSP;Signor;UniProt;UniProt_ModRes;iPTMnet_REST;phospho.ELM
P35968,P41240,CSK,tyr,Y1175,Phosphorylation,1.0,ProtMapper;RLIMS-P_ProtMapper,literature_supported,False,1,19050761,ProtMapper;RLIMS-P_ProtMapper
P36544,P12931,SRC,tyr,Y386;Y415;Y442;Y471,Phosphorylation,4.0,KEA;MIMP;PhosphoELM;PhosphoSitePlus;ProtMapper;SIGNOR,curated_literature,True,1,16251431,KEA;MIMP;PhosphoSite;PhosphoSite_MIMP;PhosphoSite_ProtMapper;ProtMapper;SIGNOR;SIGNOR_ProtMapper;phosphoELM;phosphoELM_MIMP
P36888,P06239,SRC,tyr,Y589,Phosphorylation,1.0,KEA,literature_supported,False,1,17570479,KEA
P36888,P07333,CSF-1/PDGF receptor,tyr,Y589,Phosphorylation,1.0,KEA,literature_supported,False,1,17570479,KEA
P36888,P10721,CSF-1/PDGF receptor,tyr,Y591,Phosphorylation,1.0,KEA,literature_supported,False,1,17570479,KEA
P36888,P36888,CSF-1/PDGF receptor,tyr,Y589;Y591;Y599;Y726;Y768;Y842;Y955;Y969,Phosphorylation,4.0,HPRD;PhosphoELM;PhosphoSitePlus;SIGNOR;UniProt;UniProt_ModRes;iPTMnet;neXtProt,curated_literature,True,9,11971190;15831474;16627759;16684964;19438505;19477218;21262971;22411868;9737679,HPRD;PSP;Signor;UniProt;UniProt_ModRes;iPTMnet_REST;neXtProt;phospho.ELM
P36888,P43405,SYK/ZAP-70,tyr,Y591;Y768;Y842;Y955,Phosphorylation,1.0,ProtMapper;REACH_ProtMapper;Sparser_ProtMapper,literature_supported,False,1,24525236,ProtMapper;REACH_ProtMapper;Sparser_ProtMapper
P37173,P12931,SRC,tyr,Y284;Y309,Phosphorylation,6.0,MIMP;PhosphoSitePlus;ProtMapper;REACH_ProtMapper;RLIMS-P_ProtMapper;SIGNOR;Sparser_ProtMapper,curated_literature,True,5,16859511;17440088;19114990;21532881;26357075,MIMP;PhosphoSite;PhosphoSite_MIMP;PhosphoSite_ProtMapper;ProtMapper;REACH_ProtMapper;RLIMS-P_ProtMapper;SIGNOR;SIGNOR_ProtMapper;Sparser_ProtMapper
P37231,P00519,ABL,tyr,Y102;Y78,Phosphorylation,3.0,PhosphoSitePlus;ProtMapper;REACH_ProtMapper;SIGNOR;Sparser_ProtMapper,curated_literature,True,3,25368164;26385316;30323259,PhosphoSite;ProtMapper;REACH_ProtMapper;SIGNOR;SIGNOR_ProtMapper;Sparser_ProtMapper
P37231,P00533,EGF receptor,tyr,Y74,Phosphorylation,1.0,PhosphoSitePlus,curated_source,True,0,,PhosphoSite
P37231,P12931,SRC,tyr,Y78,Phosphorylation,2.0,ProtMapper;Sparser_ProtMapper,literature_supported,False,2,26385316;30323259,ProtMapper;Sparser_ProtMapper
P37231,P41240,CSK,tyr,Y78,Phosphorylation,1.0,ProtMapper;REACH_ProtMapper,literature_supported,False,1,26385316,ProtMapper;REACH_ProtMapper
P37802,P30291,WEE1,tyr,Y192;Y8,Phosphorylation,1.0,PhosphoNetworks,predicted_or_inferred,False,0,,PhosphoNetworks
P37840,P00519,ABL,tyr,Y125;Y39,Phosphorylation,5.0,PhosphoSitePlus;ProtMapper;REACH_ProtMapper;RLIMS-P_ProtMapper;Sparser_ProtMapper,curated_literature,True,5,24412932;27348587;27356045;27833551;29103051,PhosphoSite;PhosphoSite_ProtMapper;ProtMapper;REACH_ProtMapper;RLIMS-P_ProtMapper;Sparser_ProtMapper
P37840,P06239,SRC,tyr,Y125,Phosphorylation,2.0,NCI-PID_ProtMapper;ProtMapper,literature_supported,False,2,11078745;12096713,NCI-PID_ProtMapper;ProtMapper
P37840,P06241,SRC,tyr,Y125;Y133,Phosphorylation,10.0,HPRD;KEA;MIMP;NCI-PID_ProtMapper;PhosphoELM;PhosphoSitePlus;ProtMapper;REACH_ProtMapper;Sparser_ProtMapper;UniProt_ModRes;dbPTM,curated_literature,True,8,11078745;11162638;11744621;12096713;12893833;17570479;24860424;28671665,HPRD;HPRD_MIMP;KEA;MIMP;NCI-PID_ProtMapper;PhosphoSite;PhosphoSite_MIMP;PhosphoSite_ProtMapper;ProtMapper;REACH_ProtMapper;Sparser_ProtMapper;UniProt_ModRes;dbPTM;phosphoELM;phosphoELM_MIMP
P37840,P07947,SRC,tyr,Y125,Phosphorylation,2.0,NCI-PID_ProtMapper;ProtMapper,literature_supported,False,2,11078745;12096713,NCI-PID_ProtMapper;ProtMapper
P37840,P07948,SRC,tyr,Y125,Phosphorylation,5.0,HPRD;MIMP;NCI-PID_ProtMapper;PhosphoELM;PhosphoSitePlus;ProtMapper,curated_literature,True,4,11078745;11162638;11744621;12096713,HPRD;HPRD_MIMP;MIMP;NCI-PID_ProtMapper;PhosphoSite_MIMP;ProtMapper;phosphoELM_MIMP
P37840,P08631,SRC,tyr,Y125,Phosphorylation,2.0,NCI-PID_ProtMapper;ProtMapper,literature_supported,False,2,11078745;12096713,NCI-PID_ProtMapper;ProtMapper
P37840,P09769,SRC,tyr,Y125,Phosphorylation,5.0,HPRD;MIMP;NCI-PID_ProtMapper;PhosphoELM;PhosphoSitePlus;ProtMapper,curated_literature,True,4,11078745;11162638;11744621;12096713,HPRD;HPRD_MIMP;MIMP;NCI-PID_ProtMapper;PhosphoSite_MIMP;ProtMapper;phosphoELM_MIMP
P37840,P12931,SRC,tyr,Y125,Phosphorylation,9.0,BEL-Large-Corpus_ProtMapper;HPRD;KEA;MIMP;NCI-PID_ProtMapper;PhosphoELM;PhosphoSitePlus;ProtMapper;REACH_ProtMapper;Sparser_ProtMapper,curated_literature,True,8,11078745;11162638;11744621;12096713;12893833;15212693;24860424;28671665,BEL-Large-Corpus_ProtMapper;HPRD_MIMP;KEA;MIMP;NCI-PID_ProtMapper;PhosphoSite;PhosphoSite_MIMP;PhosphoSite_ProtMapper;ProtMapper;REACH_ProtMapper;Sparser_ProtMapper;phosphoELM_MIMP
P37840,P43405,SYK/ZAP-70,tyr,Y108;Y125;Y133;Y136,Phosphorylation,10.0,HPRD;KEA;Li2012;MIMP;NCI-PID_ProtMapper;PhosphoELM;PhosphoSitePlus;ProtMapper;SIGNOR,curated_literature,True,4,11162638;11744621;12096713;12893833,HPRD;HPRD_MIMP;KEA;Li2012;MIMP;NCI-PID_ProtMapper;PhosphoSite;PhosphoSite_MIMP;PhosphoSite_ProtMapper;ProtMapper;SIGNOR;SIGNOR_ProtMapper;phosphoELM;phosphoELM_MIMP
P37840,P51451,SRC,tyr,Y125,Phosphorylation,2.0,NCI-PID_ProtMapper;ProtMapper,literature_supported,False,2,11078745;12096713,NCI-PID_ProtMapper;ProtMapper
P37840,Q14289,FAK,tyr,Y125,Phosphorylation,9.0,HPRD;KEA;MIMP;PhosphoELM;PhosphoSitePlus;ProtMapper;SIGNOR,curated_literature,True,4,11162638;11744621;12096713;12893833,HPRD;HPRD_MIMP;KEA;MIMP;PhosphoSite;PhosphoSite_MIMP;PhosphoSite_ProtMapper;ProtMapper;SIGNOR;SIGNOR_ProtMapper;phosphoELM_MIMP
P38398,P42685,SRC,tyr,Y1552,Phosphorylation,1.0,PhosphoSitePlus;ProtMapper;REACH_ProtMapper;Sparser_ProtMapper,curated_literature,True,1,29156836,PhosphoSite;PhosphoSite_ProtMapper;ProtMapper;REACH_ProtMapper;Sparser_ProtMapper
P38936,O60674,JAK,tyr,Y77,Phosphorylation,2.0,ProtMapper;Reactome_ProtMapper,predicted_or_inferred,False,0,,ProtMapper;Reactome_ProtMapper
P38936,P00519,ABL,tyr,Y77,Phosphorylation,2.0,ProtMapper;Reactome_ProtMapper,predicted_or_inferred,False,0,,ProtMapper;Reactome_ProtMapper
P38936,P07948,SRC,tyr,Y77,Phosphorylation,2.0,ProtMapper;Reactome_ProtMapper,predicted_or_inferred,False,0,,ProtMapper;Reactome_ProtMapper
P38936,P12931,SRC,tyr,Y77,Phosphorylation,2.0,ProtMapper;Reactome_ProtMapper,predicted_or_inferred,False,0,,ProtMapper;Reactome_ProtMapper
P38936,Q13882,BRK/PTK6/SIK,tyr,Y77,Phosphorylation,2.0,ProtMapper;Reactome_ProtMapper,predicted_or_inferred,False,0,,ProtMapper;Reactome_ProtMapper
P40189,O60674,JAK,tyr,Y683,Phosphorylation,1.0,KEA,literature_supported,False,1,10661409,KEA
P40189,P23458,JAK,tyr,Y683;Y759;Y767;Y814;Y905;Y915,Phosphorylation,1.0,KEA;Li2012,literature_supported,False,1,10661409,KEA;Li2012
P40259,P06239,SRC,tyr,Y103;Y196;Y197;Y207;Y208;Y92,Phosphorylation,4.0,HPRD;KEA;MIMP;PhosphoELM;PhosphoSitePlus,curated_source,True,2,8077654;9531288,HPRD_MIMP;KEA;MIMP;PhosphoSite_MIMP;phosphoELM_MIMP
P40259,P06241,SRC,tyr,Y103;Y196;Y197;Y207;Y208;Y92,Phosphorylation,6.0,HPRD;KEA;MIMP;PhosphoELM;PhosphoNetworks;PhosphoSitePlus;ProtMapper;Reactome_ProtMapper;SIGNOR,curated_literature,True,2,8077654;9531288,HPRD;HPRD_MIMP;KEA;MIMP;PhosphoNetworks;PhosphoSite_MIMP;ProtMapper;Reactome_ProtMapper;SIGNOR;SIGNOR_ProtMapper;phosphoELM;phosphoELM_MIMP
P40259,P07948,SRC,tyr,Y103;Y196;Y197;Y207;Y208;Y92,Phosphorylation,7.0,HPRD;KEA;MIMP;PhosphoELM;PhosphoNetworks;PhosphoSitePlus;ProtMapper;Reactome_ProtMapper;SIGNOR,curated_literature,True,3,17570479;8077654;9531288,HPRD;HPRD_MIMP;KEA;MIMP;PhosphoNetworks;PhosphoSite_MIMP;ProtMapper;Reactome_ProtMapper;SIGNOR;SIGNOR_ProtMapper;phosphoELM;phosphoELM_MIMP
P40259,P12931,SRC,tyr,Y196;Y207,Phosphorylation,1.0,Li2012,predicted_or_inferred,False,0,,Li2012
P40259,P16591,Fes/fps,tyr,Y196;Y207,Phosphorylation,1.0,Li2012,predicted_or_inferred,False,0,,Li2012
P40259,P51451,SRC,tyr,Y196;Y207,Phosphorylation,2.0,ProtMapper;Reactome_ProtMapper,predicted_or_inferred,False,0,,ProtMapper;Reactome_ProtMapper
P40259,Q9H3Y6,SRC,tyr,Y196;Y207,Phosphorylation,2.0,ProtMapper;Reactome_ProtMapper,predicted_or_inferred,False,0,,ProtMapper;Reactome_ProtMapper
P40337,P12931,SRC,tyr,Y185,Phosphorylation,1.0,ProtMapper;REACH_ProtMapper,literature_supported,False,1,21212839,ProtMapper;REACH_ProtMapper
P40763,O14733,MAP kinase kinase,dual,Y705,Phosphorylation,1.0,BEL-Large-Corpus_ProtMapper;ProtMapper,literature_supported,False,1,10521505,BEL-Large-Corpus_ProtMapper;ProtMapper
P40763,O60674,JAK,tyr,Y704;Y705,Phosphorylation,47.0,HPRD;KEA;MIMP;NCI-PID_ProtMapper;PhosphoELM;PhosphoSitePlus;ProtMapper;RLIMS-P_ProtMapper;SIGNOR;Sparser_ProtMapper,curated_literature,True,35,10207096;10918587;11294897;11350938;11429593;11850821;11940572;12244095;12529382;12576423;12626508;14551213;15322111;15592455;16497976;17016520;17389395;18525315;19901323;21285325;23166634;24501689;25986861;26188635;28827891;28978186;29290793;29449694;8272872;8626374;9083098;9305919;9566874;9575217;9582023,HPRD;HPRD_MIMP;KEA;MIMP;NCI-PID_ProtMapper;PhosphoSite;PhosphoSite_MIMP;PhosphoSite_ProtMapper;ProtMapper;RLIMS-P_ProtMapper;SIGNOR;SIGNOR_ProtMapper;Sparser_ProtMapper;phosphoELM;phosphoELM_MIMP
P40763,P00533,EGF receptor,tyr,Y705,Phosphorylation,2.0,BEL-Large-Corpus_ProtMapper;ProtMapper;RLIMS-P_ProtMapper,literature_supported,False,2,15951569;23894143,BEL-Large-Corpus_ProtMapper;ProtMapper;RLIMS-P_ProtMapper
P40763,P04629,Insulin receptor,tyr,Y705,Phosphorylation,1.0,PhosphoSitePlus,curated_source,True,0,,PhosphoSite
P40763,P06239,SRC,tyr,Y705,Phosphorylation,4.0,NCI-PID_ProtMapper;ProtMapper,literature_supported,False,4,10815799;11404481;9344858;9484840,NCI-PID_ProtMapper;ProtMapper
P40763,P06241,SRC,tyr,Y705,Phosphorylation,4.0,NCI-PID_ProtMapper;PhosphoSitePlus;ProtMapper,curated_literature,True,4,10815799;11404481;9344858;9484840,NCI-PID_ProtMapper;PhosphoSite;ProtMapper
P40763,P07947,SRC,tyr,Y705,Phosphorylation,4.0,NCI-PID_ProtMapper;ProtMapper,literature_supported,False,4,10815799;11404481;9344858;9484840,NCI-PID_ProtMapper;ProtMapper
P40763,P07948,SRC,tyr,Y705,Phosphorylation,4.0,NCI-PID_ProtMapper;ProtMapper,literature_supported,False,4,10815799;11404481;9344858;9484840,NCI-PID_ProtMapper;ProtMapper
P40763,P07949,Tyr protein kinase,tyr,Y705,Phosphorylation,22.0,BEL-Large-Corpus_ProtMapper;HPRD;KEA;MIMP;PhosphoELM;PhosphoSitePlus;ProtMapper;Sparser_ProtMapper,curated_literature,True,22,10918587;11294897;11350938;11429593;11850821;11940572;12244095;12576423;12626508;14551213;15212693;15592455;17761947;18498667;24662939;25047660;8272872;8626374;9083098;9305919;9566874;9582023,BEL-Large-Corpus_ProtMapper;HPRD_MIMP;KEA;MIMP;PhosphoSite_MIMP;ProtMapper;Sparser_ProtMapper;phosphoELM_MIMP
P40763,P08631,SRC,tyr,Y704;Y705,Phosphorylation,36.0,HPRD;KEA;MIMP;NCI-PID_ProtMapper;PhosphoELM;PhosphoSitePlus;ProtMapper;SIGNOR,curated_literature,True,25,10815799;10918587;11294897;11350938;11404481;11429593;11850821;11940572;12244095;12576423;12626508;14551213;15592455;16497976;17016520;17389395;19901323;8272872;8626374;9083098;9305919;9344858;9484840;9566874;9582023,HPRD;HPRD_MIMP;KEA;MIMP;NCI-PID_ProtMapper;PhosphoSite_MIMP;ProtMapper;SIGNOR;SIGNOR_ProtMapper;phosphoELM_MIMP
P40763,P09769,SRC,tyr,Y705,Phosphorylation,4.0,NCI-PID_ProtMapper;ProtMapper,literature_supported,False,4,10815799;11404481;9344858;9484840,NCI-PID_ProtMapper;ProtMapper
P40763,P11362,Fibroblast growth factor receptor,tyr,Y705,Phosphorylation,1.0,PhosphoSitePlus,curated_source,True,0,,PhosphoSite
P40763,P12931,SRC,tyr,Y45;Y68;Y704;Y705,Phosphorylation,44.0,BEL-Large-Corpus_ProtMapper;HPRD;KEA;MIMP;NCI-PID_ProtMapper;PhosphoELM;PhosphoSitePlus;ProtMapper;RLIMS-P_ProtMapper;SIGNOR;Sparser_ProtMapper,curated_literature,True,32,10815799;10918587;11294897;11350938;11404481;11429593;11850821;11940572;12244095;12576423;12626508;14551213;15037656;15212693;15592455;16497976;17016520;17389395;19901323;22303479;23928694;27472461;28978186;29036202;8272872;8626374;9083098;9305919;9344858;9484840;9566874;9582023,BEL-Large-Corpus_ProtMapper;HPRD;HPRD_MIMP;KEA;MIMP;NCI-PID_ProtMapper;PhosphoSite;PhosphoSite_MIMP;PhosphoSite_ProtMapper;ProtMapper;RLIMS-P_ProtMapper;SIGNOR;SIGNOR_ProtMapper;Sparser_ProtMapper;phosphoELM_MIMP
P40763,P16591,Fes/fps,tyr,Y705,Phosphorylation,9.0,HPRD;MIMP;PhosphoELM;PhosphoSitePlus;ProtMapper;UniProt_ModRes;dbPTM,curated_literature,True,16,12763138;15592455;15951569;16568091;17389395;18083107;18234692;19534553;21135090;22306293;24275569;26293184;26918609;31899195;32929201;7701321,HPRD_MIMP;MIMP;PhosphoSite;PhosphoSite_MIMP;PhosphoSite_ProtMapper;ProtMapper;UniProt_ModRes;dbPTM;phosphoELM_MIMP
P40763,P22455,Fibroblast growth factor receptor,tyr,Y704;Y705,Phosphorylation,32.0,HPRD;KEA;MIMP;PhosphoELM;PhosphoSitePlus;ProtMapper;SIGNOR,curated_literature,True,21,10918587;11294897;11350938;11429593;11850821;11940572;12244095;12576423;12626508;14551213;15592455;16497976;17016520;17389395;19901323;8272872;8626374;9083098;9305919;9566874;9582023,HPRD;HPRD_MIMP;KEA;MIMP;PhosphoSite_MIMP;ProtMapper;SIGNOR;SIGNOR_ProtMapper;phosphoELM_MIMP
P40763,P22607,Fibroblast growth factor receptor,tyr,Y704;Y705,Phosphorylation,32.0,HPRD;KEA;MIMP;PhosphoELM;PhosphoSitePlus;ProtMapper;SIGNOR,curated_literature,True,21,10918587;11294897;11350938;11429593;11850821;11940572;12244095;12576423;12626508;14551213;15592455;16497976;17016520;17389395;19901323;8272872;8626374;9083098;9305919;9566874;9582023,HPRD;HPRD_MIMP;KEA;MIMP;PhosphoSite_MIMP;ProtMapper;SIGNOR;SIGNOR_ProtMapper;phosphoELM_MIMP
P40763,P23458,JAK,tyr,Y704;Y705,Phosphorylation,38.0,HPRD;KEA;MIMP;NCI-PID_ProtMapper;PhosphoELM;PhosphoSitePlus;ProtMapper;RLIMS-P_ProtMapper;SIGNOR;Sparser_ProtMapper,curated_literature,True,27,10918587;11294897;11350938;11429593;11850821;11940572;12244095;12576423;12626508;14551213;15592455;16497976;17016520;17389395;17595657;18691551;19723038;19901323;22905257;24501689;26260587;8272872;8626374;9083098;9305919;9566874;9582023,HPRD;HPRD_MIMP;KEA;MIMP;NCI-PID_ProtMapper;PhosphoSite_MIMP;ProtMapper;RLIMS-P_ProtMapper;SIGNOR;SIGNOR_ProtMapper;Sparser_ProtMapper;phosphoELM_MIMP
P40763,P29320,Ephrin receptor,tyr,Y705,Phosphorylation,14.0,HPRD;KEA;MIMP;PhosphoELM;PhosphoSitePlus,curated_literature,True,14,10918587;11294897;11350938;11940572;12244095;12576423;12626508;14551213;16186805;16497976;17016520;17389395;19901323;8626374,HPRD;HPRD_MIMP;KEA;MIMP;PhosphoSite_MIMP;phosphoELM_MIMP
P40763,P29597,JAK,tyr,Y640,Phosphorylation,2.0,PhosphoSitePlus;ProtMapper;UniProt_ModRes,curated_literature,True,1,29162862,PhosphoSite;PhosphoSite_ProtMapper;ProtMapper;UniProt_ModRes
P40763,P30530,AXL/UFO,tyr,Y705,Phosphorylation,2.0,PhosphoSitePlus;ProtMapper,curated_source,True,0,,PhosphoSite;PhosphoSite_ProtMapper;ProtMapper
P40763,P36507,MAP kinase kinase,dual,Y705,Phosphorylation,8.0,NCI-PID_ProtMapper;ProtMapper,literature_supported,False,8,10602027;12681450;7528668;7544001;7568001;7719937;7719938;9305919,NCI-PID_ProtMapper;ProtMapper
P40763,P42345,PI3/PI4-kinase,dual,Y705,Phosphorylation,2.0,NCI-PID_ProtMapper;ProtMapper;RLIMS-P_ProtMapper,literature_supported,False,2,15522880;26775702,NCI-PID_ProtMapper;ProtMapper;RLIMS-P_ProtMapper
P40763,P51451,SRC,tyr,Y705,Phosphorylation,4.0,NCI-PID_ProtMapper;ProtMapper,literature_supported,False,4,10815799;11404481;9344858;9484840,NCI-PID_ProtMapper;ProtMapper
P40763,Q02750,MAP kinase kinase,dual,Y705,Phosphorylation,8.0,NCI-PID_ProtMapper;ProtMapper,literature_supported,False,8,10602027;12681450;7528668;7544001;7568001;7719937;7719938;9305919,NCI-PID_ProtMapper;ProtMapper
P40763,Q05397,FAK,tyr,Y705,Phosphorylation,1.0,ProtMapper;Sparser_ProtMapper,literature_supported,False,1,29036202,ProtMapper;Sparser_ProtMapper
P40763,Q05655,PKC,dual,Y705,Phosphorylation,16.0,NCI-PID_ProtMapper;ProtMapper;Sparser_ProtMapper,literature_supported,False,16,10446219;11335711;12361954;12754505;12754506;12754507;15677447;27036017;7537214;7678052;8140422;8164674;8272872;8626374;8662591;9880505,NCI-PID_ProtMapper;ProtMapper;Sparser_ProtMapper
P40763,Q07912,Tyr protein kinase,dual,Y705,Phosphorylation,2.0,ProtMapper;Sparser_ProtMapper,predicted_or_inferred,False,0,,ProtMapper;Sparser_ProtMapper
P40763,Q12866,AXL/UFO,tyr,Y705,Phosphorylation,2.0,PhosphoSitePlus;ProtMapper,curated_source,True,0,,PhosphoSite;PhosphoSite_ProtMapper;ProtMapper
P40763,Q13882,BRK/PTK6/SIK,tyr,Y705,Phosphorylation,9.0,HPRD;MIMP;PhosphoELM;PhosphoSitePlus;ProtMapper;UniProt_ModRes;dbPTM,curated_literature,True,16,12763138;15592455;15951569;16568091;17389395;18083107;18234692;19534553;21135090;22306293;24275569;26293184;26918609;31899195;32929201;7701321,HPRD_MIMP;MIMP;PhosphoSite;PhosphoSite_MIMP;PhosphoSite_ProtMapper;ProtMapper;UniProt_ModRes;dbPTM;phosphoELM_MIMP
P40763,Q9UM73,Insulin receptor,tyr,Y705,Phosphorylation,19.0,BEL-Large-Corpus_ProtMapper;HPRD;KEA;MIMP;PhosphoELM;PhosphoSitePlus;ProtMapper,curated_literature,True,18,10918587;11294897;11350938;11429593;11850821;11940572;12244095;12576423;12626508;14551213;15212693;15592455;8272872;8626374;9083098;9305919;9566874;9582023,BEL-Large-Corpus_ProtMapper;HPRD_MIMP;KEA;MIMP;PhosphoSite;PhosphoSite_MIMP;PhosphoSite_ProtMapper;ProtMapper;phosphoELM;phosphoELM_MIMP
P40818,P00533,EGF receptor,tyr,Y717;Y810,Phosphorylation,1.0,PhosphoSitePlus;ProtMapper;REACH_ProtMapper,curated_literature,True,1,29472535,PhosphoSite;PhosphoSite_ProtMapper;ProtMapper;REACH_ProtMapper
P41212,P09619,CSF-1/PDGF receptor,tyr,Y17;Y27,Phosphorylation,1.0,PhosphoSitePlus,curated_source,True,0,,PhosphoSite
P41235,P12931,SRC,tyr,Y23;Y286;Y288,Phosphorylation,2.0,MIMP;PhosphoSitePlus;ProtMapper;SIGNOR,curated_literature,True,1,22308320,MIMP;PhosphoSite;PhosphoSite_MIMP;PhosphoSite_ProtMapper;ProtMapper;SIGNOR;SIGNOR_ProtMapper
P41240,P41240,CSK,tyr,Y416,Phosphorylation,1.0,UniProt_ModRes,curated_literature,True,2,1945408;26918609,UniProt_ModRes
P41597,O60674,JAK,tyr,Y139,Phosphorylation,4.0,HPRD;KEA;MIMP;PhosphoELM;PhosphoNetworks;PhosphoSitePlus;ProtMapper;REACH_ProtMapper;RLIMS-P_ProtMapper;SIGNOR;UniProt_ModRes,curated_literature,True,1,9670957,HPRD_MIMP;KEA;MIMP;PhosphoNetworks;PhosphoSite;PhosphoSite_MIMP;PhosphoSite_ProtMapper;ProtMapper;REACH_ProtMapper;RLIMS-P_ProtMapper;SIGNOR;SIGNOR_ProtMapper;UniProt_ModRes;phosphoELM;phosphoELM_MIMP
P41743,P12931,SRC,tyr,Y265;Y280;Y334,Phosphorylation,6.0,HPRD;KEA;MIMP;PhosphoELM;ProtMapper;SIGNOR;UniProt_ModRes;dbPTM,curated_literature,True,2,11713277;11891849,HPRD;HPRD_MIMP;KEA;MIMP;ProtMapper;SIGNOR;SIGNOR_ProtMapper;UniProt_ModRes;dbPTM;phosphoELM_MIMP
P42224,O60674,JAK,tyr,Y701,Phosphorylation,33.0,HPRD;KEA;MIMP;PhosphoELM;PhosphoSitePlus;ProtMapper;REACH_ProtMapper;RLIMS-P_ProtMapper;SIGNOR;Sparser_ProtMapper;UniProt_ModRes,curated_literature,True,28,10748192;10918587;10982844;11152457;11294897;11438544;11839738;12637327;12817007;14978237;15322115;17561467;19088846;19787091;21135090;21207025;22065572;25535282;25950470;26479788;27796300;28753426;38621137;7543024;7592750;7657660;7690989;9355737,HPRD;HPRD_MIMP;KEA;MIMP;PhosphoSite;PhosphoSite_MIMP;PhosphoSite_ProtMapper;ProtMapper;REACH_ProtMapper;RLIMS-P_ProtMapper;SIGNOR;SIGNOR_ProtMapper;Sparser_ProtMapper;UniProt_ModRes;phosphoELM;phosphoELM_MIMP
P42224,P00533,EGF receptor,tyr,Y701,Phosphorylation,26.0,HPRD;KEA;Li2012;MIMP;PhosphoELM;PhosphoSitePlus;ProtMapper;REACH_ProtMapper;RLIMS-P_ProtMapper;Sparser_ProtMapper,curated_literature,True,16,10748192;10918587;10982844;11152457;11294897;11438544;11839738;12637327;12817007;15284024;15322115;7543024;7592750;7657660;7690989;9355737,HPRD;HPRD_MIMP;KEA;Li2012;MIMP;PhosphoSite_MIMP;ProtMapper;REACH_ProtMapper;RLIMS-P_ProtMapper;Sparser_ProtMapper;phosphoELM_MIMP
P42224,P06239,SRC,tyr,Y701,Phosphorylation,24.0,HPRD;KEA;MIMP;PhosphoELM;PhosphoSitePlus,curated_literature,True,15,10748192;10918587;10982844;11152457;11294897;11438544;11839738;12637327;12817007;15322115;7543024;7592750;7657660;7690989;9355737,HPRD;HPRD_MIMP;KEA;MIMP;PhosphoSite_MIMP;phosphoELM_MIMP
P42224,P07949,Tyr protein kinase,tyr,Y701,Phosphorylation,2.0,Li2012;ProtMapper;REACH_ProtMapper,literature_supported,False,2,15297606;27994058,Li2012;ProtMapper;REACH_ProtMapper
P42224,P10721,CSF-1/PDGF receptor,tyr,Y701,Phosphorylation,18.0,HPRD;KEA;MIMP;PhosphoELM;PhosphoSitePlus;ProtMapper;SIGNOR,curated_literature,True,16,10748192;10918587;10982844;11152457;11294897;11438544;11839738;12637327;12817007;15322115;21135090;7543024;7592750;7657660;7690989;9355737,HPRD;HPRD_MIMP;KEA;MIMP;PhosphoSite_MIMP;ProtMapper;SIGNOR;SIGNOR_ProtMapper;phosphoELM_MIMP
P42224,P12931,SRC,tyr,Y701,Phosphorylation,18.0,HPRD;KEA;Li2012;MIMP;PhosphoELM;PhosphoSitePlus;ProtMapper;SIGNOR,curated_literature,True,16,10748192;10918587;10982844;11152457;11294897;11438544;11839738;12637327;12817007;14978237;15322115;7543024;7592750;7657660;7690989;9355737,HPRD_MIMP;KEA;Li2012;MIMP;PhosphoSite;PhosphoSite_MIMP;PhosphoSite_ProtMapper;ProtMapper;SIGNOR;SIGNOR_ProtMapper;phosphoELM;phosphoELM_MIMP
P42224,P22455,Fibroblast growth factor receptor,tyr,Y701,Phosphorylation,26.0,HPRD;KEA;MIMP;PhosphoELM;PhosphoSitePlus;ProtMapper;SIGNOR,curated_literature,True,15,10748192;10918587;10982844;11152457;11294897;11438544;11839738;12637327;12817007;15322115;7543024;7592750;7657660;7690989;9355737,HPRD;HPRD_MIMP;KEA;MIMP;PhosphoSite_MIMP;ProtMapper;SIGNOR;SIGNOR_ProtMapper;phosphoELM_MIMP
P42224,P22607,Fibroblast growth factor receptor,tyr,Y701,Phosphorylation,27.0,HPRD;KEA;MIMP;PhosphoELM;PhosphoSitePlus;ProtMapper;REACH_ProtMapper;RLIMS-P_ProtMapper;SIGNOR,curated_literature,True,16,10748192;10918587;10982844;11152457;11294897;11438544;11839738;12637327;12817007;15322115;19088846;7543024;7592750;7657660;7690989;9355737,HPRD;HPRD_MIMP;KEA;MIMP;PhosphoSite;PhosphoSite_MIMP;PhosphoSite_ProtMapper;ProtMapper;REACH_ProtMapper;RLIMS-P_ProtMapper;SIGNOR;SIGNOR_ProtMapper;phosphoELM_MIMP
P42224,P23458,JAK,tyr,Y701,Phosphorylation,44.0,HPRD;KEA;Li2012;MIMP;PhosphoELM;PhosphoSitePlus;ProtMapper;REACH_ProtMapper;RLIMS-P_ProtMapper;SIGNOR;Sparser_ProtMapper;UniProt_ModRes;dbPTM,curated_literature,True,36,10748192;10918587;10982844;11152457;11294897;11438544;11823427;11839738;12637327;12817007;14978237;15322115;17561467;18989459;19088846;19534553;19787091;20006573;20035788;20087684;21135090;21429244;22065572;23257612;25386349;26479788;27387064;27796300;28753426;38621137;7504784;7543024;7592750;7657660;7690989;9355737,HPRD;HPRD_MIMP;KEA;Li2012;MIMP;PhosphoSite;PhosphoSite_MIMP;PhosphoSite_ProtMapper;ProtMapper;REACH_ProtMapper;RLIMS-P_ProtMapper;SIGNOR;SIGNOR_ProtMapper;Sparser_ProtMapper;UniProt_ModRes;dbPTM;phosphoELM;phosphoELM_MIMP
P42224,P29597,JAK,tyr,Y701,Phosphorylation,27.0,HPRD;KEA;MIMP;PhosphoELM;PhosphoSitePlus;ProtMapper;REACH_ProtMapper;SIGNOR;UniProt_ModRes,curated_literature,True,24,10748192;10918587;10982844;11152457;11294897;11438544;11839738;12637327;12817007;15322115;17561467;19088846;21135090;22065572;23257612;26479788;27796300;28753426;38621137;7543024;7592750;7657660;7690989;9355737,HPRD;HPRD_MIMP;KEA;MIMP;PhosphoSite;PhosphoSite_MIMP;ProtMapper;REACH_ProtMapper;SIGNOR;SIGNOR_ProtMapper;UniProt_ModRes;phosphoELM_MIMP
P42224,P43405,SYK/ZAP-70,tyr,Y701,Phosphorylation,1.0,PhosphoSitePlus,curated_source,True,0,,PhosphoSite
P42224,P52333,JAK,tyr,Y701,Phosphorylation,5.0,HPRD;MIMP;PhosphoELM;PhosphoSitePlus;ProtMapper,curated_source,True,0,,HPRD_MIMP;MIMP;PhosphoSite;PhosphoSite_MIMP;PhosphoSite_ProtMapper;ProtMapper;phosphoELM_MIMP
P42224,Q02763,Tie,tyr,Y701,Phosphorylation,1.0,ProtMapper;Sparser_ProtMapper,literature_supported,False,1,18401423,ProtMapper;Sparser_ProtMapper
P42224,Q07912,Tyr protein kinase,dual,Y701,Phosphorylation,1.0,ProtMapper;Sparser_ProtMapper,literature_supported,False,1,28739485,ProtMapper;Sparser_ProtMapper
P42224,Q9UM73,Insulin receptor,tyr,Y701,Phosphorylation,1.0,Li2012,predicted_or_inferred,False,0,,Li2012
P42226,P23458,JAK,tyr,Y641,Phosphorylation,1.0,ProtMapper;Sparser_ProtMapper,literature_supported,False,1,22000020,ProtMapper;Sparser_ProtMapper
P42226,P52333,JAK,tyr,Y641,Phosphorylation,1.0,ProtMapper;REACH_ProtMapper,literature_supported,False,1,26758199,ProtMapper;REACH_ProtMapper
P42229,O60674,JAK,tyr,Y694,Phosphorylation,23.0,HPRD;KEA;MIMP;NCI-PID_ProtMapper;PhosphoELM;PhosphoNetworks;PhosphoSitePlus;ProtMapper;SIGNOR;Sparser_ProtMapper;UniProt_ModRes;dbPTM,curated_literature,True,18,11413148;11641791;12529425;15256422;15504549;16497976;17016520;17081983;17389395;18083107;18250158;19088846;19534553;21135090;28676702;7925280;8617237;9575217,HPRD;HPRD_MIMP;KEA;MIMP;NCI-PID_ProtMapper;PhosphoNetworks;PhosphoSite;PhosphoSite_MIMP;PhosphoSite_ProtMapper;ProtMapper;SIGNOR;SIGNOR_ProtMapper;Sparser_ProtMapper;UniProt_ModRes;dbPTM;phosphoELM;phosphoELM_MIMP
P42229,P00519,ABL,tyr,Y682,Phosphorylation,1.0,ProtMapper;RLIMS-P_ProtMapper,literature_supported,False,1,24836440,ProtMapper;RLIMS-P_ProtMapper
P42229,P06213,Insulin receptor,tyr,Y694,Phosphorylation,2.0,iPTMnet;neXtProt,literature_supported,False,1,12456798,iPTMnet_REST;neXtProt
P42229,P06239,SRC,tyr,Y694,Phosphorylation,5.0,HPRD;MIMP;PhosphoELM;PhosphoSitePlus;ProtMapper,curated_source,True,0,,HPRD_MIMP;MIMP;PhosphoSite;PhosphoSite_MIMP;PhosphoSite_ProtMapper;ProtMapper;phosphoELM_MIMP
P42229,P07948,SRC,tyr,Y694,Phosphorylation,7.0,BEL-Large-Corpus_ProtMapper;HPRD;KEA;MIMP;PhosphoELM;PhosphoSitePlus;ProtMapper,curated_literature,True,6,11413148;11641791;15212693;17081983;7925280;8617237,BEL-Large-Corpus_ProtMapper;HPRD_MIMP;KEA;MIMP;PhosphoSite;PhosphoSite_MIMP;ProtMapper;phosphoELM;phosphoELM_MIMP
P42229,P08631,SRC,tyr,Y694,Phosphorylation,2.0,PhosphoSitePlus;ProtMapper,curated_source,True,0,,PhosphoSite;PhosphoSite_ProtMapper;ProtMapper
P42229,P12931,SRC,tyr,Y694,Phosphorylation,11.0,BEL-Large-Corpus_ProtMapper;HPRD;KEA;MIMP;NCI-PID_ProtMapper;PhosphoELM;PhosphoSitePlus;ProtMapper;REACH_ProtMapper;RLIMS-P_ProtMapper;SIGNOR,curated_literature,True,8,11413148;11641791;15212693;15702476;17081983;22090359;7925280;8617237,BEL-Large-Corpus_ProtMapper;HPRD_MIMP;KEA;MIMP;NCI-PID_ProtMapper;PhosphoSite;PhosphoSite_MIMP;PhosphoSite_ProtMapper;ProtMapper;REACH_ProtMapper;RLIMS-P_ProtMapper;SIGNOR;SIGNOR_ProtMapper;phosphoELM;phosphoELM_MIMP
P42229,P16591,Fes/fps,tyr,Y694,Phosphorylation,1.0,NCI-PID_ProtMapper;ProtMapper,literature_supported,False,1,15504549,NCI-PID_ProtMapper;ProtMapper
P42229,P23458,JAK,tyr,Y694,Phosphorylation,1.0,PhosphoSitePlus,curated_source,True,0,,PhosphoSite
P42229,P30530,AXL/UFO,tyr,Y694,Phosphorylation,2.0,PhosphoSitePlus;ProtMapper,curated_source,True,0,,PhosphoSite;PhosphoSite_ProtMapper;ProtMapper
P42229,P36888,CSF-1/PDGF receptor,tyr,Y694,Phosphorylation,2.0,ProtMapper;SIGNOR,curated_literature,True,1,17356133,ProtMapper;SIGNOR;SIGNOR_ProtMapper
P42229,P43405,SYK/ZAP-70,tyr,Y694,Phosphorylation,5.0,HPRD;MIMP;PhosphoELM;PhosphoSitePlus;ProtMapper,curated_source,True,0,,HPRD_MIMP;MIMP;PhosphoSite;PhosphoSite_MIMP;PhosphoSite_ProtMapper;ProtMapper;phosphoELM_MIMP
P42229,P52333,JAK,tyr,Y694,Phosphorylation,4.0,HPRD;MIMP;PhosphoELM;PhosphoSitePlus;ProtMapper;SIGNOR,curated_literature,True,2,18250158;19088846,HPRD_MIMP;MIMP;PhosphoSite;PhosphoSite_MIMP;PhosphoSite_ProtMapper;ProtMapper;SIGNOR;SIGNOR_ProtMapper;phosphoELM_MIMP
P42229,Q06187,TEC,tyr,Y694,Phosphorylation,13.0,HPRD;KEA;MIMP;PhosphoELM;PhosphoSitePlus;ProtMapper;SIGNOR,curated_literature,True,8,11413148;11641791;16497976;17016520;17081983;17389395;7925280;8617237,HPRD;HPRD_MIMP;KEA;MIMP;PhosphoSite_MIMP;ProtMapper;SIGNOR;SIGNOR_ProtMapper;phosphoELM_MIMP
P42229,Q12866,AXL/UFO,tyr,Y694,Phosphorylation,2.0,PhosphoSitePlus;ProtMapper,curated_source,True,0,,PhosphoSite;PhosphoSite_ProtMapper;ProtMapper
P42229,Q13882,BRK/PTK6/SIK,tyr,Y694,Phosphorylation,2.0,iPTMnet;neXtProt,literature_supported,False,1,21205088,iPTMnet_REST;neXtProt
P42229,Q15303,EGF receptor,tyr,Y694,Phosphorylation,1.0,ProtMapper;Sparser_ProtMapper,literature_supported,False,1,10508857,ProtMapper;Sparser_ProtMapper
P42262,P12931,SRC,tyr,Y876,Phosphorylation,3.0,ProtMapper;Sparser_ProtMapper,literature_supported,False,3,23576886;24563706;26807999,ProtMapper;Sparser_ProtMapper
P42262,P41240,CSK,tyr,Y876,Phosphorylation,1.0,ProtMapper;Sparser_ProtMapper,literature_supported,False,1,26807999,ProtMapper;Sparser_ProtMapper
P42566,P00533,EGF receptor,tyr,Y849,Phosphorylation,14.0,BEL-Large-Corpus_ProtMapper;HPRD;KEA;MIMP;PhosphoELM;PhosphoSitePlus;ProtMapper;REACH_ProtMapper;RLIMS-P_ProtMapper;SIGNOR;Sparser_ProtMapper;UniProt_ModRes;dbPTM,curated_literature,True,9,10953014;15951569;17016520;17389395;19534553;19583965;19690332;24269888;25260758,BEL-Large-Corpus_ProtMapper;HPRD;HPRD_MIMP;KEA;MIMP;PhosphoSite_MIMP;ProtMapper;REACH_ProtMapper;RLIMS-P_ProtMapper;SIGNOR;SIGNOR_ProtMapper;Sparser_ProtMapper;UniProt_ModRes;dbPTM;phosphoELM_MIMP
P42680,O60674,JAK,tyr,Y519,Phosphorylation,1.0,UniProt_ModRes,curated_literature,True,1,19690332,UniProt_ModRes
P42680,P07948,SRC,tyr,Y519,Phosphorylation,1.0,UniProt_ModRes,curated_literature,True,1,19690332,UniProt_ModRes
P42680,P42680,TEC,tyr,Y206;Y519,Phosphorylation,3.0,HPRD;PhosphoELM;PhosphoSitePlus;SIGNOR;UniProt;UniProt_ModRes;iPTMnet,curated_literature,True,3,12573241;19369195;19690332,HPRD;PSP;Signor;UniProt;UniProt_ModRes;iPTMnet_REST;phospho.ELM
P42680,Q06187,TEC,tyr,Y206,Phosphorylation,4.0,HPRD;KEA;MIMP;PhosphoELM;PhosphoSitePlus;ProtMapper;SIGNOR,curated_literature,True,1,12573241,HPRD_MIMP;KEA;MIMP;PhosphoSite;PhosphoSite_MIMP;PhosphoSite_ProtMapper;ProtMapper;SIGNOR;SIGNOR_ProtMapper;phosphoELM;phosphoELM_MIMP
P42680,Q08881,TEC,tyr,Y206,Phosphorylation,4.0,HPRD;KEA;MIMP;PhosphoELM;PhosphoNetworks;PhosphoSitePlus;ProtMapper;SIGNOR,curated_literature,True,1,12573241,HPRD_MIMP;KEA;MIMP;PhosphoNetworks;PhosphoSite;PhosphoSite_MIMP;PhosphoSite_ProtMapper;ProtMapper;SIGNOR;SIGNOR_ProtMapper;phosphoELM;phosphoELM_MIMP
P42681,P06241,SRC,tyr,Y420,Phosphorylation,5.0,HPRD;KEA;MIMP;PhosphoELM;PhosphoSitePlus;ProtMapper;SIGNOR;UniProt_ModRes;dbPTM,curated_literature,True,2,11353545;12081135,HPRD;HPRD_MIMP;KEA;MIMP;PhosphoSite_MIMP;ProtMapper;SIGNOR;SIGNOR_ProtMapper;UniProt_ModRes;dbPTM;phosphoELM_MIMP
P42681,P07948,SRC,tyr,Y420,Phosphorylation,1.0,KEA,literature_supported,False,1,17570479,KEA
P42681,P08069,Insulin receptor,tyr,Y420,Phosphorylation,1.0,KEA,literature_supported,False,1,17570479,KEA
P42681,P12931,SRC,tyr,Y420,Phosphorylation,4.0,HPRD;KEA;MIMP;PhosphoELM;PhosphoSitePlus;ProtMapper;SIGNOR,curated_literature,True,1,11353545,HPRD;HPRD_MIMP;KEA;MIMP;PhosphoSite_MIMP;ProtMapper;SIGNOR;SIGNOR_ProtMapper;phosphoELM_MIMP
P42681,P42681,TEC,tyr,Y420;Y91,Phosphorylation,3.0,PhosphoSitePlus;UniProt;UniProt_ModRes;iPTMnet,curated_literature,True,1,12081135,PSP;UniProt;UniProt_ModRes;iPTMnet_REST
P42684,P00519,ABL,tyr,Y261,Phosphorylation,3.0,MIMP;PhosphoELM;PhosphoSitePlus;ProtMapper;SIGNOR;UniProt_ModRes;dbPTM,curated_literature,True,1,15735735,MIMP;PhosphoSite;PhosphoSite_MIMP;PhosphoSite_ProtMapper;ProtMapper;SIGNOR;SIGNOR_ProtMapper;UniProt_ModRes;dbPTM;phosphoELM_MIMP
P42684,P06213,Insulin receptor,tyr,Y439,Phosphorylation,1.0,KEA,literature_supported,False,1,17570479,KEA
P42684,P06239,SRC,tyr,Y439,Phosphorylation,1.0,KEA,literature_supported,False,1,17570479,KEA
P42684,P08922,Insulin receptor,tyr,Y439,Phosphorylation,1.0,ProtMapper;REACH_ProtMapper,literature_supported,False,1,23842646,ProtMapper;REACH_ProtMapper
P42684,P09619,CSF-1/PDGF receptor,tyr,Y116;Y139;Y161;Y272;Y299;Y303;Y310;Y439,Phosphorylation,4.0,HPRD;MIMP;PhosphoSitePlus;ProtMapper,curated_source,True,0,,HPRD_MIMP;MIMP;PhosphoSite;PhosphoSite_MIMP;PhosphoSite_ProtMapper;ProtMapper
P42684,P12931,SRC,tyr,Y439,Phosphorylation,4.0,dbPTM,literature_supported,False,4,12522270;12748290;18083107;19534553,dbPTM
P42684,P42684,ABL,tyr,Y261;Y272;Y439;Y568;Y683,Phosphorylation,4.0,PhosphoSitePlus;SIGNOR;UniProt;UniProt_ModRes;iPTMnet;neXtProt,curated_literature,True,2,12748290;15735735,PSP;Signor;UniProt;UniProt_ModRes;iPTMnet_REST;neXtProt
P42685,P41240,CSK,tyr,Y497,Phosphorylation,2.0,iPTMnet;neXtProt,literature_supported,False,1,7696183,iPTMnet_REST;neXtProt
P42685,P42685,SRC,tyr,Y387,Phosphorylation,1.0,UniProt_ModRes,curated_source,True,0,,UniProt_ModRes
P42685,Q6J9G0,Tyr protein kinase,tyr,Y46;Y497,Phosphorylation,1.0,PhosphoNetworks,predicted_or_inferred,False,0,,PhosphoNetworks
P42768,P00519,ABL,tyr,Y291,Phosphorylation,5.0,HPRD;MIMP;PhosphoELM;PhosphoSitePlus;ProtMapper,curated_source,True,0,,HPRD_MIMP;MIMP;PhosphoSite;PhosphoSite_MIMP;PhosphoSite_ProtMapper;ProtMapper;phosphoELM_MIMP
P42768,P06239,SRC,tyr,Y291,Phosphorylation,1.0,HPRD;MIMP;PhosphoELM;PhosphoSitePlus;ProtMapper;REACH_ProtMapper;Sparser_ProtMapper,curated_literature,True,1,15699074,HPRD_MIMP;MIMP;PhosphoSite;PhosphoSite_MIMP;PhosphoSite_ProtMapper;ProtMapper;REACH_ProtMapper;Sparser_ProtMapper;phosphoELM_MIMP
P42768,P06241,SRC,tyr,Y291,Phosphorylation,7.0,ProtMapper;Sparser_ProtMapper;UniProt_ModRes;dbPTM,curated_literature,True,7,12235133;14707117;15592455;18083107;18088087;19690332;25709608,ProtMapper;Sparser_ProtMapper;UniProt_ModRes;dbPTM
P42768,P07948,SRC,tyr,Y291,Phosphorylation,5.0,HPRD;MIMP;PhosphoELM;PhosphoSitePlus;ProtMapper,curated_source,True,0,,HPRD_MIMP;MIMP;PhosphoSite;PhosphoSite_MIMP;PhosphoSite_ProtMapper;ProtMapper;phosphoELM_MIMP
P42768,P08631,SRC,tyr,Y291,Phosphorylation,24.0,HPRD;KEA;MIMP;PhosphoELM;PhosphoNetworks;PhosphoSitePlus;ProtMapper;SIGNOR;Sparser_ProtMapper;UniProt_ModRes;dbPTM,curated_literature,True,12,10068673;12235133;12769846;12769847;14707117;15592455;16497976;18083107;18088087;19690332;19901323;9742969,HPRD;HPRD_MIMP;KEA;MIMP;PhosphoNetworks;PhosphoSite;PhosphoSite_MIMP;ProtMapper;SIGNOR;SIGNOR_ProtMapper;Sparser_ProtMapper;UniProt_ModRes;dbPTM;phosphoELM;phosphoELM_MIMP
P42768,P12931,SRC,tyr,Y291,Phosphorylation,1.0,Li2012;ProtMapper;REACH_ProtMapper;Sparser_ProtMapper,literature_supported,False,1,22279563,Li2012;ProtMapper;REACH_ProtMapper;Sparser_ProtMapper
P42768,P42680,TEC,tyr,Y291,Phosphorylation,1.0,Li2012,predicted_or_inferred,False,0,,Li2012
P42768,Q05397,FAK,tyr,Y291,Phosphorylation,2.0,ProtMapper;Reactome_ProtMapper,predicted_or_inferred,False,0,,ProtMapper;Reactome_ProtMapper
P42768,Q06187,TEC,tyr,Y291,Phosphorylation,18.0,HPRD;KEA;MIMP;PhosphoELM;PhosphoNetworks;PhosphoSitePlus;ProtMapper;Reactome_ProtMapper;SIGNOR;Sparser_ProtMapper,curated_literature,True,10,10068673;12235133;12769846;12769847;14707117;15592455;16497976;18088087;19901323;9742969,HPRD;HPRD_MIMP;KEA;MIMP;PhosphoNetworks;PhosphoSite_MIMP;ProtMapper;Reactome_ProtMapper;SIGNOR;SIGNOR_ProtMapper;Sparser_ProtMapper;phosphoELM;phosphoELM_MIMP
P42768,Q07912,Tyr protein kinase,dual,Y291,Phosphorylation,5.0,HPRD;MIMP;PhosphoELM;PhosphoSitePlus;ProtMapper,curated_source,True,0,,HPRD_MIMP;MIMP;PhosphoSite;PhosphoSite_MIMP;PhosphoSite_ProtMapper;ProtMapper;phosphoELM_MIMP
P42768,Q9UM73,Insulin receptor,tyr,Y102;Y291,Phosphorylation,1.0,ProtMapper;RLIMS-P_ProtMapper,literature_supported,False,1,27694894,ProtMapper;RLIMS-P_ProtMapper
P43146,P06241,SRC,tyr,Y1261;Y1420,Phosphorylation,3.0,ProtMapper;REACH_ProtMapper;SIGNOR;Sparser_ProtMapper,curated_literature,True,2,15557120;21849478,ProtMapper;REACH_ProtMapper;SIGNOR;Sparser_ProtMapper
P43146,P12931,SRC,tyr,Y1420,Phosphorylation,2.0,ProtMapper;REACH_ProtMapper;Sparser_ProtMapper,literature_supported,False,2,21849478;26323693,ProtMapper;REACH_ProtMapper;Sparser_ProtMapper
P43246,Q9UM73,Insulin receptor,tyr,Y238,Phosphorylation,1.0,ProtMapper;Sparser_ProtMapper,literature_supported,False,1,25978431,ProtMapper;Sparser_ProtMapper
P43351,P00519,ABL,tyr,Y104,Phosphorylation,9.0,HPRD;KEA;MIMP;PhosphoELM;PhosphoSitePlus;ProtMapper;RLIMS-P_ProtMapper;Reactome_ProtMapper;SIGNOR;Sparser_ProtMapper;UniProt_ModRes;dbPTM,curated_literature,True,4,12379650;14757045;21804533;29590107,HPRD;HPRD_MIMP;KEA;MIMP;PhosphoSite;PhosphoSite_MIMP;PhosphoSite_ProtMapper;ProtMapper;RLIMS-P_ProtMapper;Reactome_ProtMapper;SIGNOR;SIGNOR_ProtMapper;Sparser_ProtMapper;UniProt_ModRes;dbPTM;phosphoELM;phosphoELM_MIMP
P43403,P00519,ABL,tyr,Y12;Y319,Phosphorylation,10.0,HPRD;KEA;Li2012;MIMP;PhosphoELM;PhosphoSitePlus;ProtMapper;REACH_ProtMapper,curated_literature,True,10,10037717;10202147;10318843;12522270;15268851;15292262;15592455;16094384;19290927;7961936,HPRD_MIMP;KEA;Li2012;MIMP;PhosphoSite;PhosphoSite_MIMP;PhosphoSite_ProtMapper;ProtMapper;REACH_ProtMapper;phosphoELM_MIMP
P43403,P06213,Insulin receptor,tyr,Y492;Y493,Phosphorylation,1.0,KEA,literature_supported,False,1,17570479,KEA
P43403,P06239,SRC,tyr,Y12;Y126;Y167;Y178;Y185;Y186;Y292;Y315;Y319;Y474;Y492;Y493;Y69,Phosphorylation,24.0,HPRD;KEA;MIMP;PhosphoELM;PhosphoNetworks;PhosphoSitePlus;ProtMapper;REACH_ProtMapper;RLIMS-P_ProtMapper;SIGNOR;Sparser_ProtMapper;UniProt_ModRes;dbPTM,curated_literature,True,29,10037717;10202147;10318843;11270871;12522270;15144186;15268851;15292262;15592455;15659558;16094384;16839418;17192257;19606965;20945976;21103055;21829558;21917715;22238573;23758320;23874979;23933134;25137454;7612267;7642520;7961936;8756661;9199177;9685404,HPRD;HPRD_MIMP;KEA;MIMP;PhosphoNetworks;PhosphoSite;PhosphoSite_MIMP;PhosphoSite_ProtMapper;ProtMapper;REACH_ProtMapper;RLIMS-P_ProtMapper;SIGNOR;SIGNOR_ProtMapper;Sparser_ProtMapper;UniProt_ModRes;dbPTM;phosphoELM;phosphoELM_MIMP
P43403,P06241,SRC,tyr,Y319,Phosphorylation,1.0,ProtMapper;Sparser_ProtMapper,literature_supported,False,1,16839418,ProtMapper;Sparser_ProtMapper
P43403,P07948,SRC,tyr,Y493,Phosphorylation,1.0,KEA,literature_supported,False,1,17570479,KEA
P43403,P12931,SRC,tyr,Y292;Y315;Y319;Y474;Y493,Phosphorylation,1.0,KEA;Li2012;PhosphoSitePlus;ProtMapper;Sparser_ProtMapper,curated_literature,True,2,17570479;8808675,KEA;Li2012;PhosphoSite;ProtMapper;Sparser_ProtMapper
P43403,P29320,Ephrin receptor,tyr,Y292,Phosphorylation,1.0,PhosphoNetworks,predicted_or_inferred,False,0,,PhosphoNetworks
P43403,P43403,SYK/ZAP-70,tyr,Y12;Y126;Y292;Y315;Y319;Y492;Y493,Phosphorylation,4.0,HPRD;PhosphoELM;PhosphoSitePlus;SIGNOR;iPTMnet;neXtProt,curated_literature,True,10,10037717;11270871;11828374;15144186;16049944;19901323;7642520;7798261;7961936;8756661,HPRD;PSP;Signor;iPTMnet_REST;neXtProt;phospho.ELM
P43403,P43405,SYK/ZAP-70,tyr,Y292;Y315,Phosphorylation,1.0,Li2012,predicted_or_inferred,False,0,,Li2012
P43403,Q06418,AXL/UFO,tyr,Y492,Phosphorylation,1.0,PhosphoNetworks,predicted_or_inferred,False,0,,PhosphoNetworks
P43405,P00519,ABL,tyr,Y352;Y525;Y526,Phosphorylation,1.0,ProtMapper;REACH_ProtMapper,literature_supported,False,1,23100514,ProtMapper;REACH_ProtMapper
P43405,P00533,EGF receptor,tyr,Y525,Phosphorylation,1.0,KEA,literature_supported,False,1,17570479,KEA
P43405,P06213,Insulin receptor,tyr,Y348;Y526,Phosphorylation,1.0,KEA,literature_supported,False,1,17570479,KEA
P43405,P06239,SRC,tyr,Y526,Phosphorylation,1.0,KEA,literature_supported,False,1,17570479,KEA
P43405,P06241,SRC,tyr,Y348;Y352,Phosphorylation,1.0,KEA,literature_supported,False,1,17570479,KEA
P43405,P07948,SRC,tyr,Y131;Y323;Y348;Y352;Y525;Y526,Phosphorylation,6.0,HPRD;KEA;MIMP;PhosphoSitePlus;ProtMapper;Sparser_ProtMapper;UniProt_ModRes;dbPTM,curated_literature,True,7,17389395;18083107;19369195;21469132;25045209;8657103;9820500,HPRD;HPRD_MIMP;KEA;MIMP;PhosphoSite;ProtMapper;Sparser_ProtMapper;UniProt_ModRes;dbPTM
P43405,P12931,SRC,tyr,Y296;Y323;Y352;Y525,Phosphorylation,1.0,Li2012;ProtMapper;REACH_ProtMapper,literature_supported,False,1,23100514,Li2012;ProtMapper;REACH_ProtMapper
P43405,P43405,SYK/ZAP-70,tyr,Y131;Y323;Y348;Y352;Y525;Y526,Phosphorylation,4.0,HPRD;PhosphoELM;PhosphoSitePlus;SIGNOR;UniProt;UniProt_ModRes;iPTMnet,curated_literature,True,10,11380624;16497976;17016520;17389395;18818202;20058876;21469132;8657103;9820500;9857068,HPRD;PSP;Signor;UniProt;UniProt_ModRes;iPTMnet_REST;phospho.ELM
P45452,Q504Y2,,tyr,Y366,Phosphorylation,1.0,UniProt_ModRes,curated_literature,True,1,25171405,UniProt_ModRes
P45983,O14733,MAP kinase kinase,dual,Y185,Phosphorylation,21.0,BEL-Large-Corpus_ProtMapper;HPRD;KEA;MIMP;NCI-PID_ProtMapper;PhosphoELM;PhosphoNetworks;PhosphoSitePlus;ProtMapper;REACH_ProtMapper;RLIMS-P_ProtMapper;SIGNOR,curated_literature,True,18,10506143;11062067;11389443;11489946;11847100;12758252;14523011;15212693;15755722;15911620;16076903;16153436;17192257;18362184;7839144;9312068;9362518;95141073,BEL-Large-Corpus_ProtMapper;HPRD_MIMP;KEA;MIMP;NCI-PID_ProtMapper;PhosphoNetworks;PhosphoSite;PhosphoSite_MIMP;PhosphoSite_ProtMapper;ProtMapper;REACH_ProtMapper;RLIMS-P_ProtMapper;SIGNOR;SIGNOR_ProtMapper;phosphoELM;phosphoELM_MIMP
P45983,P07949,Tyr protein kinase,tyr,Y185,Phosphorylation,8.0,HPRD;KEA;MIMP;PhosphoELM;PhosphoSitePlus;ProtMapper,curated_literature,True,7,11062067;15755722;15911620;16153436;18669648;9312068;95141073,HPRD;HPRD_MIMP;KEA;MIMP;PhosphoSite;PhosphoSite_MIMP;PhosphoSite_ProtMapper;ProtMapper;phosphoELM_MIMP
P45983,P22455,Fibroblast growth factor receptor,tyr,Y259,Phosphorylation,1.0,PhosphoNetworks,predicted_or_inferred,False,0,,PhosphoNetworks
P45983,P45985,MAP kinase kinase,dual,Y185;Y259,Phosphorylation,57.0,HPRD;KEA;MIMP;NCI-PID_ProtMapper;PhosphoELM;PhosphoNetworks;PhosphoSitePlus;ProtMapper;SIGNOR;UniProt_ModRes;dbPTM,curated_literature,True,49,10385525;10499589;10521444;10748139;10791986;10958661;10962008;11062067;11099046;11389443;11489946;11847100;12133933;12354380;12709432;12917261;14523011;15068801;15755722;15911620;16076903;16153436;16282370;16440308;17143273;17192257;18083107;18669648;19369195;19534553;19690332;7600581;7600582;7652575;7839144;7992057;8702918;8805275;8910292;9108083;9305638;9312068;9448004;9487126;95141073;9724739;9733714;9860979;9891069,HPRD;HPRD_MIMP;KEA;MIMP;NCI-PID_ProtMapper;PhosphoNetworks;PhosphoSite;PhosphoSite_MIMP;PhosphoSite_ProtMapper;ProtMapper;SIGNOR;SIGNOR_ProtMapper;UniProt_ModRes;dbPTM;phosphoELM;phosphoELM_MIMP
P45983,P52564,MAP kinase kinase,dual,Y185,Phosphorylation,1.0,NCI-PID_ProtMapper;ProtMapper,literature_supported,False,1,10882101,NCI-PID_ProtMapper;ProtMapper
P45983,Q06187,TEC,tyr,Y185,Phosphorylation,1.0,NCI-PID_ProtMapper;ProtMapper,literature_supported,False,1,9108083,NCI-PID_ProtMapper;ProtMapper
P45983,Q9Y463,MNB/DYRK,dual,Y185;Y259,Phosphorylation,1.0,PhosphoNetworks,predicted_or_inferred,False,0,,PhosphoNetworks
P45984,O14733,MAP kinase kinase,dual,Y185,Phosphorylation,13.0,HPRD;KEA;MIMP;NCI-PID_ProtMapper;PhosphoELM;PhosphoNetworks;PhosphoSitePlus;ProtMapper;Reactome_ProtMapper;SIGNOR,curated_literature,True,10,11062067;11389443;11489946;11847100;14523011;15755722;16076903;16153436;19822663;9362518,HPRD;HPRD_MIMP;KEA;MIMP;NCI-PID_ProtMapper;PhosphoNetworks;PhosphoSite_MIMP;ProtMapper;Reactome_ProtMapper;SIGNOR;SIGNOR_ProtMapper;phosphoELM_MIMP
P45984,P07949,Tyr protein kinase,tyr,Y185,Phosphorylation,3.0,HPRD;KEA;MIMP;PhosphoELM;PhosphoSitePlus;ProtMapper,curated_literature,True,3,11062067;15755722;16153436,HPRD_MIMP;KEA;MIMP;PhosphoSite;PhosphoSite_MIMP;PhosphoSite_ProtMapper;ProtMapper;phosphoELM_MIMP
P45984,P35790,choline/ethanolamine kinase,unknown,Y185,Phosphorylation,1.0,ProtMapper;REACH_ProtMapper,literature_supported,False,1,25404879,ProtMapper;REACH_ProtMapper
P45984,P45985,MAP kinase kinase,dual,Y185,Phosphorylation,33.0,HPRD;KEA;MIMP;NCI-PID_ProtMapper;PhosphoELM;PhosphoNetworks;PhosphoSitePlus;ProtMapper;REACH_ProtMapper;Reactome_ProtMapper;SIGNOR;Sparser_ProtMapper;UniProt_ModRes;dbPTM,curated_literature,True,29,10385525;10499589;10748139;10791986;11062067;11099046;11389443;11489946;11847100;12133933;12354380;14523011;15755722;15998799;16076903;16153436;17143273;17192257;18083107;19369195;19534553;22730327;7600581;7600582;7992057;9305638;9448004;9733714;9860979,HPRD;HPRD_MIMP;KEA;MIMP;NCI-PID_ProtMapper;PhosphoNetworks;PhosphoSite;PhosphoSite_MIMP;PhosphoSite_ProtMapper;ProtMapper;REACH_ProtMapper;Reactome_ProtMapper;SIGNOR;SIGNOR_ProtMapper;Sparser_ProtMapper;UniProt_ModRes;dbPTM;phosphoELM;phosphoELM_MIMP
P46108,P00519,ABL,tyr,Y221;Y239;Y251,Phosphorylation,33.0,HPRD;KEA;Li2012;MIMP;PhosphoELM;PhosphoSitePlus;ProtMapper;REACH_ProtMapper;RLIMS-P_ProtMapper;SIGNOR;Sparser_ProtMapper;UniProt_ModRes;dbPTM,curated_literature,True,26,11080615;11956190;12198159;12955086;16267043;17016520;17081983;17515907;17570479;18835194;19001122;19402756;19426560;19534553;20068231;21602891;21779437;22848689;23124138;25860930;7542925;8194526;8875975;9480911;9480991;9642287,HPRD;HPRD_MIMP;KEA;Li2012;MIMP;PhosphoSite;PhosphoSite_MIMP;PhosphoSite_ProtMapper;ProtMapper;REACH_ProtMapper;RLIMS-P_ProtMapper;SIGNOR;SIGNOR_ProtMapper;Sparser_ProtMapper;UniProt_ModRes;dbPTM;phosphoELM;phosphoELM_MIMP
P46108,P00533,EGF receptor,tyr,Y221;Y251,Phosphorylation,20.0,BEL-Large-Corpus_ProtMapper;HPRD;KEA;Li2012;MIMP;PhosphoELM;PhosphoSitePlus;ProtMapper;REACH_ProtMapper;SIGNOR;Sparser_ProtMapper,curated_literature,True,14,11956190;12198159;15212693;17016520;17399949;20068231;21602891;26473374;26656091;8194526;8875975;9480911;9480991;9642287,BEL-Large-Corpus_ProtMapper;HPRD;HPRD_MIMP;KEA;Li2012;MIMP;PhosphoSite_MIMP;ProtMapper;REACH_ProtMapper;SIGNOR;SIGNOR_ProtMapper;Sparser_ProtMapper;phosphoELM_MIMP
P46108,P06213,Insulin receptor,tyr,Y221,Phosphorylation,1.0,Li2012,predicted_or_inferred,False,0,,Li2012
P46108,P08069,Insulin receptor,tyr,Y221,Phosphorylation,16.0,HPRD;KEA;MIMP;PhosphoELM;PhosphoSitePlus;ProtMapper;SIGNOR;Sparser_ProtMapper,curated_literature,True,9,11956190;12198159;17016520;20068231;8194526;8875975;9480911;9480991;9642287,HPRD;HPRD_MIMP;KEA;MIMP;PhosphoSite_MIMP;ProtMapper;SIGNOR;SIGNOR_ProtMapper;Sparser_ProtMapper;phosphoELM_MIMP
P46108,P21802,Fibroblast growth factor receptor,tyr,Y136;Y221,Phosphorylation,1.0,PhosphoNetworks,predicted_or_inferred,False,0,,PhosphoNetworks
P46108,P42684,ABL,tyr,Y221,Phosphorylation,16.0,HPRD;KEA;MIMP;PhosphoELM;PhosphoSitePlus;ProtMapper;SIGNOR,curated_literature,True,10,11956190;12198159;15886098;17016520;20068231;21602891;8194526;8875975;9480911;9642287,HPRD;HPRD_MIMP;KEA;MIMP;PhosphoSite;PhosphoSite_MIMP;PhosphoSite_ProtMapper;ProtMapper;SIGNOR;SIGNOR_ProtMapper;phosphoELM_MIMP
P46109,P00519,ABL,tyr,Y207,Phosphorylation,8.0,HPRD;KEA;MIMP;PhosphoELM;PhosphoSitePlus;ProtMapper;REACH_ProtMapper;RLIMS-P_ProtMapper;Sparser_ProtMapper,curated_literature,True,7,18794134;18809728;22581121;24165979;26500649;9053848;9710592,HPRD_MIMP;KEA;MIMP;PhosphoSite;PhosphoSite_MIMP;PhosphoSite_ProtMapper;ProtMapper;REACH_ProtMapper;RLIMS-P_ProtMapper;Sparser_ProtMapper;phosphoELM;phosphoELM_MIMP
P46459,P07332,Fes/fps,tyr,Y83,Phosphorylation,1.0,KEA;MIMP;PhosphoELM;PhosphoSitePlus;ProtMapper,curated_literature,True,1,15322554,KEA;MIMP;PhosphoSite;PhosphoSite_MIMP;PhosphoSite_ProtMapper;ProtMapper;phosphoELM_MIMP
P46459,P16591,Fes/fps,tyr,Y83,Phosphorylation,1.0,KEA;MIMP;PhosphoELM;PhosphoSitePlus;ProtMapper,curated_literature,True,1,15322554,KEA;MIMP;PhosphoSite;PhosphoSite_MIMP;PhosphoSite_ProtMapper;ProtMapper;phosphoELM_MIMP
P46527,O60674,JAK,tyr,Y88,Phosphorylation,2.0,ProtMapper;RLIMS-P_ProtMapper;Reactome_ProtMapper;Sparser_ProtMapper;UniProt_ModRes,curated_literature,True,5,16195327;17254966;17254967;21423214;25463440,ProtMapper;RLIMS-P_ProtMapper;Reactome_ProtMapper;Sparser_ProtMapper;UniProt_ModRes
P46527,P00519,ABL,tyr,Y88;Y89,Phosphorylation,6.0,HPRD;KEA;MIMP;PhosphoELM;PhosphoSitePlus;ProtMapper;RLIMS-P_ProtMapper;Reactome_ProtMapper;SIGNOR;UniProt_ModRes;dbPTM,curated_literature,True,4,16195327;17254966;17254967;21423214,HPRD;HPRD_MIMP;KEA;MIMP;PhosphoSite;PhosphoSite_MIMP;PhosphoSite_ProtMapper;ProtMapper;RLIMS-P_ProtMapper;Reactome_ProtMapper;SIGNOR;SIGNOR_ProtMapper;UniProt_ModRes;dbPTM;phosphoELM_MIMP
P46527,P07947,SRC,tyr,Y74;Y88;Y89,Phosphorylation,4.0,HPRD;KEA;MIMP;PhosphoELM;PhosphoSitePlus;ProtMapper,curated_literature,True,1,17254967,HPRD_MIMP;KEA;MIMP;PhosphoSite;PhosphoSite_MIMP;PhosphoSite_ProtMapper;ProtMapper;phosphoELM_MIMP
P46527,P07948,SRC,tyr,Y88,Phosphorylation,6.0,HPRD;KEA;MIMP;PhosphoELM;PhosphoSitePlus;ProtMapper;Reactome_ProtMapper;SIGNOR;Sparser_ProtMapper;UniProt_ModRes,curated_literature,True,5,16195327;17254966;17254967;20966355;21423214,HPRD;HPRD_MIMP;KEA;MIMP;PhosphoSite;PhosphoSite_MIMP;PhosphoSite_ProtMapper;ProtMapper;Reactome_ProtMapper;SIGNOR;SIGNOR_ProtMapper;Sparser_ProtMapper;UniProt_ModRes;phosphoELM_MIMP
P46527,P12931,SRC,tyr,Y74;Y88;Y89,Phosphorylation,10.0,HPRD;KEA;MIMP;PhosphoELM;PhosphoSitePlus;ProtMapper;REACH_ProtMapper;RLIMS-P_ProtMapper;Reactome_ProtMapper;SIGNOR;Sparser_ProtMapper;UniProt_ModRes;dbPTM,curated_literature,True,11,-;16195327;17254966;17254967;18627125;20519948;21045138;21423214;28522571;28882106;29899857,HPRD;HPRD_MIMP;KEA;MIMP;PhosphoSite;PhosphoSite_MIMP;PhosphoSite_ProtMapper;ProtMapper;REACH_ProtMapper;RLIMS-P_ProtMapper;Reactome_ProtMapper;SIGNOR;SIGNOR_ProtMapper;Sparser_ProtMapper;UniProt_ModRes;dbPTM;phosphoELM;phosphoELM_MIMP
P46527,P36888,CSF-1/PDGF receptor,tyr,Y88,Phosphorylation,2.0,ProtMapper;SIGNOR;Sparser_ProtMapper,curated_literature,True,1,28522571,ProtMapper;SIGNOR;Sparser_ProtMapper
P46527,P41240,CSK,tyr,Y88,Phosphorylation,1.0,ProtMapper;Sparser_ProtMapper,literature_supported,False,1,28522571,ProtMapper;Sparser_ProtMapper
P46527,Q13882,BRK/PTK6/SIK,tyr,Y88,Phosphorylation,2.0,ProtMapper;Reactome_ProtMapper,predicted_or_inferred,False,0,,ProtMapper;Reactome_ProtMapper
P46934,P12931,SRC,tyr,Y111;Y332;Y43;Y585;Y647,Phosphorylation,1.0,PhosphoSitePlus,curated_source,True,0,,PhosphoSite
P46937,P00519,ABL,tyr,Y357;Y407,Phosphorylation,8.0,HPRD;KEA;MIMP;PhosphoSitePlus;ProtMapper;REACH_ProtMapper;RLIMS-P_ProtMapper;Reactome_ProtMapper;SIGNOR;Sparser_ProtMapper;UniProt_ModRes;dbPTM,curated_literature,True,6,18280240;18701449;18955976;27807512;29179447;29449692,HPRD_MIMP;KEA;MIMP;PhosphoSite;PhosphoSite_MIMP;PhosphoSite_ProtMapper;ProtMapper;REACH_ProtMapper;RLIMS-P_ProtMapper;Reactome_ProtMapper;SIGNOR;SIGNOR_ProtMapper;Sparser_ProtMapper;UniProt_ModRes;dbPTM
P46937,P07947,SRC,tyr,Y407,Phosphorylation,3.0,ProtMapper;REACH_ProtMapper;Sparser_ProtMapper,literature_supported,False,3,23245941;24954536;29163769,ProtMapper;REACH_ProtMapper;Sparser_ProtMapper
P46937,P12931,SRC,tyr,Y341;Y357;Y391;Y394;Y407,Phosphorylation,2.0,PhosphoSitePlus;ProtMapper;Sparser_ProtMapper,curated_source,True,2,28939028;29642615,PhosphoSite;ProtMapper;Sparser_ProtMapper
P46940,P08581,Tyr protein kinase,tyr,Y1510,Phosphorylation,1.0,PhosphoSitePlus,curated_source,True,0,,PhosphoSite
P46940,P12931,SRC,tyr,Y1510,Phosphorylation,1.0,PhosphoSitePlus,curated_source,True,0,,PhosphoSite
P48048,P12931,SRC,tyr,Y337,Phosphorylation,5.0,MIMP;PhosphoSitePlus;ProtMapper;REACH_ProtMapper;SIGNOR,curated_literature,True,3,12217858;12556363;25589264,MIMP;PhosphoSite;PhosphoSite_MIMP;PhosphoSite_ProtMapper;ProtMapper;REACH_ProtMapper;SIGNOR;SIGNOR_ProtMapper
P48050,P00533,EGF receptor,tyr,Y234,Phosphorylation,2.0,PhosphoSitePlus;ProtMapper,curated_source,True,0,,PhosphoSite;PhosphoSite_ProtMapper;ProtMapper
P48167,P12931,SRC,tyr,Y435,Phosphorylation,2.0,MIMP;PhosphoSitePlus;ProtMapper;SIGNOR,curated_literature,True,1,11882681,MIMP;PhosphoSite;PhosphoSite_MIMP;PhosphoSite_ProtMapper;ProtMapper;SIGNOR;SIGNOR_ProtMapper
P48357,O60674,JAK,tyr,Y1141;Y986,Phosphorylation,2.0,ProtMapper;SIGNOR;Sparser_ProtMapper;UniProt_ModRes,curated_literature,True,2,11018044;11970889,ProtMapper;SIGNOR;Sparser_ProtMapper;UniProt_ModRes
P48431,P00533,EGF receptor,tyr,Y277,Phosphorylation,1.0,PhosphoSitePlus,curated_source,True,0,,PhosphoSite
P48551,P00533,EGF receptor,tyr,Y411,Phosphorylation,1.0,KEA,literature_supported,False,1,17570479,KEA
P48551,P08069,Insulin receptor,tyr,Y411,Phosphorylation,1.0,KEA,literature_supported,False,1,17570479,KEA
P48735,P36888,CSF-1/PDGF receptor,tyr,Y107,Phosphorylation,1.0,SIGNOR,curated_literature,True,1,34289383,SIGNOR
P48775,P08069,Insulin receptor,tyr,Y146,Phosphorylation,1.0,KEA,literature_supported,False,1,17570479,KEA
P49023,P00519,ABL,tyr,Y118;Y31,Phosphorylation,9.0,KEA;PhosphoSitePlus;ProtMapper,curated_literature,True,11,10823820;11774284;12408869;15107421;15572663;15592455;15817476;16094384;16254239;7537852;7615549,KEA;PhosphoSite;PhosphoSite_ProtMapper;ProtMapper
P49023,P06241,SRC,tyr,Y118,Phosphorylation,4.0,HPRD;MIMP;PhosphoELM;PhosphoSitePlus,curated_source,True,0,,HPRD_MIMP;MIMP;PhosphoSite;PhosphoSite_MIMP;phosphoELM_MIMP
P49023,P08631,SRC,tyr,Y118;Y31,Phosphorylation,1.0,ProtMapper;Sparser_ProtMapper,literature_supported,False,1,16809022,ProtMapper;Sparser_ProtMapper
P49023,P12931,SRC,tyr,Y118;Y181;Y31;Y40;Y88,Phosphorylation,27.0,BEL-Large-Corpus_ProtMapper;HPRD;KEA;Li2012;MIMP;PhosphoELM;PhosphoSitePlus;ProtMapper;REACH_ProtMapper;SIGNOR;Sparser_ProtMapper,curated_literature,True,31,10823820;11695992;11774284;12408869;15107421;15212693;15572663;15592455;15817476;16094384;16254239;17570479;18363833;19138410;20103658;22638989;23457577;24364863;25182764;25323586;25405379;25795725;26700725;27447856;27669437;27941878;28214467;28376152;28626446;7537852;7615549,BEL-Large-Corpus_ProtMapper;HPRD_MIMP;KEA;Li2012;MIMP;PhosphoSite;PhosphoSite_MIMP;PhosphoSite_ProtMapper;ProtMapper;REACH_ProtMapper;SIGNOR;Sparser_ProtMapper;phosphoELM;phosphoELM_MIMP
P49023,P41240,CSK,tyr,Y40;Y88,Phosphorylation,5.0,HPRD;KEA;MIMP;PhosphoELM;PhosphoSitePlus;ProtMapper;Sparser_ProtMapper,curated_literature,True,4,11695992;17389395;18707149;27447856,HPRD;HPRD_MIMP;KEA;MIMP;PhosphoSite_MIMP;ProtMapper;Sparser_ProtMapper;phosphoELM_MIMP
P49023,P42680,TEC,tyr,Y181,Phosphorylation,1.0,Li2012,predicted_or_inferred,False,0,,Li2012
P49023,P54762,Ephrin receptor,tyr,Y118;Y31,Phosphorylation,10.0,KEA;ProtMapper;REACH_ProtMapper;Sparser_ProtMapper,literature_supported,False,11,10823820;11774284;12408869;15107421;15572663;15592455;15817476;16094384;16254239;7537852;7615549,KEA;ProtMapper;REACH_ProtMapper;Sparser_ProtMapper
P49023,Q05397,FAK,tyr,Y118;Y181;Y31,Phosphorylation,48.0,BEL-Large-Corpus_ProtMapper;HPRD;KEA;Li2012;MIMP;NCI-PID_ProtMapper;PhosphoELM;PhosphoSitePlus;ProtMapper;REACH_ProtMapper;RLIMS-P_ProtMapper;SIGNOR;Sparser_ProtMapper,curated_literature,True,49,10823820;11337490;11774284;12408869;15107421;15212693;15572663;15592455;15688067;15817476;16094384;16254239;17389395;18669648;18707149;19138410;19543320;20068231;20419088;20473365;20655620;22044652;22581436;22638989;23209645;23936270;24364863;24642576;24885567;25226367;25405379;26053221;26546726;26700725;26711338;27402964;27669437;27708220;28068967;28214467;28373581;28427224;28928239;29127427;7537852;7615549;7963537;9230116;9658172,BEL-Large-Corpus_ProtMapper;HPRD;HPRD_MIMP;KEA;Li2012;MIMP;NCI-PID_ProtMapper;PhosphoSite;PhosphoSite_MIMP;ProtMapper;REACH_ProtMapper;RLIMS-P_ProtMapper;SIGNOR;SIGNOR_ProtMapper;Sparser_ProtMapper;phosphoELM;phosphoELM_MIMP
P49023,Q06187,TEC,tyr,Y181,Phosphorylation,1.0,KEA,literature_supported,False,1,17570479,KEA
P49023,Q13882,BRK/PTK6/SIK,tyr,Y118;Y181;Y31,Phosphorylation,21.0,HPRD;KEA;MIMP;PhosphoELM;PhosphoNetworks;PhosphoSitePlus;ProtMapper;REACH_ProtMapper;Sparser_ProtMapper;UniProt_ModRes;dbPTM,curated_literature,True,17,10823820;11774284;12408869;15107421;15572663;15592455;15817476;15951569;16094384;16212419;16254239;17081983;17389395;18083107;19534553;7537852;7615549,HPRD_MIMP;KEA;MIMP;PhosphoNetworks;PhosphoSite;PhosphoSite_MIMP;ProtMapper;REACH_ProtMapper;Sparser_ProtMapper;UniProt_ModRes;dbPTM;phosphoELM;phosphoELM_MIMP
P49023,Q14289,FAK,tyr,Y118,Phosphorylation,2.0,ProtMapper;REACH_ProtMapper;Sparser_ProtMapper,literature_supported,False,2,20116462;22581436,ProtMapper;REACH_ProtMapper;Sparser_ProtMapper
P49023,Q14680,SNF1,dual,Y118,Phosphorylation,1.0,ProtMapper;REACH_ProtMapper,literature_supported,False,1,24885567,ProtMapper;REACH_ProtMapper
P49279,P12931,SRC,tyr,Y15,Phosphorylation,1.0,PhosphoSitePlus;ProtMapper;Sparser_ProtMapper,curated_literature,True,1,29723216,PhosphoSite;ProtMapper;Sparser_ProtMapper
P49407,P12931,SRC,tyr,Y54,Phosphorylation,4.0,KEA;MIMP;PhosphoELM;PhosphoSitePlus;ProtMapper;SIGNOR,curated_literature,True,2,17456469;17456551,KEA;MIMP;PhosphoSite_MIMP;ProtMapper;SIGNOR;SIGNOR_ProtMapper;phosphoELM;phosphoELM_MIMP
P49760,P49760,Lammer,dual,Y99,Phosphorylation,1.0,UniProt_ModRes,curated_source,True,0,,UniProt_ModRes
P49789,P12931,SRC,tyr,Y114,Phosphorylation,11.0,HPRD;KEA;MIMP;PhosphoELM;PhosphoSitePlus;ProtMapper;REACH_ProtMapper;RLIMS-P_ProtMapper;SIGNOR;Sparser_ProtMapper;UniProt_ModRes;dbPTM,curated_literature,True,7,15007172;15835917;17142325;19086848;23947369;2507541;29296239,HPRD;HPRD_MIMP;KEA;MIMP;PhosphoSite;PhosphoSite_MIMP;PhosphoSite_ProtMapper;ProtMapper;REACH_ProtMapper;RLIMS-P_ProtMapper;SIGNOR;SIGNOR_ProtMapper;Sparser_ProtMapper;UniProt_ModRes;dbPTM;phosphoELM_MIMP
P49789,P41240,CSK,tyr,Y114,Phosphorylation,1.0,ProtMapper;Sparser_ProtMapper,literature_supported,False,1,19286306,ProtMapper;Sparser_ProtMapper
P49815,P04626,EGF receptor,tyr,Y1571,Phosphorylation,1.0,KEA,literature_supported,False,1,17570479,KEA
P49815,P06213,Insulin receptor,tyr,Y1571,Phosphorylation,1.0,KEA,literature_supported,False,1,17570479,KEA
P49840,P12931,SRC,tyr,Y279,Phosphorylation,1.0,ProtMapper;REACH_ProtMapper,literature_supported,False,1,14570592,ProtMapper;REACH_ProtMapper
P49840,Q05397,FAK,tyr,Y279,Phosphorylation,1.0,ProtMapper;REACH_ProtMapper,literature_supported,False,1,26274564,ProtMapper;REACH_ProtMapper
P49840,Q14289,FAK,tyr,Y279,Phosphorylation,1.0,ProtMapper;REACH_ProtMapper,literature_supported,False,1,26274564,ProtMapper;REACH_ProtMapper
P49841,P06241,SRC,tyr,Y216,Phosphorylation,3.0,ProtMapper;Sparser_ProtMapper,literature_supported,False,3,22675363;24923837;29731706,ProtMapper;Sparser_ProtMapper
P49841,P08581,Tyr protein kinase,tyr,Y56,Phosphorylation,1.0,PhosphoSitePlus,curated_source,True,0,,PhosphoSite
P49841,P12931,SRC,tyr,Y216,Phosphorylation,1.0,PhosphoSitePlus,curated_source,True,0,,PhosphoSite
P49841,Q02750,MAP kinase kinase,dual,Y216,Phosphorylation,8.0,HPRD;KEA;MIMP;PhosphoELM;PhosphoNetworks;PhosphoSitePlus;ProtMapper;SIGNOR,curated_literature,True,5,15020233;16964243;17081983;17192257;8382613,HPRD_MIMP;KEA;MIMP;PhosphoNetworks;PhosphoSite;PhosphoSite_MIMP;PhosphoSite_ProtMapper;ProtMapper;SIGNOR;SIGNOR_ProtMapper;phosphoELM;phosphoELM_MIMP
P49841,Q05397,FAK,tyr,Y216,Phosphorylation,1.0,ProtMapper;Sparser_ProtMapper,literature_supported,False,1,26274564,ProtMapper;Sparser_ProtMapper
P49841,Q13627,MNB/DYRK,dual,Y216,Phosphorylation,1.0,ProtMapper;Sparser_ProtMapper,literature_supported,False,1,29215943,ProtMapper;Sparser_ProtMapper
P49841,Q14289,FAK,tyr,Y216,Phosphorylation,4.0,NCI-PID_ProtMapper;ProtMapper;Sparser_ProtMapper,literature_supported,False,4,10601262;16452634;24931005;26274564,NCI-PID_ProtMapper;ProtMapper;Sparser_ProtMapper
P49918,O60674,JAK,tyr,Y91,Phosphorylation,2.0,ProtMapper;Reactome_ProtMapper,predicted_or_inferred,False,0,,ProtMapper;Reactome_ProtMapper
P49918,P00519,ABL,tyr,Y91,Phosphorylation,2.0,ProtMapper;Reactome_ProtMapper,predicted_or_inferred,False,0,,ProtMapper;Reactome_ProtMapper
P49918,P07948,SRC,tyr,Y91,Phosphorylation,2.0,ProtMapper;Reactome_ProtMapper,predicted_or_inferred,False,0,,ProtMapper;Reactome_ProtMapper
P49918,P12931,SRC,tyr,Y91,Phosphorylation,2.0,ProtMapper;Reactome_ProtMapper,predicted_or_inferred,False,0,,ProtMapper;Reactome_ProtMapper
P49918,Q13882,BRK/PTK6/SIK,tyr,Y91,Phosphorylation,2.0,ProtMapper;Reactome_ProtMapper,predicted_or_inferred,False,0,,ProtMapper;Reactome_ProtMapper
P50281,P12931,SRC,tyr,Y573,Phosphorylation,6.0,MIMP;PhosphoSitePlus;ProtMapper;REACH_ProtMapper;SIGNOR;Sparser_ProtMapper,curated_literature,True,5,17389600;22823952;23601032;24077283;27116935,MIMP;PhosphoSite;PhosphoSite_MIMP;PhosphoSite_ProtMapper;ProtMapper;REACH_ProtMapper;SIGNOR;SIGNOR_ProtMapper;Sparser_ProtMapper
P50281,Q504Y2,,tyr,Y399,Phosphorylation,1.0,UniProt_ModRes,curated_literature,True,1,25171405,UniProt_ModRes
P50402,P00519,ABL,tyr,Y105;Y155;Y161;Y167;Y19;Y41;Y59;Y74;Y85;Y90;Y94;Y95;Y99,Phosphorylation,4.0,HPRD;MIMP;PhosphoELM;PhosphoSitePlus;ProtMapper;REACH_ProtMapper,curated_literature,True,1,24365856,HPRD_MIMP;MIMP;PhosphoSite;PhosphoSite_MIMP;PhosphoSite_ProtMapper;ProtMapper;REACH_ProtMapper;phosphoELM_MIMP
P50402,P04626,EGF receptor,tyr,Y167;Y59;Y74;Y95,Phosphorylation,1.0,ProtMapper;REACH_ProtMapper,literature_supported,False,1,24365856,ProtMapper;REACH_ProtMapper
P50402,P08631,SRC,tyr,Y95,Phosphorylation,1.0,KEA,literature_supported,False,1,17570479,KEA
P50402,P12931,SRC,tyr,Y105;Y161;Y167;Y181;Y182;Y19;Y41;Y59;Y74;Y85;Y90;Y94;Y95;Y99,Phosphorylation,7.0,HPRD;MIMP;PhosphoELM;PhosphoSitePlus;ProtMapper;REACH_ProtMapper;SIGNOR;Sparser_ProtMapper,curated_literature,True,6,17637040;19789182;24365856;24609268;25008017;29684168,HPRD_MIMP;MIMP;PhosphoSite;PhosphoSite_MIMP;PhosphoSite_ProtMapper;ProtMapper;REACH_ProtMapper;SIGNOR;SIGNOR_ProtMapper;Sparser_ProtMapper;phosphoELM_MIMP
P50402,P41240,CSK,tyr,Y74;Y95,Phosphorylation,1.0,ProtMapper;Sparser_ProtMapper,literature_supported,False,1,29684168,ProtMapper;Sparser_ProtMapper
P50406,P06213,Insulin receptor,tyr,Y125,Phosphorylation,1.0,KEA,literature_supported,False,1,17570479,KEA
P50548,P06239,SRC,tyr,Y16,Phosphorylation,1.0,PhosphoNetworks,predicted_or_inferred,False,0,,PhosphoNetworks
P50552,P00519,ABL,tyr,Y39,Phosphorylation,3.0,ProtMapper;REACH_ProtMapper,literature_supported,False,3,26221026;26336132;28783324,ProtMapper;REACH_ProtMapper
P50552,Q9UM73,Insulin receptor,tyr,Y39,Phosphorylation,5.0,HPRD;MIMP;PhosphoELM;PhosphoSitePlus;ProtMapper,curated_source,True,0,,HPRD_MIMP;MIMP;PhosphoSite;PhosphoSite_MIMP;PhosphoSite_ProtMapper;ProtMapper;phosphoELM_MIMP
P50570,P12931,SRC,tyr,Y231;Y597,Phosphorylation,1.0,PhosphoSitePlus;ProtMapper;REACH_ProtMapper;Sparser_ProtMapper;UniProt_ModRes,curated_literature,True,2,25372749;34744632,PhosphoSite;ProtMapper;REACH_ProtMapper;Sparser_ProtMapper;UniProt_ModRes
P51451,P08631,SRC,tyr,Y494,Phosphorylation,1.0,KEA,literature_supported,False,1,17570479,KEA
P51451,P12931,SRC,tyr,Y389,Phosphorylation,1.0,ProtMapper;REACH_ProtMapper,literature_supported,False,1,24919804,ProtMapper;REACH_ProtMapper
P51451,P41240,CSK,tyr,Y389,Phosphorylation,3.0,NCI-PID_ProtMapper;ProtMapper,literature_supported,False,3,11489946;14967142;16537894,NCI-PID_ProtMapper;ProtMapper
P51451,P51451,SRC,tyr,Y389,Phosphorylation,1.0,UniProt_ModRes,curated_source,True,0,,UniProt_ModRes
P51451,Q14289,FAK,tyr,Y389,Phosphorylation,2.0,NCI-PID_ProtMapper;ProtMapper,predicted_or_inferred,False,0,,NCI-PID_ProtMapper;ProtMapper
P51452,P29597,JAK,tyr,Y138,Phosphorylation,2.0,ProtMapper;SIGNOR,curated_literature,True,1,17785772,ProtMapper;SIGNOR;SIGNOR_ProtMapper
P51452,P43403,SYK/ZAP-70,tyr,Y138;Y38,Phosphorylation,6.0,HPRD;KEA;MIMP;PhosphoELM;PhosphoSitePlus;ProtMapper;REACH_ProtMapper;RLIMS-P_ProtMapper;SIGNOR;Sparser_ProtMapper,curated_literature,True,2,12447358;17158954,HPRD;HPRD_MIMP;KEA;MIMP;PhosphoSite;PhosphoSite_MIMP;PhosphoSite_ProtMapper;ProtMapper;REACH_ProtMapper;RLIMS-P_ProtMapper;SIGNOR;SIGNOR_ProtMapper;Sparser_ProtMapper;phosphoELM;phosphoELM_MIMP
P51452,P43405,SYK/ZAP-70,tyr,Y138;Y38,Phosphorylation,2.0,HPRD;KEA;Li2012;MIMP;PhosphoELM;PhosphoSitePlus;ProtMapper,curated_literature,True,1,12447358,HPRD_MIMP;KEA;Li2012;MIMP;PhosphoSite;PhosphoSite_MIMP;PhosphoSite_ProtMapper;ProtMapper;phosphoELM;phosphoELM_MIMP
P51636,P12931,SRC,tyr,Y19;Y27,Phosphorylation,13.0,BEL-Large-Corpus_ProtMapper;HPRD;KEA;MIMP;PhosphoELM;PhosphoSitePlus;ProtMapper;SIGNOR;Sparser_ProtMapper;UniProt_ModRes;dbPTM,curated_literature,True,7,12091389;15212693;15504032;17081983;18669648;20068231;23826261,BEL-Large-Corpus_ProtMapper;HPRD;HPRD_MIMP;KEA;MIMP;PhosphoSite;PhosphoSite_MIMP;PhosphoSite_ProtMapper;ProtMapper;SIGNOR;SIGNOR_ProtMapper;Sparser_ProtMapper;UniProt_ModRes;dbPTM;phosphoELM;phosphoELM_MIMP
P51692,O60674,JAK,tyr,Y699,Phosphorylation,1.0,NCI-PID_ProtMapper;ProtMapper;REACH_ProtMapper;Sparser_ProtMapper,literature_supported,False,1,26959975,NCI-PID_ProtMapper;ProtMapper;REACH_ProtMapper;Sparser_ProtMapper
P51692,P00533,EGF receptor,tyr,Y699;Y725;Y740;Y743,Phosphorylation,7.0,BEL-Large-Corpus_ProtMapper;HPRD;KEA;MIMP;PhosphoELM;PhosphoSitePlus;ProtMapper;SIGNOR,curated_literature,True,4,10830280;11751923;12411494;17016520,BEL-Large-Corpus_ProtMapper;HPRD;HPRD_MIMP;KEA;MIMP;PhosphoSite_MIMP;ProtMapper;SIGNOR;SIGNOR_ProtMapper;phosphoELM;phosphoELM_MIMP
P51692,P06213,Insulin receptor,tyr,Y699,Phosphorylation,1.0,ProtMapper;REACH_ProtMapper;RLIMS-P_ProtMapper,literature_supported,False,1,12456798,ProtMapper;REACH_ProtMapper;RLIMS-P_ProtMapper
P51692,P08631,SRC,tyr,Y699,Phosphorylation,8.0,HPRD;KEA;MIMP;PhosphoELM;PhosphoSitePlus;ProtMapper;REACH_ProtMapper;RLIMS-P_ProtMapper;Sparser_ProtMapper;UniProt_ModRes;dbPTM,curated_literature,True,5,10830280;11751923;12411494;17997837;18083107,HPRD_MIMP;KEA;MIMP;PhosphoSite;PhosphoSite_MIMP;PhosphoSite_ProtMapper;ProtMapper;REACH_ProtMapper;RLIMS-P_ProtMapper;Sparser_ProtMapper;UniProt_ModRes;dbPTM;phosphoELM;phosphoELM_MIMP
P51692,P12931,SRC,tyr,Y679;Y699;Y725,Phosphorylation,5.0,BEL-Large-Corpus_ProtMapper;HPRD;KEA;MIMP;PhosphoELM;PhosphoSitePlus;ProtMapper;REACH_ProtMapper;RLIMS-P_ProtMapper;SIGNOR,curated_literature,True,4,12429742;12621061;17997837;19438593,BEL-Large-Corpus_ProtMapper;HPRD;HPRD_MIMP;KEA;MIMP;PhosphoSite;PhosphoSite_MIMP;PhosphoSite_ProtMapper;ProtMapper;REACH_ProtMapper;RLIMS-P_ProtMapper;SIGNOR;SIGNOR_ProtMapper;phosphoELM;phosphoELM_MIMP
P51692,P29597,JAK,tyr,Y699,Phosphorylation,3.0,KEA,literature_supported,False,3,10830280;11751923;12411494,KEA
P51692,P30530,AXL/UFO,tyr,Y699,Phosphorylation,2.0,PhosphoSitePlus;ProtMapper,curated_source,True,0,,PhosphoSite;PhosphoSite_ProtMapper;ProtMapper
P51692,Q06187,TEC,tyr,Y98,Phosphorylation,1.0,PhosphoNetworks,predicted_or_inferred,False,0,,PhosphoNetworks
P51692,Q12866,AXL/UFO,tyr,Y699,Phosphorylation,2.0,PhosphoSitePlus;ProtMapper,curated_source,True,0,,PhosphoSite;PhosphoSite_ProtMapper;ProtMapper
P51692,Q13882,BRK/PTK6/SIK,tyr,Y699,Phosphorylation,2.0,HPRD;MIMP;PhosphoELM;PhosphoSitePlus;ProtMapper;REACH_ProtMapper;RLIMS-P_ProtMapper;SIGNOR;Sparser_ProtMapper;UniProt_ModRes,curated_literature,True,2,12411494;17997837,HPRD_MIMP;MIMP;PhosphoSite;PhosphoSite_MIMP;PhosphoSite_ProtMapper;ProtMapper;REACH_ProtMapper;RLIMS-P_ProtMapper;SIGNOR;SIGNOR_ProtMapper;Sparser_ProtMapper;UniProt_ModRes;phosphoELM_MIMP
P51790,P12931,SRC,tyr,Y342,Phosphorylation,1.0,ProtMapper;REACH_ProtMapper,literature_supported,False,1,26877779,ProtMapper;REACH_ProtMapper
P51790,P41240,CSK,tyr,Y342,Phosphorylation,1.0,ProtMapper;Sparser_ProtMapper,literature_supported,False,1,26877779,ProtMapper;Sparser_ProtMapper
P51809,P12931,SRC,tyr,Y45,Phosphorylation,1.0,PhosphoSitePlus;ProtMapper;Sparser_ProtMapper,curated_literature,True,1,23471971,PhosphoSite;PhosphoSite_ProtMapper;ProtMapper;Sparser_ProtMapper
P51812,P00533,EGF receptor,tyr,Y529,Phosphorylation,1.0,ProtMapper;Sparser_ProtMapper,literature_supported,False,1,18156174,ProtMapper;Sparser_ProtMapper
P51812,P06241,SRC,tyr,Y470;Y483;Y488;Y529;Y580;Y644;Y707,Phosphorylation,3.0,HPRD;KEA;MIMP;PhosphoELM;PhosphoSitePlus;ProtMapper;REACH_ProtMapper;SIGNOR;Sparser_ProtMapper,curated_literature,True,2,12601080;18156174,HPRD_MIMP;KEA;MIMP;PhosphoSite;PhosphoSite_MIMP;PhosphoSite_ProtMapper;ProtMapper;REACH_ProtMapper;SIGNOR;SIGNOR_ProtMapper;Sparser_ProtMapper;phosphoELM_MIMP
P51812,P11362,Fibroblast growth factor receptor,tyr,Y488;Y707,Phosphorylation,3.0,HPRD;KEA;MIMP;PhosphoELM;PhosphoNetworks;PhosphoSitePlus,curated_literature,True,1,12601080,HPRD_MIMP;KEA;MIMP;PhosphoNetworks;PhosphoSite_MIMP;phosphoELM;phosphoELM_MIMP
P51812,P12931,SRC,tyr,Y470;Y483;Y488;Y529;Y580;Y644;Y707,Phosphorylation,3.0,HPRD;KEA;MIMP;PhosphoELM;PhosphoSitePlus;ProtMapper;REACH_ProtMapper;RLIMS-P_ProtMapper;SIGNOR;Sparser_ProtMapper,curated_literature,True,2,12601080;18156174,HPRD_MIMP;KEA;MIMP;PhosphoSite;PhosphoSite_MIMP;PhosphoSite_ProtMapper;ProtMapper;REACH_ProtMapper;RLIMS-P_ProtMapper;SIGNOR;SIGNOR_ProtMapper;Sparser_ProtMapper;phosphoELM_MIMP
P51812,P21802,Fibroblast growth factor receptor,tyr,Y488,Phosphorylation,3.0,MIMP;PhosphoELM;PhosphoSitePlus,curated_source,True,0,,MIMP;PhosphoSite_MIMP;phosphoELM_MIMP
P51812,P22455,Fibroblast growth factor receptor,tyr,Y488,Phosphorylation,3.0,MIMP;PhosphoELM;PhosphoSitePlus,curated_source,True,0,,MIMP;PhosphoSite_MIMP;phosphoELM_MIMP
P51812,P22607,Fibroblast growth factor receptor,tyr,Y488;Y529;Y707,Phosphorylation,5.0,KEA;MIMP;PhosphoELM;PhosphoSitePlus;ProtMapper;REACH_ProtMapper;RLIMS-P_ProtMapper;Sparser_ProtMapper;UniProt_ModRes,curated_literature,True,4,17785199;18156174;19223461;23936765,KEA;MIMP;PhosphoSite;PhosphoSite_MIMP;PhosphoSite_ProtMapper;ProtMapper;REACH_ProtMapper;RLIMS-P_ProtMapper;Sparser_ProtMapper;UniProt_ModRes;phosphoELM_MIMP
P51812,P35916,CSF-1/PDGF receptor,tyr,Y707,Phosphorylation,2.0,ProtMapper;SIGNOR,curated_literature,True,1,12601080,ProtMapper;SIGNOR;SIGNOR_ProtMapper
P51813,P06213,Insulin receptor,tyr,Y566,Phosphorylation,1.0,KEA,literature_supported,False,1,17570479,KEA
P51813,P08069,Insulin receptor,tyr,Y224,Phosphorylation,1.0,KEA,literature_supported,False,1,17570479,KEA
P51813,P12931,SRC,tyr,Y566,Phosphorylation,6.0,BEL-Large-Corpus_ProtMapper;HPRD;KEA;MIMP;PhosphoELM;PhosphoSitePlus;ProtMapper;SIGNOR;UniProt_ModRes;dbPTM,curated_literature,True,2,10688651;17570479,BEL-Large-Corpus_ProtMapper;HPRD_MIMP;KEA;MIMP;PhosphoSite;PhosphoSite_MIMP;PhosphoSite_ProtMapper;ProtMapper;SIGNOR;SIGNOR_ProtMapper;UniProt_ModRes;dbPTM;phosphoELM;phosphoELM_MIMP
P51813,P22455,Fibroblast growth factor receptor,tyr,Y216,Phosphorylation,1.0,PhosphoNetworks,predicted_or_inferred,False,0,,PhosphoNetworks
P51813,P42680,TEC,tyr,Y216;Y224,Phosphorylation,4.0,HPRD;KEA;MIMP;PhosphoELM;PhosphoSitePlus;ProtMapper;SIGNOR,curated_literature,True,1,12573241,HPRD_MIMP;KEA;MIMP;PhosphoSite;PhosphoSite_MIMP;PhosphoSite_ProtMapper;ProtMapper;SIGNOR;SIGNOR_ProtMapper;phosphoELM;phosphoELM_MIMP
P51813,P51813,TEC,tyr,Y216;Y224;Y566,Phosphorylation,2.0,UniProt;UniProt_ModRes;iPTMnet,curated_literature,True,2,10688651;12573241,UniProt;UniProt_ModRes;iPTMnet_REST
P51813,Q05397,FAK,tyr,Y40,Phosphorylation,1.0,HPRD;KEA;MIMP;PhosphoELM;PhosphoSitePlus,curated_literature,True,1,11331870,HPRD_MIMP;KEA;MIMP;PhosphoSite_MIMP;phosphoELM_MIMP
P51813,Q06187,TEC,tyr,Y216;Y224,Phosphorylation,4.0,HPRD;KEA;MIMP;PhosphoELM;PhosphoNetworks;PhosphoSitePlus;ProtMapper;SIGNOR,curated_literature,True,1,12573241,HPRD_MIMP;KEA;MIMP;PhosphoNetworks;PhosphoSite;PhosphoSite_MIMP;PhosphoSite_ProtMapper;ProtMapper;SIGNOR;SIGNOR_ProtMapper;phosphoELM;phosphoELM_MIMP
P51813,Q08881,TEC,tyr,Y216;Y224,Phosphorylation,3.0,HPRD;KEA;MIMP;PhosphoELM;PhosphoSitePlus;ProtMapper;SIGNOR,curated_literature,True,1,12573241,HPRD_MIMP;KEA;MIMP;PhosphoSite;PhosphoSite_MIMP;PhosphoSite_ProtMapper;ProtMapper;SIGNOR;SIGNOR_ProtMapper;phosphoELM_MIMP
P51813,Q9NR20,MNB/DYRK,dual,Y216,Phosphorylation,1.0,PhosphoNetworks,predicted_or_inferred,False,0,,PhosphoNetworks
P51911,P06241,SRC,tyr,Y182;Y261,Phosphorylation,4.0,HPRD;KEA;MIMP;PhosphoSitePlus;ProtMapper;SIGNOR,curated_literature,True,1,15206927,HPRD;HPRD_MIMP;KEA;MIMP;PhosphoSite_MIMP;ProtMapper;SIGNOR;SIGNOR_ProtMapper
P52209,P06241,SRC,tyr,Y481,Phosphorylation,1.0,PhosphoSitePlus,curated_source,True,0,,PhosphoSite
P52333,P06239,SRC,tyr,Y981,Phosphorylation,1.0,KEA,literature_supported,False,1,17570479,KEA
P52333,P08069,Insulin receptor,tyr,Y981,Phosphorylation,1.0,KEA,literature_supported,False,1,17570479,KEA
P52333,P52333,JAK,tyr,Y785;Y980;Y981,Phosphorylation,4.0,HPRD;PhosphoELM;PhosphoSitePlus;SIGNOR;UniProt;UniProt_ModRes;iPTMnet,curated_literature,True,5,15121872;15831699;18250158;19901323;9391116,HPRD;PSP;Signor;UniProt;UniProt_ModRes;iPTMnet_REST;phospho.ELM
P52565,P12931,SRC,tyr,Y156;Y27,Phosphorylation,3.0,MIMP;PhosphoSitePlus;ProtMapper;SIGNOR,curated_literature,True,1,16943322,MIMP;PhosphoSite;PhosphoSite_MIMP;PhosphoSite_ProtMapper;ProtMapper;SIGNOR;SIGNOR_ProtMapper
P52565,P41240,CSK,tyr,Y156,Phosphorylation,1.0,ProtMapper;Sparser_ProtMapper,literature_supported,False,1,29307615,ProtMapper;Sparser_ProtMapper
P52566,P00519,ABL,tyr,Y130;Y24,Phosphorylation,1.0,PhosphoSitePlus,curated_source,True,0,,PhosphoSite
P52566,P12931,SRC,tyr,Y153;Y24,Phosphorylation,5.0,HPRD;MIMP;PhosphoELM;PhosphoSitePlus;ProtMapper;REACH_ProtMapper;RLIMS-P_ProtMapper;SIGNOR;Sparser_ProtMapper,curated_literature,True,4,19321744;21199781;26431493;26707877,HPRD_MIMP;MIMP;PhosphoSite;PhosphoSite_MIMP;PhosphoSite_ProtMapper;ProtMapper;REACH_ProtMapper;RLIMS-P_ProtMapper;SIGNOR;SIGNOR_ProtMapper;Sparser_ProtMapper;phosphoELM_MIMP
P52566,P41240,CSK,tyr,Y153,Phosphorylation,1.0,ProtMapper;Sparser_ProtMapper,literature_supported,False,1,26707877,ProtMapper;Sparser_ProtMapper
P52566,P43405,SYK/ZAP-70,tyr,Y24,Phosphorylation,2.0,PhosphoSitePlus;ProtMapper,curated_source,True,0,,PhosphoSite;PhosphoSite_ProtMapper;ProtMapper
P52630,P06239,SRC,tyr,Y690,Phosphorylation,5.0,HPRD;MIMP;PhosphoELM;PhosphoSitePlus;ProtMapper,curated_source,True,0,,HPRD_MIMP;MIMP;PhosphoSite;PhosphoSite_MIMP;PhosphoSite_ProtMapper;ProtMapper;phosphoELM_MIMP
P52630,P23458,JAK,tyr,Y690,Phosphorylation,7.0,HPRD;KEA;MIMP;PhosphoELM;PhosphoSitePlus;ProtMapper;REACH_ProtMapper;SIGNOR,curated_literature,True,4,25386349;7532278;8197134;9020188,HPRD;HPRD_MIMP;KEA;MIMP;PhosphoSite_MIMP;ProtMapper;REACH_ProtMapper;SIGNOR;SIGNOR_ProtMapper;phosphoELM_MIMP
P52630,P29597,JAK,tyr,Y690,Phosphorylation,4.0,KEA;ProtMapper;REACH_ProtMapper;Sparser_ProtMapper,literature_supported,False,4,18989459;21994561;23223197;8197134,KEA;ProtMapper;REACH_ProtMapper;Sparser_ProtMapper
P52732,P12931,SRC,tyr,Y125;Y211;Y231,Phosphorylation,1.0,PhosphoSitePlus;ProtMapper;REACH_ProtMapper;Sparser_ProtMapper,curated_literature,True,1,28646493,PhosphoSite;PhosphoSite_ProtMapper;ProtMapper;REACH_ProtMapper;Sparser_ProtMapper
P52735,P00533,EGF receptor,tyr,Y142;Y159;Y172,Phosphorylation,9.0,HPRD;KEA;MIMP;PhosphoELM;PhosphoSitePlus;ProtMapper;REACH_ProtMapper;RLIMS-P_ProtMapper;SIGNOR;UniProt_ModRes;dbPTM,curated_literature,True,4,11516622;12454019;17016520;17389395,HPRD;HPRD_MIMP;KEA;MIMP;PhosphoSite;PhosphoSite_MIMP;PhosphoSite_ProtMapper;ProtMapper;REACH_ProtMapper;RLIMS-P_ProtMapper;SIGNOR;SIGNOR_ProtMapper;UniProt_ModRes;dbPTM;phosphoELM;phosphoELM_MIMP
P52735,P06213,Insulin receptor,tyr,Y172,Phosphorylation,1.0,KEA,literature_supported,False,1,17570479,KEA
P52735,P06239,SRC,tyr,Y142;Y159;Y172,Phosphorylation,3.0,HPRD;KEA;MIMP;PhosphoELM;PhosphoNetworks;PhosphoSitePlus,curated_literature,True,3,11516622;12454019;17570479,HPRD_MIMP;KEA;MIMP;PhosphoNetworks;PhosphoSite_MIMP;phosphoELM;phosphoELM_MIMP
P52735,P06241,SRC,tyr,Y159,Phosphorylation,1.0,KEA,literature_supported,False,1,17570479,KEA
P52735,P07333,CSF-1/PDGF receptor,tyr,Y172,Phosphorylation,1.0,KEA,literature_supported,False,1,17570479,KEA
P52735,P08069,Insulin receptor,tyr,Y142,Phosphorylation,1.0,KEA,literature_supported,False,1,17570479,KEA
P52735,P12931,SRC,tyr,Y172,Phosphorylation,3.0,KEA;ProtMapper;REACH_ProtMapper;RLIMS-P_ProtMapper,literature_supported,False,3,17570479;23118862;23457577,KEA;ProtMapper;REACH_ProtMapper;RLIMS-P_ProtMapper
P52735,P41240,CSK,tyr,Y159;Y172,Phosphorylation,1.0,ProtMapper;Sparser_ProtMapper,literature_supported,False,1,20298788,ProtMapper;Sparser_ProtMapper
P52757,P06239,SRC,tyr,Y153,Phosphorylation,3.0,MIMP;PhosphoSitePlus;ProtMapper,curated_source,True,0,,MIMP;PhosphoSite;PhosphoSite_MIMP;PhosphoSite_ProtMapper;ProtMapper
P52757,P06241,SRC,tyr,Y21,Phosphorylation,2.0,MIMP;PhosphoSitePlus;ProtMapper;SIGNOR,curated_literature,True,1,17560670,MIMP;PhosphoSite;PhosphoSite_MIMP;PhosphoSite_ProtMapper;ProtMapper;SIGNOR;SIGNOR_ProtMapper
P52757,P12931,SRC,tyr,Y21,Phosphorylation,2.0,MIMP;PhosphoSitePlus;ProtMapper;SIGNOR,curated_literature,True,1,17560670,MIMP;PhosphoSite;PhosphoSite_MIMP;PhosphoSite_ProtMapper;ProtMapper;SIGNOR;SIGNOR_ProtMapper
P52789,P12931,SRC,tyr,Y686,Phosphorylation,2.0,PhosphoSitePlus;ProtMapper,curated_source,True,0,,PhosphoSite;PhosphoSite_ProtMapper;ProtMapper
P52799,P00533,EGF receptor,tyr,Y330,Phosphorylation,1.0,BEL-Large-Corpus_ProtMapper;ProtMapper,literature_supported,False,1,15951569,BEL-Large-Corpus_ProtMapper;ProtMapper
P52799,P29323,Ephrin receptor,tyr,Y304,Phosphorylation,3.0,HPRD;KEA;MIMP;PhosphoELM;PhosphoSitePlus,curated_literature,True,2,15096211;15951569,HPRD_MIMP;KEA;MIMP;PhosphoSite_MIMP;phosphoELM;phosphoELM_MIMP
P53004,P06213,Insulin receptor,tyr,Y198;Y228;Y291,Phosphorylation,3.0,KEA;MIMP;PhosphoELM;PhosphoSitePlus;ProtMapper;REACH_ProtMapper;Sparser_ProtMapper,curated_literature,True,2,15870194;26719800,KEA;MIMP;PhosphoSite;PhosphoSite_MIMP;PhosphoSite_ProtMapper;ProtMapper;REACH_ProtMapper;Sparser_ProtMapper;phosphoELM;phosphoELM_MIMP
P53350,P00519,ABL,tyr,Y217;Y425;Y445,Phosphorylation,2.0,PhosphoSitePlus;ProtMapper;SIGNOR,curated_literature,True,1,27899378,PhosphoSite;PhosphoSite_ProtMapper;ProtMapper;SIGNOR
P53355,P12931,SRC,tyr,Y490;Y491,Phosphorylation,2.0,PhosphoSitePlus;ProtMapper;REACH_ProtMapper;Sparser_ProtMapper,curated_literature,True,2,21785723;28976934,PhosphoSite;ProtMapper;REACH_ProtMapper;Sparser_ProtMapper
P53396,P06239,SRC,tyr,Y672,Phosphorylation,1.0,KEA,literature_supported,False,1,17570479,KEA
P53396,P07333,CSF-1/PDGF receptor,tyr,Y1073,Phosphorylation,1.0,ProtMapper;REACH_ProtMapper,literature_supported,False,1,21049007,ProtMapper;REACH_ProtMapper
P53396,P07948,SRC,tyr,Y131;Y227;Y252;Y384;Y659;Y682,Phosphorylation,1.0,PhosphoSitePlus,curated_source,True,0,,PhosphoSite
P53396,P08069,Insulin receptor,tyr,Y672,Phosphorylation,1.0,KEA,literature_supported,False,1,17570479,KEA
P53396,P12931,SRC,tyr,Y1006;Y227;Y252;Y682,Phosphorylation,1.0,PhosphoSitePlus,curated_source,True,0,,PhosphoSite
P53778,P45985,MAP kinase kinase,dual,Y185,Phosphorylation,4.0,HPRD;KEA;MIMP;PhosphoELM;PhosphoNetworks;PhosphoSitePlus,curated_literature,True,2,11062067;19413330,HPRD;HPRD_MIMP;KEA;MIMP;PhosphoNetworks;PhosphoSite_MIMP;phosphoELM;phosphoELM_MIMP
P53778,P46734,MAP kinase kinase,dual,Y185;Y27,Phosphorylation,6.0,BEL-Large-Corpus_ProtMapper;HPRD;KEA;MIMP;NCI-PID_ProtMapper;PhosphoELM;PhosphoNetworks;PhosphoSitePlus;ProtMapper;dbPTM,curated_literature,True,4,11062067;11238375;18083107;19413330,BEL-Large-Corpus_ProtMapper;HPRD_MIMP;KEA;MIMP;NCI-PID_ProtMapper;PhosphoNetworks;PhosphoSite_MIMP;ProtMapper;dbPTM;phosphoELM;phosphoELM_MIMP
P53778,P52564,MAP kinase kinase,dual,Y185,Phosphorylation,8.0,HPRD;KEA;MIMP;NCI-PID_ProtMapper;PhosphoELM;PhosphoNetworks;PhosphoSitePlus;ProtMapper;Reactome_ProtMapper;SIGNOR;dbPTM,curated_literature,True,6,11062067;11238375;18083107;19230643;19413330;9790884,HPRD_MIMP;KEA;MIMP;NCI-PID_ProtMapper;PhosphoNetworks;PhosphoSite;PhosphoSite_MIMP;PhosphoSite_ProtMapper;ProtMapper;Reactome_ProtMapper;SIGNOR;SIGNOR_ProtMapper;dbPTM;phosphoELM;phosphoELM_MIMP
P53779,O14733,MAP kinase kinase,dual,Y223,Phosphorylation,7.0,KEA;NCI-PID_ProtMapper;PhosphoNetworks;ProtMapper;Reactome_ProtMapper,literature_supported,False,7,11389443;11489946;11847100;14523011;16076903;18691976;9362518,KEA;NCI-PID_ProtMapper;PhosphoNetworks;ProtMapper;Reactome_ProtMapper
P53779,P45985,MAP kinase kinase,dual,Y185;Y223,Phosphorylation,20.0,HPRD;KEA;MIMP;NCI-PID_ProtMapper;PhosphoELM;PhosphoNetworks;PhosphoSitePlus;ProtMapper;Reactome_ProtMapper;SIGNOR;UniProt_ModRes;dbPTM,curated_literature,True,13,10715136;10748139;11389443;11489946;11847100;12133933;12354380;14523011;15911620;16076903;17143273;18083107;19651622,HPRD;HPRD_MIMP;KEA;MIMP;NCI-PID_ProtMapper;PhosphoNetworks;PhosphoSite;PhosphoSite_MIMP;PhosphoSite_ProtMapper;ProtMapper;Reactome_ProtMapper;SIGNOR;SIGNOR_ProtMapper;UniProt_ModRes;dbPTM;phosphoELM;phosphoELM_MIMP
P53801,P12931,SRC,tyr,Y174,Phosphorylation,2.0,PhosphoSitePlus;ProtMapper;REACH_ProtMapper;RLIMS-P_ProtMapper;Sparser_ProtMapper,curated_literature,True,2,23678037;27603901,PhosphoSite;PhosphoSite_ProtMapper;ProtMapper;REACH_ProtMapper;RLIMS-P_ProtMapper;Sparser_ProtMapper
P54646,P06241,SRC,tyr,Y436,Phosphorylation,1.0,PhosphoSitePlus;ProtMapper;REACH_ProtMapper,curated_literature,True,1,27626315,PhosphoSite;PhosphoSite_ProtMapper;ProtMapper;REACH_ProtMapper
P54753,P08631,SRC,tyr,Y614,Phosphorylation,1.0,KEA,literature_supported,False,1,17570479,KEA
P54753,P21709,Ephrin receptor,tyr,Y614,Phosphorylation,1.0,Li2012,predicted_or_inferred,False,0,,Li2012
P54753,P43403,SYK/ZAP-70,tyr,Y614,Phosphorylation,1.0,PhosphoNetworks,predicted_or_inferred,False,0,,PhosphoNetworks
P54753,P54753,Ephrin receptor,tyr,Y614,Phosphorylation,3.0,HPRD;PhosphoELM;PhosphoSitePlus;UniProt;UniProt_ModRes;iPTMnet;neXtProt,curated_literature,True,1,9674711,HPRD;PSP;UniProt;UniProt_ModRes;iPTMnet_REST;neXtProt;phospho.ELM
P54756,P54756,Ephrin receptor,tyr,Y650;Y656;Y833;Y982,Phosphorylation,1.0,UniProt_ModRes,curated_source,True,0,,UniProt_ModRes
P54762,P21709,Ephrin receptor,tyr,Y928,Phosphorylation,1.0,Li2012,predicted_or_inferred,False,0,,Li2012
P54762,P54762,Ephrin receptor,tyr,Y928,Phosphorylation,1.0,HPRD;UniProt_ModRes;iPTMnet,curated_literature,True,1,8798570,HPRD;UniProt_ModRes;iPTMnet_REST
P54764,P54764,Ephrin receptor,tyr,Y596;Y602;Y779;Y928,Phosphorylation,3.0,HPRD;PhosphoELM;PhosphoSitePlus;UniProt_ModRes;iPTMnet,curated_literature,True,1,8622893,HPRD;PSP;UniProt_ModRes;iPTMnet_REST;phospho.ELM
P55072,P12931,SRC,tyr,Y805,Phosphorylation,1.0,ProtMapper;Sparser_ProtMapper,literature_supported,False,1,18706391,ProtMapper;Sparser_ProtMapper
P55072,P41240,CSK,tyr,Y805,Phosphorylation,1.0,ProtMapper;Sparser_ProtMapper,literature_supported,False,1,18706391,ProtMapper;Sparser_ProtMapper
P55211,P00519,ABL,tyr,Y153;Y397,Phosphorylation,8.0,HPRD;KEA;MIMP;PhosphoELM;PhosphoSitePlus;ProtMapper;REACH_ProtMapper;RLIMS-P_ProtMapper;SIGNOR;Sparser_ProtMapper;UniProt_ModRes,curated_literature,True,4,15657060;22553782;24974292;28177918,HPRD;HPRD_MIMP;KEA;MIMP;PhosphoSite;PhosphoSite_MIMP;PhosphoSite_ProtMapper;ProtMapper;REACH_ProtMapper;RLIMS-P_ProtMapper;SIGNOR;SIGNOR_ProtMapper;Sparser_ProtMapper;UniProt_ModRes;phosphoELM;phosphoELM_MIMP
P55211,P12931,SRC,tyr,Y251,Phosphorylation,1.0,PhosphoSitePlus;ProtMapper;REACH_ProtMapper;RLIMS-P_ProtMapper;Sparser_ProtMapper,curated_literature,True,1,29844931,PhosphoSite;ProtMapper;REACH_ProtMapper;RLIMS-P_ProtMapper;Sparser_ProtMapper
P55317,P00519,ABL,tyr,Y429;Y464,Phosphorylation,2.0,PhosphoSitePlus;ProtMapper,curated_source,True,0,,PhosphoSite;PhosphoSite_ProtMapper;ProtMapper
P56945,P00519,ABL,tyr,Y249,Phosphorylation,4.0,UniProt_ModRes;dbPTM,curated_source,True,4,15951569;16212419;18083107;19534553,UniProt_ModRes;dbPTM
P56945,P00533,EGF receptor,tyr,Y327;Y664,Phosphorylation,1.0,BEL-Large-Corpus_ProtMapper;KEA;Li2012;ProtMapper,literature_supported,False,2,15951569;17570479,BEL-Large-Corpus_ProtMapper;KEA;Li2012;ProtMapper
P56945,P06213,Insulin receptor,tyr,Y653,Phosphorylation,1.0,Li2012,predicted_or_inferred,False,0,,Li2012
P56945,P08069,Insulin receptor,tyr,Y653,Phosphorylation,1.0,KEA,literature_supported,False,1,17570479,KEA
P56945,P11362,Fibroblast growth factor receptor,tyr,Y128;Y165;Y174;Y224;Y249;Y267;Y287;Y295;Y306;Y327;Y352;Y362;Y372;Y373;Y387;Y410;Y456,Phosphorylation,6.0,HPRD;KEA;Li2012;MIMP;PhosphoELM;PhosphoNetworks;PhosphoSitePlus;ProtMapper;SIGNOR,curated_literature,True,2,11019781;12601080,HPRD_MIMP;KEA;Li2012;MIMP;PhosphoNetworks;PhosphoSite_MIMP;ProtMapper;SIGNOR;SIGNOR_ProtMapper;phosphoELM;phosphoELM_MIMP
P56945,P12931,SRC,tyr,Y115;Y12;Y128;Y161;Y165;Y174;Y179;Y192;Y211;Y225;Y234;Y238;Y249;Y267;Y280;Y287;Y313;Y327;Y333;Y362;Y387;Y408;Y410;Y433;Y653;Y664;Y666;Y699,Phosphorylation,9.0,BEL-Large-Corpus_ProtMapper;HPRD;KEA;Li2012;MIMP;PhosphoELM;PhosphoSitePlus;ProtMapper;REACH_ProtMapper;RLIMS-P_ProtMapper;SIGNOR;Sparser_ProtMapper;UniProt_ModRes,curated_literature,True,20,11604500;12480533;12972425;15212693;15316024;15817476;17016520;17389395;17570479;19901323;20103658;20927395;21301050;21765460;21963850;22710723;23457577;24962474;30422386;8670206,BEL-Large-Corpus_ProtMapper;HPRD;HPRD_MIMP;KEA;Li2012;MIMP;PhosphoSite;PhosphoSite_MIMP;PhosphoSite_ProtMapper;ProtMapper;REACH_ProtMapper;RLIMS-P_ProtMapper;SIGNOR;SIGNOR_ProtMapper;Sparser_ProtMapper;UniProt_ModRes;phosphoELM;phosphoELM_MIMP
P56945,P41240,CSK,tyr,Y128,Phosphorylation,1.0,ProtMapper;Sparser_ProtMapper,literature_supported,False,1,24962474,ProtMapper;Sparser_ProtMapper
P56945,P51813,TEC,tyr,Y12,Phosphorylation,2.0,PhosphoSitePlus;ProtMapper,curated_source,True,0,,PhosphoSite;PhosphoSite_ProtMapper;ProtMapper
P56945,Q05397,FAK,tyr,Y165;Y410;Y456;Y653;Y664;Y666;Y710;Y712,Phosphorylation,10.0,HPRD;KEA;MIMP;PhosphoELM;PhosphoSitePlus;ProtMapper;REACH_ProtMapper;SIGNOR,curated_literature,True,9,11604500;12119061;12480533;12972425;24939893;8621540;8670206;9360968;9360983,HPRD;HPRD_MIMP;KEA;MIMP;PhosphoSite;PhosphoSite_MIMP;PhosphoSite_ProtMapper;ProtMapper;REACH_ProtMapper;SIGNOR;SIGNOR_ProtMapper;phosphoELM_MIMP
P56945,Q06187,TEC,tyr,Y410,Phosphorylation,1.0,KEA,literature_supported,False,1,17570479,KEA
P56945,Q07912,Tyr protein kinase,dual,Y165;Y249;Y410,Phosphorylation,3.0,iPTMnet;neXtProt,literature_supported,False,2,16247015;17038317,iPTMnet_REST;neXtProt
P56945,Q08881,TEC,tyr,Y128;Y249,Phosphorylation,1.0,KEA,literature_supported,False,1,17570479,KEA
P56945,Q13882,BRK/PTK6/SIK,tyr,Y165;Y211;Y224;Y234;Y249;Y267;Y287;Y306;Y327;Y362;Y387;Y664;Y710,Phosphorylation,4.0,HPRD;MIMP;PhosphoELM;PhosphoSitePlus;ProtMapper;SIGNOR;Sparser_ProtMapper;iPTMnet;neXtProt,curated_literature,True,2,22084245;25938342,HPRD_MIMP;MIMP;PhosphoSite;PhosphoSite_MIMP;PhosphoSite_ProtMapper;ProtMapper;SIGNOR;SIGNOR_ProtMapper;Sparser_ProtMapper;iPTMnet_REST;neXtProt;phosphoELM_MIMP
P56945,Q14289,FAK,tyr,Y165;Y249,Phosphorylation,1.0,ProtMapper;REACH_ProtMapper,literature_supported,False,1,19086031,ProtMapper;REACH_ProtMapper
P56962,P00519,ABL,tyr,Y157,Phosphorylation,2.0,PhosphoSitePlus;ProtMapper;UniProt_ModRes,curated_source,True,0,,PhosphoSite;PhosphoSite_ProtMapper;ProtMapper;UniProt_ModRes
P57076,P06241,SRC,tyr,Y264,Phosphorylation,1.0,KEA,literature_supported,False,1,17570479,KEA
P57737,P12931,SRC,tyr,Y288;Y712;Y738;Y758,Phosphorylation,3.0,MIMP;PhosphoSitePlus;ProtMapper;RLIMS-P_ProtMapper,curated_literature,True,1,18581049,MIMP;PhosphoSite;PhosphoSite_MIMP;PhosphoSite_ProtMapper;ProtMapper;RLIMS-P_ProtMapper
P58753,Q05655,PKC,dual,Y106,Phosphorylation,1.0,PhosphoSitePlus,curated_source,True,0,,PhosphoSite
P58753,Q06187,TEC,tyr,Y106;Y187;Y86,Phosphorylation,3.0,MIMP;PhosphoSitePlus;ProtMapper;RLIMS-P_ProtMapper,curated_literature,True,1,24840642,MIMP;PhosphoSite;PhosphoSite_MIMP;PhosphoSite_ProtMapper;ProtMapper;RLIMS-P_ProtMapper
P60484,P06213,Insulin receptor,tyr,Y174;Y27,Phosphorylation,2.0,PhosphoSitePlus;ProtMapper,curated_source,True,0,,PhosphoSite;PhosphoSite_ProtMapper;ProtMapper
P60484,P06239,SRC,tyr,Y240;Y315,Phosphorylation,4.0,HPRD;KEA;MIMP;PhosphoELM;PhosphoNetworks;PhosphoSitePlus;ProtMapper;SIGNOR,curated_literature,True,1,11948419,HPRD_MIMP;KEA;MIMP;PhosphoNetworks;PhosphoSite;PhosphoSite_MIMP;PhosphoSite_ProtMapper;ProtMapper;SIGNOR;SIGNOR_ProtMapper;phosphoELM;phosphoELM_MIMP
P60484,P07948,SRC,tyr,Y240,Phosphorylation,5.0,HPRD;MIMP;PhosphoELM;PhosphoSitePlus;ProtMapper,curated_source,True,0,,HPRD_MIMP;MIMP;PhosphoSite;PhosphoSite_MIMP;PhosphoSite_ProtMapper;ProtMapper;phosphoELM_MIMP
P60484,P12931,SRC,tyr,Y155;Y174;Y240;Y315;Y336;Y377;Y46;Y68,Phosphorylation,5.0,HPRD;MIMP;PhosphoELM;PhosphoSitePlus;ProtMapper;REACH_ProtMapper,curated_literature,True,1,24830552,HPRD_MIMP;MIMP;PhosphoSite;PhosphoSite_MIMP;PhosphoSite_ProtMapper;ProtMapper;REACH_ProtMapper;phosphoELM_MIMP
P60484,P21802,Fibroblast growth factor receptor,tyr,Y240,Phosphorylation,3.0,HPRD;MIMP;PhosphoELM;PhosphoSitePlus;ProtMapper;SIGNOR;Sparser_ProtMapper,curated_literature,True,2,22891331;30827889,HPRD_MIMP;MIMP;PhosphoSite;PhosphoSite_MIMP;PhosphoSite_ProtMapper;ProtMapper;SIGNOR;SIGNOR_ProtMapper;Sparser_ProtMapper;phosphoELM_MIMP
P60484,P22607,Fibroblast growth factor receptor,tyr,Y240,Phosphorylation,2.0,HPRD;MIMP;PhosphoELM;PhosphoSitePlus;ProtMapper;SIGNOR,curated_literature,True,1,22891331,HPRD_MIMP;MIMP;PhosphoSite;PhosphoSite_MIMP;PhosphoSite_ProtMapper;ProtMapper;SIGNOR;SIGNOR_ProtMapper;phosphoELM_MIMP
P60484,P42685,SRC,tyr,Y336,Phosphorylation,9.0,MIMP;PhosphoSitePlus;ProtMapper;REACH_ProtMapper;Sparser_ProtMapper;UniProt_ModRes;dbPTM,curated_literature,True,8,19345329;19652529;22536248;22730341;23431463;24830552;26339505;29100343,MIMP;PhosphoSite;PhosphoSite_MIMP;PhosphoSite_ProtMapper;ProtMapper;REACH_ProtMapper;Sparser_ProtMapper;UniProt_ModRes;dbPTM
P60484,Q05397,FAK,tyr,Y336,Phosphorylation,4.0,ProtMapper;REACH_ProtMapper;Sparser_ProtMapper,literature_supported,False,4,22123794;26284192;28848709;28881794,ProtMapper;REACH_ProtMapper;Sparser_ProtMapper
P60953,P12931,SRC,tyr,Y64,Phosphorylation,5.0,KEA;MIMP;PhosphoELM;PhosphoSitePlus;ProtMapper;SIGNOR;Sparser_ProtMapper;UniProt_ModRes,curated_literature,True,2,14506284;26816343,KEA;MIMP;PhosphoSite;PhosphoSite_MIMP;ProtMapper;SIGNOR;SIGNOR_ProtMapper;Sparser_ProtMapper;UniProt_ModRes;phosphoELM;phosphoELM_MIMP
P61106,Q14289,FAK,tyr,Y8,Phosphorylation,1.0,PhosphoNetworks,predicted_or_inferred,False,0,,PhosphoNetworks
P61160,P12931,SRC,tyr,Y202,Phosphorylation,1.0,ProtMapper;Sparser_ProtMapper,literature_supported,False,1,25601402,ProtMapper;Sparser_ProtMapper
P61244,P06241,SRC,tyr,Y123,Phosphorylation,1.0,KEA,literature_supported,False,1,17570479,KEA
P61586,P08581,Tyr protein kinase,tyr,Y42,Phosphorylation,1.0,PhosphoSitePlus,curated_source,True,0,,PhosphoSite
P61586,P12931,SRC,tyr,Y34;Y66,Phosphorylation,1.0,PhosphoSitePlus;SIGNOR,curated_literature,True,1,23027962,PhosphoSite;SIGNOR
P61764,P12931,SRC,tyr,Y473,Phosphorylation,1.0,ProtMapper;REACH_ProtMapper,literature_supported,False,1,29150433,ProtMapper;REACH_ProtMapper
P61925,P00533,EGF receptor,tyr,Y8,Phosphorylation,5.0,HPRD;KEA;MIMP;PhosphoELM;ProtMapper;SIGNOR,curated_literature,True,2,1956339;2434500,HPRD_MIMP;KEA;MIMP;ProtMapper;SIGNOR;SIGNOR_ProtMapper;phosphoELM;phosphoELM_MIMP
P61978,P06239,SRC,tyr,Y234,Phosphorylation,1.0,PhosphoNetworks,predicted_or_inferred,False,0,,PhosphoNetworks
P61978,P07948,SRC,tyr,Y380,Phosphorylation,1.0,PhosphoNetworks,predicted_or_inferred,False,0,,PhosphoNetworks
P61978,P07949,Tyr protein kinase,tyr,Y280,Phosphorylation,1.0,PhosphoNetworks,predicted_or_inferred,False,0,,PhosphoNetworks
P61978,P09769,SRC,tyr,Y380,Phosphorylation,1.0,PhosphoNetworks,predicted_or_inferred,False,0,,PhosphoNetworks
P61978,P12931,SRC,tyr,Y225;Y230;Y234;Y236;Y380;Y458;Y72,Phosphorylation,5.0,HPRD;KEA;Li2012;MIMP;PhosphoELM;PhosphoSitePlus;ProtMapper;SIGNOR;Sparser_ProtMapper,curated_literature,True,2,12052863;21184736,HPRD;HPRD_MIMP;KEA;Li2012;MIMP;PhosphoSite;PhosphoSite_MIMP;PhosphoSite_ProtMapper;ProtMapper;SIGNOR;SIGNOR_ProtMapper;Sparser_ProtMapper;phosphoELM;phosphoELM_MIMP
P61978,P30291,WEE1,tyr,Y236;Y380,Phosphorylation,1.0,PhosphoNetworks,predicted_or_inferred,False,0,,PhosphoNetworks
P61978,P51813,TEC,tyr,Y230,Phosphorylation,1.0,PhosphoNetworks,predicted_or_inferred,False,0,,PhosphoNetworks
P61978,P54753,Ephrin receptor,tyr,Y236,Phosphorylation,1.0,PhosphoNetworks,predicted_or_inferred,False,0,,PhosphoNetworks
P61978,Q06187,TEC,tyr,Y230;Y234;Y280,Phosphorylation,1.0,PhosphoNetworks,predicted_or_inferred,False,0,,PhosphoNetworks
P62714,P06239,SRC,tyr,Y307,Phosphorylation,2.0,ProtMapper;Reactome_ProtMapper,predicted_or_inferred,False,0,,ProtMapper;Reactome_ProtMapper
P62714,P12931,SRC,tyr,Y307,Phosphorylation,2.0,ProtMapper;Reactome_ProtMapper,predicted_or_inferred,False,0,,ProtMapper;Reactome_ProtMapper
P62805,Q07912,Tyr protein kinase,dual,Y89,Phosphorylation,2.0,PhosphoSitePlus;ProtMapper,curated_source,True,0,,PhosphoSite_ProtMapper;ProtMapper
P62993,O60674,JAK,tyr,Y209;Y37;Y52;Y7,Phosphorylation,5.0,HPRD;MIMP;PhosphoELM;PhosphoSitePlus;ProtMapper,curated_source,True,0,,HPRD_MIMP;MIMP;PhosphoSite;PhosphoSite_MIMP;PhosphoSite_ProtMapper;ProtMapper;phosphoELM_MIMP
P62993,P00519,ABL,tyr,Y168;Y209,Phosphorylation,2.0,KEA;ProtMapper;REACH_ProtMapper,literature_supported,False,2,11726515;23181695,KEA;ProtMapper;REACH_ProtMapper
P62993,P00533,EGF receptor,tyr,Y168;Y209,Phosphorylation,5.0,HPRD;KEA;Li2012;MIMP;PhosphoELM;PhosphoSitePlus;ProtMapper;REACH_ProtMapper;SIGNOR,curated_literature,True,2,11726515;23181695,HPRD;HPRD_MIMP;KEA;Li2012;MIMP;PhosphoSite_MIMP;ProtMapper;REACH_ProtMapper;SIGNOR;SIGNOR_ProtMapper;phosphoELM;phosphoELM_MIMP
P62993,P12931,SRC,tyr,Y119;Y160,Phosphorylation,5.0,HPRD;KEA;MIMP;PhosphoSitePlus;ProtMapper;REACH_ProtMapper;RLIMS-P_ProtMapper;SIGNOR,curated_literature,True,3,20554525;26103942;9016807,HPRD_MIMP;KEA;MIMP;PhosphoSite_MIMP;ProtMapper;REACH_ProtMapper;RLIMS-P_ProtMapper;SIGNOR;SIGNOR_ProtMapper
P62993,P21802,Fibroblast growth factor receptor,tyr,Y160;Y209,Phosphorylation,1.0,PhosphoSitePlus;ProtMapper;REACH_ProtMapper;RLIMS-P_ProtMapper,curated_literature,True,2,23420874;26103942,PhosphoSite;ProtMapper;REACH_ProtMapper;RLIMS-P_ProtMapper
P62993,Q9UM73,Insulin receptor,tyr,Y160,Phosphorylation,2.0,HPRD;MIMP;PhosphoSitePlus;ProtMapper;SIGNOR,curated_literature,True,1,20554525,HPRD_MIMP;MIMP;PhosphoSite;PhosphoSite_MIMP;PhosphoSite_ProtMapper;ProtMapper;SIGNOR;SIGNOR_ProtMapper
P63000,P12931,SRC,tyr,Y64,Phosphorylation,3.0,MIMP;PhosphoSitePlus;ProtMapper;REACH_ProtMapper;RLIMS-P_ProtMapper;Sparser_ProtMapper,curated_literature,True,3,22163037;26816343;29036929,MIMP;PhosphoSite;PhosphoSite_MIMP;PhosphoSite_ProtMapper;ProtMapper;REACH_ProtMapper;RLIMS-P_ProtMapper;Sparser_ProtMapper
P63000,Q05397,FAK,tyr,Y64,Phosphorylation,3.0,MIMP;PhosphoSitePlus;ProtMapper;REACH_ProtMapper;Sparser_ProtMapper,curated_literature,True,3,22163037;26816343;29036929,MIMP;PhosphoSite;PhosphoSite_MIMP;PhosphoSite_ProtMapper;ProtMapper;REACH_ProtMapper;Sparser_ProtMapper
P63010,P12931,SRC,tyr,Y737;Y751,Phosphorylation,6.0,HPRD;MIMP;PhosphoELM;PhosphoSitePlus;ProtMapper;SIGNOR;UniProt_ModRes;dbPTM,curated_literature,True,4,15592455;17456551;18083107;18938240,HPRD_MIMP;MIMP;PhosphoSite;PhosphoSite_MIMP;PhosphoSite_ProtMapper;ProtMapper;SIGNOR;SIGNOR_ProtMapper;UniProt_ModRes;dbPTM;phosphoELM_MIMP
P63096,P00533,EGF receptor,tyr,Y154;Y155;Y320,Phosphorylation,1.0,PhosphoSitePlus,curated_source,True,0,,PhosphoSite
P63244,P00519,ABL,tyr,Y52,Phosphorylation,5.0,MIMP;PhosphoSitePlus;ProtMapper;REACH_ProtMapper;SIGNOR;Sparser_ProtMapper;UniProt_ModRes,curated_literature,True,4,19423701;21124943;21978545;27170279,MIMP;PhosphoSite;PhosphoSite_MIMP;PhosphoSite_ProtMapper;ProtMapper;REACH_ProtMapper;SIGNOR;SIGNOR_ProtMapper;Sparser_ProtMapper;UniProt_ModRes
P63244,P12931,SRC,tyr,Y228;Y246;Y52,Phosphorylation,8.0,HPRD;KEA;MIMP;PhosphoELM;PhosphoSitePlus;ProtMapper;REACH_ProtMapper;RLIMS-P_ProtMapper;SIGNOR;Sparser_ProtMapper,curated_literature,True,5,12400005;21677780;21978545;22523568;23652203,HPRD_MIMP;KEA;MIMP;PhosphoSite;PhosphoSite_MIMP;PhosphoSite_ProtMapper;ProtMapper;REACH_ProtMapper;RLIMS-P_ProtMapper;SIGNOR;SIGNOR_ProtMapper;Sparser_ProtMapper;phosphoELM;phosphoELM_MIMP
P63244,P23458,JAK,tyr,Y194,Phosphorylation,1.0,Li2012,predicted_or_inferred,False,0,,Li2012
P63244,P29597,JAK,tyr,Y194,Phosphorylation,2.0,KEA;MIMP;PhosphoELM;PhosphoNetworks;PhosphoSitePlus;ProtMapper,curated_literature,True,1,15240704,KEA;MIMP;PhosphoNetworks;PhosphoSite;PhosphoSite_MIMP;PhosphoSite_ProtMapper;ProtMapper;phosphoELM;phosphoELM_MIMP
P63244,P41240,CSK,tyr,Y52,Phosphorylation,1.0,ProtMapper;Sparser_ProtMapper,literature_supported,False,1,23652203,ProtMapper;Sparser_ProtMapper
P67775,P00533,EGF receptor,tyr,Y307,Phosphorylation,4.0,MIMP;PhosphoELM;PhosphoSitePlus;ProtMapper,curated_source,True,0,,MIMP;PhosphoSite;PhosphoSite_MIMP;PhosphoSite_ProtMapper;ProtMapper;phosphoELM_MIMP
P67775,P06213,Insulin receptor,tyr,Y307,Phosphorylation,4.0,MIMP;PhosphoELM;PhosphoSitePlus;ProtMapper,curated_source,True,0,,MIMP;PhosphoSite;PhosphoSite_MIMP;PhosphoSite_ProtMapper;ProtMapper;phosphoELM_MIMP
P67775,P06239,SRC,tyr,Y307,Phosphorylation,5.0,MIMP;PhosphoELM;PhosphoSitePlus;ProtMapper;Reactome_ProtMapper,curated_source,True,0,,MIMP;PhosphoSite;PhosphoSite_MIMP;PhosphoSite_ProtMapper;ProtMapper;Reactome_ProtMapper;phosphoELM_MIMP
P67775,P12931,SRC,tyr,Y307,Phosphorylation,1.0,MIMP;PhosphoELM;PhosphoSitePlus;ProtMapper;Reactome_ProtMapper;SIGNOR,curated_literature,True,1,23796501,MIMP;PhosphoSite;PhosphoSite_MIMP;PhosphoSite_ProtMapper;ProtMapper;Reactome_ProtMapper;SIGNOR_ProtMapper;phosphoELM_MIMP
P68032,P00533,EGF receptor,tyr,Y55,Phosphorylation,1.0,KEA,literature_supported,False,1,17570479,KEA
P68032,P08069,Insulin receptor,tyr,Y55,Phosphorylation,1.0,KEA,literature_supported,False,1,17570479,KEA
P68366,P43405,SYK/ZAP-70,tyr,Y432,Phosphorylation,3.0,HPRD;KEA;MIMP;PhosphoSitePlus;ProtMapper;SIGNOR,curated_literature,True,2,8617742;9490415,HPRD_MIMP;KEA;MIMP;PhosphoSite_MIMP;ProtMapper;SIGNOR;SIGNOR_ProtMapper
P68400,P07948,SRC,tyr,Y119;Y125;Y255,Phosphorylation,2.0,KEA;MIMP;PhosphoELM;PhosphoNetworks;PhosphoSitePlus,curated_literature,True,1,12628006,KEA;MIMP;PhosphoNetworks;PhosphoSite;PhosphoSite_MIMP;phosphoELM;phosphoELM_MIMP
P68400,P09769,SRC,tyr,Y119;Y255,Phosphorylation,2.0,KEA;MIMP;PhosphoELM;PhosphoSitePlus,curated_literature,True,1,12628006,KEA;MIMP;PhosphoSite;PhosphoSite_MIMP;phosphoELM;phosphoELM_MIMP
P68431,O60674,JAK,tyr,Y42,Phosphorylation,3.0,MIMP;PhosphoSitePlus;ProtMapper,curated_source,True,0,,MIMP;PhosphoSite_MIMP;PhosphoSite_ProtMapper;ProtMapper
P68431,P23458,JAK,tyr,Y42,Phosphorylation,2.0,PhosphoSitePlus;ProtMapper,curated_source,True,0,,PhosphoSite_ProtMapper;ProtMapper
P78314,P43405,SYK/ZAP-70,tyr,Y174;Y183;Y231;Y240;Y448;Y505,Phosphorylation,6.0,HPRD;KEA;MIMP;PhosphoELM;PhosphoSitePlus;ProtMapper;SIGNOR;Sparser_ProtMapper;UniProt_ModRes,curated_literature,True,5,11390470;12709437;15751964;22896635;25220465,HPRD;HPRD_MIMP;KEA;MIMP;PhosphoSite_MIMP;ProtMapper;SIGNOR;SIGNOR_ProtMapper;Sparser_ProtMapper;UniProt_ModRes;phosphoELM_MIMP
P78324,O60674,JAK,tyr,Y496,Phosphorylation,4.0,HPRD;KEA;MIMP;PhosphoSitePlus,curated_literature,True,3,10842184;17016520;17389395,HPRD;HPRD_MIMP;KEA;MIMP;PhosphoSite_MIMP
P78324,P08069,Insulin receptor,tyr,Y470;Y496,Phosphorylation,2.0,PhosphoSitePlus;ProtMapper,curated_source,True,0,,PhosphoSite;PhosphoSite_ProtMapper;ProtMapper
P78324,P12931,SRC,tyr,Y429;Y453;Y470;Y496,Phosphorylation,2.0,ProtMapper;Reactome_ProtMapper,predicted_or_inferred,False,0,,ProtMapper;Reactome_ProtMapper
P78324,P42679,CSK,tyr,Y429;Y453;Y470;Y496,Phosphorylation,2.0,PhosphoSitePlus;ProtMapper;iPTMnet;neXtProt,curated_source,True,1,17999719,PhosphoSite;PhosphoSite_ProtMapper;ProtMapper;iPTMnet_REST;neXtProt
P78324,Q05397,FAK,tyr,Y429;Y453;Y470;Y496,Phosphorylation,2.0,ProtMapper;Reactome_ProtMapper,predicted_or_inferred,False,0,,ProtMapper;Reactome_ProtMapper
P78347,O60674,JAK,tyr,Y248,Phosphorylation,12.0,HPRD;KEA;MIMP;PhosphoELM;PhosphoSitePlus;ProtMapper;RLIMS-P_ProtMapper;SIGNOR,curated_literature,True,5,11313464;11373296;11934902;9012831;9837922,HPRD;HPRD_MIMP;KEA;MIMP;PhosphoSite;PhosphoSite_MIMP;ProtMapper;RLIMS-P_ProtMapper;SIGNOR;SIGNOR_ProtMapper;phosphoELM_MIMP
P78347,P06241,SRC,tyr,Y248,Phosphorylation,1.0,KEA,literature_supported,False,1,17570479,KEA
P78347,P08069,Insulin receptor,tyr,Y318,Phosphorylation,1.0,KEA,literature_supported,False,1,17570479,KEA
P78347,P12931,SRC,tyr,Y248;Y249;Y298;Y318;Y611;Y631;Y632;Y652,Phosphorylation,12.0,BEL-Large-Corpus_ProtMapper;HPRD;KEA;MIMP;PhosphoELM;PhosphoSitePlus;ProtMapper;SIGNOR,curated_literature,True,7,11313464;11373296;11934902;15212693;17570479;9012831;9837922,BEL-Large-Corpus_ProtMapper;HPRD;HPRD_MIMP;KEA;MIMP;PhosphoSite;PhosphoSite_MIMP;PhosphoSite_ProtMapper;ProtMapper;SIGNOR;SIGNOR_ProtMapper;phosphoELM_MIMP
P78347,P42685,SRC,tyr,Y248,Phosphorylation,1.0,PhosphoNetworks,predicted_or_inferred,False,0,,PhosphoNetworks
P78347,Q06187,TEC,tyr,Y248;Y357;Y377;Y378;Y398;Y462;Y482;Y483;Y503,Phosphorylation,15.0,HPRD;KEA;MIMP;PhosphoELM;PhosphoSitePlus;ProtMapper;RLIMS-P_ProtMapper;SIGNOR;UniProt_ModRes;dbPTM,curated_literature,True,7,11313464;11373296;11934902;16738337;20068231;9012831;9837922,HPRD;HPRD_MIMP;KEA;MIMP;PhosphoSite;PhosphoSite_MIMP;ProtMapper;RLIMS-P_ProtMapper;SIGNOR;SIGNOR_ProtMapper;UniProt_ModRes;dbPTM;phosphoELM;phosphoELM_MIMP
P78352,P00519,ABL,tyr,Y533,Phosphorylation,1.0,ProtMapper;REACH_ProtMapper;Sparser_ProtMapper,literature_supported,False,1,20220006,ProtMapper;REACH_ProtMapper;Sparser_ProtMapper
P78352,P04626,EGF receptor,tyr,Y240,Phosphorylation,1.0,KEA,literature_supported,False,1,17570479,KEA
P78352,P06241,SRC,tyr,Y523;Y566,Phosphorylation,3.0,MIMP;PhosphoSitePlus;ProtMapper;REACH_ProtMapper;SIGNOR;Sparser_ProtMapper,curated_literature,True,2,18721130;25720756,MIMP;PhosphoSite;PhosphoSite_MIMP;PhosphoSite_ProtMapper;ProtMapper;REACH_ProtMapper;SIGNOR;SIGNOR_ProtMapper;Sparser_ProtMapper
P78352,P12931,SRC,tyr,Y523;Y566,Phosphorylation,2.0,MIMP;PhosphoSitePlus;ProtMapper;RLIMS-P_ProtMapper;SIGNOR,curated_literature,True,1,24981431,MIMP;PhosphoSite;PhosphoSite_MIMP;PhosphoSite_ProtMapper;ProtMapper;RLIMS-P_ProtMapper;SIGNOR;SIGNOR_ProtMapper
P78552,P29597,JAK,tyr,Y402,Phosphorylation,1.0,KEA,literature_supported,False,1,10409622,KEA
P98161,P12931,SRC,tyr,Y4237,Phosphorylation,1.0,MIMP;PhosphoSitePlus;ProtMapper;RLIMS-P_ProtMapper,curated_literature,True,1,11274246,MIMP;PhosphoSite;PhosphoSite_MIMP;PhosphoSite_ProtMapper;ProtMapper;RLIMS-P_ProtMapper
P98172,P12931,SRC,tyr,Y317,Phosphorylation,1.0,Li2012,predicted_or_inferred,False,0,,Li2012
P98172,P29323,Ephrin receptor,tyr,Y317,Phosphorylation,2.0,KEA,literature_supported,False,2,11466320;11983165,KEA
P98175,P12931,SRC,tyr,Y16;Y434;Y500;Y81;Y905;Y971,Phosphorylation,2.0,MIMP;PhosphoSitePlus;ProtMapper;Sparser_ProtMapper,curated_literature,True,1,18988627,MIMP;PhosphoSite;PhosphoSite_MIMP;ProtMapper;Sparser_ProtMapper
P98179,P06213,Insulin receptor,tyr,Y155,Phosphorylation,1.0,KEA,literature_supported,False,1,17570479,KEA
Q00534,P00533,EGF receptor,tyr,Y13;Y24,Phosphorylation,1.0,KEA,literature_supported,False,1,17570479,KEA
Q00534,P06241,SRC,tyr,Y24,Phosphorylation,1.0,KEA,literature_supported,False,1,17570479,KEA
Q00535,P00519,ABL,tyr,Y15,Phosphorylation,29.0,BEL-Large-Corpus_ProtMapper;HPRD;KEA;MIMP;NCI-PID_ProtMapper;PhosphoELM;PhosphoSitePlus;ProtMapper;REACH_ProtMapper;RLIMS-P_ProtMapper;SIGNOR;Sparser_ProtMapper;UniProt_ModRes;dbPTM,curated_literature,True,24,10896159;12372285;14757045;15212693;15689152;16497976;17143272;18083107;18691976;18794154;19369195;19413330;19534553;19690332;19700222;19901323;20068231;23348931;24600352;24975575;26944284;28646794;29063113;9038181,BEL-Large-Corpus_ProtMapper;HPRD;HPRD_MIMP;KEA;MIMP;NCI-PID_ProtMapper;PhosphoSite_MIMP;ProtMapper;REACH_ProtMapper;RLIMS-P_ProtMapper;SIGNOR;SIGNOR_ProtMapper;Sparser_ProtMapper;UniProt_ModRes;dbPTM;phosphoELM;phosphoELM_MIMP
Q00535,P04629,Insulin receptor,tyr,Y15,Phosphorylation,1.0,ProtMapper;REACH_ProtMapper;Sparser_ProtMapper,literature_supported,False,1,17341134,ProtMapper;REACH_ProtMapper;Sparser_ProtMapper
Q00535,P06241,SRC,tyr,Y15,Phosphorylation,16.0,HPRD;KEA;MIMP;PhosphoELM;PhosphoSitePlus;ProtMapper;REACH_ProtMapper;SIGNOR;Sparser_ProtMapper;UniProt_ModRes,curated_literature,True,14,10896159;12372285;14757045;15689152;16497976;17143272;18691976;19413330;19901323;20068231;20506281;24872417;29063113;9038181,HPRD;HPRD_MIMP;KEA;MIMP;PhosphoSite_MIMP;ProtMapper;REACH_ProtMapper;SIGNOR;SIGNOR_ProtMapper;Sparser_ProtMapper;UniProt_ModRes;phosphoELM_MIMP
Q00535,P12931,SRC,tyr,Y15,Phosphorylation,1.0,ProtMapper;REACH_ProtMapper,literature_supported,False,1,21442427,ProtMapper;REACH_ProtMapper
Q00535,P54764,Ephrin receptor,tyr,Y15,Phosphorylation,2.0,UniProt_ModRes;iPTMnet;neXtProt,curated_literature,True,2,15689152;17143272,UniProt_ModRes;iPTMnet_REST;neXtProt
Q00535,Q16620,Insulin receptor,tyr,Y15,Phosphorylation,2.0,ProtMapper;REACH_ProtMapper;RLIMS-P_ProtMapper;Sparser_ProtMapper,literature_supported,False,2,17341134;28316897,ProtMapper;REACH_ProtMapper;RLIMS-P_ProtMapper;Sparser_ProtMapper
Q00610,P12931,SRC,tyr,Y1477,Phosphorylation,4.0,HPRD;KEA;MIMP;PhosphoELM;PhosphoSitePlus;ProtMapper;SIGNOR,curated_literature,True,2,10089883;12237126,HPRD_MIMP;KEA;MIMP;PhosphoSite;PhosphoSite_MIMP;PhosphoSite_ProtMapper;ProtMapper;SIGNOR;SIGNOR_ProtMapper;phosphoELM;phosphoELM_MIMP
Q00987,P00519,ABL,tyr,Y276;Y282;Y394;Y400;Y405;Y411,Phosphorylation,16.0,BEL-Large-Corpus_ProtMapper;HPRD;KEA;MIMP;NCI-PID_ProtMapper;PhosphoELM;PhosphoSitePlus;ProtMapper;REACH_ProtMapper;RLIMS-P_ProtMapper;SIGNOR;Sparser_ProtMapper,curated_literature,True,13,12110584;14757045;15212693;16702947;19738896;20651945;21081495;22352870;25973395;27626309;27956626;28690977;29065514,BEL-Large-Corpus_ProtMapper;HPRD;HPRD_MIMP;KEA;MIMP;NCI-PID_ProtMapper;PhosphoSite;PhosphoSite_MIMP;PhosphoSite_ProtMapper;ProtMapper;REACH_ProtMapper;RLIMS-P_ProtMapper;SIGNOR;SIGNOR_ProtMapper;Sparser_ProtMapper;phosphoELM;phosphoELM_MIMP
Q00987,P12931,SRC,tyr,Y281;Y302,Phosphorylation,1.0,PhosphoSitePlus;ProtMapper;Sparser_ProtMapper,curated_literature,True,1,25624478,PhosphoSite;PhosphoSite_ProtMapper;ProtMapper;Sparser_ProtMapper
Q00987,P41240,CSK,tyr,Y281;Y302,Phosphorylation,1.0,ProtMapper;REACH_ProtMapper,literature_supported,False,1,25624478,ProtMapper;REACH_ProtMapper
Q01113,P23458,JAK,tyr,Y407,Phosphorylation,1.0,KEA,literature_supported,False,1,8756628,KEA
Q01628,P06241,SRC,tyr,Y20,Phosphorylation,3.0,PhosphoSitePlus;ProtMapper;REACH_ProtMapper;RLIMS-P_ProtMapper;SIGNOR,curated_literature,True,2,24627473;25599080,PhosphoSite;PhosphoSite_ProtMapper;ProtMapper;REACH_ProtMapper;RLIMS-P_ProtMapper;SIGNOR
Q01813,P00533,EGF receptor,tyr,Y64,Phosphorylation,1.0,PhosphoSitePlus;ProtMapper;REACH_ProtMapper;RLIMS-P_ProtMapper;Sparser_ProtMapper,curated_literature,True,1,29677490,PhosphoSite;ProtMapper;REACH_ProtMapper;RLIMS-P_ProtMapper;Sparser_ProtMapper
Q01844,P12931,SRC,tyr,Y278;Y284,Phosphorylation,2.0,MIMP;PhosphoSitePlus;ProtMapper,curated_source,True,0,,MIMP;PhosphoSite;PhosphoSite_MIMP;PhosphoSite_ProtMapper;ProtMapper
Q01974,Q01974,ROR,tyr,Y646,Phosphorylation,1.0,UniProt_ModRes,curated_source,True,0,,UniProt_ModRes
Q02153,P12931,SRC,tyr,Y192,Phosphorylation,3.0,MIMP;PhosphoSitePlus;ProtMapper,curated_source,True,0,,MIMP;PhosphoSite;PhosphoSite_MIMP;PhosphoSite_ProtMapper;ProtMapper
Q02535,Q14289,FAK,tyr,Y11;Y48,Phosphorylation,1.0,PhosphoSitePlus,curated_source,True,0,,PhosphoSite
Q02763,P00533,EGF receptor,tyr,Y1048,Phosphorylation,1.0,KEA,literature_supported,False,1,17570479,KEA
Q02763,P35590,Tie,tyr,Y1102;Y1108;Y1113,Phosphorylation,1.0,Li2012,predicted_or_inferred,False,0,,Li2012
Q02763,P42680,TEC,tyr,Y1102;Y897,Phosphorylation,3.0,KEA,literature_supported,False,5,10521483;11080633;11513602;12082108;9632797,KEA
Q02763,Q02763,Tie,tyr,Y1102;Y1108;Y860;Y897;Y992,Phosphorylation,4.0,HPRD;PhosphoSitePlus;SIGNOR;UniProt;UniProt_ModRes;iPTMnet;neXtProt,curated_literature,True,7,10521483;11080633;11513602;14665640;20973951;27270174;9632797,HPRD;PSP;Signor;UniProt;UniProt_ModRes;iPTMnet_REST;neXtProt
Q03135,P00519,ABL,tyr,Y14,Phosphorylation,15.0,HPRD;KEA;Li2012;MIMP;PhosphoELM;PhosphoSitePlus;ProtMapper;RLIMS-P_ProtMapper;Sparser_ProtMapper;UniProt_ModRes;dbPTM,curated_literature,True,12,11075810;11094059;12036959;12531427;15592455;15951569;17389395;18083107;19534553;24632723;27292265;8632005,HPRD_MIMP;KEA;Li2012;MIMP;PhosphoSite;PhosphoSite_MIMP;PhosphoSite_ProtMapper;ProtMapper;RLIMS-P_ProtMapper;Sparser_ProtMapper;UniProt_ModRes;dbPTM;phosphoELM_MIMP
Q03135,P00533,EGF receptor,tyr,Y14;Y6,Phosphorylation,2.0,BEL-Large-Corpus_ProtMapper;ProtMapper,literature_supported,False,2,15951569;16332692,BEL-Large-Corpus_ProtMapper;ProtMapper
Q03135,P06241,SRC,tyr,Y14;Y42,Phosphorylation,7.0,HPRD;KEA;MIMP;PhosphoELM;PhosphoNetworks;PhosphoSitePlus;ProtMapper;SIGNOR;Sparser_ProtMapper,curated_literature,True,4,12921535;14992595;24632723;8632005,HPRD_MIMP;KEA;MIMP;PhosphoNetworks;PhosphoSite;PhosphoSite_MIMP;PhosphoSite_ProtMapper;ProtMapper;SIGNOR;SIGNOR_ProtMapper;Sparser_ProtMapper;phosphoELM;phosphoELM_MIMP
Q03135,P12931,SRC,tyr,Y14,Phosphorylation,48.0,BEL-Large-Corpus_ProtMapper;HPRD;KEA;Li2012;MIMP;NCI-PID_ProtMapper;PhosphoELM;PhosphoSitePlus;ProtMapper;RLIMS-P_ProtMapper;SIGNOR;Sparser_ProtMapper,curated_literature,True,44,11075810;11094059;11451957;12036959;12531427;12921535;14992595;15212693;15592455;16332692;16713182;17016520;17190831;17389395;17517963;17979878;18176934;18400052;18578522;18707149;18815812;19409422;19604397;20107068;20201820;21324536;21382479;22596063;23091071;23280667;23469926;24131997;24244013;24364863;24502576;24525631;24632723;24755228;25097454;25937636;26169283;27170175;27259249;8632005,BEL-Large-Corpus_ProtMapper;HPRD;HPRD_MIMP;KEA;Li2012;MIMP;NCI-PID_ProtMapper;PhosphoSite;PhosphoSite_MIMP;PhosphoSite_ProtMapper;ProtMapper;RLIMS-P_ProtMapper;SIGNOR;SIGNOR_ProtMapper;Sparser_ProtMapper;phosphoELM;phosphoELM_MIMP
Q03135,P35916,CSF-1/PDGF receptor,tyr,Y14,Phosphorylation,1.0,BEL-Large-Corpus_ProtMapper;ProtMapper,literature_supported,False,1,17348685,BEL-Large-Corpus_ProtMapper;ProtMapper
Q03135,P41240,CSK,tyr,Y14,Phosphorylation,6.0,ProtMapper;Sparser_ProtMapper,literature_supported,False,6,12176037;17760830;20107068;26843476;29326556;29563255,ProtMapper;Sparser_ProtMapper
Q03181,P00533,EGF receptor,tyr,Y108,Phosphorylation,1.0,PhosphoSitePlus,curated_source,True,0,,PhosphoSite
Q03431,P08069,Insulin receptor,tyr,Y494,Phosphorylation,1.0,PhosphoSitePlus;ProtMapper;REACH_ProtMapper;RLIMS-P_ProtMapper;Sparser_ProtMapper,curated_literature,True,1,29507819,PhosphoSite;PhosphoSite_ProtMapper;ProtMapper;REACH_ProtMapper;RLIMS-P_ProtMapper;Sparser_ProtMapper
Q03468,P00519,ABL,tyr,Y932,Phosphorylation,3.0,MIMP;PhosphoSitePlus;ProtMapper;REACH_ProtMapper;SIGNOR;Sparser_ProtMapper,curated_literature,True,2,17626041;27827925,MIMP;PhosphoSite;PhosphoSite_MIMP;PhosphoSite_ProtMapper;ProtMapper;REACH_ProtMapper;SIGNOR;SIGNOR_ProtMapper;Sparser_ProtMapper
Q04759,P06239,SRC,tyr,Y90,Phosphorylation,8.0,HPRD;KEA;MIMP;PhosphoELM;PhosphoSitePlus;ProtMapper;REACH_ProtMapper;RLIMS-P_ProtMapper;SIGNOR;UniProt_ModRes;dbPTM,curated_literature,True,3,10652356;22798961;26090489,HPRD;HPRD_MIMP;KEA;MIMP;PhosphoSite;PhosphoSite_MIMP;PhosphoSite_ProtMapper;ProtMapper;REACH_ProtMapper;RLIMS-P_ProtMapper;SIGNOR;SIGNOR_ProtMapper;UniProt_ModRes;dbPTM;phosphoELM;phosphoELM_MIMP
Q04912,P06241,SRC,tyr,Y1238,Phosphorylation,1.0,KEA,literature_supported,False,1,17570479,KEA
Q04912,P08069,Insulin receptor,tyr,Y1238,Phosphorylation,1.0,KEA,literature_supported,False,1,17570479,KEA
Q04912,P08581,Tyr protein kinase,tyr,Y1238;Y1239;Y1353;Y1360,Phosphorylation,1.0,BEL-Large-Corpus_ProtMapper;PhosphoSitePlus;ProtMapper,curated_literature,True,1,10871856,BEL-Large-Corpus_ProtMapper;PhosphoSite;PhosphoSite_ProtMapper;ProtMapper
Q04912,Q04912,Tyr protein kinase,tyr,Y1238;Y1239;Y1353;Y1360,Phosphorylation,4.0,HPRD;UniProt;UniProt_ModRes;iPTMnet;neXtProt,curated_literature,True,4,10871856;15632155;20726546;9045873,HPRD;UniProt;UniProt_ModRes;iPTMnet_REST;neXtProt
Q04917,P07947,SRC,tyr,Y117,Phosphorylation,1.0,PhosphoNetworks,predicted_or_inferred,False,0,,PhosphoNetworks
Q05086,P00519,ABL,tyr,Y636;Y659,Phosphorylation,1.0,PhosphoSitePlus;SIGNOR;UniProt_ModRes,curated_literature,True,1,23581475,PhosphoSite;SIGNOR;UniProt_ModRes
Q05193,P12931,SRC,tyr,Y231;Y597,Phosphorylation,6.0,HPRD;KEA;ProtMapper;SIGNOR,curated_literature,True,2,12011079;9880482,HPRD;KEA;ProtMapper;SIGNOR;SIGNOR_ProtMapper
Q05397,P00533,EGF receptor,tyr,Y194;Y397;Y5;Y576,Phosphorylation,3.0,BEL-Large-Corpus_ProtMapper;PhosphoSitePlus;ProtMapper;SIGNOR;Sparser_ProtMapper,curated_literature,True,4,15951569;20802513;24043698;29435030,BEL-Large-Corpus_ProtMapper;PhosphoSite;PhosphoSite_ProtMapper;ProtMapper;SIGNOR;SIGNOR_ProtMapper;Sparser_ProtMapper
Q05397,P04626,EGF receptor,tyr,Y397;Y861,Phosphorylation,5.0,ProtMapper;REACH_ProtMapper;Sparser_ProtMapper,literature_supported,False,6,12753909;15743500;19617202;20201928;27638858;27939360,ProtMapper;REACH_ProtMapper;Sparser_ProtMapper
Q05397,P04629,Insulin receptor,tyr,Y194;Y397,Phosphorylation,1.0,ProtMapper;Sparser_ProtMapper,literature_supported,False,2,24043698;29435030,ProtMapper;Sparser_ProtMapper
Q05397,P06213,Insulin receptor,tyr,Y397;Y576;Y577;Y925,Phosphorylation,12.0,HPRD;KEA;Li2012;ProtMapper;SIGNOR,curated_literature,True,8,16153436;17016520;17389395;17570479;19664994;20068231;7529876;9507031,HPRD;KEA;Li2012;ProtMapper;SIGNOR;SIGNOR_ProtMapper
Q05397,P06239,SRC,tyr,Y397,Phosphorylation,4.0,NCI-PID_ProtMapper;ProtMapper,literature_supported,False,4,10753828;11369622;12590707;15728464,NCI-PID_ProtMapper;ProtMapper
Q05397,P06241,SRC,tyr,Y397;Y407;Y576;Y577;Y861;Y925,Phosphorylation,4.0,NCI-PID_ProtMapper;ProtMapper;REACH_ProtMapper;Sparser_ProtMapper,literature_supported,False,8,10753828;11369622;12590707;15494732;15494733;15494734;15728464;20151426,NCI-PID_ProtMapper;ProtMapper;REACH_ProtMapper;Sparser_ProtMapper
Q05397,P07333,CSF-1/PDGF receptor,tyr,Y397,Phosphorylation,1.0,KEA,literature_supported,False,1,17570479,KEA
Q05397,P07947,SRC,tyr,Y397;Y576;Y861;Y925,Phosphorylation,4.0,NCI-PID_ProtMapper;PhosphoSitePlus;ProtMapper;REACH_ProtMapper;iPTMnet;neXtProt,curated_literature,True,6,10753828;11369622;12590707;15728464;16293639;25868388,NCI-PID_ProtMapper;PhosphoSite;PhosphoSite_ProtMapper;ProtMapper;REACH_ProtMapper;iPTMnet_REST;neXtProt
Q05397,P07948,SRC,tyr,Y397,Phosphorylation,4.0,NCI-PID_ProtMapper;ProtMapper,literature_supported,False,4,10753828;11369622;12590707;15728464,NCI-PID_ProtMapper;ProtMapper
Q05397,P07949,Tyr protein kinase,tyr,Y576;Y577;Y861;Y925,Phosphorylation,45.0,HPRD;KEA;PhosphoSitePlus;ProtMapper;RLIMS-P_ProtMapper;Reactome_ProtMapper;SIGNOR;Sparser_ProtMapper;UniProt_ModRes;dbPTM,curated_literature,True,45,10428489;10973994;12387730;12876384;15561106;15598735;15735019;15951569;16153436;17016520;17088251;17117420;17192257;17389395;17570479;18083107;18814847;19339212;19369195;19534553;19664994;19695571;20068231;20515733;20616959;20655298;20822514;21454698;21473875;21776383;22006118;22353809;23275294;24015220;25226367;25918719;26079101;26142360;26833789;26866924;27438371;28202937;28213315;7529876;9507031,HPRD;KEA;PhosphoSite;PhosphoSite_ProtMapper;ProtMapper;RLIMS-P_ProtMapper;Reactome_ProtMapper;SIGNOR;SIGNOR_ProtMapper;Sparser_ProtMapper;UniProt_ModRes;dbPTM
Q05397,P08581,Tyr protein kinase,tyr,Y194;Y397;Y407;Y5;Y576;Y577;Y861;Y925,Phosphorylation,6.0,KEA;Li2012;PhosphoSitePlus;ProtMapper;REACH_ProtMapper;SIGNOR;Sparser_ProtMapper,curated_literature,True,10,14572662;15247219;15561106;15598735;15611085;16782899;20802513;24043698;29435030;30134553,KEA;Li2012;PhosphoSite;PhosphoSite_ProtMapper;ProtMapper;REACH_ProtMapper;SIGNOR;SIGNOR_ProtMapper;Sparser_ProtMapper
Q05397,P08631,SRC,tyr,Y397,Phosphorylation,4.0,NCI-PID_ProtMapper;ProtMapper,literature_supported,False,4,10753828;11369622;12590707;15728464,NCI-PID_ProtMapper;ProtMapper
Q05397,P08922,Insulin receptor,tyr,Y397;Y577;Y925,Phosphorylation,2.0,ProtMapper;Sparser_ProtMapper,predicted_or_inferred,False,0,,ProtMapper;Sparser_ProtMapper
Q05397,P09619,CSF-1/PDGF receptor,tyr,Y194;Y397;Y5,Phosphorylation,2.0,Li2012;PhosphoSitePlus;ProtMapper;SIGNOR,curated_literature,True,1,20802513,Li2012;PhosphoSite;PhosphoSite_ProtMapper;ProtMapper;SIGNOR;SIGNOR_ProtMapper
Q05397,P09769,SRC,tyr,Y397;Y576;Y925,Phosphorylation,4.0,NCI-PID_ProtMapper;PhosphoSitePlus;ProtMapper;SIGNOR,curated_literature,True,5,10753828;11369622;12387730;12590707;15728464,NCI-PID_ProtMapper;PhosphoSite;PhosphoSite_ProtMapper;ProtMapper;SIGNOR;SIGNOR_ProtMapper
Q05397,P12931,SRC,tyr,Y1007;Y194;Y397;Y407;Y441;Y576;Y577;Y742;Y861;Y898;Y925,Phosphorylation,45.0,BEL-Large-Corpus_ProtMapper;HPRD;KEA;Li2012;NCI-PID_ProtMapper;PhosphoELM;PhosphoSitePlus;ProtMapper;REACH_ProtMapper;RLIMS-P_ProtMapper;Reactome_ProtMapper;SIGNOR;Sparser_ProtMapper;UniProt_ModRes;dbPTM,curated_literature,True,124,10428489;10753828;10973994;11278488;11369622;11418135;11602246;11696015;11821402;11927607;12370821;12387730;12464388;12590707;12753909;12876384;12960434;14604860;14984767;15212693;15247219;15561106;15598735;15611085;15728464;15735019;15743500;15817476;15951569;16153436;16254240;16360410;16760434;17016520;17088251;17117420;17192257;17289681;17389395;17438336;17570479;18083107;18793427;18814847;18935208;19055942;19138410;19171305;19339212;19369195;19534553;19568240;19664994;19695571;19826415;20068231;20103658;20407018;20515733;20616959;20621036;20655298;20705914;20822514;20847951;21034468;21057587;21347260;21454698;21473875;21776383;21852560;21940449;22006118;22194915;22287273;22353809;22710722;22800863;22814579;23275294;23729178;23764511;24015220;24164353;24389213;25067788;25118939;25127991;25226367;25319025;25530216;25866790;25868388;25913180;25918719;26079101;26142360;26393679;26689988;26833789;26866924;26923073;27351421;27438371;27931517;27978555;28202937;28213315;28423510;28701735;28956212;29190494;7529876;7997267;8816475;8941336;9032297;9330873;9330875;9425168;9507031;9748249;9864370,BEL-Large-Corpus_ProtMapper;HPRD;KEA;Li2012;NCI-PID_ProtMapper;PhosphoSite;PhosphoSite_ProtMapper;ProtMapper;REACH_ProtMapper;RLIMS-P_ProtMapper;Reactome_ProtMapper;SIGNOR;SIGNOR_ProtMapper;Sparser_ProtMapper;UniProt_ModRes;dbPTM;phosphoELM
Q05397,P16234,CSF-1/PDGF receptor,tyr,Y194;Y397,Phosphorylation,2.0,ProtMapper;SIGNOR;Sparser_ProtMapper,curated_literature,True,3,20802513;24043698;29435030,ProtMapper;SIGNOR;Sparser_ProtMapper
Q05397,P16591,Fes/fps,tyr,Y861;Y925,Phosphorylation,2.0,ProtMapper;REACH_ProtMapper;iPTMnet;neXtProt,literature_supported,False,1,19339212,ProtMapper;REACH_ProtMapper;iPTMnet_REST;neXtProt
Q05397,P17948,CSF-1/PDGF receptor,tyr,Y194;Y397,Phosphorylation,1.0,ProtMapper;Sparser_ProtMapper,literature_supported,False,2,24043698;29435030,ProtMapper;Sparser_ProtMapper
Q05397,P22607,Fibroblast growth factor receptor,tyr,Y576,Phosphorylation,1.0,ProtMapper;RLIMS-P_ProtMapper,literature_supported,False,1,29242050,ProtMapper;RLIMS-P_ProtMapper
Q05397,P30530,AXL/UFO,tyr,Y397,Phosphorylation,1.0,ProtMapper;Sparser_ProtMapper,literature_supported,False,1,27595981,ProtMapper;Sparser_ProtMapper
Q05397,P35968,CSF-1/PDGF receptor,tyr,Y194;Y397,Phosphorylation,1.0,ProtMapper;Sparser_ProtMapper,literature_supported,False,2,24043698;29435030,ProtMapper;Sparser_ProtMapper
Q05397,P41240,CSK,tyr,Y397;Y576;Y577;Y861;Y925,Phosphorylation,3.0,ProtMapper;Sparser_ProtMapper,literature_supported,False,5,18823558;21062671;21709741;21829547;27803182,ProtMapper;Sparser_ProtMapper
Q05397,P51451,SRC,tyr,Y397,Phosphorylation,4.0,NCI-PID_ProtMapper;ProtMapper,literature_supported,False,4,10753828;11369622;12590707;15728464,NCI-PID_ProtMapper;ProtMapper
Q05397,P51813,TEC,tyr,Y1007;Y194;Y441;Y576;Y577;Y742;Y861;Y898;Y925,Phosphorylation,2.0,PhosphoSitePlus;ProtMapper;SIGNOR;Sparser_ProtMapper,curated_literature,True,1,23716717,PhosphoSite;PhosphoSite_ProtMapper;ProtMapper;SIGNOR;SIGNOR_ProtMapper;Sparser_ProtMapper
Q05397,P54764,Ephrin receptor,tyr,Y861,Phosphorylation,1.0,ProtMapper;REACH_ProtMapper,literature_supported,False,1,22807579,ProtMapper;REACH_ProtMapper
Q05397,Q05397,FAK,tyr,Y397;Y407;Y576;Y577;Y861;Y925,Phosphorylation,4.0,HPRD;PhosphoSitePlus;SIGNOR;UniProt;UniProt_ModRes;iPTMnet;neXtProt,curated_literature,True,25,10816598;11314030;11857088;11909938;12370821;12387730;12531888;15561106;15598735;15694384;17016520;17117420;17395594;17431114;17828307;18006843;19339212;19369195;20068231;20802513;27790061;7509446;7529876;7997267;8816475,HPRD;PSP;Signor;UniProt;UniProt_ModRes;iPTMnet_REST;neXtProt
Q05397,Q13163,MAP kinase kinase,dual,Y861,Phosphorylation,1.0,ProtMapper;REACH_ProtMapper,literature_supported,False,1,19605361,ProtMapper;REACH_ProtMapper
Q05397,Q13882,BRK/PTK6/SIK,tyr,Y861,Phosphorylation,3.0,ProtMapper;REACH_ProtMapper;RLIMS-P_ProtMapper;Sparser_ProtMapper,literature_supported,False,3,23027128;23398121;25098269,ProtMapper;REACH_ProtMapper;RLIMS-P_ProtMapper;Sparser_ProtMapper
Q05397,Q14289,FAK,tyr,Y407,Phosphorylation,8.0,KEA;NCI-PID_ProtMapper;PhosphoSitePlus;ProtMapper;REACH_ProtMapper;RLIMS-P_ProtMapper;SIGNOR;Sparser_ProtMapper,curated_literature,True,6,12960434;15247219;16254240;16760434;7529876;9182576,KEA;NCI-PID_ProtMapper;PhosphoSite;PhosphoSite_ProtMapper;ProtMapper;REACH_ProtMapper;RLIMS-P_ProtMapper;SIGNOR;SIGNOR_ProtMapper;Sparser_ProtMapper
Q05586,P12931,SRC,tyr,Y837;Y858,Phosphorylation,2.0,MIMP;PhosphoSitePlus;ProtMapper,curated_source,True,0,,MIMP;PhosphoSite;PhosphoSite_MIMP;PhosphoSite_ProtMapper;ProtMapper
Q05655,P00519,ABL,tyr,Y155;Y313;Y334;Y64,Phosphorylation,1.0,ProtMapper;REACH_ProtMapper;RLIMS-P_ProtMapper;Sparser_ProtMapper,literature_supported,False,3,17126298;18923184;28637715,ProtMapper;REACH_ProtMapper;RLIMS-P_ProtMapper;Sparser_ProtMapper
Q05655,P00533,EGF receptor,tyr,Y313;Y334,Phosphorylation,2.0,ProtMapper;REACH_ProtMapper;RLIMS-P_ProtMapper;Sparser_ProtMapper,literature_supported,False,2,17956904;19955485,ProtMapper;REACH_ProtMapper;RLIMS-P_ProtMapper;Sparser_ProtMapper
Q05655,P06239,SRC,tyr,Y313;Y334;Y514,Phosphorylation,11.0,HPRD;KEA;MIMP;NCI-PID_ProtMapper;PhosphoELM;PhosphoSitePlus;ProtMapper;RLIMS-P_ProtMapper;SIGNOR,curated_literature,True,9,10319993;11381116;15133032;15302935;15541367;16497976;17016520;17389395;18691976,HPRD;HPRD_MIMP;KEA;MIMP;NCI-PID_ProtMapper;PhosphoSite_MIMP;ProtMapper;RLIMS-P_ProtMapper;SIGNOR;SIGNOR_ProtMapper;phosphoELM_MIMP
Q05655,P06241,SRC,tyr,Y187;Y313;Y334,Phosphorylation,2.0,KEA;NCI-PID_ProtMapper;ProtMapper;Sparser_ProtMapper;iPTMnet;neXtProt,literature_supported,False,4,10319993;11927579;18387943;28259175,KEA;NCI-PID_ProtMapper;ProtMapper;Sparser_ProtMapper;iPTMnet_REST;neXtProt
Q05655,P07947,SRC,tyr,Y313;Y334,Phosphorylation,2.0,NCI-PID_ProtMapper;ProtMapper;iPTMnet;neXtProt,literature_supported,False,2,10319993;18387943,NCI-PID_ProtMapper;ProtMapper;iPTMnet_REST;neXtProt
Q05655,P07948,SRC,tyr,Y155;Y187;Y313;Y334;Y52;Y567;Y64,Phosphorylation,6.0,HPRD;KEA;MIMP;NCI-PID_ProtMapper;PhosphoELM;PhosphoSitePlus;ProtMapper;SIGNOR;iPTMnet;neXtProt,curated_literature,True,10,10319993;10945993;11812791;15302935;15774464;18387943;20190138;7575560;96421649;9692543,HPRD_MIMP;KEA;MIMP;NCI-PID_ProtMapper;PhosphoSite_MIMP;ProtMapper;SIGNOR;SIGNOR_ProtMapper;iPTMnet_REST;neXtProt;phosphoELM_MIMP
Q05655,P08631,SRC,tyr,Y313,Phosphorylation,2.0,NCI-PID_ProtMapper;ProtMapper;RLIMS-P_ProtMapper,literature_supported,False,2,10319993;20190138,NCI-PID_ProtMapper;ProtMapper;RLIMS-P_ProtMapper
Q05655,P09619,CSF-1/PDGF receptor,tyr,Y313;Y334,Phosphorylation,2.0,iPTMnet;neXtProt,literature_supported,False,1,18387943,iPTMnet_REST;neXtProt
Q05655,P09769,SRC,tyr,Y313,Phosphorylation,1.0,NCI-PID_ProtMapper;ProtMapper,literature_supported,False,1,10319993,NCI-PID_ProtMapper;ProtMapper
Q05655,P12931,SRC,tyr,Y155;Y313;Y334;Y567;Y64,Phosphorylation,12.0,HPRD;KEA;MIMP;NCI-PID_ProtMapper;PhosphoELM;PhosphoSitePlus;ProtMapper;REACH_ProtMapper;RLIMS-P_ProtMapper;Sparser_ProtMapper;UniProt_ModRes,curated_literature,True,16,10319993;11927579;17570831;17658731;18550549;19138410;19366211;19632318;22689788;23329791;23329794;26876198;27203386;28637715;29422059;29452094,HPRD_MIMP;KEA;MIMP;NCI-PID_ProtMapper;PhosphoSite;PhosphoSite_MIMP;PhosphoSite_ProtMapper;ProtMapper;REACH_ProtMapper;RLIMS-P_ProtMapper;Sparser_ProtMapper;UniProt_ModRes;phosphoELM_MIMP
Q05655,P16591,Fes/fps,tyr,Y374,Phosphorylation,1.0,PhosphoSitePlus,curated_source,True,0,,PhosphoSite
Q05655,P43405,SYK/ZAP-70,tyr,Y313,Phosphorylation,2.0,ProtMapper;Sparser_ProtMapper,literature_supported,False,2,22265677;29352133,ProtMapper;Sparser_ProtMapper
Q05655,P51451,SRC,tyr,Y313,Phosphorylation,1.0,NCI-PID_ProtMapper;ProtMapper,literature_supported,False,1,10319993,NCI-PID_ProtMapper;ProtMapper
Q05655,P52564,MAP kinase kinase,dual,Y187,Phosphorylation,1.0,PhosphoNetworks,predicted_or_inferred,False,0,,PhosphoNetworks
Q05655,Q02750,MAP kinase kinase,dual,Y187;Y334,Phosphorylation,1.0,PhosphoNetworks,predicted_or_inferred,False,0,,PhosphoNetworks
Q05655,Q06418,AXL/UFO,tyr,Y120;Y155;Y646,Phosphorylation,1.0,PhosphoNetworks,predicted_or_inferred,False,0,,PhosphoNetworks
Q05655,Q16288,Insulin receptor,tyr,Y155;Y64;Y646,Phosphorylation,1.0,PhosphoNetworks,predicted_or_inferred,False,0,,PhosphoNetworks
Q05655,Q16832,Insulin receptor,tyr,Y64;Y646,Phosphorylation,1.0,PhosphoNetworks,predicted_or_inferred,False,0,,PhosphoNetworks
Q06124,O60674,JAK,tyr,Y304;Y327,Phosphorylation,3.0,KEA;ProtMapper;SIGNOR,curated_literature,True,1,8995399,KEA;ProtMapper;SIGNOR;SIGNOR_ProtMapper
Q06124,P00519,ABL,tyr,Y279;Y584;Y63,Phosphorylation,1.0,ProtMapper;REACH_ProtMapper;Sparser_ProtMapper,literature_supported,False,1,18827006,ProtMapper;REACH_ProtMapper;Sparser_ProtMapper
Q06124,P00533,EGF receptor,tyr,Y546,Phosphorylation,1.0,ProtMapper;REACH_ProtMapper;Sparser_ProtMapper,literature_supported,False,1,19427850,ProtMapper;REACH_ProtMapper;Sparser_ProtMapper
Q06124,P06213,Insulin receptor,tyr,Y546;Y584,Phosphorylation,1.0,Li2012,predicted_or_inferred,False,0,,Li2012
Q06124,P06241,SRC,tyr,Y546,Phosphorylation,2.0,PhosphoSitePlus;ProtMapper,curated_source,True,0,,PhosphoSite_ProtMapper;ProtMapper
Q06124,P08069,Insulin receptor,tyr,Y62,Phosphorylation,1.0,KEA,literature_supported,False,1,17570479,KEA
Q06124,P09619,CSF-1/PDGF receptor,tyr,Y279;Y546;Y584,Phosphorylation,7.0,KEA;Li2012;PhosphoELM;PhosphoNetworks;ProtMapper;SIGNOR;dbPTM,curated_literature,True,10,-;11684012;12531430;12721296;16094384;17287340;18083107;19534553;19690332;8041791,KEA;Li2012;PhosphoNetworks;ProtMapper;SIGNOR_ProtMapper;dbPTM;phosphoELM
Q06124,P21802,Fibroblast growth factor receptor,tyr,Y546,Phosphorylation,1.0,ProtMapper;RLIMS-P_ProtMapper,literature_supported,False,1,23420874,ProtMapper;RLIMS-P_ProtMapper
Q06124,P23458,JAK,tyr,Y304;Y327,Phosphorylation,3.0,KEA;ProtMapper;SIGNOR,curated_literature,True,1,8995399,KEA;ProtMapper;SIGNOR;SIGNOR_ProtMapper
Q06124,Q9UM73,Insulin receptor,tyr,Y546;Y584,Phosphorylation,2.0,KEA;PhosphoSitePlus;ProtMapper,curated_literature,True,1,12522270,KEA;PhosphoSite_ProtMapper;ProtMapper
Q06187,P00519,ABL,tyr,Y223,Phosphorylation,15.0,BEL-Large-Corpus_ProtMapper;HPRD;KEA;MIMP;PhosphoELM;PhosphoSitePlus;ProtMapper;RLIMS-P_ProtMapper;SIGNOR;Sparser_ProtMapper,curated_literature,True,7,11598012;12445832;12573241;15212693;16497976;8629002;8630736,BEL-Large-Corpus_ProtMapper;HPRD;HPRD_MIMP;KEA;MIMP;PhosphoSite;PhosphoSite_MIMP;PhosphoSite_ProtMapper;ProtMapper;RLIMS-P_ProtMapper;SIGNOR;SIGNOR_ProtMapper;Sparser_ProtMapper;phosphoELM;phosphoELM_MIMP
Q06187,P07948,SRC,tyr,Y223;Y551,Phosphorylation,18.0,HPRD;KEA;MIMP;PhosphoELM;PhosphoSitePlus;ProtMapper;REACH_ProtMapper;SIGNOR;Sparser_ProtMapper;UniProt_ModRes;dbPTM,curated_literature,True,10,10811866;11226282;11598012;18083107;19369195;8629002;8630736;9012831;9052864;9730885,HPRD;HPRD_MIMP;KEA;MIMP;PhosphoSite;PhosphoSite_MIMP;PhosphoSite_ProtMapper;ProtMapper;REACH_ProtMapper;SIGNOR;SIGNOR_ProtMapper;Sparser_ProtMapper;UniProt_ModRes;dbPTM;phosphoELM;phosphoELM_MIMP
Q06187,P12931,SRC,tyr,Y223;Y551,Phosphorylation,8.0,ProtMapper;REACH_ProtMapper;SIGNOR;Sparser_ProtMapper,curated_literature,True,7,19109164;23170196;26165234;29455639;8629002;8630736;9052864,ProtMapper;REACH_ProtMapper;SIGNOR;SIGNOR_ProtMapper;Sparser_ProtMapper
Q06187,P41240,CSK,tyr,Y551,Phosphorylation,1.0,ProtMapper;Sparser_ProtMapper,literature_supported,False,1,10196129,ProtMapper;Sparser_ProtMapper
Q06187,P42680,TEC,tyr,Y223,Phosphorylation,13.0,HPRD;KEA;MIMP;PhosphoELM;PhosphoSitePlus;ProtMapper;SIGNOR,curated_literature,True,6,11598012;12445832;12573241;16497976;8629002;8630736,HPRD;HPRD_MIMP;KEA;MIMP;PhosphoSite;PhosphoSite_MIMP;PhosphoSite_ProtMapper;ProtMapper;SIGNOR;SIGNOR_ProtMapper;phosphoELM_MIMP
Q06187,P43405,SYK/ZAP-70,tyr,Y551,Phosphorylation,18.0,HPRD;KEA;MIMP;PhosphoELM;PhosphoSitePlus;ProtMapper;REACH_ProtMapper;RLIMS-P_ProtMapper;SIGNOR;Sparser_ProtMapper;UniProt_ModRes;dbPTM,curated_literature,True,11,11226282;11598012;18083107;19369195;28088788;28359287;28368423;29455639;8629002;8630736;9012831,HPRD;HPRD_MIMP;KEA;MIMP;PhosphoSite;PhosphoSite_MIMP;PhosphoSite_ProtMapper;ProtMapper;REACH_ProtMapper;RLIMS-P_ProtMapper;SIGNOR;SIGNOR_ProtMapper;Sparser_ProtMapper;UniProt_ModRes;dbPTM;phosphoELM_MIMP
Q06187,Q06187,TEC,tyr,Y223;Y551,Phosphorylation,4.0,HPRD;PhosphoELM;PhosphoSitePlus;SIGNOR;UniProt;UniProt_ModRes;iPTMnet;neXtProt,curated_literature,True,12,11598012;12445832;12573241;14597636;16497976;17264076;17932028;23186163;24556163;8629002;8630736;9012831,HPRD;PSP;Signor;UniProt;UniProt_ModRes;iPTMnet_REST;neXtProt;phospho.ELM
Q06187,Q08881,TEC,tyr,Y223,Phosphorylation,13.0,HPRD;KEA;MIMP;PhosphoELM;PhosphoSitePlus;ProtMapper;SIGNOR,curated_literature,True,6,11598012;12445832;12573241;16497976;8629002;8630736,HPRD;HPRD_MIMP;KEA;MIMP;PhosphoSite;PhosphoSite_MIMP;PhosphoSite_ProtMapper;ProtMapper;SIGNOR;SIGNOR_ProtMapper;phosphoELM_MIMP
Q06418,Q06418,AXL/UFO,tyr,Y681;Y685;Y686;Y804,Phosphorylation,1.0,UniProt_ModRes,curated_source,True,0,,UniProt_ModRes
Q06609,P00519,ABL,tyr,Y218;Y315;Y316;Y54,Phosphorylation,15.0,BEL-Large-Corpus_ProtMapper;HPRD;KEA;MIMP;PhosphoELM;PhosphoSitePlus;ProtMapper;REACH_ProtMapper;RLIMS-P_ProtMapper;SIGNOR;Sparser_ProtMapper;UniProt_ModRes;dbPTM,curated_literature,True,10,10212258;11684015;12359302;15033353;15212693;15279774;19285032;19427856;26546517;9461559,BEL-Large-Corpus_ProtMapper;HPRD;HPRD_MIMP;KEA;MIMP;PhosphoSite;PhosphoSite_MIMP;PhosphoSite_ProtMapper;ProtMapper;REACH_ProtMapper;RLIMS-P_ProtMapper;SIGNOR;SIGNOR_ProtMapper;Sparser_ProtMapper;UniProt_ModRes;dbPTM;phosphoELM;phosphoELM_MIMP
Q06609,Q06187,TEC,tyr,Y315,Phosphorylation,1.0,PhosphoNetworks,predicted_or_inferred,False,0,,PhosphoNetworks
Q06830,P06239,SRC,tyr,Y194,Phosphorylation,5.0,HPRD;MIMP;PhosphoELM;PhosphoSitePlus;ProtMapper,curated_source,True,0,,HPRD_MIMP;MIMP;PhosphoSite;PhosphoSite_MIMP;PhosphoSite_ProtMapper;ProtMapper;phosphoELM_MIMP
Q07666,Q13882,BRK/PTK6/SIK,tyr,Y435;Y440;Y443,Phosphorylation,5.0,HPRD;KEA;MIMP;PhosphoSitePlus;ProtMapper;SIGNOR;UniProt_ModRes;dbPTM,curated_literature,True,1,16179349,HPRD;HPRD_MIMP;KEA;MIMP;PhosphoSite_MIMP;ProtMapper;SIGNOR;SIGNOR_ProtMapper;UniProt_ModRes;dbPTM
Q07912,P00533,EGF receptor,tyr,Y827;Y859,Phosphorylation,1.0,BEL-Large-Corpus_ProtMapper;ProtMapper;REACH_ProtMapper,literature_supported,False,2,15951569;20432460,BEL-Large-Corpus_ProtMapper;ProtMapper;REACH_ProtMapper
Q07912,P06241,SRC,tyr,Y284,Phosphorylation,4.0,HPRD;KEA,curated_literature,True,3,14506255;16472662;17389395,HPRD;KEA
Q07912,P09619,CSF-1/PDGF receptor,tyr,Y635,Phosphorylation,2.0,PhosphoSitePlus;ProtMapper,curated_source,True,0,,PhosphoSite;PhosphoSite_ProtMapper;ProtMapper
Q07912,P12931,SRC,tyr,Y284,Phosphorylation,9.0,UniProt_ModRes;dbPTM,curated_literature,True,9,15308621;16472662;17389395;19369195;20333297;20623637;20979614;21169560;21309750,UniProt_ModRes;dbPTM
Q07912,P51813,TEC,tyr,Y859;Y860,Phosphorylation,2.0,PhosphoSitePlus;ProtMapper,curated_source,True,0,,PhosphoSite;PhosphoSite_ProtMapper;ProtMapper
Q07912,Q07912,Tyr protein kinase,dual,Y284;Y518;Y827;Y859,Phosphorylation,4.0,PhosphoELM;PhosphoSitePlus;SIGNOR;UniProt;UniProt_ModRes;iPTMnet;neXtProt,curated_literature,True,9,14506255;15308621;16472662;19369195;20333297;20623637;20979614;21169560;21309750,PSP;Signor;UniProt;UniProt_ModRes;iPTMnet_REST;neXtProt;phospho.ELM
Q07954,P12931,SRC,tyr,Y4473;Y4507,Phosphorylation,7.0,HPRD;KEA;Li2012;MIMP;PhosphoELM;PhosphoSitePlus;ProtMapper;SIGNOR,curated_literature,True,3,11854294;12789267;18381291,HPRD;HPRD_MIMP;KEA;Li2012;MIMP;PhosphoSite;PhosphoSite_MIMP;PhosphoSite_ProtMapper;ProtMapper;SIGNOR;SIGNOR_ProtMapper;phosphoELM;phosphoELM_MIMP
Q07955,P29320,Ephrin receptor,tyr,Y202;Y226;Y237,Phosphorylation,1.0,PhosphoNetworks,predicted_or_inferred,False,0,,PhosphoNetworks
Q07955,P30291,WEE1,tyr,Y202,Phosphorylation,1.0,PhosphoNetworks,predicted_or_inferred,False,0,,PhosphoNetworks
Q07955,Q02763,Tie,tyr,Y19,Phosphorylation,1.0,ProtMapper;REACH_ProtMapper,literature_supported,False,1,30320932,ProtMapper;REACH_ProtMapper
Q08345,Q08345,Insulin receptor,tyr,Y484;Y513;Y520;Y740;Y792;Y796;Y797,Phosphorylation,1.0,UniProt_ModRes,curated_literature,True,3,16337946;24509848;9659899,UniProt_ModRes
Q08881,P06213,Insulin receptor,tyr,Y512,Phosphorylation,1.0,KEA,literature_supported,False,1,17570479,KEA
Q08881,P06239,SRC,tyr,Y512,Phosphorylation,19.0,HPRD;KEA;MIMP;PhosphoELM;PhosphoNetworks;PhosphoSitePlus;ProtMapper;REACH_ProtMapper;RLIMS-P_ProtMapper;SIGNOR;Sparser_ProtMapper;UniProt_ModRes;dbPTM,curated_literature,True,11,12842872;15144186;17192257;19690332;20305788;21747996;23946894;23982207;28516764;28644030;9312162,HPRD;HPRD_MIMP;KEA;MIMP;PhosphoNetworks;PhosphoSite;PhosphoSite_MIMP;PhosphoSite_ProtMapper;ProtMapper;REACH_ProtMapper;RLIMS-P_ProtMapper;SIGNOR;SIGNOR_ProtMapper;Sparser_ProtMapper;UniProt_ModRes;dbPTM;phosphoELM;phosphoELM_MIMP
Q08881,P08631,SRC,tyr,Y512,Phosphorylation,1.0,KEA,literature_supported,False,1,17570479,KEA
Q08881,P12931,SRC,tyr,Y512,Phosphorylation,2.0,ProtMapper;REACH_ProtMapper;Sparser_ProtMapper,literature_supported,False,2,17897671;23982207,ProtMapper;REACH_ProtMapper;Sparser_ProtMapper
Q08881,P42680,TEC,tyr,Y180,Phosphorylation,1.0,HPRD;KEA;MIMP;PhosphoELM;PhosphoSitePlus;ProtMapper,curated_literature,True,1,12573241,HPRD_MIMP;KEA;MIMP;PhosphoSite;PhosphoSite_MIMP;PhosphoSite_ProtMapper;ProtMapper;phosphoELM_MIMP
Q08881,Q06187,TEC,tyr,Y180,Phosphorylation,4.0,HPRD;KEA;MIMP;PhosphoELM;PhosphoNetworks;PhosphoSitePlus;ProtMapper;SIGNOR,curated_literature,True,1,12573241,HPRD_MIMP;KEA;MIMP;PhosphoNetworks;PhosphoSite;PhosphoSite_MIMP;PhosphoSite_ProtMapper;ProtMapper;SIGNOR;SIGNOR_ProtMapper;phosphoELM;phosphoELM_MIMP
Q08881,Q08881,TEC,tyr,Y180,Phosphorylation,4.0,PhosphoELM;PhosphoSitePlus;SIGNOR;UniProt;UniProt_ModRes;iPTMnet;neXtProt,curated_literature,True,5,12573241;12842872;17439160;17897671;19523959,PSP;Signor;UniProt;UniProt_ModRes;iPTMnet_REST;neXtProt;phospho.ELM
Q12792,P21860,EGF receptor,tyr,Y309,Phosphorylation,1.0,KEA,literature_supported,False,1,17570479,KEA
Q12866,P08069,Insulin receptor,tyr,Y753;Y754,Phosphorylation,1.0,KEA,literature_supported,False,1,17570479,KEA
Q12866,Q12866,AXL/UFO,tyr,Y749;Y753;Y754;Y872,Phosphorylation,3.0,HPRD;PhosphoSitePlus;SIGNOR;UniProt;UniProt_ModRes;iPTMnet;neXtProt,curated_literature,True,1,8702477,HPRD;PSP;Signor;UniProt;UniProt_ModRes;iPTMnet_REST;neXtProt
Q12879,P06241,SRC,tyr,Y1105;Y1118;Y1187;Y1246;Y1267;Y1325;Y1387;Y943,Phosphorylation,3.0,HPRD;MIMP;PhosphoSitePlus;ProtMapper;SIGNOR,curated_literature,True,2,10195142;19834457,HPRD_MIMP;MIMP;PhosphoSite;PhosphoSite_MIMP;PhosphoSite_ProtMapper;ProtMapper;SIGNOR;SIGNOR_ProtMapper
Q12879,P12931,SRC,tyr,Y1105;Y1184;Y1267;Y1292;Y1325;Y1387;Y1423,Phosphorylation,5.0,HPRD;KEA;MIMP;PhosphoSitePlus;ProtMapper;REACH_ProtMapper;SIGNOR;Sparser_ProtMapper,curated_literature,True,6,10195142;10846184;19834457;26441533;26942227;29063113,HPRD;HPRD_MIMP;KEA;MIMP;PhosphoSite;PhosphoSite_MIMP;PhosphoSite_ProtMapper;ProtMapper;REACH_ProtMapper;SIGNOR;SIGNOR_ProtMapper;Sparser_ProtMapper
Q12879,P41240,CSK,tyr,Y1387,Phosphorylation,2.0,ProtMapper;Sparser_ProtMapper,predicted_or_inferred,False,0,,ProtMapper;Sparser_ProtMapper
Q12913,P06241,SRC,tyr,Y1311;Y1320,Phosphorylation,1.0,PhosphoSitePlus;ProtMapper;REACH_ProtMapper;Sparser_ProtMapper,curated_literature,True,1,26556953,PhosphoSite;PhosphoSite_ProtMapper;ProtMapper;REACH_ProtMapper;Sparser_ProtMapper
Q12913,P12931,SRC,tyr,Y1311;Y1320,Phosphorylation,1.0,PhosphoSitePlus;ProtMapper;REACH_ProtMapper;Sparser_ProtMapper,curated_literature,True,1,26556953,PhosphoSite;PhosphoSite_ProtMapper;ProtMapper;REACH_ProtMapper;Sparser_ProtMapper
Q12929,P12931,SRC,tyr,Y485;Y525;Y602;Y774,Phosphorylation,1.0,PhosphoSitePlus,curated_source,True,0,,PhosphoSite
Q12929,Q13882,BRK/PTK6/SIK,tyr,Y498;Y525;Y535,Phosphorylation,2.0,ProtMapper;REACH_ProtMapper;SIGNOR,curated_literature,True,2,27738316;28214294,ProtMapper;REACH_ProtMapper;SIGNOR
Q12967,P08581,Tyr protein kinase,tyr,Y814,Phosphorylation,1.0,UniProt_ModRes,curated_source,True,0,,UniProt_ModRes
Q12972,P06213,Insulin receptor,tyr,Y335,Phosphorylation,1.0,KEA,literature_supported,False,1,17570479,KEA
Q12972,P07948,SRC,tyr,Y111;Y122;Y193;Y264;Y335;Y40,Phosphorylation,5.0,HPRD;KEA;MIMP;PhosphoELM;PhosphoNetworks;PhosphoSitePlus;ProtMapper;SIGNOR;UniProt_ModRes;dbPTM,curated_literature,True,1,11104670,HPRD_MIMP;KEA;MIMP;PhosphoNetworks;PhosphoSite;PhosphoSite_MIMP;PhosphoSite_ProtMapper;ProtMapper;SIGNOR;SIGNOR_ProtMapper;UniProt_ModRes;dbPTM;phosphoELM;phosphoELM_MIMP
Q12972,P30291,WEE1,tyr,Y264,Phosphorylation,1.0,PhosphoNetworks,predicted_or_inferred,False,0,,PhosphoNetworks
Q12972,P42685,SRC,tyr,Y335,Phosphorylation,1.0,PhosphoNetworks,predicted_or_inferred,False,0,,PhosphoNetworks
Q13002,P12931,SRC,tyr,Y590,Phosphorylation,2.0,PhosphoSitePlus;ProtMapper,curated_source,True,0,,PhosphoSite;PhosphoSite_ProtMapper;ProtMapper
Q13009,P12931,SRC,tyr,Y384,Phosphorylation,1.0,NCI-PID_ProtMapper;ProtMapper;REACH_ProtMapper;RLIMS-P_ProtMapper;Sparser_ProtMapper,literature_supported,False,1,19285946,NCI-PID_ProtMapper;ProtMapper;REACH_ProtMapper;RLIMS-P_ProtMapper;Sparser_ProtMapper
Q13009,P29323,Ephrin receptor,tyr,Y829,Phosphorylation,1.0,ProtMapper;REACH_ProtMapper;Sparser_ProtMapper,literature_supported,False,1,20543890,ProtMapper;REACH_ProtMapper;Sparser_ProtMapper
Q13009,Q16620,Insulin receptor,tyr,Y829,Phosphorylation,1.0,KEA;UniProt_ModRes,curated_source,True,1,16801538,KEA;UniProt_ModRes
Q13017,P06213,Insulin receptor,tyr,Y306,Phosphorylation,1.0,KEA;MIMP;PhosphoELM;PhosphoSitePlus;ProtMapper,curated_literature,True,1,12705864,KEA;MIMP;PhosphoSite;PhosphoSite_MIMP;PhosphoSite_ProtMapper;ProtMapper;phosphoELM_MIMP
Q13017,P12931,SRC,tyr,Y1109,Phosphorylation,1.0,MIMP;PhosphoSitePlus;ProtMapper;REACH_ProtMapper;RLIMS-P_ProtMapper,curated_literature,True,1,24858043,MIMP;PhosphoSite;PhosphoSite_MIMP;PhosphoSite_ProtMapper;ProtMapper;REACH_ProtMapper;RLIMS-P_ProtMapper
Q13017,Q13882,BRK/PTK6/SIK,tyr,Y1109,Phosphorylation,2.0,MIMP;PhosphoSitePlus;ProtMapper;SIGNOR,curated_literature,True,1,18829532,MIMP;PhosphoSite;PhosphoSite_MIMP;PhosphoSite_ProtMapper;ProtMapper;SIGNOR;SIGNOR_ProtMapper
Q13043,P00519,ABL,tyr,Y433,Phosphorylation,6.0,PhosphoSitePlus;ProtMapper;REACH_ProtMapper;RLIMS-P_ProtMapper;SIGNOR;Sparser_ProtMapper,curated_literature,True,5,21715626;22590567;24868554;26721416;27618557,PhosphoSite;PhosphoSite_ProtMapper;ProtMapper;REACH_ProtMapper;RLIMS-P_ProtMapper;SIGNOR;Sparser_ProtMapper
Q13043,P22455,Fibroblast growth factor receptor,tyr,Y433,Phosphorylation,1.0,PhosphoSitePlus,curated_source,True,0,,PhosphoSite
Q13094,P06239,SRC,tyr,Y113;Y128;Y145;Y423;Y426,Phosphorylation,5.0,HPRD;KEA;MIMP;PhosphoELM;PhosphoSitePlus;ProtMapper;SIGNOR,curated_literature,True,1,8702662,HPRD;HPRD_MIMP;KEA;MIMP;PhosphoSite;PhosphoSite_MIMP;PhosphoSite_ProtMapper;ProtMapper;SIGNOR;SIGNOR_ProtMapper;phosphoELM;phosphoELM_MIMP
Q13094,P07948,SRC,tyr,Y113,Phosphorylation,1.0,KEA,literature_supported,False,1,17570479,KEA
Q13094,P08069,Insulin receptor,tyr,Y113;Y128,Phosphorylation,1.0,KEA,literature_supported,False,1,17570479,KEA
Q13094,P08631,SRC,tyr,Y128,Phosphorylation,1.0,KEA,literature_supported,False,1,17570479,KEA
Q13094,P42681,TEC,tyr,Y113;Y128;Y145,Phosphorylation,13.0,HPRD;KEA;MIMP;PhosphoELM;PhosphoSitePlus;ProtMapper;SIGNOR,curated_literature,True,7,10660534;12640123;12817019;15388330;8702662;8892604;9047237,HPRD;HPRD_MIMP;KEA;MIMP;PhosphoSite_MIMP;ProtMapper;SIGNOR;SIGNOR_ProtMapper;phosphoELM;phosphoELM_MIMP
Q13094,P43403,SYK/ZAP-70,tyr,Y113;Y128;Y145;Y423;Y426,Phosphorylation,19.0,HPRD;KEA;MIMP;PhosphoELM;PhosphoNetworks;PhosphoSitePlus;ProtMapper;RLIMS-P_ProtMapper;SIGNOR,curated_literature,True,8,10660534;12640123;12817019;15388330;23758320;8702662;8892604;9047237,HPRD;HPRD_MIMP;KEA;MIMP;PhosphoNetworks;PhosphoSite;PhosphoSite_MIMP;PhosphoSite_ProtMapper;ProtMapper;RLIMS-P_ProtMapper;SIGNOR;SIGNOR_ProtMapper;phosphoELM;phosphoELM_MIMP
Q13094,P43405,SYK/ZAP-70,tyr,Y113;Y128;Y145;Y426,Phosphorylation,8.0,HPRD;KEA;MIMP;PhosphoELM;PhosphoNetworks;PhosphoSitePlus;ProtMapper;RLIMS-P_ProtMapper;Reactome_ProtMapper;Sparser_ProtMapper,curated_literature,True,7,10660534;12817019;15388330;28736554;8702662;8892604;9047237,HPRD_MIMP;KEA;MIMP;PhosphoNetworks;PhosphoSite;PhosphoSite_MIMP;PhosphoSite_ProtMapper;ProtMapper;RLIMS-P_ProtMapper;Reactome_ProtMapper;Sparser_ProtMapper;phosphoELM;phosphoELM_MIMP
Q13094,Q08881,TEC,tyr,Y173,Phosphorylation,3.0,PhosphoSitePlus;ProtMapper;Sparser_ProtMapper,curated_source,True,0,,PhosphoSite;PhosphoSite_ProtMapper;ProtMapper;Sparser_ProtMapper
Q13148,Q02750,MAP kinase kinase,dual,Y155,Phosphorylation,1.0,PhosphoSitePlus,curated_source,True,0,,PhosphoSite
Q13151,P06213,Insulin receptor,tyr,Y180,Phosphorylation,1.0,KEA,literature_supported,False,1,17570479,KEA
Q13153,O60674,JAK,tyr,Y153;Y201;Y285,Phosphorylation,5.0,KEA;MIMP;PhosphoSitePlus;ProtMapper;REACH_ProtMapper;RLIMS-P_ProtMapper;Sparser_ProtMapper;UniProt_ModRes,curated_literature,True,6,17726028;17989089;25466889;25472536;26944939;27542844,KEA;MIMP;PhosphoSite;PhosphoSite_MIMP;PhosphoSite_ProtMapper;ProtMapper;REACH_ProtMapper;RLIMS-P_ProtMapper;Sparser_ProtMapper;UniProt_ModRes
Q13153,P29320,Ephrin receptor,tyr,Y153,Phosphorylation,1.0,ProtMapper;REACH_ProtMapper;Sparser_ProtMapper,literature_supported,False,1,26944939,ProtMapper;REACH_ProtMapper;Sparser_ProtMapper
Q13153,P51813,TEC,tyr,Y153,Phosphorylation,2.0,PhosphoSitePlus;ProtMapper,curated_source,True,0,,PhosphoSite;PhosphoSite_ProtMapper;ProtMapper
Q13164,Q13163,MAP kinase kinase,dual,Y221,Phosphorylation,5.0,HPRD;MIMP;NCI-PID_ProtMapper;PhosphoELM;PhosphoSitePlus;ProtMapper;REACH_ProtMapper;Reactome_ProtMapper;SIGNOR,curated_literature,True,5,11544482;12011113;15917464;20667468;29483645,HPRD_MIMP;MIMP;NCI-PID_ProtMapper;PhosphoSite;PhosphoSite_MIMP;PhosphoSite_ProtMapper;ProtMapper;REACH_ProtMapper;Reactome_ProtMapper;SIGNOR;phosphoELM_MIMP
Q13177,P12931,SRC,tyr,Y130,Phosphorylation,4.0,HPRD;KEA;MIMP;PhosphoELM;PhosphoSitePlus;ProtMapper;SIGNOR,curated_literature,True,1,12215529,HPRD_MIMP;KEA;MIMP;PhosphoSite_MIMP;ProtMapper;SIGNOR;SIGNOR_ProtMapper;phosphoELM;phosphoELM_MIMP
Q13188,P00519,ABL,tyr,Y109;Y81,Phosphorylation,3.0,MIMP;PhosphoSitePlus;ProtMapper;REACH_ProtMapper;RLIMS-P_ProtMapper;SIGNOR;Sparser_ProtMapper,curated_literature,True,2,22590567;27618557,MIMP;PhosphoSite;PhosphoSite_MIMP;PhosphoSite_ProtMapper;ProtMapper;REACH_ProtMapper;RLIMS-P_ProtMapper;SIGNOR;SIGNOR_ProtMapper;Sparser_ProtMapper
Q13224,P06241,SRC,tyr,Y1039;Y1070;Y1109;Y1252;Y1336;Y1474;Y932,Phosphorylation,20.0,HPRD;KEA;MIMP;PhosphoSitePlus;ProtMapper;REACH_ProtMapper;SIGNOR;Sparser_ProtMapper,curated_literature,True,18,11024032;11483655;16190898;18673451;18932218;19477150;19482714;19874789;20053906;20722721;21686074;21896318;22009355;23127881;23162743;24611998;26229100;28497343,HPRD;HPRD_MIMP;KEA;MIMP;PhosphoSite_MIMP;ProtMapper;REACH_ProtMapper;SIGNOR;SIGNOR_ProtMapper;Sparser_ProtMapper
Q13224,P12931,SRC,tyr,Y1474,Phosphorylation,7.0,HPRD;KEA;MIMP;PhosphoSitePlus;ProtMapper;RLIMS-P_ProtMapper;SIGNOR;Sparser_ProtMapper,curated_literature,True,3,11024032;11483655;18184784,HPRD;HPRD_MIMP;KEA;MIMP;PhosphoSite_MIMP;ProtMapper;RLIMS-P_ProtMapper;SIGNOR;SIGNOR_ProtMapper;Sparser_ProtMapper
Q13224,P29323,Ephrin receptor,tyr,Y1474,Phosphorylation,1.0,ProtMapper;Sparser_ProtMapper,literature_supported,False,1,29423241,ProtMapper;Sparser_ProtMapper
Q13224,P41240,CSK,tyr,Y1336;Y1474,Phosphorylation,1.0,ProtMapper;Sparser_ProtMapper,literature_supported,False,2,25100942;30740518,ProtMapper;Sparser_ProtMapper
Q13239,P10721,CSF-1/PDGF receptor,tyr,Y120;Y258;Y273,Phosphorylation,3.0,PhosphoSitePlus;ProtMapper;RLIMS-P_ProtMapper;SIGNOR;Sparser_ProtMapper,curated_literature,True,2,24284075;26788993,PhosphoSite;ProtMapper;RLIMS-P_ProtMapper;SIGNOR;Sparser_ProtMapper
Q13255,P06241,SRC,tyr,Y937,Phosphorylation,1.0,ProtMapper;Sparser_ProtMapper,literature_supported,False,1,28948209,ProtMapper;Sparser_ProtMapper
Q13261,P43405,SYK/ZAP-70,tyr,Y191;Y227,Phosphorylation,3.0,KEA;ProtMapper;SIGNOR,curated_literature,True,1,11714793,KEA;ProtMapper;SIGNOR;SIGNOR_ProtMapper
Q13263,P07948,SRC,tyr,Y449;Y458;Y517,Phosphorylation,3.0,MIMP;PhosphoSitePlus;ProtMapper,curated_source,True,0,,MIMP;PhosphoSite;PhosphoSite_MIMP;PhosphoSite_ProtMapper;ProtMapper
Q13263,P43405,SYK/ZAP-70,tyr,Y755,Phosphorylation,1.0,PhosphoNetworks,predicted_or_inferred,False,0,,PhosphoNetworks
Q13283,P06239,SRC,tyr,Y56,Phosphorylation,4.0,HPRD;MIMP;PhosphoSitePlus;ProtMapper,curated_source,True,0,,HPRD_MIMP;MIMP;PhosphoSite;PhosphoSite_MIMP;PhosphoSite_ProtMapper;ProtMapper
Q13283,P12931,SRC,tyr,Y133,Phosphorylation,4.0,HPRD;MIMP;PhosphoSitePlus;ProtMapper,curated_source,True,0,,HPRD_MIMP;MIMP;PhosphoSite;PhosphoSite_MIMP;PhosphoSite_ProtMapper;ProtMapper
Q13291,P06239,SRC,tyr,Y307,Phosphorylation,2.0,HPRD;KEA;MIMP;PhosphoELM;PhosphoSitePlus;ProtMapper,curated_literature,True,1,11806999,HPRD_MIMP;KEA;MIMP;PhosphoSite;PhosphoSite_MIMP;PhosphoSite_ProtMapper;ProtMapper;phosphoELM;phosphoELM_MIMP
Q13291,P06241,SRC,tyr,Y281;Y307;Y327,Phosphorylation,6.0,HPRD;KEA;MIMP;PhosphoELM;PhosphoNetworks;PhosphoSitePlus;ProtMapper;SIGNOR;UniProt_ModRes,curated_literature,True,3,11689425;11806999;15315965,HPRD;HPRD_MIMP;KEA;MIMP;PhosphoNetworks;PhosphoSite;PhosphoSite_MIMP;PhosphoSite_ProtMapper;ProtMapper;SIGNOR;SIGNOR_ProtMapper;UniProt_ModRes;phosphoELM;phosphoELM_MIMP
Q13291,P07948,SRC,tyr,Y281;Y327,Phosphorylation,6.0,BEL-Large-Corpus_ProtMapper;HPRD;KEA;MIMP;PhosphoELM;PhosphoNetworks;PhosphoSitePlus;ProtMapper;SIGNOR;Sparser_ProtMapper,curated_literature,True,3,11806999;15212693;15315965,BEL-Large-Corpus_ProtMapper;HPRD_MIMP;KEA;MIMP;PhosphoNetworks;PhosphoSite;PhosphoSite_MIMP;PhosphoSite_ProtMapper;ProtMapper;SIGNOR;SIGNOR_ProtMapper;Sparser_ProtMapper;phosphoELM;phosphoELM_MIMP
Q13291,P12931,SRC,tyr,Y281;Y307;Y327,Phosphorylation,1.0,Li2012,predicted_or_inferred,False,0,,Li2012
Q13315,P00533,EGF receptor,tyr,Y370,Phosphorylation,1.0,PhosphoSitePlus;ProtMapper;REACH_ProtMapper;RLIMS-P_ProtMapper,curated_literature,True,1,25601159,PhosphoSite;PhosphoSite_ProtMapper;ProtMapper;REACH_ProtMapper;RLIMS-P_ProtMapper
Q13322,P06241,SRC,tyr,Y67;Y9,Phosphorylation,5.0,HPRD;KEA;MIMP;PhosphoELM;PhosphoSitePlus;ProtMapper;SIGNOR,curated_literature,True,1,10871840,HPRD;HPRD_MIMP;KEA;MIMP;PhosphoSite;PhosphoSite_MIMP;PhosphoSite_ProtMapper;ProtMapper;SIGNOR;SIGNOR_ProtMapper;phosphoELM;phosphoELM_MIMP
Q13322,P07948,SRC,tyr,Y67,Phosphorylation,1.0,KEA,literature_supported,False,1,17570479,KEA
Q13322,P12931,SRC,tyr,Y67;Y9,Phosphorylation,4.0,HPRD;KEA;MIMP;PhosphoELM;PhosphoSitePlus;ProtMapper;SIGNOR,curated_literature,True,1,10871840,HPRD_MIMP;KEA;MIMP;PhosphoSite;PhosphoSite_MIMP;PhosphoSite_ProtMapper;ProtMapper;SIGNOR;SIGNOR_ProtMapper;phosphoELM;phosphoELM_MIMP
Q13322,P42680,TEC,tyr,Y67,Phosphorylation,1.0,UniProt_ModRes;dbPTM,curated_literature,True,1,9753425,UniProt_ModRes;dbPTM
Q13435,P12931,SRC,tyr,Y379;Y592,Phosphorylation,3.0,MIMP;PhosphoSitePlus;ProtMapper,curated_source,True,0,,MIMP;PhosphoSite;PhosphoSite_MIMP;PhosphoSite_ProtMapper;ProtMapper
Q13444,P06239,SRC,tyr,Y715;Y735,Phosphorylation,3.0,MIMP;PhosphoELM;PhosphoSitePlus;ProtMapper;SIGNOR;UniProt_ModRes;dbPTM,curated_literature,True,1,11741929,MIMP;PhosphoSite;PhosphoSite_MIMP;PhosphoSite_ProtMapper;ProtMapper;SIGNOR;SIGNOR_ProtMapper;UniProt_ModRes;dbPTM;phosphoELM_MIMP
Q13444,P08069,Insulin receptor,tyr,Y735,Phosphorylation,1.0,KEA,literature_supported,False,1,17570479,KEA
Q13444,P08631,SRC,tyr,Y715;Y735,Phosphorylation,5.0,KEA;MIMP;PhosphoELM;PhosphoNetworks;PhosphoSitePlus;ProtMapper;SIGNOR;UniProt_ModRes;dbPTM,curated_literature,True,1,11741929,KEA;MIMP;PhosphoNetworks;PhosphoSite;PhosphoSite_MIMP;PhosphoSite_ProtMapper;ProtMapper;SIGNOR;SIGNOR_ProtMapper;UniProt_ModRes;dbPTM;phosphoELM;phosphoELM_MIMP
Q13444,P12931,SRC,tyr,Y715;Y735,Phosphorylation,2.0,KEA;MIMP;PhosphoELM;PhosphoSitePlus,curated_literature,True,1,11741929,KEA;MIMP;PhosphoSite_MIMP;phosphoELM;phosphoELM_MIMP
Q13451,Q9H3Y6,SRC,tyr,Y54,Phosphorylation,1.0,PhosphoSitePlus,curated_source,True,0,,PhosphoSite
Q13480,P00533,EGF receptor,tyr,Y285;Y307;Y317;Y373;Y406;Y447;Y472;Y589;Y619;Y627;Y657;Y659;Y689,Phosphorylation,12.0,BEL-Large-Corpus_ProtMapper;HPRD;KEA;Li2012;MIMP;PhosphoELM;PhosphoSitePlus;ProtMapper;RLIMS-P_ProtMapper;SIGNOR,curated_literature,True,13,10734310;10753869;10978177;11779868;15212693;15231819;16497976;17016520;17389395;18669648;19901323;20068231;9890893,BEL-Large-Corpus_ProtMapper;HPRD;HPRD_MIMP;KEA;Li2012;MIMP;PhosphoSite;PhosphoSite_MIMP;PhosphoSite_ProtMapper;ProtMapper;RLIMS-P_ProtMapper;SIGNOR;SIGNOR_ProtMapper;phosphoELM;phosphoELM_MIMP
Q13480,P06213,Insulin receptor,tyr,Y242;Y285;Y373;Y447;Y472;Y589;Y619;Y627;Y657;Y659;Y689,Phosphorylation,10.0,BEL-Large-Corpus_ProtMapper;HPRD;KEA;Li2012;MIMP;PhosphoELM;PhosphoSitePlus;ProtMapper;RLIMS-P_ProtMapper;SIGNOR,curated_literature,True,9,10734310;10753869;10978177;16497976;17016520;17389395;18669648;20068231;9890893,BEL-Large-Corpus_ProtMapper;HPRD;HPRD_MIMP;KEA;Li2012;MIMP;PhosphoSite;PhosphoSite_MIMP;PhosphoSite_ProtMapper;ProtMapper;RLIMS-P_ProtMapper;SIGNOR;SIGNOR_ProtMapper;phosphoELM;phosphoELM_MIMP
Q13480,P08581,Tyr protein kinase,tyr,Y285;Y307;Y373;Y406;Y447;Y472;Y589;Y619;Y627;Y657;Y659;Y689,Phosphorylation,12.0,BEL-Large-Corpus_ProtMapper;HPRD;KEA;Li2012;MIMP;PhosphoELM;PhosphoNetworks;PhosphoSitePlus;ProtMapper;SIGNOR,curated_literature,True,13,10734310;10753869;10978177;11779868;15212693;15574420;16497976;17016520;17389395;18669648;19901323;20068231;9890893,BEL-Large-Corpus_ProtMapper;HPRD;HPRD_MIMP;KEA;Li2012;MIMP;PhosphoNetworks;PhosphoSite_MIMP;ProtMapper;SIGNOR;SIGNOR_ProtMapper;phosphoELM;phosphoELM_MIMP
Q13480,P09619,CSF-1/PDGF receptor,tyr,Y627;Y659,Phosphorylation,2.0,iPTMnet;neXtProt,literature_supported,False,1,14973141,iPTMnet_REST;neXtProt
Q13480,P12931,SRC,tyr,Y242;Y259;Y317;Y373;Y589;Y627;Y657;Y659,Phosphorylation,4.0,HPRD;Li2012;MIMP;NCI-PID_ProtMapper;PhosphoELM;PhosphoSitePlus;ProtMapper;REACH_ProtMapper;RLIMS-P_ProtMapper;SIGNOR;Sparser_ProtMapper,curated_literature,True,4,12941962;19881549;21442024;26706435,HPRD_MIMP;Li2012;MIMP;NCI-PID_ProtMapper;PhosphoSite;PhosphoSite_MIMP;PhosphoSite_ProtMapper;ProtMapper;REACH_ProtMapper;RLIMS-P_ProtMapper;SIGNOR;SIGNOR_ProtMapper;Sparser_ProtMapper;phosphoELM_MIMP
Q13480,P16591,Fes/fps,tyr,Y627,Phosphorylation,2.0,PhosphoSitePlus;ProtMapper,curated_source,True,0,,PhosphoSite;PhosphoSite_ProtMapper;ProtMapper
Q13485,Q9UM73,Insulin receptor,tyr,Y95,Phosphorylation,1.0,ProtMapper;REACH_ProtMapper;Sparser_ProtMapper,literature_supported,False,1,30664791,ProtMapper;REACH_ProtMapper;Sparser_ProtMapper
Q13501,P00533,EGF receptor,tyr,Y433,Phosphorylation,1.0,PhosphoSitePlus,curated_source,True,0,,PhosphoSite
Q13535,P00519,ABL,tyr,Y291;Y310,Phosphorylation,2.0,MIMP;PhosphoSitePlus;ProtMapper;RLIMS-P_ProtMapper;SIGNOR,curated_literature,True,1,20798688,MIMP;PhosphoSite;PhosphoSite_MIMP;PhosphoSite_ProtMapper;ProtMapper;RLIMS-P_ProtMapper;SIGNOR;SIGNOR_ProtMapper
Q13547,P00533,EGF receptor,tyr,Y72,Phosphorylation,1.0,PhosphoSitePlus,curated_source,True,0,,PhosphoSite
Q13568,P07948,SRC,tyr,Y313;Y335,Phosphorylation,2.0,PhosphoSitePlus;ProtMapper,curated_source,True,0,,PhosphoSite;PhosphoSite_ProtMapper;ProtMapper
Q13573,P00519,ABL,tyr,Y292;Y430;Y433,Phosphorylation,2.0,PhosphoSitePlus;ProtMapper;REACH_ProtMapper;RLIMS-P_ProtMapper;Sparser_ProtMapper,curated_literature,True,1,28666867,PhosphoSite;PhosphoSite_ProtMapper;ProtMapper;REACH_ProtMapper;RLIMS-P_ProtMapper;Sparser_ProtMapper
Q13586,Q14289,FAK,tyr,Y361,Phosphorylation,1.0,PhosphoSitePlus;ProtMapper;REACH_ProtMapper;RLIMS-P_ProtMapper;Sparser_ProtMapper,curated_literature,True,1,28218251,PhosphoSite;ProtMapper;REACH_ProtMapper;RLIMS-P_ProtMapper;Sparser_ProtMapper
Q13627,P06213,Insulin receptor,tyr,Y145,Phosphorylation,1.0,KEA,literature_supported,False,1,17570479,KEA
Q13627,P22607,Fibroblast growth factor receptor,tyr,Y145,Phosphorylation,1.0,KEA,literature_supported,False,1,17570479,KEA
Q13627,Q13627,MNB/DYRK,dual,Y111;Y140;Y159;Y177;Y219;Y319;Y321;Y449,Phosphorylation,1.0,UniProt_ModRes,curated_literature,True,1,23665168,UniProt_ModRes
Q13642,P12931,SRC,tyr,Y149;Y272,Phosphorylation,1.0,PhosphoSitePlus;ProtMapper;REACH_ProtMapper;Sparser_ProtMapper,curated_literature,True,1,29434030,PhosphoSite;ProtMapper;REACH_ProtMapper;Sparser_ProtMapper
Q13651,P23458,JAK,tyr,Y446;Y496,Phosphorylation,4.0,HPRD;KEA;Li2012;MIMP;PhosphoELM;PhosphoSitePlus;ProtMapper;RLIMS-P_ProtMapper;SIGNOR,curated_literature,True,1,10433356,HPRD;HPRD_MIMP;KEA;Li2012;MIMP;PhosphoSite_MIMP;ProtMapper;RLIMS-P_ProtMapper;SIGNOR;SIGNOR_ProtMapper;phosphoELM_MIMP
Q13651,P29597,JAK,tyr,Y446;Y496,Phosphorylation,2.0,HPRD;KEA;MIMP;PhosphoELM;PhosphoNetworks;PhosphoSitePlus,curated_literature,True,1,10433356,HPRD_MIMP;KEA;MIMP;PhosphoNetworks;PhosphoSite_MIMP;phosphoELM;phosphoELM_MIMP
Q13671,P00519,ABL,tyr,Y36,Phosphorylation,6.0,KEA;UniProt_ModRes;dbPTM,curated_literature,True,6,15886098;15951569;16497976;17570479;18083107;19534553,KEA;UniProt_ModRes;dbPTM
Q13671,P08631,SRC,tyr,Y36,Phosphorylation,1.0,KEA,literature_supported,False,1,17570479,KEA
Q13671,P42684,ABL,tyr,Y36,Phosphorylation,6.0,KEA;UniProt_ModRes;dbPTM,curated_literature,True,6,15886098;15951569;16497976;17570479;18083107;19534553,KEA;UniProt_ModRes;dbPTM
Q13769,P09619,CSF-1/PDGF receptor,tyr,Y225,Phosphorylation,3.0,MIMP;PhosphoSitePlus;ProtMapper,curated_source,True,0,,MIMP;PhosphoSite;PhosphoSite_MIMP;PhosphoSite_ProtMapper;ProtMapper
Q13769,P12931,SRC,tyr,Y225,Phosphorylation,1.0,PhosphoSitePlus;ProtMapper;REACH_ProtMapper;UniProt_ModRes,curated_literature,True,3,18373705;23032722;26919114,PhosphoSite;ProtMapper;REACH_ProtMapper;UniProt_ModRes
Q13813,P06239,SRC,tyr,Y1176,Phosphorylation,2.0,HPRD;KEA;MIMP;PhosphoELM;PhosphoSitePlus,curated_literature,True,1,11971983,HPRD_MIMP;KEA;MIMP;PhosphoSite_MIMP;phosphoELM;phosphoELM_MIMP
Q13813,P12931,SRC,tyr,Y1073;Y1176,Phosphorylation,5.0,HPRD;KEA;MIMP;PhosphoELM;PhosphoSitePlus;ProtMapper;SIGNOR,curated_literature,True,1,11971983,HPRD;HPRD_MIMP;KEA;MIMP;PhosphoSite;PhosphoSite_MIMP;PhosphoSite_ProtMapper;ProtMapper;SIGNOR;SIGNOR_ProtMapper;phosphoELM;phosphoELM_MIMP
Q13882,P00533,EGF receptor,tyr,Y351,Phosphorylation,1.0,ProtMapper;REACH_ProtMapper,literature_supported,False,1,26751287,ProtMapper;REACH_ProtMapper
Q13882,P07948,SRC,tyr,Y342,Phosphorylation,1.0,KEA,literature_supported,False,1,17570479,KEA
Q13882,Q13882,BRK/PTK6/SIK,tyr,Y114;Y13;Y342;Y351;Y447;Y61;Y66,Phosphorylation,4.0,HPRD;PhosphoSitePlus;SIGNOR;UniProt;UniProt_ModRes;iPTMnet;neXtProt,curated_literature,True,7,11114724;12121988;14676834;17016520;17389395;18691976;22231447,HPRD;PSP;Signor;UniProt;UniProt_ModRes;iPTMnet_REST;neXtProt
Q13882,Q9H3Y6,SRC,tyr,Y447,Phosphorylation,3.0,PhosphoSitePlus;ProtMapper;Reactome_ProtMapper,curated_source,True,0,,PhosphoSite;PhosphoSite_ProtMapper;ProtMapper;Reactome_ProtMapper
Q13905,P00519,ABL,tyr,Y504;Y522,Phosphorylation,4.0,HPRD;MIMP;PhosphoELM;PhosphoSitePlus;ProtMapper;SIGNOR,curated_literature,True,1,20581864,HPRD_MIMP;MIMP;PhosphoSite;PhosphoSite_MIMP;PhosphoSite_ProtMapper;ProtMapper;SIGNOR;SIGNOR_ProtMapper;phosphoELM_MIMP
Q13905,P08631,SRC,tyr,Y504;Y522,Phosphorylation,12.0,HPRD;KEA;MIMP;PhosphoELM;PhosphoNetworks;PhosphoSitePlus;ProtMapper;SIGNOR;UniProt_ModRes;dbPTM,curated_literature,True,5,10318861;12734187;14551197;15320955;24396067,HPRD;HPRD_MIMP;KEA;MIMP;PhosphoNetworks;PhosphoSite;PhosphoSite_MIMP;PhosphoSite_ProtMapper;ProtMapper;SIGNOR;SIGNOR_ProtMapper;UniProt_ModRes;dbPTM;phosphoELM;phosphoELM_MIMP
Q13905,P12931,SRC,tyr,Y504;Y522,Phosphorylation,8.0,BEL-Large-Corpus_ProtMapper;HPRD;KEA;MIMP;PhosphoELM;PhosphoSitePlus;ProtMapper;SIGNOR,curated_literature,True,5,10318861;12734187;14551197;15212693;15320955,BEL-Large-Corpus_ProtMapper;HPRD_MIMP;KEA;MIMP;PhosphoSite;PhosphoSite_MIMP;PhosphoSite_ProtMapper;ProtMapper;SIGNOR;SIGNOR_ProtMapper;phosphoELM;phosphoELM_MIMP
Q13936,P12931,SRC,tyr,Y2217,Phosphorylation,3.0,MIMP;PhosphoSitePlus;ProtMapper,curated_source,True,0,,MIMP;PhosphoSite;PhosphoSite_MIMP;PhosphoSite_ProtMapper;ProtMapper
Q14118,P12931,SRC,tyr,Y892,Phosphorylation,5.0,HPRD;KEA;MIMP;PhosphoELM;PhosphoSitePlus;ProtMapper;RLIMS-P_ProtMapper;SIGNOR;UniProt_ModRes,curated_literature,True,4,11495720;12795607;18982058;20512930,HPRD;HPRD_MIMP;KEA;MIMP;PhosphoSite_MIMP;ProtMapper;RLIMS-P_ProtMapper;SIGNOR_ProtMapper;UniProt_ModRes;phosphoELM;phosphoELM_MIMP
Q14155,P12931,SRC,tyr,Y442,Phosphorylation,1.0,PhosphoSitePlus,curated_source,True,0,,PhosphoSite
Q14164,P00533,EGF receptor,tyr,Y153;Y179;Y45,Phosphorylation,1.0,PhosphoSitePlus;ProtMapper;REACH_ProtMapper;RLIMS-P_ProtMapper;Sparser_ProtMapper,curated_literature,True,1,27287717,PhosphoSite;PhosphoSite_ProtMapper;ProtMapper;REACH_ProtMapper;RLIMS-P_ProtMapper;Sparser_ProtMapper
Q14185,P00533,EGF receptor,tyr,Y722,Phosphorylation,1.0,ProtMapper;REACH_ProtMapper;Sparser_ProtMapper,literature_supported,False,1,22323579,ProtMapper;REACH_ProtMapper;Sparser_ProtMapper
Q14185,P06241,SRC,tyr,Y722,Phosphorylation,1.0,ProtMapper;REACH_ProtMapper,literature_supported,False,1,22323579,ProtMapper;REACH_ProtMapper
Q14185,P07948,SRC,tyr,Y722,Phosphorylation,1.0,ProtMapper;REACH_ProtMapper,literature_supported,False,1,22323579,ProtMapper;REACH_ProtMapper
Q14185,P12931,SRC,tyr,Y1811;Y722,Phosphorylation,2.0,ProtMapper;REACH_ProtMapper;Sparser_ProtMapper,literature_supported,False,3,16951443;22080864;22323579,ProtMapper;REACH_ProtMapper;Sparser_ProtMapper
Q14192,P00519,ABL,tyr,Y176;Y217;Y236;Y97,Phosphorylation,1.0,PhosphoSitePlus,curated_source,True,0,,PhosphoSite
Q14194,P06241,SRC,tyr,Y504;Y618,Phosphorylation,3.0,HPRD;MIMP;PhosphoSitePlus;ProtMapper;REACH_ProtMapper;Sparser_ProtMapper,curated_literature,True,1,20506281,HPRD_MIMP;MIMP;PhosphoSite;PhosphoSite_MIMP;PhosphoSite_ProtMapper;ProtMapper;REACH_ProtMapper;Sparser_ProtMapper
Q14194,P16591,Fes/fps,tyr,Y479;Y499,Phosphorylation,1.0,ProtMapper;REACH_ProtMapper;Sparser_ProtMapper,literature_supported,False,1,20202117,ProtMapper;REACH_ProtMapper;Sparser_ProtMapper
Q14195,P16591,Fes/fps,tyr,Y479;Y499,Phosphorylation,1.0,ProtMapper;REACH_ProtMapper;Sparser_ProtMapper,literature_supported,False,1,20202117,ProtMapper;REACH_ProtMapper;Sparser_ProtMapper
Q14247,P00519,ABL,tyr,Y421;Y449;Y470;Y486,Phosphorylation,4.0,HPRD;MIMP;PhosphoELM;PhosphoSitePlus;ProtMapper;RLIMS-P_ProtMapper;iPTMnet;neXtProt,curated_literature,True,2,17306540;20861316,HPRD_MIMP;MIMP;PhosphoSite;PhosphoSite_MIMP;PhosphoSite_ProtMapper;ProtMapper;RLIMS-P_ProtMapper;iPTMnet_REST;neXtProt;phosphoELM_MIMP
Q14247,P06213,Insulin receptor,tyr,Y466,Phosphorylation,1.0,KEA,literature_supported,False,1,17570479,KEA
Q14247,P06239,SRC,tyr,Y449,Phosphorylation,1.0,PhosphoNetworks,predicted_or_inferred,False,0,,PhosphoNetworks
Q14247,P06241,SRC,tyr,Y384;Y421;Y433;Y446;Y453;Y470;Y486,Phosphorylation,1.0,PhosphoNetworks;PhosphoSitePlus;ProtMapper;RLIMS-P_ProtMapper,curated_literature,True,1,27363897,PhosphoNetworks;PhosphoSite;ProtMapper;RLIMS-P_ProtMapper
Q14247,P07947,SRC,tyr,Y384;Y433,Phosphorylation,1.0,PhosphoNetworks,predicted_or_inferred,False,0,,PhosphoNetworks
Q14247,P08069,Insulin receptor,tyr,Y141;Y178;Y215;Y470,Phosphorylation,1.0,KEA;PhosphoNetworks,literature_supported,False,1,17570479,KEA;PhosphoNetworks
Q14247,P08581,Tyr protein kinase,tyr,Y508,Phosphorylation,1.0,PhosphoNetworks,predicted_or_inferred,False,0,,PhosphoNetworks
Q14247,P09769,SRC,tyr,Y433,Phosphorylation,1.0,PhosphoNetworks,predicted_or_inferred,False,0,,PhosphoNetworks
Q14247,P11362,Fibroblast growth factor receptor,tyr,Y409;Y433;Y446;Y501,Phosphorylation,6.0,HPRD;KEA;MIMP;PhosphoELM;PhosphoNetworks;PhosphoSitePlus;ProtMapper;SIGNOR,curated_literature,True,3,12601080;15592455;15951569,HPRD_MIMP;KEA;MIMP;PhosphoNetworks;PhosphoSite_MIMP;ProtMapper;SIGNOR;SIGNOR_ProtMapper;phosphoELM;phosphoELM_MIMP
Q14247,P12931,SRC,tyr,Y297;Y334;Y384;Y421;Y433;Y446;Y449;Y466;Y470;Y486;Y489,Phosphorylation,42.0,BEL-Large-Corpus_ProtMapper;HPRD;KEA;MIMP;PhosphoELM;PhosphoSitePlus;ProtMapper;REACH_ProtMapper;RLIMS-P_ProtMapper;SIGNOR;Sparser_ProtMapper;UniProt_ModRes;dbPTM,curated_literature,True,36,10921917;12522270;12601080;15169891;15561106;15592455;16162656;16497976;17016520;17287340;17389395;17570479;17959782;18088087;18491316;18669648;18707149;19273217;19413330;19419567;19534553;19690332;20068231;22761768;22823952;24465712;24675741;25077552;25682866;26142315;27009365;27603901;27758765;28522963;28769876;9748248,BEL-Large-Corpus_ProtMapper;HPRD;HPRD_MIMP;KEA;MIMP;PhosphoSite;PhosphoSite_MIMP;PhosphoSite_ProtMapper;ProtMapper;REACH_ProtMapper;RLIMS-P_ProtMapper;SIGNOR;SIGNOR_ProtMapper;Sparser_ProtMapper;UniProt_ModRes;dbPTM;phosphoELM;phosphoELM_MIMP
Q14247,P16591,Fes/fps,tyr,Y384;Y421;Y466;Y470,Phosphorylation,20.0,HPRD;KEA;MIMP;NCI-PID_ProtMapper;PhosphoELM;PhosphoSitePlus;ProtMapper;REACH_ProtMapper;SIGNOR,curated_literature,True,17,10921917;12522270;15169891;15592455;16176974;16497976;17016520;17287340;17389395;18088087;18491316;18669648;18707149;19413330;20068231;27758765;9748248,HPRD;HPRD_MIMP;KEA;MIMP;NCI-PID_ProtMapper;PhosphoSite_MIMP;ProtMapper;REACH_ProtMapper;SIGNOR_ProtMapper;phosphoELM_MIMP
Q14247,P21802,Fibroblast growth factor receptor,tyr,Y384;Y416;Y433,Phosphorylation,1.0,PhosphoNetworks,predicted_or_inferred,False,0,,PhosphoNetworks
Q14247,P22455,Fibroblast growth factor receptor,tyr,Y141;Y178;Y215,Phosphorylation,1.0,PhosphoNetworks,predicted_or_inferred,False,0,,PhosphoNetworks
Q14247,P30291,WEE1,tyr,Y501,Phosphorylation,1.0,PhosphoNetworks,predicted_or_inferred,False,0,,PhosphoNetworks
Q14247,P41240,CSK,tyr,Y297;Y409;Y433,Phosphorylation,1.0,PhosphoNetworks,predicted_or_inferred,False,0,,PhosphoNetworks
Q14247,P42684,ABL,tyr,Y421;Y470;Y486,Phosphorylation,2.0,iPTMnet;neXtProt,literature_supported,False,1,17306540,iPTMnet_REST;neXtProt
Q14247,P43403,SYK/ZAP-70,tyr,Y433,Phosphorylation,1.0,PhosphoNetworks,predicted_or_inferred,False,0,,PhosphoNetworks
Q14247,P43405,SYK/ZAP-70,tyr,Y421;Y470;Y486,Phosphorylation,2.0,PhosphoSitePlus;ProtMapper;REACH_ProtMapper;Sparser_ProtMapper,curated_literature,True,2,27758765;28306714,PhosphoSite;PhosphoSite_ProtMapper;ProtMapper;REACH_ProtMapper;Sparser_ProtMapper
Q14247,P45985,MAP kinase kinase,dual,Y508,Phosphorylation,1.0,PhosphoNetworks,predicted_or_inferred,False,0,,PhosphoNetworks
Q14247,P51813,TEC,tyr,Y433,Phosphorylation,1.0,PhosphoNetworks,predicted_or_inferred,False,0,,PhosphoNetworks
Q14247,Q05397,FAK,tyr,Y421;Y470;Y486,Phosphorylation,1.0,ProtMapper;REACH_ProtMapper;RLIMS-P_ProtMapper;Sparser_ProtMapper;UniProt_ModRes,curated_source,True,1,22952866,ProtMapper;REACH_ProtMapper;RLIMS-P_ProtMapper;Sparser_ProtMapper;UniProt_ModRes
Q14247,Q07912,Tyr protein kinase,dual,Y421;Y470,Phosphorylation,1.0,ProtMapper;RLIMS-P_ProtMapper,literature_supported,False,1,22952966,ProtMapper;RLIMS-P_ProtMapper
Q14247,Q14289,FAK,tyr,Y154;Y409;Y421;Y470;Y486,Phosphorylation,1.0,PhosphoNetworks;PhosphoSitePlus;ProtMapper;REACH_ProtMapper;Sparser_ProtMapper,curated_literature,True,1,29133485,PhosphoNetworks;PhosphoSite;PhosphoSite_ProtMapper;ProtMapper;REACH_ProtMapper;Sparser_ProtMapper
Q14247,Q16832,Insulin receptor,tyr,Y384;Y433,Phosphorylation,1.0,PhosphoNetworks,predicted_or_inferred,False,0,,PhosphoNetworks
Q14247,Q6J9G0,Tyr protein kinase,tyr,Y141;Y178;Y215;Y449;Y508,Phosphorylation,1.0,PhosphoNetworks,predicted_or_inferred,False,0,,PhosphoNetworks
Q14247,Q9NR20,MNB/DYRK,dual,Y416,Phosphorylation,1.0,PhosphoNetworks,predicted_or_inferred,False,0,,PhosphoNetworks
Q14254,P06241,SRC,tyr,Y163,Phosphorylation,1.0,MIMP;PhosphoSitePlus;ProtMapper;Sparser_ProtMapper,curated_literature,True,1,19258392,MIMP;PhosphoSite;PhosphoSite_MIMP;PhosphoSite_ProtMapper;ProtMapper;Sparser_ProtMapper
Q14258,P12931,SRC,tyr,Y278,Phosphorylation,1.0,PhosphoSitePlus,curated_source,True,0,,PhosphoSite
Q14289,P00533,EGF receptor,tyr,Y402,Phosphorylation,2.0,BEL-Large-Corpus_ProtMapper;ProtMapper,predicted_or_inferred,False,0,,BEL-Large-Corpus_ProtMapper;ProtMapper
Q14289,P06213,Insulin receptor,tyr,Y402,Phosphorylation,1.0,KEA;Li2012,literature_supported,False,1,17570479,KEA;Li2012
Q14289,P06239,SRC,tyr,Y580,Phosphorylation,1.0,UniProt_ModRes,curated_literature,True,2,20028775;20381867,UniProt_ModRes
Q14289,P06241,SRC,tyr,Y402;Y580,Phosphorylation,1.0,KEA;UniProt_ModRes,curated_literature,True,3,17570479;20028775;20381867,KEA;UniProt_ModRes
Q14289,P07948,SRC,tyr,Y579,Phosphorylation,1.0,KEA,literature_supported,False,1,17570479,KEA
Q14289,P08069,Insulin receptor,tyr,Y579,Phosphorylation,1.0,KEA,literature_supported,False,1,17570479,KEA
Q14289,P08631,SRC,tyr,Y580,Phosphorylation,1.0,KEA,literature_supported,False,1,17570479,KEA
Q14289,P12931,SRC,tyr,Y402;Y579;Y580;Y881,Phosphorylation,9.0,HPRD;KEA;Li2012;MIMP;PhosphoELM;PhosphoSitePlus;ProtMapper;REACH_ProtMapper;RLIMS-P_ProtMapper;SIGNOR;Sparser_ProtMapper;UniProt_ModRes;dbPTM,curated_literature,True,15,12522270;15070849;15585656;15695828;17192257;17389395;18083107;18935208;19369195;19534553;20001213;20028775;20381867;20521079;26866924,HPRD_MIMP;KEA;Li2012;MIMP;PhosphoSite;PhosphoSite_MIMP;PhosphoSite_ProtMapper;ProtMapper;REACH_ProtMapper;RLIMS-P_ProtMapper;SIGNOR;SIGNOR_ProtMapper;Sparser_ProtMapper;UniProt_ModRes;dbPTM;phosphoELM_MIMP
Q14289,P43405,SYK/ZAP-70,tyr,Y402;Y440;Y881,Phosphorylation,7.0,HPRD;KEA;Li2012;MIMP;NCI-PID_ProtMapper;PhosphoELM;PhosphoNetworks;PhosphoSitePlus;ProtMapper,curated_literature,True,6,14624447;15105428;8816475;9560226;9727056;9988732,HPRD_MIMP;KEA;Li2012;MIMP;NCI-PID_ProtMapper;PhosphoNetworks;PhosphoSite_MIMP;ProtMapper;phosphoELM;phosphoELM_MIMP
Q14289,Q05397,FAK,tyr,Y402,Phosphorylation,1.0,ProtMapper;RLIMS-P_ProtMapper,literature_supported,False,1,26866924,ProtMapper;RLIMS-P_ProtMapper
Q14289,Q14289,FAK,tyr,Y402;Y579;Y580;Y881,Phosphorylation,4.0,HPRD;PhosphoSitePlus;SIGNOR;UniProt;UniProt_ModRes;iPTMnet;neXtProt,curated_literature,True,15,11337490;11493697;12514172;15105428;15166227;17016520;17205062;17329398;17389395;17684059;19207108;20028775;20381867;20521079;9560226,HPRD;PSP;Signor;UniProt;UniProt_ModRes;iPTMnet_REST;neXtProt
Q14289,Q16620,Insulin receptor,tyr,Y402,Phosphorylation,1.0,ProtMapper;Sparser_ProtMapper,literature_supported,False,1,20156366,ProtMapper;Sparser_ProtMapper
Q14444,P54764,Ephrin receptor,tyr,Y625;Y636;Y639;Y651;Y662;Y665;Y670,Phosphorylation,1.0,UniProt_ModRes,curated_literature,True,1,31439799,UniProt_ModRes
Q14451,Q05397,FAK,tyr,Y188;Y211;Y338;Y361,Phosphorylation,2.0,MIMP;PhosphoSitePlus;ProtMapper;UniProt_ModRes;dbPTM,curated_literature,True,2,19473962;20622016,MIMP;PhosphoSite;PhosphoSite_MIMP;PhosphoSite_ProtMapper;ProtMapper;UniProt_ModRes;dbPTM
Q14457,O60674,JAK,tyr,Y333,Phosphorylation,1.0,PhosphoSitePlus,curated_source,True,0,,PhosphoSite
Q14457,P00533,EGF receptor,tyr,Y229;Y233;Y352,Phosphorylation,5.0,PhosphoSitePlus;ProtMapper;REACH_ProtMapper;Sparser_ProtMapper,curated_literature,True,6,24034250;26071895;26546165;26692106;28085066;29152075,PhosphoSite;PhosphoSite_ProtMapper;ProtMapper;REACH_ProtMapper;Sparser_ProtMapper
Q14457,Q05397,FAK,tyr,Y233,Phosphorylation,1.0,PhosphoSitePlus;ProtMapper;REACH_ProtMapper;RLIMS-P_ProtMapper,curated_literature,True,1,27994061,PhosphoSite;PhosphoSite_ProtMapper;ProtMapper;REACH_ProtMapper;RLIMS-P_ProtMapper
Q14498,P00519,ABL,tyr,Y95;Y99,Phosphorylation,2.0,PhosphoSitePlus;ProtMapper;REACH_ProtMapper;RLIMS-P_ProtMapper;SIGNOR,curated_literature,True,1,27018250,PhosphoSite;PhosphoSite_ProtMapper;ProtMapper;REACH_ProtMapper;RLIMS-P_ProtMapper;SIGNOR
Q14511,P00519,ABL,tyr,Y164;Y166;Y177;Y189;Y214;Y223;Y279;Y317;Y92,Phosphorylation,1.0,UniProt_ModRes,curated_literature,True,1,22810897,UniProt_ModRes
Q14524,P06241,SRC,tyr,Y1494;Y1495,Phosphorylation,4.0,MIMP;PhosphoELM;PhosphoSitePlus;ProtMapper;SIGNOR,curated_literature,True,1,15831816,MIMP;PhosphoSite;PhosphoSite_MIMP;PhosphoSite_ProtMapper;ProtMapper;SIGNOR;SIGNOR_ProtMapper;phosphoELM_MIMP
Q14527,O60674,JAK,tyr,Y195,Phosphorylation,1.0,UniProt_ModRes,curated_literature,True,1,21457752,UniProt_ModRes
Q14643,P06241,SRC,tyr,Y338;Y353,Phosphorylation,5.0,HPRD;KEA;MIMP;PhosphoELM;PhosphoNetworks;PhosphoSitePlus;ProtMapper;REACH_ProtMapper;RLIMS-P_ProtMapper;SIGNOR;Sparser_ProtMapper,curated_literature,True,2,14761954;28598420,HPRD_MIMP;KEA;MIMP;PhosphoNetworks;PhosphoSite;PhosphoSite_MIMP;PhosphoSite_ProtMapper;ProtMapper;REACH_ProtMapper;RLIMS-P_ProtMapper;SIGNOR;SIGNOR_ProtMapper;Sparser_ProtMapper;phosphoELM;phosphoELM_MIMP
Q14643,P12931,SRC,tyr,Y353,Phosphorylation,1.0,ProtMapper;Sparser_ProtMapper,literature_supported,False,1,24904548,ProtMapper;Sparser_ProtMapper
Q14653,P00519,ABL,tyr,Y292,Phosphorylation,1.0,PhosphoSitePlus;ProtMapper;REACH_ProtMapper,curated_literature,True,1,30842273,PhosphoSite;ProtMapper;REACH_ProtMapper
Q14653,P42684,ABL,tyr,Y292,Phosphorylation,1.0,PhosphoSitePlus,curated_source,True,0,,PhosphoSite
Q14680,Q14680,SNF1,dual,Y163,Phosphorylation,1.0,UniProt_ModRes,curated_literature,True,1,16216881,UniProt_ModRes
Q14693,P12931,SRC,tyr,Y398;Y413;Y795,Phosphorylation,1.0,PhosphoSitePlus,curated_source,True,0,,PhosphoSite
Q14721,P12931,SRC,tyr,Y128,Phosphorylation,4.0,HPRD;KEA;MIMP;PhosphoSitePlus;ProtMapper;SIGNOR;UniProt_ModRes,curated_literature,True,2,12615930;19622611,HPRD;HPRD_MIMP;KEA;MIMP;PhosphoSite;PhosphoSite_MIMP;PhosphoSite_ProtMapper;ProtMapper;SIGNOR;SIGNOR_ProtMapper;UniProt_ModRes
Q14765,O43353,TKL Ser/Thr protein kinase,dual,Y693,Phosphorylation,4.0,NCI-PID_ProtMapper;ProtMapper,literature_supported,False,4,11894097;7638186;7722452;9890938,NCI-PID_ProtMapper;ProtMapper
Q14765,O60674,JAK,tyr,Y693,Phosphorylation,2.0,ProtMapper;REACH_ProtMapper;SIGNOR,curated_literature,True,1,16324152,ProtMapper;REACH_ProtMapper;SIGNOR;SIGNOR_ProtMapper
Q14765,P29597,JAK,tyr,Y693,Phosphorylation,1.0,ProtMapper;REACH_ProtMapper;RLIMS-P_ProtMapper;Sparser_ProtMapper,literature_supported,False,1,16324152,ProtMapper;REACH_ProtMapper;RLIMS-P_ProtMapper;Sparser_ProtMapper
Q14790,P00533,EGF receptor,tyr,Y380,Phosphorylation,1.0,ProtMapper;REACH_ProtMapper;Sparser_ProtMapper,literature_supported,False,1,29021794,ProtMapper;REACH_ProtMapper;Sparser_ProtMapper
Q14790,P07948,SRC,tyr,Y380;Y439;Y448;Y507,Phosphorylation,2.0,MIMP;PhosphoSitePlus;ProtMapper;REACH_ProtMapper;Sparser_ProtMapper,curated_literature,True,2,18086677;22074016,MIMP;PhosphoSite;PhosphoSite_MIMP;PhosphoSite_ProtMapper;ProtMapper;REACH_ProtMapper;Sparser_ProtMapper
Q14790,P12931,SRC,tyr,Y380;Y397;Y439,Phosphorylation,10.0,MIMP;PhosphoSitePlus;ProtMapper;REACH_ProtMapper;RLIMS-P_ProtMapper;SIGNOR;Sparser_ProtMapper;UniProt_ModRes,curated_literature,True,9,16619028;19383910;19470771;22074016;24100030;27109099;27195913;27432652;30501030,MIMP;PhosphoSite;PhosphoSite_MIMP;PhosphoSite_ProtMapper;ProtMapper;REACH_ProtMapper;RLIMS-P_ProtMapper;SIGNOR;SIGNOR_ProtMapper;Sparser_ProtMapper;UniProt_ModRes
Q14790,P41240,CSK,tyr,Y380,Phosphorylation,1.0,ProtMapper;Sparser_ProtMapper,literature_supported,False,1,27432652,ProtMapper;Sparser_ProtMapper
Q14847,P00519,ABL,tyr,Y171,Phosphorylation,4.0,HPRD;KEA;MIMP;PhosphoELM;PhosphoSitePlus;ProtMapper;REACH_ProtMapper;SIGNOR;Sparser_ProtMapper,curated_literature,True,3,15138294;15465019;17570479,HPRD_MIMP;KEA;MIMP;PhosphoSite;PhosphoSite_MIMP;PhosphoSite_ProtMapper;ProtMapper;REACH_ProtMapper;SIGNOR;SIGNOR_ProtMapper;Sparser_ProtMapper;phosphoELM_MIMP
Q14847,P07948,SRC,tyr,Y171,Phosphorylation,1.0,PhosphoSitePlus,curated_source,True,0,,PhosphoSite
Q14847,P12931,SRC,tyr,Y171,Phosphorylation,2.0,PhosphoSitePlus;ProtMapper;SIGNOR;Sparser_ProtMapper,curated_literature,True,2,19718473;25622104,PhosphoSite;ProtMapper;SIGNOR;Sparser_ProtMapper
Q14934,P30291,WEE1,tyr,Y234,Phosphorylation,1.0,PhosphoNetworks,predicted_or_inferred,False,0,,PhosphoNetworks
Q14934,P54762,Ephrin receptor,tyr,Y234,Phosphorylation,1.0,PhosphoNetworks,predicted_or_inferred,False,0,,PhosphoNetworks
Q14956,P00533,EGF receptor,tyr,Y525,Phosphorylation,1.0,ProtMapper;REACH_ProtMapper;Sparser_ProtMapper,literature_supported,False,1,26751287,ProtMapper;REACH_ProtMapper;Sparser_ProtMapper
Q14956,Q13882,BRK/PTK6/SIK,tyr,Y525,Phosphorylation,1.0,ProtMapper;REACH_ProtMapper,literature_supported,False,1,26751287,ProtMapper;REACH_ProtMapper
Q14980,P00519,ABL,tyr,Y1774,Phosphorylation,2.0,PhosphoSitePlus;ProtMapper;REACH_ProtMapper;RLIMS-P_ProtMapper;Sparser_ProtMapper,curated_literature,True,2,22252550;25202877,PhosphoSite;PhosphoSite_ProtMapper;ProtMapper;REACH_ProtMapper;RLIMS-P_ProtMapper;Sparser_ProtMapper
Q15057,P00519,ABL,tyr,Y742,Phosphorylation,1.0,KEA,literature_supported,False,1,17570479,KEA
Q15057,P06239,SRC,tyr,Y750,Phosphorylation,1.0,KEA,literature_supported,False,1,17570479,KEA
Q15057,P08631,SRC,tyr,Y742,Phosphorylation,1.0,KEA,literature_supported,False,1,17570479,KEA
Q15116,P06241,SRC,tyr,Y248,Phosphorylation,1.0,UniProt_ModRes,curated_literature,True,2,31754127;32184441,UniProt_ModRes
Q15118,O60674,JAK,tyr,Y243,Phosphorylation,1.0,MIMP;PhosphoSitePlus;ProtMapper;REACH_ProtMapper;UniProt_ModRes,curated_literature,True,1,22195962,MIMP;PhosphoSite;PhosphoSite_MIMP;PhosphoSite_ProtMapper;ProtMapper;REACH_ProtMapper;UniProt_ModRes
Q15118,P00519,ABL,tyr,Y243,Phosphorylation,3.0,MIMP;PhosphoSitePlus;ProtMapper;UniProt_ModRes,curated_literature,True,1,22195962,MIMP;PhosphoSite;PhosphoSite_MIMP;PhosphoSite_ProtMapper;ProtMapper;UniProt_ModRes
Q15118,P11362,Fibroblast growth factor receptor,tyr,Y136;Y243;Y244,Phosphorylation,2.0,MIMP;PhosphoSitePlus;ProtMapper;REACH_ProtMapper;SIGNOR;UniProt_ModRes,curated_literature,True,1,22195962,MIMP;PhosphoSite;PhosphoSite_MIMP;PhosphoSite_ProtMapper;ProtMapper;REACH_ProtMapper;SIGNOR;SIGNOR_ProtMapper;UniProt_ModRes
Q15118,P12931,SRC,tyr,Y376,Phosphorylation,1.0,KEA,literature_supported,False,1,1148133,KEA
Q15118,P36888,CSF-1/PDGF receptor,tyr,Y243,Phosphorylation,1.0,MIMP;PhosphoSitePlus;ProtMapper;REACH_ProtMapper;UniProt_ModRes,curated_literature,True,1,22195962,MIMP;PhosphoSite;PhosphoSite_MIMP;PhosphoSite_ProtMapper;ProtMapper;REACH_ProtMapper;UniProt_ModRes
Q15139,P00519,ABL,tyr,Y432;Y463;Y502,Phosphorylation,11.0,BEL-Large-Corpus_ProtMapper;HPRD;KEA;Li2012;MIMP;PhosphoELM;PhosphoSitePlus;ProtMapper;REACH_ProtMapper;RLIMS-P_ProtMapper;SIGNOR;Sparser_ProtMapper;UniProt_ModRes,curated_literature,True,6,12505989;12637538;15024053;15212693;23329794;28174535,BEL-Large-Corpus_ProtMapper;HPRD_MIMP;KEA;Li2012;MIMP;PhosphoSite;PhosphoSite_MIMP;PhosphoSite_ProtMapper;ProtMapper;REACH_ProtMapper;RLIMS-P_ProtMapper;SIGNOR;SIGNOR_ProtMapper;Sparser_ProtMapper;UniProt_ModRes;phosphoELM;phosphoELM_MIMP
Q15139,P08922,Insulin receptor,tyr,Y95,Phosphorylation,1.0,ProtMapper;Sparser_ProtMapper,literature_supported,False,1,26998193,ProtMapper;Sparser_ProtMapper
Q15139,P12931,SRC,tyr,Y432;Y463;Y502;Y95,Phosphorylation,5.0,HPRD;KEA;MIMP;PhosphoELM;PhosphoSitePlus;ProtMapper;REACH_ProtMapper;SIGNOR;Sparser_ProtMapper,curated_literature,True,4,12505989;12637538;17804414;28174535,HPRD_MIMP;KEA;MIMP;PhosphoSite;PhosphoSite_MIMP;PhosphoSite_ProtMapper;ProtMapper;REACH_ProtMapper;SIGNOR;SIGNOR_ProtMapper;Sparser_ProtMapper;phosphoELM;phosphoELM_MIMP
Q15303,Q15303,EGF receptor,tyr,Y1035;Y1056;Y1150;Y1162;Y1188;Y1202;Y1242;Y1258;Y1284;Y875,Phosphorylation,4.0,PhosphoSitePlus;UniProt;UniProt_ModRes;iPTMnet;neXtProt,curated_literature,True,4,16934755;17120616;18721752;8617750,PSP;UniProt;UniProt_ModRes;iPTMnet_REST;neXtProt
Q15349,P36507,MAP kinase kinase,dual,Y217;Y573,Phosphorylation,1.0,PhosphoNetworks,predicted_or_inferred,False,0,,PhosphoNetworks
Q15349,Q96S53,TKL Ser/Thr protein kinase,dual,Y217;Y573,Phosphorylation,1.0,PhosphoNetworks,predicted_or_inferred,False,0,,PhosphoNetworks
Q15375,Q15375,Ephrin receptor,tyr,Y608;Y614;Y791;Y940,Phosphorylation,1.0,UniProt_ModRes,curated_source,True,0,,UniProt_ModRes
Q15417,P06241,SRC,tyr,Y261,Phosphorylation,4.0,HPRD;KEA;MIMP;PhosphoELM;PhosphoSitePlus;ProtMapper;SIGNOR,curated_literature,True,1,15206927,HPRD;HPRD_MIMP;KEA;MIMP;PhosphoSite_MIMP;ProtMapper;SIGNOR;SIGNOR_ProtMapper;phosphoELM_MIMP
Q15417,P12931,SRC,tyr,Y10,Phosphorylation,3.0,MIMP;PhosphoSitePlus;ProtMapper,curated_source,True,0,,MIMP;PhosphoSite;PhosphoSite_MIMP;PhosphoSite_ProtMapper;ProtMapper
Q15438,P06241,SRC,tyr,Y382,Phosphorylation,1.0,ProtMapper;REACH_ProtMapper,literature_supported,False,1,23012656,ProtMapper;REACH_ProtMapper
Q15438,P12931,SRC,tyr,Y382,Phosphorylation,1.0,ProtMapper;REACH_ProtMapper,literature_supported,False,1,23012656,ProtMapper;REACH_ProtMapper
Q15642,P12931,SRC,tyr,Y471,Phosphorylation,3.0,HPRD;MIMP;PhosphoSitePlus,curated_source,True,0,,HPRD_MIMP;MIMP;PhosphoSite;PhosphoSite_MIMP
Q15642,P43405,SYK/ZAP-70,tyr,Y471,Phosphorylation,1.0,PhosphoNetworks,predicted_or_inferred,False,0,,PhosphoNetworks
Q15645,P00533,EGF receptor,tyr,Y206;Y56,Phosphorylation,1.0,PhosphoSitePlus;SIGNOR,curated_literature,True,1,32860853,PhosphoSite;SIGNOR
Q15650,P00533,EGF receptor,tyr,Y289,Phosphorylation,1.0,KEA,literature_supported,False,1,17570479,KEA
Q15650,P12931,SRC,tyr,Y289,Phosphorylation,1.0,KEA,literature_supported,False,1,17570479,KEA
Q15653,P42684,ABL,tyr,Y161,Phosphorylation,1.0,KEA,literature_supported,False,1,16286457,KEA
Q15654,P12931,SRC,tyr,Y55,Phosphorylation,9.0,KEA;MIMP;NCI-PID_ProtMapper;PhosphoSitePlus;ProtMapper;REACH_ProtMapper;Sparser_ProtMapper;UniProt_ModRes;dbPTM,curated_literature,True,7,14688263;15988003;16880273;17591779;20876301;21689746;27134758,KEA;MIMP;NCI-PID_ProtMapper;PhosphoSite;PhosphoSite_MIMP;PhosphoSite_ProtMapper;ProtMapper;REACH_ProtMapper;Sparser_ProtMapper;UniProt_ModRes;dbPTM
Q15669,P12931,SRC,tyr,Y73;Y83,Phosphorylation,1.0,Li2012,predicted_or_inferred,False,0,,Li2012
Q15691,P12931,SRC,tyr,Y247,Phosphorylation,1.0,PhosphoSitePlus;ProtMapper;RLIMS-P_ProtMapper;Sparser_ProtMapper,curated_literature,True,1,27698945,PhosphoSite;PhosphoSite_ProtMapper;ProtMapper;RLIMS-P_ProtMapper;Sparser_ProtMapper
Q15700,P06241,SRC,tyr,Y348,Phosphorylation,2.0,KEA;SIGNOR,curated_literature,True,1,13129934,KEA;SIGNOR
Q15717,P52333,JAK,tyr,Y200;Y63;Y68,Phosphorylation,1.0,HPRD;MIMP;PhosphoSitePlus;ProtMapper;REACH_ProtMapper;RLIMS-P_ProtMapper;Sparser_ProtMapper,curated_literature,True,1,24106086,HPRD_MIMP;MIMP;PhosphoSite;PhosphoSite_MIMP;PhosphoSite_ProtMapper;ProtMapper;REACH_ProtMapper;RLIMS-P_ProtMapper;Sparser_ProtMapper
Q15746,P00519,ABL,tyr,Y1449;Y1575;Y1635;Y231;Y464;Y556;Y611;Y792;Y846,Phosphorylation,10.0,KEA;MIMP;PhosphoSitePlus;ProtMapper;SIGNOR;UniProt_ModRes;dbPTM,curated_literature,True,3,11113114;12408982;20861316,KEA;MIMP;PhosphoSite;PhosphoSite_MIMP;PhosphoSite_ProtMapper;ProtMapper;SIGNOR;SIGNOR_ProtMapper;UniProt_ModRes;dbPTM
Q15746,P12931,SRC,tyr,Y464;Y471,Phosphorylation,10.0,KEA;MIMP;PhosphoSitePlus;ProtMapper;SIGNOR;UniProt_ModRes;dbPTM,curated_literature,True,3,11113114;12408982;20861316,KEA;MIMP;PhosphoSite;PhosphoSite_MIMP;PhosphoSite_ProtMapper;ProtMapper;SIGNOR;SIGNOR_ProtMapper;UniProt_ModRes;dbPTM
Q15759,P12931,SRC,tyr,Y182,Phosphorylation,2.0,ProtMapper;Reactome_ProtMapper,predicted_or_inferred,False,0,,ProtMapper;Reactome_ProtMapper
Q15759,P43403,SYK/ZAP-70,tyr,Y323,Phosphorylation,1.0,UniProt_ModRes,curated_source,True,0,,UniProt_ModRes
Q15759,P43405,SYK/ZAP-70,tyr,Y182,Phosphorylation,2.0,NCI-PID_ProtMapper;ProtMapper,literature_supported,False,2,12038794;8636072,NCI-PID_ProtMapper;ProtMapper
Q15759,P45985,MAP kinase kinase,dual,Y182,Phosphorylation,1.0,UniProt_ModRes,curated_literature,True,2,15356147;38270553,UniProt_ModRes
Q15759,P46734,MAP kinase kinase,dual,Y182,Phosphorylation,5.0,NCI-PID_ProtMapper;ProtMapper;Reactome_ProtMapper;UniProt_ModRes;dbPTM,curated_literature,True,7,11704645;14724572;15356147;18083107;18291705;19369195;38270553,NCI-PID_ProtMapper;ProtMapper;Reactome_ProtMapper;UniProt_ModRes;dbPTM
Q15759,P52564,MAP kinase kinase,dual,Y182,Phosphorylation,5.0,NCI-PID_ProtMapper;ProtMapper;Reactome_ProtMapper;UniProt_ModRes,curated_literature,True,7,11727828;15356147;18291705;38270553;8622669;9362518;9790884,NCI-PID_ProtMapper;ProtMapper;Reactome_ProtMapper;UniProt_ModRes
Q15762,P06241,SRC,tyr,Y322,Phosphorylation,1.0,PhosphoSitePlus;ProtMapper;REACH_ProtMapper,curated_literature,True,1,21750737,PhosphoSite;PhosphoSite_ProtMapper;ProtMapper;REACH_ProtMapper
Q15831,P06239,SRC,tyr,Y261;Y36,Phosphorylation,2.0,ProtMapper;REACH_ProtMapper;Sparser_ProtMapper;iPTMnet;neXtProt,literature_supported,False,2,21487392;28625738,ProtMapper;REACH_ProtMapper;Sparser_ProtMapper;iPTMnet_REST;neXtProt
Q15831,P06241,SRC,tyr,Y261,Phosphorylation,4.0,ProtMapper;REACH_ProtMapper;Sparser_ProtMapper,literature_supported,False,4,20142099;21428801;24586906;27416781,ProtMapper;REACH_ProtMapper;Sparser_ProtMapper
Q15831,P12931,SRC,tyr,Y261;Y36,Phosphorylation,1.0,ProtMapper;REACH_ProtMapper,literature_supported,False,2,27416781;28625738,ProtMapper;REACH_ProtMapper
Q15858,P06241,SRC,tyr,Y1481;Y1482,Phosphorylation,1.0,PhosphoSitePlus,curated_source,True,0,,PhosphoSite
Q15910,O60674,JAK,tyr,Y641;Y646,Phosphorylation,6.0,MIMP;PhosphoSitePlus;ProtMapper;REACH_ProtMapper;SIGNOR;Sparser_ProtMapper,curated_literature,True,5,24469040;25038756;27468692;27494834;30159126,MIMP;PhosphoSite;PhosphoSite_MIMP;PhosphoSite_ProtMapper;ProtMapper;REACH_ProtMapper;SIGNOR;SIGNOR_ProtMapper;Sparser_ProtMapper
Q15910,P52333,JAK,tyr,Y244,Phosphorylation,2.0,PhosphoSitePlus;ProtMapper;REACH_ProtMapper;Sparser_ProtMapper,curated_literature,True,2,28868240;29556394,PhosphoSite;PhosphoSite_ProtMapper;ProtMapper;REACH_ProtMapper;Sparser_ProtMapper
Q15942,P29320,Ephrin receptor,tyr,Y172,Phosphorylation,1.0,PhosphoNetworks,predicted_or_inferred,False,0,,PhosphoNetworks
Q15942,Q96S53,TKL Ser/Thr protein kinase,dual,Y172,Phosphorylation,1.0,PhosphoNetworks,predicted_or_inferred,False,0,,PhosphoNetworks
Q16143,P35790,choline/ethanolamine kinase,unknown,Y119;Y127;Y130;Y39,Phosphorylation,1.0,ProtMapper;REACH_ProtMapper,literature_supported,False,1,21699177,ProtMapper;REACH_ProtMapper
Q16236,P06241,SRC,tyr,Y576,Phosphorylation,20.0,PhosphoSitePlus;ProtMapper;REACH_ProtMapper;RLIMS-P_ProtMapper;Sparser_ProtMapper,curated_literature,True,20,17403689;19538984;19666107;20865015;21097520;23041058;23434765;23781297;23830626;24116287;25534706;26640614;26674355;27047795;27230643;27233051;27340506;28383481;28708100;29261130,PhosphoSite;PhosphoSite_ProtMapper;ProtMapper;REACH_ProtMapper;RLIMS-P_ProtMapper;Sparser_ProtMapper
Q16236,P07947,SRC,tyr,Y576,Phosphorylation,1.0,PhosphoSitePlus,curated_source,True,0,,PhosphoSite
Q16236,P09769,SRC,tyr,Y576,Phosphorylation,2.0,PhosphoSitePlus;ProtMapper;REACH_ProtMapper;Sparser_ProtMapper,curated_literature,True,2,23434765;26998193,PhosphoSite;ProtMapper;REACH_ProtMapper;Sparser_ProtMapper
Q16236,P12931,SRC,tyr,Y576,Phosphorylation,3.0,PhosphoSitePlus;ProtMapper;REACH_ProtMapper;Sparser_ProtMapper,curated_literature,True,3,27230643;27233051;29104732,PhosphoSite;ProtMapper;REACH_ProtMapper;Sparser_ProtMapper
Q16288,P06213,Insulin receptor,tyr,Y710,Phosphorylation,1.0,KEA,literature_supported,False,1,17570479,KEA
Q16288,P08069,Insulin receptor,tyr,Y709,Phosphorylation,1.0,KEA,literature_supported,False,1,17570479,KEA
Q16288,Q16288,Insulin receptor,tyr,Y516;Y705;Y709;Y710,Phosphorylation,1.0,UniProt_ModRes,curated_literature,True,1,25196463,UniProt_ModRes
Q16531,P00519,ABL,tyr,Y182;Y316;Y718,Phosphorylation,2.0,PhosphoSitePlus;ProtMapper;Sparser_ProtMapper,curated_source,True,1,28087699,PhosphoSite;PhosphoSite_ProtMapper;ProtMapper;Sparser_ProtMapper
Q16539,O14733,MAP kinase kinase,dual,Y182,Phosphorylation,2.0,iPTMnet;neXtProt,literature_supported,False,1,11062067,iPTMnet_REST;neXtProt
Q16539,P06239,SRC,tyr,Y323,Phosphorylation,1.0,KEA;MIMP;PhosphoELM;PhosphoSitePlus;ProtMapper,curated_literature,True,1,15735648,KEA;MIMP;PhosphoSite;PhosphoSite_MIMP;PhosphoSite_ProtMapper;ProtMapper;phosphoELM_MIMP
Q16539,P06241,SRC,tyr,Y323,Phosphorylation,3.0,KEA;MIMP;PhosphoELM;PhosphoSitePlus;ProtMapper;SIGNOR,curated_literature,True,1,15735648,KEA;MIMP;PhosphoSite;PhosphoSite_MIMP;PhosphoSite_ProtMapper;ProtMapper;SIGNOR;SIGNOR_ProtMapper;phosphoELM_MIMP
Q16539,P07949,Tyr protein kinase,tyr,Y182,Phosphorylation,29.0,HPRD;KEA;MIMP;PhosphoELM;PhosphoSitePlus;ProtMapper;SIGNOR,curated_literature,True,23,10781613;15592455;15659558;15674326;15735649;15972258;16083285;16153436;16497976;17016520;17081983;17126298;17548358;18088087;18452278;18669648;18691976;19651622;19901323;20068231;7535770;7750576;8622669,HPRD;HPRD_MIMP;KEA;MIMP;PhosphoSite;PhosphoSite_MIMP;PhosphoSite_ProtMapper;ProtMapper;SIGNOR;SIGNOR_ProtMapper;phosphoELM_MIMP
Q16539,P09769,SRC,tyr,Y182,Phosphorylation,2.0,ProtMapper;Reactome_ProtMapper,predicted_or_inferred,False,0,,ProtMapper;Reactome_ProtMapper
Q16539,P12931,SRC,tyr,Y182,Phosphorylation,2.0,ProtMapper;Reactome_ProtMapper,predicted_or_inferred,False,0,,ProtMapper;Reactome_ProtMapper
Q16539,P43403,SYK/ZAP-70,tyr,Y323,Phosphorylation,6.0,KEA;MIMP;PhosphoELM;PhosphoSitePlus;ProtMapper;SIGNOR;Sparser_ProtMapper;UniProt_ModRes;dbPTM,curated_literature,True,2,15735648;26390817,KEA;MIMP;PhosphoSite;PhosphoSite_MIMP;PhosphoSite_ProtMapper;ProtMapper;SIGNOR;SIGNOR_ProtMapper;Sparser_ProtMapper;UniProt_ModRes;dbPTM;phosphoELM;phosphoELM_MIMP
Q16539,P43405,SYK/ZAP-70,tyr,Y182,Phosphorylation,2.0,NCI-PID_ProtMapper;ProtMapper,literature_supported,False,2,12038794;8636072,NCI-PID_ProtMapper;ProtMapper
Q16539,P45985,MAP kinase kinase,dual,Y182,Phosphorylation,4.0,HPRD;MIMP;NCI-PID_ProtMapper;PhosphoELM;PhosphoSitePlus;ProtMapper;UniProt_ModRes,curated_literature,True,9,18669648;19690332;20068231;23186163;7535770;7693711;7839144;7914033;7997261,HPRD_MIMP;MIMP;NCI-PID_ProtMapper;PhosphoSite;PhosphoSite_MIMP;PhosphoSite_ProtMapper;ProtMapper;UniProt_ModRes;phosphoELM_MIMP
Q16539,P46734,MAP kinase kinase,dual,Y182,Phosphorylation,44.0,BEL-Large-Corpus_ProtMapper;HPRD;KEA;MIMP;NCI-PID_ProtMapper;PhosphoELM;PhosphoSitePlus;ProtMapper;Reactome_ProtMapper;SIGNOR;UniProt_ModRes;dbPTM,curated_literature,True,39,10734320;10781613;11304531;11309380;14970210;15212693;15592455;15659558;15674326;15735649;15972258;16083285;16153436;16157584;16407200;17081983;17192257;17389395;18083107;18088087;18291705;18586681;18669648;18691976;19369195;19534553;19690332;20068231;23186163;7535770;7592586;7693711;7750576;7839144;7914033;7997261;8622669;9528766;9582275,BEL-Large-Corpus_ProtMapper;HPRD_MIMP;KEA;MIMP;NCI-PID_ProtMapper;PhosphoSite;PhosphoSite_MIMP;PhosphoSite_ProtMapper;ProtMapper;Reactome_ProtMapper;SIGNOR;SIGNOR_ProtMapper;UniProt_ModRes;dbPTM;phosphoELM_MIMP
Q16539,P52564,MAP kinase kinase,dual,Y182,Phosphorylation,45.0,BEL-Large-Corpus_ProtMapper;HPRD;KEA;MIMP;NCI-PID_ProtMapper;PhosphoELM;PhosphoSitePlus;ProtMapper;Reactome_ProtMapper;SIGNOR;UniProt_ModRes,curated_literature,True,44,10734320;10781613;11304531;11309380;11727828;14970210;15212693;15592455;15659558;15674326;15735649;15972258;16083285;16153436;16157584;16282370;16342939;16497976;17016520;17081983;17192257;18088087;18291705;18452278;18586681;18669648;18691976;19651622;19690332;19901323;20068231;21402774;23186163;7535770;7592586;7693711;7750576;7914033;7997261;8622669;9362518;9528766;9582275;9790884,BEL-Large-Corpus_ProtMapper;HPRD;HPRD_MIMP;KEA;MIMP;NCI-PID_ProtMapper;PhosphoSite;PhosphoSite_MIMP;PhosphoSite_ProtMapper;ProtMapper;Reactome_ProtMapper;SIGNOR;SIGNOR_ProtMapper;UniProt_ModRes;phosphoELM_MIMP
Q16539,Q02750,MAP kinase kinase,dual,Y182,Phosphorylation,2.0,NCI-PID_ProtMapper;ProtMapper,literature_supported,False,2,15632082;16157584,NCI-PID_ProtMapper;ProtMapper
Q16539,Q96KB5,MAP kinase kinase,dual,Y182,Phosphorylation,1.0,KEA,literature_supported,False,1,15659558,KEA
Q16543,P07947,SRC,tyr,Y298;Y4,Phosphorylation,2.0,PhosphoSitePlus;ProtMapper,curated_source,True,0,,PhosphoSite;PhosphoSite_ProtMapper;ProtMapper
Q16555,P06241,SRC,tyr,Y32,Phosphorylation,4.0,ProtMapper;REACH_ProtMapper;RLIMS-P_ProtMapper;Sparser_ProtMapper;UniProt_ModRes;dbPTM,curated_literature,True,3,19652227;19690332;22443207,ProtMapper;REACH_ProtMapper;RLIMS-P_ProtMapper;Sparser_ProtMapper;UniProt_ModRes;dbPTM
Q16555,P07332,Fes/fps,tyr,Y32,Phosphorylation,1.0,ProtMapper;REACH_ProtMapper,literature_supported,False,1,20202117,ProtMapper;REACH_ProtMapper
Q16555,P07947,SRC,tyr,Y479,Phosphorylation,1.0,PhosphoSitePlus;ProtMapper;REACH_ProtMapper,curated_literature,True,1,20202117,PhosphoSite;PhosphoSite_ProtMapper;ProtMapper;REACH_ProtMapper
Q16555,P16591,Fes/fps,tyr,Y479;Y499,Phosphorylation,2.0,PhosphoSitePlus;ProtMapper;REACH_ProtMapper;Sparser_ProtMapper,curated_literature,True,2,20202117;29396402,PhosphoSite;PhosphoSite_ProtMapper;ProtMapper;REACH_ProtMapper;Sparser_ProtMapper
Q16595,P12931,SRC,tyr,Y118,Phosphorylation,2.0,PhosphoSitePlus;ProtMapper,curated_source,True,0,,PhosphoSite;PhosphoSite_ProtMapper;ProtMapper
Q16611,P51813,TEC,tyr,Y108,Phosphorylation,1.0,PhosphoSitePlus;ProtMapper;REACH_ProtMapper,curated_literature,True,1,26909357,PhosphoSite;PhosphoSite_ProtMapper;ProtMapper;REACH_ProtMapper
Q16620,P06213,Insulin receptor,tyr,Y706,Phosphorylation,1.0,KEA,literature_supported,False,1,17570479,KEA
Q16620,P06241,SRC,tyr,Y706;Y707,Phosphorylation,2.0,ProtMapper;Reactome_ProtMapper,predicted_or_inferred,False,0,,ProtMapper;Reactome_ProtMapper
Q16620,P12931,SRC,tyr,Y706;Y707,Phosphorylation,2.0,ProtMapper;Reactome_ProtMapper,predicted_or_inferred,False,0,,ProtMapper;Reactome_ProtMapper
Q16620,Q16620,Insulin receptor,tyr,Y516;Y702;Y706;Y707;Y817,Phosphorylation,4.0,HPRD;PhosphoSitePlus;UniProt_ModRes;iPTMnet,curated_literature,True,2,10533983;20064930,HPRD;PSP;UniProt_ModRes;iPTMnet_REST
Q16625,P12931,SRC,tyr,Y398;Y402,Phosphorylation,2.0,MIMP;PhosphoSitePlus;ProtMapper;REACH_ProtMapper;Sparser_ProtMapper,curated_literature,True,2,24349408;25377781,MIMP;PhosphoSite;PhosphoSite_MIMP;PhosphoSite_ProtMapper;ProtMapper;REACH_ProtMapper;Sparser_ProtMapper
Q16665,Q13882,BRK/PTK6/SIK,tyr,Y565,Phosphorylation,5.0,ProtMapper;REACH_ProtMapper;Sparser_ProtMapper,literature_supported,False,5,26751287;28738810;28789687;28811863;29137361,ProtMapper;REACH_ProtMapper;Sparser_ProtMapper
Q16790,P00533,EGF receptor,tyr,Y449,Phosphorylation,1.0,ProtMapper;REACH_ProtMapper,literature_supported,False,1,29439394,ProtMapper;REACH_ProtMapper
Q16832,P12931,SRC,tyr,Y471;Y736;Y740;Y741,Phosphorylation,5.0,HPRD;KEA;MIMP;PhosphoELM;PhosphoSitePlus;ProtMapper;REACH_ProtMapper;RLIMS-P_ProtMapper;SIGNOR;Sparser_ProtMapper;UniProt_ModRes;dbPTM,curated_literature,True,5,-;11884411;16186108;18083107;28270508,HPRD_MIMP;KEA;MIMP;PhosphoSite;PhosphoSite_MIMP;PhosphoSite_ProtMapper;ProtMapper;REACH_ProtMapper;RLIMS-P_ProtMapper;SIGNOR;SIGNOR_ProtMapper;Sparser_ProtMapper;UniProt_ModRes;dbPTM;phosphoELM_MIMP
Q16832,Q16832,Insulin receptor,tyr,Y471;Y736;Y740;Y741,Phosphorylation,3.0,UniProt;UniProt_ModRes;iPTMnet;neXtProt,curated_literature,True,1,16186108,UniProt;UniProt_ModRes;iPTMnet_REST;neXtProt
Q16881,P06241,SRC,tyr,Y161,Phosphorylation,1.0,ProtMapper;Sparser_ProtMapper,literature_supported,False,1,24709904,ProtMapper;Sparser_ProtMapper
Q16881,Q15303,EGF receptor,tyr,Y131,Phosphorylation,1.0,KEA,literature_supported,False,1,17570479,KEA
Q38SD2,P00533,EGF receptor,tyr,Y971,Phosphorylation,1.0,MIMP;PhosphoSitePlus;ProtMapper;SIGNOR,curated_literature,True,1,22337768,MIMP;PhosphoSite;PhosphoSite_MIMP;PhosphoSite_ProtMapper;ProtMapper;SIGNOR
Q3V6T2,P00533,EGF receptor,tyr,Y1765;Y1799,Phosphorylation,1.0,PhosphoSitePlus;ProtMapper;Sparser_ProtMapper,curated_literature,True,1,25707853,PhosphoSite;ProtMapper;Sparser_ProtMapper
Q3V6T2,P06213,Insulin receptor,tyr,Y1765,Phosphorylation,2.0,ProtMapper;REACH_ProtMapper;Sparser_ProtMapper,literature_supported,False,2,26378251;26514725,ProtMapper;REACH_ProtMapper;Sparser_ProtMapper
Q3V6T2,P09619,CSF-1/PDGF receptor,tyr,Y1765,Phosphorylation,1.0,ProtMapper;Sparser_ProtMapper,literature_supported,False,1,25043713,ProtMapper;Sparser_ProtMapper
Q3V6T2,P12931,SRC,tyr,Y1765;Y1799,Phosphorylation,1.0,PhosphoSitePlus;ProtMapper;Sparser_ProtMapper,curated_literature,True,1,25707853,PhosphoSite;PhosphoSite_ProtMapper;ProtMapper;Sparser_ProtMapper
Q495A1,P06239,SRC,tyr,Y225,Phosphorylation,1.0,PhosphoSitePlus,curated_source,True,0,,PhosphoSite
Q495A1,P06241,SRC,tyr,Y225,Phosphorylation,1.0,PhosphoSitePlus,curated_source,True,0,,PhosphoSite
Q5SRH9,Q05397,FAK,tyr,Y397,Phosphorylation,1.0,ProtMapper;Sparser_ProtMapper,literature_supported,False,1,30055645,ProtMapper;Sparser_ProtMapper
Q5TCZ1,P12931,SRC,tyr,Y558,Phosphorylation,2.0,ProtMapper;REACH_ProtMapper;RLIMS-P_ProtMapper;Sparser_ProtMapper,literature_supported,False,2,19596797;24174371,ProtMapper;REACH_ProtMapper;RLIMS-P_ProtMapper;Sparser_ProtMapper
Q68CZ2,P12931,SRC,tyr,Y1173;Y1206;Y1256,Phosphorylation,2.0,MIMP;PhosphoSitePlus;ProtMapper;SIGNOR,curated_literature,True,1,19732724,MIMP;PhosphoSite;PhosphoSite_MIMP;PhosphoSite_ProtMapper;ProtMapper;SIGNOR;SIGNOR_ProtMapper
Q6GTX8,P07948,SRC,tyr,Y281,Phosphorylation,1.0,KEA,literature_supported,False,1,17570479,KEA
Q6N021,O60674,JAK,tyr,Y1939;Y1964,Phosphorylation,1.0,PhosphoSitePlus,curated_source,True,0,,PhosphoSite
Q6N021,P22607,Fibroblast growth factor receptor,tyr,Y1902,Phosphorylation,1.0,PhosphoSitePlus,curated_source,True,0,,PhosphoSite
Q6NUN9,P00519,ABL,tyr,Y137,Phosphorylation,1.0,PhosphoSitePlus,curated_source,True,0,,PhosphoSite
Q6P1J9,P00519,ABL,tyr,Y290;Y293;Y315,Phosphorylation,1.0,PhosphoSitePlus;ProtMapper;Sparser_ProtMapper,curated_literature,True,1,21726809,PhosphoSite;PhosphoSite_ProtMapper;ProtMapper;Sparser_ProtMapper
Q6PIZ9,P12931,SRC,tyr,Y79,Phosphorylation,1.0,Li2012,predicted_or_inferred,False,0,,Li2012
Q6PIZ9,P43403,SYK/ZAP-70,tyr,Y79,Phosphorylation,1.0,PhosphoNetworks,predicted_or_inferred,False,0,,PhosphoNetworks
Q6UN15,P08069,Insulin receptor,tyr,Y426,Phosphorylation,1.0,KEA,literature_supported,False,1,17570479,KEA
Q6UN15,P12931,SRC,tyr,Y110,Phosphorylation,4.0,MIMP;PhosphoELM;PhosphoSitePlus;ProtMapper,curated_source,True,0,,MIMP;PhosphoSite;PhosphoSite_MIMP;PhosphoSite_ProtMapper;ProtMapper;phosphoELM_MIMP
Q6UX68,P10721,CSF-1/PDGF receptor,tyr,Y369;Y487;Y543,Phosphorylation,1.0,ProtMapper;REACH_ProtMapper,literature_supported,False,1,29910466,ProtMapper;REACH_ProtMapper
Q6ZMQ8,P06241,SRC,tyr,Y73;Y93,Phosphorylation,1.0,KEA,literature_supported,False,1,18691334,KEA
Q6ZN28,Q02750,MAP kinase kinase,dual,Y673;Y695;Y793,Phosphorylation,1.0,PhosphoSitePlus,curated_source,True,0,,PhosphoSite
Q6ZUJ8,P00519,ABL,tyr,Y513;Y553;Y570;Y594;Y694,Phosphorylation,3.0,HPRD;MIMP;PhosphoELM;PhosphoSitePlus;ProtMapper;UniProt_ModRes;dbPTM,curated_literature,True,3,15893754;17693683;18083107,HPRD_MIMP;MIMP;PhosphoSite;PhosphoSite_MIMP;PhosphoSite_ProtMapper;ProtMapper;UniProt_ModRes;dbPTM;phosphoELM_MIMP
Q6ZUJ8,P12931,SRC,tyr,Y459,Phosphorylation,1.0,Li2012,predicted_or_inferred,False,0,,Li2012
Q6ZUJ8,P43405,SYK/ZAP-70,tyr,Y419;Y444;Y459,Phosphorylation,1.0,Li2012;UniProt_ModRes,curated_source,True,0,,Li2012;UniProt_ModRes
Q70E73,P00519,ABL,tyr,Y1226;Y426;Y456;Y513,Phosphorylation,2.0,PhosphoSitePlus;SIGNOR;UniProt_ModRes;dbPTM,curated_literature,True,1,20417104,PhosphoSite;SIGNOR;UniProt_ModRes;dbPTM
Q71U36,P43405,SYK/ZAP-70,tyr,Y432,Phosphorylation,1.0,KEA;Li2012,literature_supported,False,1,8566014,KEA;Li2012
Q7L0Q8,P12931,SRC,tyr,Y254,Phosphorylation,3.0,MIMP;PhosphoSitePlus;ProtMapper,curated_source,True,0,,MIMP;PhosphoSite;PhosphoSite_MIMP;PhosphoSite_ProtMapper;ProtMapper
Q7Z3C6,P12931,SRC,tyr,Y15;Y8,Phosphorylation,2.0,PhosphoSitePlus;ProtMapper;REACH_ProtMapper;SIGNOR;Sparser_ProtMapper,curated_literature,True,1,27934868,PhosphoSite;PhosphoSite_ProtMapper;ProtMapper;REACH_ProtMapper;SIGNOR;Sparser_ProtMapper
Q7Z3T8,P00533,EGF receptor,tyr,Y515,Phosphorylation,1.0,ProtMapper;Sparser_ProtMapper,literature_supported,False,1,19887107,ProtMapper;Sparser_ProtMapper
Q7Z3T8,P06213,Insulin receptor,tyr,Y219,Phosphorylation,1.0,KEA,literature_supported,False,1,17570479,KEA
Q7Z434,P00519,ABL,tyr,Y30;Y71;Y9,Phosphorylation,1.0,PhosphoSitePlus,curated_source,True,0,,PhosphoSite
Q7Z6A9,P06239,SRC,tyr,Y226;Y243;Y257;Y282,Phosphorylation,1.0,PhosphoSitePlus,curated_source,True,0,,PhosphoSite
Q7Z7G1,P07948,SRC,tyr,Y69;Y96,Phosphorylation,1.0,UniProt_ModRes,curated_source,True,0,,UniProt_ModRes
Q86UR1,P12931,SRC,tyr,Y110,Phosphorylation,4.0,MIMP;PhosphoSitePlus;ProtMapper;REACH_ProtMapper;RLIMS-P_ProtMapper;SIGNOR;Sparser_ProtMapper,curated_literature,True,3,20943948;22581922;29262595,MIMP;PhosphoSite;PhosphoSite_MIMP;PhosphoSite_ProtMapper;ProtMapper;REACH_ProtMapper;RLIMS-P_ProtMapper;SIGNOR;SIGNOR_ProtMapper;Sparser_ProtMapper
Q86WB0,Q9UM73,Insulin receptor,tyr,Y105;Y137,Phosphorylation,2.0,HPRD;KEA;MIMP;PhosphoELM,curated_literature,True,1,12748172,HPRD_MIMP;KEA;MIMP;phosphoELM;phosphoELM_MIMP
Q86WV1,P06241,SRC,tyr,Y219;Y232;Y271;Y295;Y298,Phosphorylation,3.0,KEA;MIMP;PhosphoELM;PhosphoSitePlus;ProtMapper;UniProt_ModRes;dbPTM,curated_literature,True,2,11909961;19690332,KEA;MIMP;PhosphoSite;PhosphoSite_MIMP;PhosphoSite_ProtMapper;ProtMapper;UniProt_ModRes;dbPTM;phosphoELM;phosphoELM_MIMP
Q86WV1,P12931,SRC,tyr,Y219;Y232,Phosphorylation,1.0,Li2012,predicted_or_inferred,False,0,,Li2012
Q86WV6,P00533,EGF receptor,tyr,Y245,Phosphorylation,1.0,PhosphoSitePlus;UniProt_ModRes,curated_literature,True,1,32926474,PhosphoSite;UniProt_ModRes
Q86WV6,P12931,SRC,tyr,Y245,Phosphorylation,1.0,PhosphoSitePlus,curated_source,True,0,,PhosphoSite
Q86X29,P11362,Fibroblast growth factor receptor,tyr,Y615;Y616,Phosphorylation,1.0,PhosphoNetworks,predicted_or_inferred,False,0,,PhosphoNetworks
Q86YV5,P41240,CSK,tyr,Y413,Phosphorylation,1.0,ProtMapper;RLIMS-P_ProtMapper,literature_supported,False,1,27116701,ProtMapper;RLIMS-P_ProtMapper
Q8IVM0,P00533,EGF receptor,tyr,Y140;Y217;Y279;Y304;Y393;Y455;Y480,Phosphorylation,3.0,BEL-Large-Corpus_ProtMapper;HPRD;MIMP;PhosphoSitePlus;ProtMapper;SIGNOR,curated_literature,True,2,15951569;19059208,BEL-Large-Corpus_ProtMapper;HPRD_MIMP;MIMP;PhosphoSite;PhosphoSite_MIMP;PhosphoSite_ProtMapper;ProtMapper;SIGNOR
Q8IVM0,P06239,SRC,tyr,Y217;Y279;Y304;Y393;Y455;Y480,Phosphorylation,3.0,HPRD;MIMP;PhosphoSitePlus;ProtMapper;SIGNOR,curated_literature,True,1,19059208,HPRD_MIMP;MIMP;PhosphoSite;PhosphoSite_MIMP;PhosphoSite_ProtMapper;ProtMapper;SIGNOR
Q8IVP5,P12931,SRC,tyr,Y18,Phosphorylation,10.0,ProtMapper;REACH_ProtMapper;Reactome_ProtMapper;Sparser_ProtMapper;UniProt_ModRes;dbPTM,curated_literature,True,10,22267086;24903109;25810907;26258123;26501336;27757847;27995894;29278362;29370689;29951054,ProtMapper;REACH_ProtMapper;Reactome_ProtMapper;Sparser_ProtMapper;UniProt_ModRes;dbPTM
Q8IVP5,P41240,CSK,tyr,Y18,Phosphorylation,5.0,ProtMapper;Sparser_ProtMapper,literature_supported,False,5,24903109;26501336;27515049;27995894;29278362,ProtMapper;Sparser_ProtMapper
Q8IW41,P12931,SRC,tyr,Y188;Y216,Phosphorylation,1.0,ProtMapper;REACH_ProtMapper;Sparser_ProtMapper,literature_supported,False,1,26042227,ProtMapper;REACH_ProtMapper;Sparser_ProtMapper
Q8IWV1,P06239,SRC,tyr,Y193;Y268;Y294;Y373,Phosphorylation,1.0,PhosphoSitePlus,curated_source,True,0,,PhosphoSite
Q8IWV1,P43405,SYK/ZAP-70,tyr,Y193;Y268;Y294;Y373,Phosphorylation,1.0,PhosphoSitePlus,curated_source,True,0,,PhosphoSite
Q8IWW6,P12931,SRC,tyr,Y243,Phosphorylation,1.0,KEA,literature_supported,False,1,17570479,KEA
Q8IXH7,P12931,SRC,tyr,Y6,Phosphorylation,1.0,PhosphoSitePlus,curated_source,True,0,,PhosphoSite
Q8IXJ6,P12931,SRC,tyr,Y104,Phosphorylation,2.0,PhosphoSitePlus;ProtMapper;REACH_ProtMapper;RLIMS-P_ProtMapper;SIGNOR,curated_literature,True,1,24996174,PhosphoSite;ProtMapper;REACH_ProtMapper;RLIMS-P_ProtMapper;SIGNOR
Q8IZL8,P12931,SRC,tyr,Y920,Phosphorylation,2.0,MIMP;PhosphoSitePlus;ProtMapper;REACH_ProtMapper;RLIMS-P_ProtMapper,curated_literature,True,2,20460518;24967003,MIMP;PhosphoSite;PhosphoSite_MIMP;PhosphoSite_ProtMapper;ProtMapper;REACH_ProtMapper;RLIMS-P_ProtMapper
Q8IZP0,P00519,ABL,tyr,Y213,Phosphorylation,9.0,HPRD;MIMP;PhosphoELM;PhosphoSitePlus;ProtMapper;REACH_ProtMapper;SIGNOR;Sparser_ProtMapper;UniProt_ModRes;dbPTM,curated_literature,True,8,17389395;18083107;18328268;19534553;20598684;21320496;23186163;26428302,HPRD_MIMP;MIMP;PhosphoSite;PhosphoSite_MIMP;PhosphoSite_ProtMapper;ProtMapper;REACH_ProtMapper;SIGNOR;SIGNOR_ProtMapper;Sparser_ProtMapper;UniProt_ModRes;dbPTM;phosphoELM_MIMP
Q8N103,P29323,Ephrin receptor,tyr,Y310,Phosphorylation,1.0,PhosphoSitePlus,curated_source,True,0,,PhosphoSite
Q8N1K5,P06239,SRC,tyr,Y174;Y353;Y429;Y540;Y541;Y95,Phosphorylation,2.0,PhosphoSitePlus;ProtMapper,curated_source,True,0,,PhosphoSite;PhosphoSite_ProtMapper;ProtMapper
Q8N1K5,P43403,SYK/ZAP-70,tyr,Y174;Y353;Y429;Y540;Y541;Y95,Phosphorylation,2.0,PhosphoSitePlus;ProtMapper,curated_source,True,0,,PhosphoSite;PhosphoSite_ProtMapper;ProtMapper
Q8N4S9,P00533,EGF receptor,tyr,Y23,Phosphorylation,1.0,BEL-Large-Corpus_ProtMapper;ProtMapper,literature_supported,False,1,15951569,BEL-Large-Corpus_ProtMapper;ProtMapper
Q8N4X5,P07949,Tyr protein kinase,tyr,Y54,Phosphorylation,1.0,MIMP;PhosphoSitePlus;ProtMapper;SIGNOR,curated_literature,True,1,19060924,MIMP;PhosphoSite;PhosphoSite_MIMP;PhosphoSite_ProtMapper;ProtMapper;SIGNOR
Q8N556,P12931,SRC,tyr,Y125;Y451;Y453;Y93;Y94,Phosphorylation,4.0,HPRD;KEA;Li2012;MIMP;PhosphoSitePlus;ProtMapper;SIGNOR,curated_literature,True,1,9655255,HPRD;HPRD_MIMP;KEA;Li2012;MIMP;PhosphoSite;PhosphoSite_MIMP;PhosphoSite_ProtMapper;ProtMapper;SIGNOR;SIGNOR_ProtMapper
Q8N5V2,P06239,SRC,tyr,Y179,Phosphorylation,2.0,NCI-PID_ProtMapper;ProtMapper,literature_supported,False,2,11336673;15848799,NCI-PID_ProtMapper;ProtMapper
Q8N5V2,P06241,SRC,tyr,Y179,Phosphorylation,2.0,NCI-PID_ProtMapper;ProtMapper,literature_supported,False,2,11336673;15848799,NCI-PID_ProtMapper;ProtMapper
Q8N5V2,P07947,SRC,tyr,Y179,Phosphorylation,2.0,NCI-PID_ProtMapper;ProtMapper,literature_supported,False,2,11336673;15848799,NCI-PID_ProtMapper;ProtMapper
Q8N5V2,P07948,SRC,tyr,Y179,Phosphorylation,2.0,NCI-PID_ProtMapper;ProtMapper,literature_supported,False,2,11336673;15848799,NCI-PID_ProtMapper;ProtMapper
Q8N5V2,P08631,SRC,tyr,Y179,Phosphorylation,2.0,NCI-PID_ProtMapper;ProtMapper,literature_supported,False,2,11336673;15848799,NCI-PID_ProtMapper;ProtMapper
Q8N5V2,P09769,SRC,tyr,Y179,Phosphorylation,2.0,NCI-PID_ProtMapper;ProtMapper,literature_supported,False,2,11336673;15848799,NCI-PID_ProtMapper;ProtMapper
Q8N5V2,P12931,SRC,tyr,Y179,Phosphorylation,2.0,NCI-PID_ProtMapper;ProtMapper,literature_supported,False,2,11336673;15848799,NCI-PID_ProtMapper;ProtMapper
Q8N5V2,P51451,SRC,tyr,Y179,Phosphorylation,2.0,NCI-PID_ProtMapper;ProtMapper,literature_supported,False,2,11336673;15848799,NCI-PID_ProtMapper;ProtMapper
Q8N6F7,P07948,SRC,tyr,Y106;Y107;Y109;Y128;Y130;Y80;Y86,Phosphorylation,3.0,MIMP;PhosphoELM;PhosphoSitePlus;ProtMapper,curated_source,True,0,,MIMP;PhosphoSite;PhosphoSite_MIMP;PhosphoSite_ProtMapper;ProtMapper;phosphoELM_MIMP
Q8N6F7,P43405,SYK/ZAP-70,tyr,Y106;Y107;Y109;Y128;Y130;Y80;Y86,Phosphorylation,3.0,MIMP;PhosphoELM;PhosphoSitePlus;ProtMapper,curated_source,True,0,,MIMP;PhosphoSite;PhosphoSite_MIMP;PhosphoSite_ProtMapper;ProtMapper;phosphoELM_MIMP
Q8N884,P51451,SRC,tyr,Y215,Phosphorylation,1.0,PhosphoSitePlus;UniProt_ModRes,curated_literature,True,1,30356214,PhosphoSite;UniProt_ModRes
Q8N8Z6,P00519,ABL,tyr,Y540;Y578;Y589;Y600;Y621;Y652;Y665;Y696,Phosphorylation,1.0,PhosphoSitePlus,curated_source,True,0,,PhosphoSite
Q8NB16,P30530,AXL/UFO,tyr,Y376,Phosphorylation,1.0,PhosphoSitePlus,curated_source,True,0,,PhosphoSite
Q8NB16,Q06418,AXL/UFO,tyr,Y376,Phosphorylation,1.0,PhosphoSitePlus,curated_source,True,0,,PhosphoSite
Q8NB16,Q12866,AXL/UFO,tyr,Y376,Phosphorylation,1.0,PhosphoSitePlus,curated_source,True,0,,PhosphoSite
Q8ND25,P00533,EGF receptor,tyr,Y103,Phosphorylation,2.0,ProtMapper;REACH_ProtMapper;RLIMS-P_ProtMapper;Sparser_ProtMapper,literature_supported,False,2,26572619;26572622,ProtMapper;REACH_ProtMapper;RLIMS-P_ProtMapper;Sparser_ProtMapper
Q8ND25,P12931,SRC,tyr,Y103,Phosphorylation,1.0,UniProt_ModRes,curated_literature,True,1,37158982,UniProt_ModRes
Q8NDB2,P51451,SRC,tyr,Y146;Y484,Phosphorylation,1.0,ProtMapper;RLIMS-P_ProtMapper,literature_supported,False,1,23555801,ProtMapper;RLIMS-P_ProtMapper
Q8NER1,P12931,SRC,tyr,Y200,Phosphorylation,5.0,MIMP;NCI-PID_ProtMapper;PhosphoSitePlus;ProtMapper;REACH_ProtMapper;Sparser_ProtMapper,curated_literature,True,5,16319926;17582331;24717323;25970319;30292787,MIMP;NCI-PID_ProtMapper;PhosphoSite;PhosphoSite_MIMP;PhosphoSite_ProtMapper;ProtMapper;REACH_ProtMapper;Sparser_ProtMapper
Q8NER1,P41240,CSK,tyr,Y200,Phosphorylation,2.0,ProtMapper;Sparser_ProtMapper,literature_supported,False,2,24494677;24717323,ProtMapper;Sparser_ProtMapper
Q8NET5,P12931,SRC,tyr,Y220;Y231,Phosphorylation,1.0,Li2012,predicted_or_inferred,False,0,,Li2012
Q8NFJ5,P00533,EGF receptor,tyr,Y317;Y320;Y347;Y350,Phosphorylation,1.0,PhosphoSitePlus;ProtMapper;REACH_ProtMapper,curated_literature,True,1,25311788,PhosphoSite;PhosphoSite_ProtMapper;ProtMapper;REACH_ProtMapper
Q8TB45,P43405,SYK/ZAP-70,tyr,Y289,Phosphorylation,1.0,PhosphoSitePlus;UniProt_ModRes,curated_literature,True,1,34634301,PhosphoSite;UniProt_ModRes
Q8TC07,P07948,SRC,tyr,Y215,Phosphorylation,1.0,KEA,literature_supported,False,1,17570479,KEA
Q8TD08,P41240,CSK,tyr,Y177,Phosphorylation,2.0,HPRD;KEA;MIMP;PhosphoSitePlus,curated_literature,True,1,11875070,HPRD;HPRD_MIMP;KEA;MIMP;PhosphoSite_MIMP
Q8TDD2,P12931,SRC,tyr,Y64,Phosphorylation,2.0,ProtMapper;Sparser_ProtMapper,predicted_or_inferred,False,0,,ProtMapper;Sparser_ProtMapper
Q8TDQ0,Q08881,TEC,tyr,Y265,Phosphorylation,2.0,MIMP;PhosphoSitePlus;ProtMapper;REACH_ProtMapper;Sparser_ProtMapper;UniProt_ModRes,curated_literature,True,2,17069754;26492563,MIMP;PhosphoSite;PhosphoSite_MIMP;PhosphoSite_ProtMapper;ProtMapper;REACH_ProtMapper;Sparser_ProtMapper;UniProt_ModRes
Q8TDQ1,P06241,SRC,tyr,Y236;Y263,Phosphorylation,3.0,MIMP;PhosphoSitePlus;ProtMapper,curated_source,True,0,,MIMP;PhosphoSite;PhosphoSite_MIMP;PhosphoSite_ProtMapper;ProtMapper
Q8TDY4,P00533,EGF receptor,tyr,Y34,Phosphorylation,2.0,PhosphoSitePlus;ProtMapper,curated_source,True,0,,PhosphoSite;PhosphoSite_ProtMapper;ProtMapper
Q8TDY4,P06241,SRC,tyr,Y733,Phosphorylation,1.0,PhosphoNetworks,predicted_or_inferred,False,0,,PhosphoNetworks
Q8TDY4,P07947,SRC,tyr,Y733,Phosphorylation,1.0,PhosphoNetworks,predicted_or_inferred,False,0,,PhosphoNetworks
Q8TDY4,P51813,TEC,tyr,Y733,Phosphorylation,1.0,PhosphoNetworks,predicted_or_inferred,False,0,,PhosphoNetworks
Q8WU20,P11362,Fibroblast growth factor receptor,tyr,Y196;Y306;Y349;Y392;Y436;Y471,Phosphorylation,2.0,KEA;ProtMapper;Sparser_ProtMapper;UniProt_ModRes,curated_source,True,2,25394172;9632781,KEA;ProtMapper;Sparser_ProtMapper;UniProt_ModRes
Q8WUF5,P22455,Fibroblast growth factor receptor,tyr,Y109,Phosphorylation,1.0,PhosphoNetworks,predicted_or_inferred,False,0,,PhosphoNetworks
Q8WUF5,P30291,WEE1,tyr,Y132,Phosphorylation,1.0,PhosphoNetworks,predicted_or_inferred,False,0,,PhosphoNetworks
Q8WUF5,P51813,TEC,tyr,Y109,Phosphorylation,1.0,PhosphoNetworks,predicted_or_inferred,False,0,,PhosphoNetworks
Q8WUF5,Q07912,Tyr protein kinase,dual,Y211,Phosphorylation,1.0,PhosphoNetworks,predicted_or_inferred,False,0,,PhosphoNetworks
Q8WUM4,P12931,SRC,tyr,Y319;Y324,Phosphorylation,3.0,HPRD;KEA;MIMP;PhosphoSitePlus;SIGNOR,curated_literature,True,1,15557335,HPRD;HPRD_MIMP;KEA;MIMP;PhosphoSite_MIMP;SIGNOR
Q8WV28,P06213,Insulin receptor,tyr,Y72;Y96,Phosphorylation,1.0,Li2012,predicted_or_inferred,False,0,,Li2012
Q8WV28,P08069,Insulin receptor,tyr,Y72;Y96,Phosphorylation,1.0,KEA,literature_supported,False,1,17570479,KEA
Q8WV28,P08631,SRC,tyr,Y96,Phosphorylation,1.0,KEA,literature_supported,False,1,17570479,KEA
Q8WV28,P12931,SRC,tyr,Y96,Phosphorylation,1.0,Li2012,predicted_or_inferred,False,0,,Li2012
Q8WV28,P43405,SYK/ZAP-70,tyr,Y178;Y189;Y72;Y84;Y96,Phosphorylation,7.0,KEA;Li2012;MIMP;PhosphoELM;PhosphoNetworks;PhosphoSitePlus;ProtMapper;SIGNOR;Sparser_ProtMapper;UniProt_ModRes;dbPTM,curated_literature,True,3,12456653;21047529;9697839,KEA;Li2012;MIMP;PhosphoNetworks;PhosphoSite;PhosphoSite_MIMP;PhosphoSite_ProtMapper;ProtMapper;SIGNOR;SIGNOR_ProtMapper;Sparser_ProtMapper;UniProt_ModRes;dbPTM;phosphoELM;phosphoELM_MIMP
Q8WWM7,P12931,SRC,tyr,Y744,Phosphorylation,3.0,MIMP;PhosphoSitePlus;ProtMapper,curated_source,True,0,,MIMP;PhosphoSite;PhosphoSite_MIMP;PhosphoSite_ProtMapper;ProtMapper
Q8WWN8,P12931,SRC,tyr,Y1403;Y1408,Phosphorylation,1.0,BEL-Large-Corpus_ProtMapper;ProtMapper,literature_supported,False,1,15546919,BEL-Large-Corpus_ProtMapper;ProtMapper
Q8WXD9,P54762,Ephrin receptor,tyr,Y296;Y336,Phosphorylation,2.0,ProtMapper;REACH_ProtMapper;RLIMS-P_ProtMapper;SIGNOR;Sparser_ProtMapper,curated_literature,True,1,23181695,ProtMapper;REACH_ProtMapper;RLIMS-P_ProtMapper;SIGNOR;Sparser_ProtMapper
Q8WYQ5,P00519,ABL,tyr,Y267,Phosphorylation,2.0,PhosphoSitePlus;ProtMapper;RLIMS-P_ProtMapper;SIGNOR,curated_literature,True,2,26126715;27182551,PhosphoSite;ProtMapper;RLIMS-P_ProtMapper;SIGNOR
Q8WYQ5,Q9NR20,MNB/DYRK,dual,Y267,Phosphorylation,1.0,PhosphoNetworks,predicted_or_inferred,False,0,,PhosphoNetworks
Q92529,P00533,EGF receptor,tyr,Y218;Y219;Y256;Y257;Y283;Y301;Y341;Y342;Y379;Y380;Y406;Y424,Phosphorylation,2.0,MIMP;PhosphoSitePlus,curated_source,True,0,,MIMP;PhosphoSite;PhosphoSite_MIMP
Q92529,P04629,Insulin receptor,tyr,Y218;Y219;Y256;Y257;Y283;Y301;Y341;Y342;Y379;Y380;Y406;Y424,Phosphorylation,2.0,MIMP;PhosphoSitePlus,curated_source,True,0,,MIMP;PhosphoSite;PhosphoSite_MIMP
Q92529,P12931,SRC,tyr,Y218;Y219;Y256;Y257;Y283;Y301;Y341;Y342;Y379;Y380;Y406;Y424,Phosphorylation,2.0,MIMP;PhosphoSitePlus,curated_source,True,0,,MIMP;PhosphoSite;PhosphoSite_MIMP
Q92529,Q16620,Insulin receptor,tyr,Y218;Y219;Y256;Y257;Y283;Y301;Y341;Y342;Y379;Y380;Y406;Y424,Phosphorylation,2.0,MIMP;PhosphoSitePlus,curated_source,True,0,,MIMP;PhosphoSite;PhosphoSite_MIMP
Q92556,P08631,SRC,tyr,Y18;Y216;Y240;Y31;Y395;Y511;Y720,Phosphorylation,5.0,HPRD;KEA;MIMP;PhosphoELM;PhosphoSitePlus;ProtMapper;REACH_ProtMapper;SIGNOR;Sparser_ProtMapper;UniProt_ModRes;dbPTM,curated_literature,True,2,15952790;26205662,HPRD_MIMP;KEA;MIMP;PhosphoSite;PhosphoSite_MIMP;PhosphoSite_ProtMapper;ProtMapper;REACH_ProtMapper;SIGNOR;SIGNOR_ProtMapper;Sparser_ProtMapper;UniProt_ModRes;dbPTM;phosphoELM_MIMP
Q92556,P12931,SRC,tyr,Y720;Y724,Phosphorylation,1.0,PhosphoSitePlus;ProtMapper;REACH_ProtMapper;RLIMS-P_ProtMapper;Sparser_ProtMapper,curated_literature,True,1,26205662,PhosphoSite;PhosphoSite_ProtMapper;ProtMapper;REACH_ProtMapper;RLIMS-P_ProtMapper;Sparser_ProtMapper
Q92556,P30530,AXL/UFO,tyr,Y720;Y724,Phosphorylation,2.0,PhosphoSitePlus;ProtMapper,curated_source,True,0,,PhosphoSite;PhosphoSite_ProtMapper;ProtMapper
Q92558,P00519,ABL,tyr,Y151,Phosphorylation,2.0,ProtMapper;Reactome_ProtMapper,predicted_or_inferred,False,0,,ProtMapper;Reactome_ProtMapper
Q92558,P12931,SRC,tyr,Y125,Phosphorylation,5.0,KEA;MIMP;PhosphoELM;PhosphoSitePlus;ProtMapper;REACH_ProtMapper;RLIMS-P_ProtMapper;SIGNOR;Sparser_ProtMapper,curated_literature,True,2,16317717;23354023,KEA;MIMP;PhosphoSite;PhosphoSite_MIMP;PhosphoSite_ProtMapper;ProtMapper;REACH_ProtMapper;RLIMS-P_ProtMapper;SIGNOR;SIGNOR_ProtMapper;Sparser_ProtMapper;phosphoELM;phosphoELM_MIMP
Q92569,P06213,Insulin receptor,tyr,Y341,Phosphorylation,3.0,HPRD;KEA;MIMP;PhosphoELM;PhosphoSitePlus;ProtMapper;SIGNOR,curated_literature,True,2,18083107;7542745,HPRD_MIMP;KEA;MIMP;PhosphoSite;PhosphoSite_MIMP;PhosphoSite_ProtMapper;ProtMapper;SIGNOR;SIGNOR_ProtMapper;phosphoELM_MIMP
Q92630,Q92630,MNB/DYRK,dual,Y382,Phosphorylation,1.0,UniProt_ModRes,curated_literature,True,1,22998443,UniProt_ModRes
Q92692,P12931,SRC,tyr,Y505,Phosphorylation,2.0,KEA;SIGNOR,curated_literature,True,1,10962558,KEA;SIGNOR
Q92731,P00519,ABL,tyr,Y36,Phosphorylation,3.0,PhosphoSitePlus;ProtMapper;Sparser_ProtMapper,curated_source,True,0,,PhosphoSite;PhosphoSite_ProtMapper;ProtMapper;Sparser_ProtMapper
Q92734,P12931,SRC,tyr,Y247;Y33,Phosphorylation,3.0,MIMP;PhosphoSitePlus;ProtMapper,curated_source,True,0,,MIMP;PhosphoSite;PhosphoSite_MIMP;PhosphoSite_ProtMapper;ProtMapper
Q92769,P00519,ABL,tyr,Y222,Phosphorylation,2.0,PhosphoSitePlus;ProtMapper;REACH_ProtMapper;SIGNOR;Sparser_ProtMapper,curated_literature,True,2,25219501;26603102,PhosphoSite;PhosphoSite_ProtMapper;ProtMapper;REACH_ProtMapper;SIGNOR;Sparser_ProtMapper
Q92783,P00533,EGF receptor,tyr,Y381,Phosphorylation,1.0,BEL-Large-Corpus_ProtMapper;ProtMapper,literature_supported,False,1,15951569,BEL-Large-Corpus_ProtMapper;ProtMapper
Q92823,P29323,Ephrin receptor,tyr,Y1276,Phosphorylation,1.0,SIGNOR,curated_literature,True,1,24023801,SIGNOR
Q92823,P54762,Ephrin receptor,tyr,Y1276,Phosphorylation,1.0,SIGNOR,curated_literature,True,1,24023801,SIGNOR
Q92858,O60674,JAK,tyr,Y80,Phosphorylation,1.0,SIGNOR,curated_literature,True,1,29168692,SIGNOR
Q92888,O60674,JAK,tyr,Y738;Y753,Phosphorylation,4.0,MIMP;PhosphoSitePlus;ProtMapper;REACH_ProtMapper;SIGNOR;Sparser_ProtMapper;UniProt_ModRes;dbPTM,curated_literature,True,2,20098430;25981295,MIMP;PhosphoSite;PhosphoSite_MIMP;PhosphoSite_ProtMapper;ProtMapper;REACH_ProtMapper;SIGNOR;SIGNOR_ProtMapper;Sparser_ProtMapper;UniProt_ModRes;dbPTM
Q92918,P00519,ABL,tyr,Y232,Phosphorylation,4.0,HPRD;KEA;MIMP;ProtMapper;SIGNOR,curated_literature,True,1,11278340,HPRD;HPRD_MIMP;KEA;MIMP;ProtMapper;SIGNOR;SIGNOR_ProtMapper
Q92918,P06213,Insulin receptor,tyr,Y381,Phosphorylation,1.0,KEA;Li2012,literature_supported,False,1,17570479,KEA;Li2012
Q92918,P07333,CSF-1/PDGF receptor,tyr,Y381,Phosphorylation,1.0,KEA,literature_supported,False,1,17570479,KEA
Q92918,P07948,SRC,tyr,Y381,Phosphorylation,5.0,HPRD;KEA;MIMP;PhosphoELM;PhosphoSitePlus;ProtMapper;SIGNOR,curated_literature,True,3,11487585;11514608;17570479,HPRD_MIMP;KEA;MIMP;PhosphoSite_MIMP;ProtMapper;SIGNOR;SIGNOR_ProtMapper;phosphoELM_MIMP
Q92918,P09619,CSF-1/PDGF receptor,tyr,Y381,Phosphorylation,1.0,Li2012,predicted_or_inferred,False,0,,Li2012
Q92918,P12931,SRC,tyr,Y381,Phosphorylation,1.0,Li2012,predicted_or_inferred,False,0,,Li2012
Q92918,P43405,SYK/ZAP-70,tyr,Y381,Phosphorylation,6.0,HPRD;KEA;Li2012;MIMP;PhosphoELM;PhosphoNetworks;PhosphoSitePlus;ProtMapper;SIGNOR,curated_literature,True,3,11487585;11514608;17192257,HPRD_MIMP;KEA;Li2012;MIMP;PhosphoNetworks;PhosphoSite_MIMP;ProtMapper;SIGNOR;SIGNOR_ProtMapper;phosphoELM;phosphoELM_MIMP
Q92945,P12931,SRC,tyr,Y317;Y583;Y688,Phosphorylation,3.0,MIMP;PhosphoSitePlus;ProtMapper,curated_source,True,0,,MIMP;PhosphoSite;PhosphoSite_MIMP;PhosphoSite_ProtMapper;ProtMapper
Q92952,P00533,EGF receptor,tyr,Y109,Phosphorylation,2.0,PhosphoSitePlus;ProtMapper,curated_source,True,0,,PhosphoSite;PhosphoSite_ProtMapper;ProtMapper
Q92974,P12931,SRC,tyr,Y198,Phosphorylation,1.0,PhosphoSitePlus,curated_source,True,0,,PhosphoSite
Q92993,P00519,ABL,tyr,Y294;Y376;Y44,Phosphorylation,2.0,PhosphoSitePlus;ProtMapper;REACH_ProtMapper;Sparser_ProtMapper,curated_literature,True,3,24044023;26391293;26546517,PhosphoSite;PhosphoSite_ProtMapper;ProtMapper;REACH_ProtMapper;Sparser_ProtMapper
Q92995,P49761,Lammer,dual,Y708,Phosphorylation,1.0,PhosphoSitePlus,curated_source,True,0,,PhosphoSite
Q93052,P00533,EGF receptor,tyr,Y301,Phosphorylation,1.0,BEL-Large-Corpus_ProtMapper;ProtMapper,literature_supported,False,1,15951569,BEL-Large-Corpus_ProtMapper;ProtMapper
Q93052,P06213,Insulin receptor,tyr,Y301,Phosphorylation,1.0,KEA,literature_supported,False,1,17570479,KEA
Q93052,P06239,SRC,tyr,Y301,Phosphorylation,1.0,KEA,literature_supported,False,1,17570479,KEA
Q93052,P08069,Insulin receptor,tyr,Y300,Phosphorylation,1.0,KEA,literature_supported,False,1,17570479,KEA
Q93052,P12931,SRC,tyr,Y244;Y300;Y301,Phosphorylation,2.0,PhosphoSitePlus;ProtMapper,curated_source,True,0,,PhosphoSite;PhosphoSite_ProtMapper;ProtMapper
Q969H4,P12931,SRC,tyr,Y26;Y519;Y665,Phosphorylation,2.0,PhosphoSitePlus;ProtMapper,curated_source,True,0,,PhosphoSite;PhosphoSite_ProtMapper;ProtMapper
Q969H4,P16234,CSF-1/PDGF receptor,tyr,Y26,Phosphorylation,1.0,ProtMapper;Sparser_ProtMapper,literature_supported,False,1,26319181,ProtMapper;Sparser_ProtMapper
Q969T9,P07947,SRC,tyr,Y192;Y231,Phosphorylation,3.0,PhosphoSitePlus;ProtMapper;Sparser_ProtMapper;UniProt_ModRes,curated_literature,True,1,21642474,PhosphoSite;PhosphoSite_ProtMapper;ProtMapper;Sparser_ProtMapper;UniProt_ModRes
Q969T9,P12931,SRC,tyr,Y192;Y231,Phosphorylation,3.0,PhosphoSitePlus;ProtMapper;Sparser_ProtMapper;UniProt_ModRes,curated_literature,True,1,21642474,PhosphoSite;PhosphoSite_ProtMapper;ProtMapper;Sparser_ProtMapper;UniProt_ModRes
Q96AC1,P12931,SRC,tyr,Y193,Phosphorylation,3.0,PhosphoSitePlus;ProtMapper;REACH_ProtMapper;RLIMS-P_ProtMapper;SIGNOR;Sparser_ProtMapper,curated_literature,True,2,26037143;30248333,PhosphoSite;PhosphoSite_ProtMapper;ProtMapper;REACH_ProtMapper;RLIMS-P_ProtMapper;SIGNOR;Sparser_ProtMapper
Q96AE4,P06213,Insulin receptor,tyr,Y58,Phosphorylation,1.0,KEA,literature_supported,False,1,17570479,KEA
Q96AE4,P12931,SRC,tyr,Y268;Y58;Y625,Phosphorylation,5.0,HPRD;MIMP;PhosphoELM;PhosphoSitePlus;ProtMapper,curated_source,True,0,,HPRD_MIMP;MIMP;PhosphoSite;PhosphoSite_MIMP;PhosphoSite_ProtMapper;ProtMapper;phosphoELM_MIMP
Q96BD6,P08581,Tyr protein kinase,tyr,Y31,Phosphorylation,1.0,UniProt_ModRes;dbPTM,curated_literature,True,1,15713673,UniProt_ModRes;dbPTM
Q96BN8,P00519,ABL,tyr,Y56,Phosphorylation,1.0,PhosphoSitePlus,curated_source,True,0,,PhosphoSite
Q96EB6,P23458,JAK,tyr,Y280;Y301,Phosphorylation,1.0,PhosphoSitePlus,curated_source,True,0,,PhosphoSite
Q96FW1,P12931,SRC,tyr,Y26,Phosphorylation,1.0,UniProt_ModRes,curated_literature,True,1,35927303,UniProt_ModRes
Q96J02,P06241,SRC,tyr,Y379;Y420,Phosphorylation,6.0,KEA;MIMP;PhosphoELM;PhosphoSitePlus;ProtMapper;SIGNOR;UniProt_ModRes;dbPTM,curated_literature,True,2,16387660;17053785,KEA;MIMP;PhosphoSite;PhosphoSite_MIMP;PhosphoSite_ProtMapper;ProtMapper;SIGNOR;SIGNOR_ProtMapper;UniProt_ModRes;dbPTM;phosphoELM;phosphoELM_MIMP
Q96J84,P06241,SRC,tyr,Y605;Y606,Phosphorylation,7.0,NCI-PID_ProtMapper;ProtMapper;SIGNOR;UniProt_ModRes,curated_literature,True,7,10504499;12668668;12846735;15579503;16543952;18212058;18258597,NCI-PID_ProtMapper;ProtMapper;SIGNOR;UniProt_ModRes
Q96J92,P12931,SRC,tyr,Y1113;Y1115;Y1164,Phosphorylation,2.0,PhosphoSitePlus;ProtMapper,curated_source,True,0,,PhosphoSite;PhosphoSite_ProtMapper;ProtMapper
Q96JJ3,P30530,AXL/UFO,tyr,Y713,Phosphorylation,2.0,PhosphoSitePlus;ProtMapper,curated_source,True,0,,PhosphoSite;PhosphoSite_ProtMapper;ProtMapper
Q96KB5,P08581,Tyr protein kinase,tyr,Y74,Phosphorylation,1.0,PhosphoSitePlus,curated_source,True,0,,PhosphoSite
Q96KB5,P12931,SRC,tyr,Y272;Y74,Phosphorylation,1.0,PhosphoSitePlus;ProtMapper;REACH_ProtMapper;RLIMS-P_ProtMapper;Sparser_ProtMapper,curated_literature,True,1,27016416,PhosphoSite;PhosphoSite_ProtMapper;ProtMapper;REACH_ProtMapper;RLIMS-P_ProtMapper;Sparser_ProtMapper
Q96KG7,P12931,SRC,tyr,Y1030,Phosphorylation,3.0,MIMP;PhosphoSitePlus;ProtMapper;UniProt_ModRes,curated_literature,True,1,23954233,MIMP;PhosphoSite;PhosphoSite_MIMP;PhosphoSite_ProtMapper;ProtMapper;UniProt_ModRes
Q96LC7,P06239,SRC,tyr,Y597;Y667;Y691,Phosphorylation,4.0,KEA;MIMP;PhosphoELM;PhosphoSitePlus;ProtMapper;SIGNOR,curated_literature,True,1,11733002,KEA;MIMP;PhosphoSite;PhosphoSite_MIMP;PhosphoSite_ProtMapper;ProtMapper;SIGNOR;SIGNOR_ProtMapper;phosphoELM;phosphoELM_MIMP
Q96LC7,P06241,SRC,tyr,Y667,Phosphorylation,4.0,MIMP;PhosphoELM;PhosphoSitePlus;ProtMapper,curated_source,True,0,,MIMP;PhosphoSite;PhosphoSite_MIMP;PhosphoSite_ProtMapper;ProtMapper;phosphoELM_MIMP
Q96LC7,P52333,JAK,tyr,Y597;Y667;Y691,Phosphorylation,4.0,KEA;MIMP;PhosphoELM;PhosphoSitePlus;ProtMapper;SIGNOR,curated_literature,True,1,11733002,KEA;MIMP;PhosphoSite;PhosphoSite_MIMP;PhosphoSite_ProtMapper;ProtMapper;SIGNOR;SIGNOR_ProtMapper;phosphoELM;phosphoELM_MIMP
Q96LC7,Q08881,TEC,tyr,Y597;Y667;Y691,Phosphorylation,4.0,KEA;MIMP;PhosphoELM;PhosphoNetworks;PhosphoSitePlus;ProtMapper;SIGNOR,curated_literature,True,1,11733002,KEA;MIMP;PhosphoNetworks;PhosphoSite;PhosphoSite_MIMP;PhosphoSite_ProtMapper;ProtMapper;SIGNOR;SIGNOR_ProtMapper;phosphoELM;phosphoELM_MIMP
Q96MS0,P12931,SRC,tyr,Y1019,Phosphorylation,2.0,ProtMapper;Reactome_ProtMapper,predicted_or_inferred,False,0,,ProtMapper;Reactome_ProtMapper
Q96N67,P04626,EGF receptor,tyr,Y1257,Phosphorylation,2.0,MIMP;PhosphoSitePlus;ProtMapper;SIGNOR,curated_literature,True,1,18426980,MIMP;PhosphoSite;PhosphoSite_MIMP;PhosphoSite_ProtMapper;ProtMapper;SIGNOR;SIGNOR_ProtMapper
Q96P20,Q06187,TEC,tyr,Y136;Y140;Y143;Y168,Phosphorylation,1.0,UniProt_ModRes,curated_literature,True,1,34554188,UniProt_ModRes
Q96P31,P12931,SRC,tyr,Y650;Y662;Y692;Y722,Phosphorylation,3.0,MIMP;PhosphoSitePlus;ProtMapper,curated_source,True,0,,MIMP;PhosphoSite;PhosphoSite_MIMP;PhosphoSite_ProtMapper;ProtMapper
Q96P48,Q13882,BRK/PTK6/SIK,tyr,Y231,Phosphorylation,2.0,HPRD;MIMP;PhosphoELM;PhosphoSitePlus;ProtMapper;RLIMS-P_ProtMapper;SIGNOR;UniProt_ModRes,curated_literature,True,1,20554524,HPRD_MIMP;MIMP;PhosphoSite;PhosphoSite_MIMP;PhosphoSite_ProtMapper;ProtMapper;RLIMS-P_ProtMapper;SIGNOR;UniProt_ModRes;phosphoELM_MIMP
Q96PD2,P00519,ABL,tyr,Y565;Y597;Y621;Y649;Y655;Y663;Y666;Y677;Y715;Y750,Phosphorylation,1.0,PhosphoSitePlus,curated_source,True,0,,PhosphoSite
Q96PD2,P00533,EGF receptor,tyr,Y750,Phosphorylation,2.0,BEL-Large-Corpus_ProtMapper;ProtMapper;RLIMS-P_ProtMapper,literature_supported,False,2,15951569;25061874,BEL-Large-Corpus_ProtMapper;ProtMapper;RLIMS-P_ProtMapper
Q96PD2,P06241,SRC,tyr,Y565;Y569;Y621;Y649;Y655;Y663;Y666;Y677;Y715;Y732;Y750,Phosphorylation,1.0,PhosphoSitePlus,curated_source,True,0,,PhosphoSite
Q96PH1,P00519,ABL,tyr,Y476;Y478,Phosphorylation,1.0,PhosphoSitePlus,curated_source,True,0,,PhosphoSite
Q96RD7,P12931,SRC,tyr,Y199;Y309,Phosphorylation,2.0,PhosphoSitePlus;ProtMapper;REACH_ProtMapper;Sparser_ProtMapper,curated_literature,True,2,26242575;30814251,PhosphoSite;ProtMapper;REACH_ProtMapper;Sparser_ProtMapper
Q96RI1,P12931,SRC,tyr,Y77,Phosphorylation,1.0,PhosphoSitePlus,curated_source,True,0,,PhosphoSite
Q96RT1,Q08881,TEC,tyr,Y972,Phosphorylation,1.0,KEA,literature_supported,False,1,17570479,KEA
Q96T51,P51813,TEC,tyr,Y389;Y400,Phosphorylation,3.0,KEA;MIMP;PhosphoELM;PhosphoSitePlus;ProtMapper;SIGNOR,curated_literature,True,1,11877430,KEA;MIMP;PhosphoSite;PhosphoSite_MIMP;PhosphoSite_ProtMapper;ProtMapper;SIGNOR;phosphoELM;phosphoELM_MIMP
Q96TA1,P00533,EGF receptor,tyr,Y593,Phosphorylation,2.0,PhosphoSitePlus;ProtMapper,curated_source,True,0,,PhosphoSite;PhosphoSite_ProtMapper;ProtMapper
Q96TC7,P00533,EGF receptor,tyr,Y176,Phosphorylation,3.0,ProtMapper;REACH_ProtMapper;Sparser_ProtMapper,literature_supported,False,3,24970130;28754031;30360441,ProtMapper;REACH_ProtMapper;Sparser_ProtMapper
Q96TC7,P04626,EGF receptor,tyr,Y176,Phosphorylation,1.0,ProtMapper;REACH_ProtMapper,literature_supported,False,1,30360441,ProtMapper;REACH_ProtMapper
Q96TC7,P06213,Insulin receptor,tyr,Y176,Phosphorylation,1.0,ProtMapper;REACH_ProtMapper;Sparser_ProtMapper,literature_supported,False,1,23533724,ProtMapper;REACH_ProtMapper;Sparser_ProtMapper
Q96TC7,P07948,SRC,tyr,Y176,Phosphorylation,1.0,PhosphoSitePlus,curated_source,True,0,,PhosphoSite
Q96TC7,P12931,SRC,tyr,Y176,Phosphorylation,4.0,PhosphoSitePlus;ProtMapper;REACH_ProtMapper;RLIMS-P_ProtMapper;Sparser_ProtMapper,curated_literature,True,4,19012732;21513978;22544307;28754031,PhosphoSite;PhosphoSite_ProtMapper;ProtMapper;REACH_ProtMapper;RLIMS-P_ProtMapper;Sparser_ProtMapper
Q99062,P08631,SRC,tyr,Y752;Y779;Y787;Y814,Phosphorylation,4.0,HPRD;KEA;MIMP;PhosphoELM;PhosphoSitePlus;ProtMapper;SIGNOR,curated_literature,True,2,8547634;9790917,HPRD_MIMP;KEA;MIMP;PhosphoSite_MIMP;ProtMapper;SIGNOR;SIGNOR_ProtMapper;phosphoELM_MIMP
Q99439,P12931,SRC,tyr,Y12,Phosphorylation,3.0,MIMP;PhosphoSitePlus;ProtMapper,curated_source,True,0,,MIMP;PhosphoSite;PhosphoSite_MIMP;PhosphoSite_ProtMapper;ProtMapper
Q99490,P06241,SRC,tyr,Y1038;Y1130;Y682;Y774,Phosphorylation,3.0,MIMP;NCI-PID_ProtMapper;PhosphoSitePlus;ProtMapper;SIGNOR,curated_literature,True,2,16841086;18469807,MIMP;NCI-PID_ProtMapper;PhosphoSite;PhosphoSite_MIMP;ProtMapper;SIGNOR;SIGNOR_ProtMapper
Q99504,P12931,SRC,tyr,Y105;Y108;Y208;Y237;Y325;Y426;Y508;Y532;Y67;Y72;Y77;Y90;Y96,Phosphorylation,1.0,PhosphoSitePlus,curated_source,True,0,,PhosphoSite
Q99519,P06213,Insulin receptor,tyr,Y242,Phosphorylation,1.0,KEA,literature_supported,False,1,17570479,KEA
Q99541,P35790,choline/ethanolamine kinase,unknown,Y232,Phosphorylation,1.0,SIGNOR,curated_literature,True,1,34929314,SIGNOR
Q99569,P00519,ABL,tyr,Y478,Phosphorylation,1.0,KEA,literature_supported,False,1,17570479,KEA
Q99623,Q08345,Insulin receptor,tyr,Y248,Phosphorylation,1.0,PhosphoNetworks,predicted_or_inferred,False,0,,PhosphoNetworks
Q99638,P00519,ABL,tyr,Y28,Phosphorylation,5.0,HPRD;KEA;MIMP;PhosphoELM;PhosphoSitePlus;ProtMapper;RLIMS-P_ProtMapper;SIGNOR,curated_literature,True,1,11971963,HPRD;HPRD_MIMP;KEA;MIMP;PhosphoSite;PhosphoSite_MIMP;PhosphoSite_ProtMapper;ProtMapper;RLIMS-P_ProtMapper;SIGNOR;SIGNOR_ProtMapper;phosphoELM;phosphoELM_MIMP
Q99683,O60674,JAK,tyr,Y718,Phosphorylation,2.0,MIMP;PhosphoSitePlus;ProtMapper;REACH_ProtMapper;RLIMS-P_ProtMapper;SIGNOR,curated_literature,True,1,19287004,MIMP;PhosphoSite;PhosphoSite_MIMP;PhosphoSite_ProtMapper;ProtMapper;REACH_ProtMapper;RLIMS-P_ProtMapper;SIGNOR;SIGNOR_ProtMapper
Q99683,P23458,JAK,tyr,Y718,Phosphorylation,1.0,MIMP;PhosphoSitePlus;ProtMapper;REACH_ProtMapper,curated_literature,True,1,19287004,MIMP;PhosphoSite;PhosphoSite_MIMP;PhosphoSite_ProtMapper;ProtMapper;REACH_ProtMapper
Q99704,P00519,ABL,tyr,Y362,Phosphorylation,3.0,ProtMapper;REACH_ProtMapper;RLIMS-P_ProtMapper;Sparser_ProtMapper,literature_supported,False,3,15148308;18768933;25043303,ProtMapper;REACH_ProtMapper;RLIMS-P_ProtMapper;Sparser_ProtMapper
Q99704,P06213,Insulin receptor,tyr,Y362;Y398,Phosphorylation,17.0,BEL-Large-Corpus_ProtMapper;HPRD;KEA;Li2012;MIMP;PhosphoELM;PhosphoSitePlus;ProtMapper;SIGNOR;UniProt_ModRes;dbPTM,curated_literature,True,11,10688886;11551902;12087092;15212693;15592455;16094384;16153436;16497976;19690332;19901323;9008160,BEL-Large-Corpus_ProtMapper;HPRD;HPRD_MIMP;KEA;Li2012;MIMP;PhosphoSite;PhosphoSite_MIMP;PhosphoSite_ProtMapper;ProtMapper;SIGNOR;SIGNOR_ProtMapper;UniProt_ModRes;dbPTM;phosphoELM;phosphoELM_MIMP
Q99704,P06239,SRC,tyr,Y174;Y449,Phosphorylation,3.0,HPRD;KEA;MIMP;NCI-PID_ProtMapper;ProtMapper,curated_literature,True,4,10799545;11489946;11841937;16537894,HPRD;HPRD_MIMP;KEA;MIMP;NCI-PID_ProtMapper;ProtMapper
Q99704,P06241,SRC,tyr,Y449,Phosphorylation,3.0,NCI-PID_ProtMapper;ProtMapper,literature_supported,False,3,11489946;11841937;16537894,NCI-PID_ProtMapper;ProtMapper
Q99704,P07947,SRC,tyr,Y449,Phosphorylation,3.0,NCI-PID_ProtMapper;ProtMapper,literature_supported,False,3,11489946;11841937;16537894,NCI-PID_ProtMapper;ProtMapper
Q99704,P07948,SRC,tyr,Y449,Phosphorylation,3.0,NCI-PID_ProtMapper;ProtMapper,literature_supported,False,3,11489946;11841937;16537894,NCI-PID_ProtMapper;ProtMapper
Q99704,P07949,Tyr protein kinase,tyr,Y398,Phosphorylation,9.0,HPRD;KEA;MIMP;PhosphoELM;PhosphoSitePlus;ProtMapper;Sparser_ProtMapper,curated_literature,True,8,10688886;11551902;12087092;15592455;16094384;16153436;16497976;19901323,HPRD;HPRD_MIMP;KEA;MIMP;PhosphoSite;PhosphoSite_MIMP;PhosphoSite_ProtMapper;ProtMapper;Sparser_ProtMapper;phosphoELM_MIMP
Q99704,P08631,SRC,tyr,Y449,Phosphorylation,3.0,NCI-PID_ProtMapper;ProtMapper,literature_supported,False,3,11489946;11841937;16537894,NCI-PID_ProtMapper;ProtMapper
Q99704,P09769,SRC,tyr,Y449,Phosphorylation,3.0,NCI-PID_ProtMapper;ProtMapper,literature_supported,False,3,11489946;11841937;16537894,NCI-PID_ProtMapper;ProtMapper
Q99704,P12931,SRC,tyr,Y362;Y449,Phosphorylation,3.0,NCI-PID_ProtMapper;PhosphoSitePlus;ProtMapper,curated_source,True,3,11489946;11841937;16537894,NCI-PID_ProtMapper;PhosphoSite;ProtMapper
Q99704,P41240,CSK,tyr,Y449,Phosphorylation,1.0,ProtMapper;Sparser_ProtMapper,literature_supported,False,1,21917715,ProtMapper;Sparser_ProtMapper
Q99704,P51451,SRC,tyr,Y449,Phosphorylation,3.0,NCI-PID_ProtMapper;ProtMapper,literature_supported,False,3,11489946;11841937;16537894,NCI-PID_ProtMapper;ProtMapper
Q99704,Q13882,BRK/PTK6/SIK,tyr,Y362,Phosphorylation,1.0,ProtMapper;REACH_ProtMapper;RLIMS-P_ProtMapper;Sparser_ProtMapper,literature_supported,False,1,24523872,ProtMapper;REACH_ProtMapper;RLIMS-P_ProtMapper;Sparser_ProtMapper
Q99747,P08069,Insulin receptor,tyr,Y307,Phosphorylation,1.0,KEA,literature_supported,False,1,17570479,KEA
Q99747,P12931,SRC,tyr,Y307,Phosphorylation,1.0,KEA,literature_supported,False,1,17570479,KEA
Q99798,P09769,SRC,tyr,Y544;Y665;Y71,Phosphorylation,1.0,SIGNOR,curated_literature,True,1,17997986,SIGNOR
Q99836,P43405,SYK/ZAP-70,tyr,Y227,Phosphorylation,1.0,ProtMapper;REACH_ProtMapper;Sparser_ProtMapper,literature_supported,False,1,28439271,ProtMapper;REACH_ProtMapper;Sparser_ProtMapper
Q99952,P42680,TEC,tyr,Y281;Y303;Y354;Y389,Phosphorylation,2.0,HPRD;KEA;MIMP;PhosphoSitePlus;ProtMapper,curated_literature,True,1,14679216,HPRD_MIMP;KEA;MIMP;PhosphoSite;PhosphoSite_MIMP;PhosphoSite_ProtMapper;ProtMapper
Q99961,P12931,SRC,tyr,Y315,Phosphorylation,5.0,KEA;MIMP;PhosphoELM;PhosphoSitePlus;ProtMapper;RLIMS-P_ProtMapper;SIGNOR;Sparser_ProtMapper,curated_literature,True,2,16054026;23255596,KEA;MIMP;PhosphoSite;PhosphoSite_MIMP;PhosphoSite_ProtMapper;ProtMapper;RLIMS-P_ProtMapper;SIGNOR;SIGNOR_ProtMapper;Sparser_ProtMapper;phosphoELM;phosphoELM_MIMP
Q99961,Q05397,FAK,tyr,Y315,Phosphorylation,4.0,KEA;MIMP;PhosphoELM;PhosphoNetworks;PhosphoSitePlus;ProtMapper;SIGNOR,curated_literature,True,1,16054026,KEA;MIMP;PhosphoNetworks;PhosphoSite;PhosphoSite_MIMP;PhosphoSite_ProtMapper;ProtMapper;SIGNOR;SIGNOR_ProtMapper;phosphoELM;phosphoELM_MIMP
Q9BW71,Q92630,MNB/DYRK,dual,Y111,Phosphorylation,1.0,PhosphoNetworks,predicted_or_inferred,False,0,,PhosphoNetworks
Q9BWU0,Q06187,TEC,tyr,Y464,Phosphorylation,1.0,PhosphoNetworks,predicted_or_inferred,False,0,,PhosphoNetworks
Q9BWW4,P06239,SRC,tyr,Y23;Y25,Phosphorylation,3.0,MIMP;PhosphoSitePlus;ProtMapper,curated_source,True,0,,MIMP;PhosphoSite;PhosphoSite_MIMP;PhosphoSite_ProtMapper;ProtMapper
Q9BX66,P00519,ABL,tyr,Y1240;Y536;Y654,Phosphorylation,1.0,ProtMapper;RLIMS-P_ProtMapper;UniProt_ModRes,curated_source,True,1,19891780,ProtMapper;RLIMS-P_ProtMapper;UniProt_ModRes
Q9BX66,P12931,SRC,tyr,Y536,Phosphorylation,1.0,ProtMapper;RLIMS-P_ProtMapper,literature_supported,False,1,19891780,ProtMapper;RLIMS-P_ProtMapper
Q9BX79,O60674,JAK,tyr,Y643,Phosphorylation,2.0,ProtMapper;REACH_ProtMapper;Sparser_ProtMapper,literature_supported,False,2,25481334;28689994,ProtMapper;REACH_ProtMapper;Sparser_ProtMapper
Q9BXH1,P04626,EGF receptor,tyr,Y152;Y172;Y58,Phosphorylation,2.0,PhosphoSitePlus;ProtMapper,curated_source,True,0,,PhosphoSite;PhosphoSite_ProtMapper;ProtMapper
Q9BXK1,P12931,SRC,tyr,Y10,Phosphorylation,1.0,PhosphoSitePlus,curated_source,True,0,,PhosphoSite
Q9BXN2,P12931,SRC,tyr,Y15,Phosphorylation,3.0,Li2012;ProtMapper;Reactome_ProtMapper,predicted_or_inferred,False,0,,Li2012;ProtMapper;Reactome_ProtMapper
Q9BXP5,P12931,SRC,tyr,Y175;Y798;Y836;Y92,Phosphorylation,3.0,MIMP;PhosphoSitePlus;ProtMapper,curated_source,True,0,,MIMP;PhosphoSite;PhosphoSite_MIMP;PhosphoSite_ProtMapper;ProtMapper
Q9BZG1,P12931,SRC,tyr,Y247,Phosphorylation,2.0,PhosphoSitePlus;ProtMapper,curated_source,True,0,,PhosphoSite;PhosphoSite_ProtMapper;ProtMapper
Q9BZL6,P00519,ABL,tyr,Y438;Y717,Phosphorylation,1.0,UniProt_ModRes;dbPTM,curated_literature,True,3,15604256;19369195;28428613,UniProt_ModRes;dbPTM
Q9BZL6,P08922,Insulin receptor,tyr,Y717,Phosphorylation,1.0,ProtMapper;Sparser_ProtMapper,literature_supported,False,1,28428613,ProtMapper;Sparser_ProtMapper
Q9BZL6,P12931,SRC,tyr,Y87,Phosphorylation,2.0,PhosphoSitePlus;ProtMapper,curated_source,True,0,,PhosphoSite;PhosphoSite_ProtMapper;ProtMapper
Q9BZL6,P29597,JAK,tyr,Y438,Phosphorylation,2.0,iPTMnet;neXtProt,literature_supported,False,1,21865166,iPTMnet_REST;neXtProt
Q9BZS1,P06239,SRC,tyr,Y330;Y342,Phosphorylation,4.0,MIMP;PhosphoSitePlus;ProtMapper;RLIMS-P_ProtMapper;SIGNOR;Sparser_ProtMapper,curated_literature,True,3,24155921;26441996;28757603,MIMP;PhosphoSite;PhosphoSite_MIMP;PhosphoSite_ProtMapper;ProtMapper;RLIMS-P_ProtMapper;SIGNOR;SIGNOR_ProtMapper;Sparser_ProtMapper
Q9BZW8,P06241,SRC,tyr,Y297;Y342,Phosphorylation,1.0,UniProt_ModRes,curated_literature,True,3,12458214;15713798;26221972,UniProt_ModRes
Q9C0B5,P06241,SRC,tyr,Y533,Phosphorylation,1.0,ProtMapper;REACH_ProtMapper;RLIMS-P_ProtMapper;Sparser_ProtMapper;UniProt_ModRes,curated_literature,True,1,26334723,ProtMapper;REACH_ProtMapper;RLIMS-P_ProtMapper;Sparser_ProtMapper;UniProt_ModRes
Q9C0B5,P07948,SRC,tyr,Y91,Phosphorylation,1.0,UniProt_ModRes,curated_literature,True,1,32958780,UniProt_ModRes
Q9C0H9,P00519,ABL,tyr,Y264;Y396,Phosphorylation,2.0,MIMP;PhosphoSitePlus;ProtMapper;SIGNOR,curated_literature,True,1,23383002,MIMP;PhosphoSite;PhosphoSite_MIMP;ProtMapper;SIGNOR;SIGNOR_ProtMapper
Q9C0H9,Q9UM73,Insulin receptor,tyr,Y396,Phosphorylation,2.0,MIMP;PhosphoSitePlus,curated_source,True,0,,MIMP;PhosphoSite;PhosphoSite_MIMP
Q9GZV5,P42684,ABL,tyr,Y321,Phosphorylation,1.0,PhosphoSitePlus,curated_source,True,0,,PhosphoSite
Q9GZV5,Q06187,TEC,tyr,Y118,Phosphorylation,1.0,PhosphoNetworks,predicted_or_inferred,False,0,,PhosphoNetworks
Q9GZY6,P07948,SRC,tyr,Y110;Y118;Y119;Y136;Y95,Phosphorylation,5.0,HPRD;MIMP;PhosphoELM;PhosphoSitePlus;ProtMapper,curated_source,True,0,,HPRD_MIMP;MIMP;PhosphoSite;PhosphoSite_MIMP;PhosphoSite_ProtMapper;ProtMapper;phosphoELM_MIMP
Q9GZY6,P10721,CSF-1/PDGF receptor,tyr,Y110;Y118,Phosphorylation,3.0,MIMP;PhosphoSitePlus;ProtMapper,curated_source,True,0,,MIMP;PhosphoSite;PhosphoSite_MIMP;PhosphoSite_ProtMapper;ProtMapper
Q9GZY6,P43405,SYK/ZAP-70,tyr,Y136;Y193;Y233,Phosphorylation,5.0,HPRD;MIMP;PhosphoELM;PhosphoSitePlus;ProtMapper,curated_source,True,0,,HPRD_MIMP;MIMP;PhosphoSite;PhosphoSite_MIMP;PhosphoSite_ProtMapper;ProtMapper;phosphoELM_MIMP
Q9H1D0,P12931,SRC,tyr,Y201,Phosphorylation,1.0,UniProt_ModRes,curated_source,True,0,,UniProt_ModRes
Q9H204,P06239,SRC,tyr,Y64,Phosphorylation,4.0,HPRD;KEA;MIMP;PhosphoSitePlus;ProtMapper;REACH_ProtMapper;RLIMS-P_ProtMapper;SIGNOR;Sparser_ProtMapper,curated_literature,True,1,16899217,HPRD;HPRD_MIMP;KEA;MIMP;PhosphoSite;PhosphoSite_MIMP;PhosphoSite_ProtMapper;ProtMapper;REACH_ProtMapper;RLIMS-P_ProtMapper;SIGNOR;SIGNOR_ProtMapper;Sparser_ProtMapper
Q9H204,P06241,SRC,tyr,Y64,Phosphorylation,2.0,ProtMapper;SIGNOR,curated_literature,True,1,16899217,ProtMapper;SIGNOR;SIGNOR_ProtMapper
Q9H223,P00533,EGF receptor,tyr,Y456,Phosphorylation,1.0,KEA,literature_supported,False,1,17570479,KEA
Q9H2X6,P00519,ABL,tyr,Y361;Y367,Phosphorylation,1.0,PhosphoSitePlus;ProtMapper;REACH_ProtMapper;SIGNOR,curated_literature,True,2,25944899;26546517,PhosphoSite;PhosphoSite_ProtMapper;ProtMapper;REACH_ProtMapper;SIGNOR
Q9H2X6,P12931,SRC,tyr,Y361,Phosphorylation,2.0,PhosphoSitePlus;ProtMapper,curated_source,True,0,,PhosphoSite;PhosphoSite_ProtMapper;ProtMapper
Q9H310,P12931,SRC,tyr,Y429,Phosphorylation,1.0,PhosphoSitePlus,curated_source,True,0,,PhosphoSite
Q9H310,P43405,SYK/ZAP-70,tyr,Y429,Phosphorylation,1.0,PhosphoSitePlus,curated_source,True,0,,PhosphoSite
Q9H3D4,P00519,ABL,tyr,Y149;Y171;Y290,Phosphorylation,2.0,MIMP;NCI-PID_ProtMapper;PhosphoSitePlus;ProtMapper;SIGNOR,curated_literature,True,1,19783996,MIMP;NCI-PID_ProtMapper;PhosphoSite;PhosphoSite_MIMP;PhosphoSite_ProtMapper;ProtMapper;SIGNOR
Q9H3Y6,Q9H3Y6,SRC,tyr,Y380,Phosphorylation,1.0,UniProt_ModRes,curated_literature,True,1,23822091,UniProt_ModRes
Q9H400,P06239,SRC,tyr,Y254,Phosphorylation,1.0,UniProt_ModRes,curated_literature,True,1,14610046,UniProt_ModRes
Q9H4E7,P06239,SRC,tyr,Y133;Y144;Y210,Phosphorylation,3.0,HPRD;KEA;MIMP;PhosphoSitePlus;ProtMapper;SIGNOR,curated_literature,True,2,12923183;18976935,HPRD_MIMP;KEA;MIMP;PhosphoSite_MIMP;ProtMapper;SIGNOR;SIGNOR_ProtMapper
Q9H4E7,Q08881,TEC,tyr,Y210;Y222,Phosphorylation,2.0,PhosphoSitePlus;ProtMapper,curated_source,True,0,,PhosphoSite;PhosphoSite_ProtMapper;ProtMapper
Q9H4M9,P00533,EGF receptor,tyr,Y453,Phosphorylation,1.0,KEA,literature_supported,False,1,17570479,KEA
Q9H5V8,P12931,SRC,tyr,Y734;Y743;Y762,Phosphorylation,9.0,HPRD;KEA;MIMP;PhosphoELM;PhosphoSitePlus;ProtMapper;REACH_ProtMapper;SIGNOR;Sparser_ProtMapper,curated_literature,True,5,14739293;15851033;21397667;23300860;25876044,HPRD;HPRD_MIMP;KEA;MIMP;PhosphoSite;PhosphoSite_MIMP;PhosphoSite_ProtMapper;ProtMapper;REACH_ProtMapper;SIGNOR;SIGNOR_ProtMapper;Sparser_ProtMapper;phosphoELM_MIMP
Q9H5V8,Q05397,FAK,tyr,Y734,Phosphorylation,4.0,HPRD;MIMP;PhosphoELM;PhosphoSitePlus,curated_source,True,0,,HPRD_MIMP;MIMP;PhosphoSite;PhosphoSite_MIMP;phosphoELM_MIMP
Q9H792,P07948,SRC,tyr,Y635,Phosphorylation,5.0,HPRD;MIMP;PhosphoELM;PhosphoSitePlus;ProtMapper,curated_source,True,0,,HPRD_MIMP;MIMP;PhosphoSite;PhosphoSite_MIMP;PhosphoSite_ProtMapper;ProtMapper;phosphoELM_MIMP
Q9H792,Q08345,Insulin receptor,tyr,Y462,Phosphorylation,1.0,ProtMapper;REACH_ProtMapper,literature_supported,False,1,29438985,ProtMapper;REACH_ProtMapper
Q9H7P9,P00519,ABL,tyr,Y489,Phosphorylation,1.0,MIMP;PhosphoSitePlus;ProtMapper;Sparser_ProtMapper,curated_literature,True,1,24378532,MIMP;PhosphoSite;PhosphoSite_MIMP;PhosphoSite_ProtMapper;ProtMapper;Sparser_ProtMapper
Q9H7P9,P12931,SRC,tyr,Y489,Phosphorylation,1.0,MIMP;PhosphoSitePlus;ProtMapper;RLIMS-P_ProtMapper;Sparser_ProtMapper,curated_literature,True,1,24378532,MIMP;PhosphoSite;PhosphoSite_MIMP;PhosphoSite_ProtMapper;ProtMapper;RLIMS-P_ProtMapper;Sparser_ProtMapper
Q9H9C1,P06241,SRC,tyr,Y11,Phosphorylation,1.0,KEA,literature_supported,False,1,17570479,KEA
Q9H9S0,Q05397,FAK,tyr,Y174;Y35,Phosphorylation,2.0,PhosphoSitePlus;ProtMapper;REACH_ProtMapper,curated_literature,True,2,23708658;26013997,PhosphoSite;PhosphoSite_ProtMapper;ProtMapper;REACH_ProtMapper
Q9H9T3,P06213,Insulin receptor,tyr,Y202,Phosphorylation,1.0,KEA,literature_supported,False,1,17570479,KEA
Q9H9T3,P06239,SRC,tyr,Y202,Phosphorylation,1.0,KEA,literature_supported,False,1,17570479,KEA
Q9H9T3,Q9UM73,Insulin receptor,tyr,Y202,Phosphorylation,1.0,PhosphoSitePlus;UniProt_ModRes,curated_literature,True,2,15592455;31341009,PhosphoSite;UniProt_ModRes
Q9HBA0,P07948,SRC,tyr,Y253,Phosphorylation,3.0,HPRD;KEA;MIMP;PhosphoELM,curated_literature,True,1,12538589,HPRD;HPRD_MIMP;KEA;MIMP;phosphoELM;phosphoELM_MIMP
Q9HBA0,P12931,SRC,tyr,Y253;Y411,Phosphorylation,1.0,KEA;Li2012;ProtMapper;Sparser_ProtMapper,literature_supported,False,2,12538589;17570479,KEA;Li2012;ProtMapper;Sparser_ProtMapper
Q9HCM9,P08069,Insulin receptor,tyr,Y439,Phosphorylation,1.0,KEA,literature_supported,False,1,17570479,KEA
Q9HCU5,P29376,Insulin receptor,tyr,Y10,Phosphorylation,1.0,PhosphoSitePlus,curated_source,True,0,,PhosphoSite
Q9NP31,P06239,SRC,tyr,Y260;Y270;Y280;Y290;Y300;Y305;Y315,Phosphorylation,4.0,HPRD;KEA;MIMP;PhosphoELM;PhosphoSitePlus;ProtMapper;REACH_ProtMapper;RLIMS-P_ProtMapper;SIGNOR;Sparser_ProtMapper,curated_literature,True,3,17570479;18541536;26163016,HPRD_MIMP;KEA;MIMP;PhosphoSite;PhosphoSite_MIMP;PhosphoSite_ProtMapper;ProtMapper;REACH_ProtMapper;RLIMS-P_ProtMapper;SIGNOR;Sparser_ProtMapper;phosphoELM_MIMP
Q9NP31,P11362,Fibroblast growth factor receptor,tyr,Y305,Phosphorylation,1.0,KEA,literature_supported,False,1,17570479,KEA
Q9NP61,P06213,Insulin receptor,tyr,Y349,Phosphorylation,1.0,KEA,literature_supported,False,1,17570479,KEA
Q9NPF5,P12931,SRC,tyr,Y246,Phosphorylation,1.0,PhosphoSitePlus,curated_source,True,0,,PhosphoSite
Q9NPH5,P06241,SRC,tyr,Y566,Phosphorylation,1.0,PhosphoSitePlus;ProtMapper;REACH_ProtMapper,curated_literature,True,1,27833552,PhosphoSite;PhosphoSite_ProtMapper;ProtMapper;REACH_ProtMapper
Q9NPY3,P12931,SRC,tyr,Y628;Y644,Phosphorylation,2.0,PhosphoSitePlus;ProtMapper,curated_source,True,0,,PhosphoSite;PhosphoSite_ProtMapper;ProtMapper
Q9NQC3,P06241,SRC,tyr,Y694,Phosphorylation,3.0,MIMP;PhosphoSitePlus;ProtMapper,curated_source,True,0,,MIMP;PhosphoSite;PhosphoSite_MIMP;PhosphoSite_ProtMapper;ProtMapper
Q9NQU5,P52564,MAP kinase kinase,dual,Y566,Phosphorylation,4.0,BEL-Large-Corpus_ProtMapper;KEA;MIMP;PhosphoELM;PhosphoNetworks;PhosphoSitePlus;ProtMapper;SIGNOR,curated_literature,True,1,15550393,BEL-Large-Corpus_ProtMapper;KEA;MIMP;PhosphoNetworks;PhosphoSite;PhosphoSite_MIMP;PhosphoSite_ProtMapper;ProtMapper;SIGNOR;SIGNOR_ProtMapper;phosphoELM;phosphoELM_MIMP
Q9NR20,Q9NR20,MNB/DYRK,dual,Y264,Phosphorylation,1.0,UniProt_ModRes,curated_literature,True,1,21127067,UniProt_ModRes
Q9NR80,P12931,SRC,tyr,Y165;Y94,Phosphorylation,2.0,MIMP;PhosphoSitePlus;ProtMapper;SIGNOR,curated_literature,True,1,18653540,MIMP;PhosphoSite;PhosphoSite_MIMP;ProtMapper;SIGNOR;SIGNOR_ProtMapper
Q9NR96,P00533,EGF receptor,tyr,Y980,Phosphorylation,1.0,UniProt_ModRes,curated_literature,True,1,40980882,UniProt_ModRes
Q9NR96,P43405,SYK/ZAP-70,tyr,Y870,Phosphorylation,1.0,UniProt_ModRes,curated_literature,True,1,40980882,UniProt_ModRes
Q9NRF2,O60674,JAK,tyr,Y439;Y494,Phosphorylation,2.0,MIMP;PhosphoELM;UniProt_ModRes,curated_source,True,0,,MIMP;UniProt_ModRes;phosphoELM_MIMP
Q9NRF2,P04629,Insulin receptor,tyr,Y753,Phosphorylation,1.0,PhosphoSitePlus,curated_source,True,0,,PhosphoSite
Q9NRF2,P07333,CSF-1/PDGF receptor,tyr,Y439,Phosphorylation,2.0,MIMP;PhosphoELM,curated_source,True,0,,MIMP;phosphoELM_MIMP
Q9NRF2,P09619,CSF-1/PDGF receptor,tyr,Y439,Phosphorylation,2.0,MIMP;PhosphoELM,curated_source,True,0,,MIMP;phosphoELM_MIMP
Q9NRF2,P10721,CSF-1/PDGF receptor,tyr,Y439,Phosphorylation,2.0,MIMP;PhosphoELM,curated_source,True,0,,MIMP;phosphoELM_MIMP
Q9NRF2,P16234,CSF-1/PDGF receptor,tyr,Y439,Phosphorylation,2.0,MIMP;PhosphoELM,curated_source,True,0,,MIMP;phosphoELM_MIMP
Q9NRF2,P23458,JAK,tyr,Y439;Y494,Phosphorylation,2.0,MIMP;PhosphoELM;UniProt_ModRes,curated_source,True,0,,MIMP;UniProt_ModRes;phosphoELM_MIMP
Q9NRF2,P36888,CSF-1/PDGF receptor,tyr,Y439,Phosphorylation,2.0,MIMP;PhosphoELM,curated_source,True,0,,MIMP;phosphoELM_MIMP
Q9NRQ2,P00519,ABL,tyr,Y83;Y88,Phosphorylation,2.0,KEA;MIMP;PhosphoELM;UniProt_ModRes,curated_literature,True,1,14757045,KEA;MIMP;UniProt_ModRes;phosphoELM;phosphoELM_MIMP
Q9NRY4,P06241,SRC,tyr,Y1087;Y1105,Phosphorylation,2.0,ProtMapper;REACH_ProtMapper;Sparser_ProtMapper;iPTMnet;neXtProt,literature_supported,False,3,11536198;18541700;23144976,ProtMapper;REACH_ProtMapper;Sparser_ProtMapper;iPTMnet_REST;neXtProt
Q9NRY4,P12931,SRC,tyr,Y1087;Y1105,Phosphorylation,16.0,HPRD;KEA;Li2012;MIMP;PhosphoELM;PhosphoSitePlus;ProtMapper;REACH_ProtMapper;SIGNOR;Sparser_ProtMapper,curated_literature,True,10,11309200;15592455;16497976;17016520;17570479;18541700;19901323;20068231;21937717;9819392,HPRD;HPRD_MIMP;KEA;Li2012;MIMP;PhosphoSite;PhosphoSite_MIMP;ProtMapper;REACH_ProtMapper;SIGNOR;SIGNOR_ProtMapper;Sparser_ProtMapper;phosphoELM;phosphoELM_MIMP
Q9NRY4,P42684,ABL,tyr,Y1105,Phosphorylation,7.0,ProtMapper;REACH_ProtMapper;Sparser_ProtMapper;UniProt_ModRes;dbPTM,curated_literature,True,7,15592455;17389395;18083107;18829532;19534553;19690332;25136583,ProtMapper;REACH_ProtMapper;Sparser_ProtMapper;UniProt_ModRes;dbPTM
Q9NRY4,Q13882,BRK/PTK6/SIK,tyr,Y1105,Phosphorylation,7.0,ProtMapper;REACH_ProtMapper;Sparser_ProtMapper;UniProt_ModRes;dbPTM,curated_literature,True,7,15592455;17389395;18083107;18829532;19534553;19690332;25136583,ProtMapper;REACH_ProtMapper;Sparser_ProtMapper;UniProt_ModRes;dbPTM
Q9NTG7,P36888,CSF-1/PDGF receptor,tyr,Y226,Phosphorylation,1.0,SIGNOR,curated_literature,True,1,34289383,SIGNOR
Q9NV92,P12931,SRC,tyr,Y151;Y167;Y171;Y177,Phosphorylation,1.0,MIMP;PhosphoSitePlus;ProtMapper;UniProt_ModRes;dbPTM,curated_literature,True,1,20534535,MIMP;PhosphoSite;PhosphoSite_MIMP;PhosphoSite_ProtMapper;ProtMapper;UniProt_ModRes;dbPTM
Q9NWQ8,P00533,EGF receptor,tyr,Y317,Phosphorylation,1.0,BEL-Large-Corpus_ProtMapper;ProtMapper,literature_supported,False,1,16636672,BEL-Large-Corpus_ProtMapper;ProtMapper
Q9NWQ8,P06241,SRC,tyr,Y317,Phosphorylation,6.0,PhosphoSitePlus;ProtMapper;RLIMS-P_ProtMapper;SIGNOR;UniProt_ModRes;dbPTM,curated_literature,True,6,10790433;16920712;17905674;18070987;18083107;19690332,PhosphoSite;ProtMapper;RLIMS-P_ProtMapper;SIGNOR;UniProt_ModRes;dbPTM
Q9NWQ8,P07948,SRC,tyr,Y105;Y317;Y387;Y417,Phosphorylation,6.0,PhosphoSitePlus;ProtMapper;RLIMS-P_ProtMapper;SIGNOR;UniProt_ModRes;dbPTM,curated_literature,True,6,10790433;16920712;17905674;18070987;18083107;19690332,PhosphoSite;ProtMapper;RLIMS-P_ProtMapper;SIGNOR;UniProt_ModRes;dbPTM
Q9NWQ8,P12931,SRC,tyr,Y317,Phosphorylation,2.0,PhosphoSitePlus;ProtMapper,curated_source,True,0,,PhosphoSite;PhosphoSite_ProtMapper;ProtMapper
Q9NYB0,O43781,MNB/DYRK,dual,Y32,Phosphorylation,1.0,PhosphoNetworks,predicted_or_inferred,False,0,,PhosphoNetworks
Q9NYB9,O60674,JAK,tyr,Y424,Phosphorylation,1.0,PhosphoNetworks,predicted_or_inferred,False,0,,PhosphoNetworks
Q9NYB9,P08581,Tyr protein kinase,tyr,Y207,Phosphorylation,1.0,PhosphoNetworks,predicted_or_inferred,False,0,,PhosphoNetworks
Q9NYB9,P43403,SYK/ZAP-70,tyr,Y207;Y424,Phosphorylation,1.0,PhosphoNetworks,predicted_or_inferred,False,0,,PhosphoNetworks
Q9NYF8,P12931,SRC,tyr,Y150;Y284;Y408;Y80;Y81;Y93,Phosphorylation,5.0,HPRD;MIMP;PhosphoELM;PhosphoSitePlus;ProtMapper,curated_source,True,0,,HPRD_MIMP;MIMP;PhosphoSite;PhosphoSite_MIMP;PhosphoSite_ProtMapper;ProtMapper;phosphoELM_MIMP
Q9NZ63,Q13882,BRK/PTK6/SIK,tyr,Y147,Phosphorylation,1.0,KEA,literature_supported,False,1,17570479,KEA
Q9NZA1,P06241,SRC,tyr,Y33,Phosphorylation,3.0,MIMP;PhosphoSitePlus;ProtMapper,curated_source,True,0,,MIMP;PhosphoSite;PhosphoSite_MIMP;PhosphoSite_ProtMapper;ProtMapper
Q9NZC7,P06213,Insulin receptor,tyr,Y33,Phosphorylation,1.0,KEA,literature_supported,False,1,17570479,KEA
Q9NZC7,P12931,SRC,tyr,Y33,Phosphorylation,5.0,HPRD;KEA;MIMP;PhosphoELM;PhosphoSitePlus;ProtMapper;RLIMS-P_ProtMapper;SIGNOR;Sparser_ProtMapper,curated_literature,True,2,15070730;25441426,HPRD;HPRD_MIMP;KEA;MIMP;PhosphoSite;PhosphoSite_MIMP;PhosphoSite_ProtMapper;ProtMapper;RLIMS-P_ProtMapper;SIGNOR;SIGNOR_ProtMapper;Sparser_ProtMapper;phosphoELM_MIMP
Q9NZC7,Q07912,Tyr protein kinase,dual,Y287;Y33,Phosphorylation,4.0,MIMP;PhosphoSitePlus;ProtMapper;REACH_ProtMapper;RLIMS-P_ProtMapper;Sparser_ProtMapper;UniProt_ModRes;dbPTM,curated_literature,True,3,16288044;20432460;24520212,MIMP;PhosphoSite;PhosphoSite_MIMP;PhosphoSite_ProtMapper;ProtMapper;REACH_ProtMapper;RLIMS-P_ProtMapper;Sparser_ProtMapper;UniProt_ModRes;dbPTM
Q9NZI8,P12931,SRC,tyr,Y396,Phosphorylation,2.0,ProtMapper;RLIMS-P_ProtMapper;Sparser_ProtMapper,literature_supported,False,2,20631164;26325373,ProtMapper;RLIMS-P_ProtMapper;Sparser_ProtMapper
Q9NZI8,P41240,CSK,tyr,Y396,Phosphorylation,2.0,ProtMapper;Sparser_ProtMapper,predicted_or_inferred,False,0,,ProtMapper;Sparser_ProtMapper
Q9NZJ5,P23458,JAK,tyr,Y585;Y619,Phosphorylation,1.0,PhosphoSitePlus;ProtMapper;REACH_ProtMapper,curated_literature,True,1,28545479,PhosphoSite;ProtMapper;REACH_ProtMapper
Q9NZJ5,Q9NZJ5,GCN2,dual,Y619,Phosphorylation,1.0,SIGNOR;UniProt_ModRes;iPTMnet,curated_literature,True,2,17998206;22169477,Signor;UniProt_ModRes;iPTMnet_REST
Q9NZM3,P00533,EGF receptor,tyr,Y553,Phosphorylation,1.0,BEL-Large-Corpus_ProtMapper;ProtMapper,literature_supported,False,1,15951569,BEL-Large-Corpus_ProtMapper;ProtMapper
Q9NZQ3,P12931,SRC,tyr,Y161;Y227,Phosphorylation,3.0,MIMP;PhosphoSitePlus;ProtMapper,curated_source,True,0,,MIMP;PhosphoSite;PhosphoSite_MIMP;PhosphoSite_ProtMapper;ProtMapper
Q9NZQ7,P23458,JAK,tyr,Y112,Phosphorylation,1.0,PhosphoSitePlus,curated_source,True,0,,PhosphoSite
Q9NZW5,P00533,EGF receptor,tyr,Y500,Phosphorylation,1.0,KEA,literature_supported,False,1,17570479,KEA
Q9P0J1,P00533,EGF receptor,tyr,Y381,Phosphorylation,1.0,PhosphoSitePlus;ProtMapper;Sparser_ProtMapper,curated_literature,True,1,24486017,PhosphoSite;PhosphoSite_ProtMapper;ProtMapper;Sparser_ProtMapper
Q9P0J1,P11362,Fibroblast growth factor receptor,tyr,Y381;Y94,Phosphorylation,1.0,PhosphoSitePlus;ProtMapper;Sparser_ProtMapper,curated_literature,True,1,24486017,PhosphoSite;PhosphoSite_ProtMapper;ProtMapper;Sparser_ProtMapper
Q9P126,P12931,SRC,tyr,Y7,Phosphorylation,1.0,Li2012,predicted_or_inferred,False,0,,Li2012
Q9P219,P00533,EGF receptor,tyr,Y1750;Y2025,Phosphorylation,1.0,PhosphoSitePlus;ProtMapper;REACH_ProtMapper,curated_literature,True,1,29487190,PhosphoSite;PhosphoSite_ProtMapper;ProtMapper;REACH_ProtMapper
Q9P219,P06213,Insulin receptor,tyr,Y2025,Phosphorylation,2.0,PhosphoSitePlus;ProtMapper,curated_source,True,0,,PhosphoSite;PhosphoSite_ProtMapper;ProtMapper
Q9P219,P12931,SRC,tyr,Y2023;Y2025,Phosphorylation,1.0,PhosphoSitePlus;ProtMapper;REACH_ProtMapper,curated_literature,True,1,29487190,PhosphoSite;PhosphoSite_ProtMapper;ProtMapper;REACH_ProtMapper
Q9P219,P16234,CSF-1/PDGF receptor,tyr,Y2025,Phosphorylation,2.0,PhosphoSitePlus;ProtMapper,curated_source,True,0,,PhosphoSite;PhosphoSite_ProtMapper;ProtMapper
Q9UBN4,P00533,EGF receptor,tyr,Y959;Y972,Phosphorylation,1.0,BEL-Large-Corpus_ProtMapper;ProtMapper,literature_supported,False,1,16144838,BEL-Large-Corpus_ProtMapper;ProtMapper
Q9UBN4,P06241,SRC,tyr,Y959;Y972,Phosphorylation,1.0,UniProt_ModRes;dbPTM,curated_literature,True,1,16144838,UniProt_ModRes;dbPTM
Q9UBN7,P00533,EGF receptor,tyr,Y570,Phosphorylation,5.0,MIMP;PhosphoSitePlus;ProtMapper;REACH_ProtMapper;SIGNOR;Sparser_ProtMapper,curated_literature,True,4,20029029;21151618;22896792;23084749,MIMP;PhosphoSite;PhosphoSite_MIMP;PhosphoSite_ProtMapper;ProtMapper;REACH_ProtMapper;SIGNOR;SIGNOR_ProtMapper;Sparser_ProtMapper
Q9UBS0,P12931,SRC,tyr,Y45,Phosphorylation,3.0,KEA;MIMP;PhosphoSitePlus;ProtMapper;SIGNOR,curated_literature,True,1,16640565,KEA;MIMP;PhosphoSite;PhosphoSite_MIMP;PhosphoSite_ProtMapper;ProtMapper;SIGNOR;SIGNOR_ProtMapper
Q9UBW7,P11362,Fibroblast growth factor receptor,tyr,Y502;Y557;Y595;Y605;Y680;Y683;Y729,Phosphorylation,3.0,MIMP;PhosphoSitePlus;ProtMapper,curated_source,True,0,,MIMP;PhosphoSite;PhosphoSite_MIMP;PhosphoSite_ProtMapper;ProtMapper
Q9UF33,Q9UF33,Ephrin receptor,tyr,Y606;Y612;Y831;Y978,Phosphorylation,1.0,UniProt_ModRes,curated_source,True,0,,UniProt_ModRes
Q9UGK3,O60674,JAK,tyr,Y22;Y250;Y310;Y322,Phosphorylation,5.0,HPRD;KEA;MIMP;PhosphoELM;PhosphoSitePlus;ProtMapper;SIGNOR,curated_literature,True,1,12540842,HPRD;HPRD_MIMP;KEA;MIMP;PhosphoSite;PhosphoSite_MIMP;PhosphoSite_ProtMapper;ProtMapper;SIGNOR;SIGNOR_ProtMapper;phosphoELM_MIMP
Q9UGK3,P07333,CSF-1/PDGF receptor,tyr,Y310,Phosphorylation,1.0,ProtMapper;Sparser_ProtMapper,literature_supported,False,1,17512498,ProtMapper;Sparser_ProtMapper
Q9UGK3,P12931,SRC,tyr,Y22;Y250;Y310;Y322,Phosphorylation,4.0,HPRD;KEA;MIMP;PhosphoELM;PhosphoSitePlus;ProtMapper;SIGNOR;UniProt_ModRes,curated_literature,True,1,12540842,HPRD;HPRD_MIMP;KEA;MIMP;PhosphoSite;PhosphoSite_MIMP;PhosphoSite_ProtMapper;ProtMapper;SIGNOR;SIGNOR_ProtMapper;UniProt_ModRes;phosphoELM_MIMP
Q9UGK3,Q13882,BRK/PTK6/SIK,tyr,Y250,Phosphorylation,4.0,HPRD;MIMP;PhosphoELM;PhosphoSitePlus;ProtMapper;REACH_ProtMapper;RLIMS-P_ProtMapper;SIGNOR;Sparser_ProtMapper;UniProt_ModRes;dbPTM,curated_literature,True,2,12540842;19393627,HPRD_MIMP;MIMP;PhosphoSite;PhosphoSite_MIMP;PhosphoSite_ProtMapper;ProtMapper;REACH_ProtMapper;RLIMS-P_ProtMapper;SIGNOR;SIGNOR_ProtMapper;Sparser_ProtMapper;UniProt_ModRes;dbPTM;phosphoELM_MIMP
Q9UGK3,Q14289,FAK,tyr,Y250,Phosphorylation,1.0,ProtMapper;REACH_ProtMapper;Sparser_ProtMapper,literature_supported,False,1,28478037,ProtMapper;REACH_ProtMapper;Sparser_ProtMapper
Q9UH65,P43405,SYK/ZAP-70,tyr,Y517,Phosphorylation,1.0,ProtMapper;RLIMS-P_ProtMapper,literature_supported,False,1,21123826,ProtMapper;RLIMS-P_ProtMapper
Q9UHD2,P06239,SRC,tyr,Y354;Y394,Phosphorylation,2.0,PhosphoSitePlus;ProtMapper,curated_source,True,0,,PhosphoSite;PhosphoSite_ProtMapper;ProtMapper
Q9UHD2,P08631,SRC,tyr,Y354;Y394,Phosphorylation,2.0,PhosphoSitePlus;ProtMapper;RLIMS-P_ProtMapper,curated_literature,True,1,28618271,PhosphoSite;PhosphoSite_ProtMapper;ProtMapper;RLIMS-P_ProtMapper
Q9UHD2,P09769,SRC,tyr,Y354;Y394,Phosphorylation,2.0,PhosphoSitePlus;ProtMapper,curated_source,True,0,,PhosphoSite;PhosphoSite_ProtMapper;ProtMapper
Q9UHD2,P12931,SRC,tyr,Y179,Phosphorylation,2.0,ProtMapper;REACH_ProtMapper;Sparser_ProtMapper,literature_supported,False,2,28049762;29753725,ProtMapper;REACH_ProtMapper;Sparser_ProtMapper
Q9UHR4,P12931,SRC,tyr,Y156;Y163;Y274;Y293;Y37;Y439,Phosphorylation,2.0,PhosphoSitePlus;ProtMapper;RLIMS-P_ProtMapper;SIGNOR,curated_literature,True,1,21840312,PhosphoSite;ProtMapper;RLIMS-P_ProtMapper;SIGNOR
Q9UIB8,P07332,Fes/fps,tyr,Y341,Phosphorylation,1.0,UniProt_ModRes,curated_literature,True,1,22068234,UniProt_ModRes
Q9UIB8,P07948,SRC,tyr,Y279;Y296,Phosphorylation,1.0,ProtMapper;Sparser_ProtMapper;UniProt_ModRes,curated_literature,True,2,16037392;22068234,ProtMapper;Sparser_ProtMapper;UniProt_ModRes
Q9UIW2,P06241,SRC,tyr,Y1608;Y1679,Phosphorylation,1.0,PhosphoSitePlus,curated_source,True,0,,PhosphoSite
Q9UJM3,P00519,ABL,tyr,Y394;Y395,Phosphorylation,1.0,PhosphoSitePlus,curated_source,True,0,,PhosphoSite
Q9UJM3,P00533,EGF receptor,tyr,Y394;Y395,Phosphorylation,3.0,ProtMapper;REACH_ProtMapper;RLIMS-P_ProtMapper;SIGNOR;Sparser_ProtMapper,curated_literature,True,2,26280531;29574142,ProtMapper;REACH_ProtMapper;RLIMS-P_ProtMapper;SIGNOR;SIGNOR_ProtMapper;Sparser_ProtMapper
Q9UJM3,P12931,SRC,tyr,Y395,Phosphorylation,1.0,ProtMapper;RLIMS-P_ProtMapper,literature_supported,False,1,26280531,ProtMapper;RLIMS-P_ProtMapper
Q9UJU6,P43403,SYK/ZAP-70,tyr,Y334;Y335;Y343;Y344;Y345;Y353,Phosphorylation,5.0,HPRD;KEA;MIMP;PhosphoELM;PhosphoNetworks;PhosphoSitePlus;ProtMapper;REACH_ProtMapper;RLIMS-P_ProtMapper;SIGNOR;Sparser_ProtMapper,curated_literature,True,1,14557276,HPRD;HPRD_MIMP;KEA;MIMP;PhosphoNetworks;PhosphoSite;PhosphoSite_MIMP;PhosphoSite_ProtMapper;ProtMapper;REACH_ProtMapper;RLIMS-P_ProtMapper;SIGNOR;SIGNOR_ProtMapper;Sparser_ProtMapper;phosphoELM;phosphoELM_MIMP
Q9UJU6,P43405,SYK/ZAP-70,tyr,Y344,Phosphorylation,1.0,Li2012,predicted_or_inferred,False,0,,Li2012
Q9UJV9,Q06187,TEC,tyr,Y364;Y414,Phosphorylation,2.0,PhosphoSitePlus;ProtMapper;SIGNOR;UniProt_ModRes,curated_literature,True,1,25704810,PhosphoSite;PhosphoSite_ProtMapper;ProtMapper;SIGNOR;UniProt_ModRes
Q9UJX5,P06213,Insulin receptor,tyr,Y469,Phosphorylation,1.0,KEA,literature_supported,False,1,17570479,KEA
Q9UJZ1,P07948,SRC,tyr,Y124,Phosphorylation,1.0,KEA,literature_supported,False,1,17570479,KEA
Q9UK17,P00533,EGF receptor,tyr,Y136,Phosphorylation,2.0,PhosphoSitePlus;ProtMapper,curated_source,True,0,,PhosphoSite;PhosphoSite_ProtMapper;ProtMapper
Q9UK17,P12931,SRC,tyr,Y108,Phosphorylation,2.0,PhosphoSitePlus;ProtMapper,curated_source,True,0,,PhosphoSite;PhosphoSite_ProtMapper;ProtMapper
Q9UKT4,P12931,SRC,tyr,Y142,Phosphorylation,2.0,MIMP;PhosphoSitePlus;ProtMapper;SIGNOR,curated_literature,True,1,20717963,MIMP;PhosphoSite;PhosphoSite_MIMP;PhosphoSite_ProtMapper;ProtMapper;SIGNOR;SIGNOR_ProtMapper
Q9UKV8,P00533,EGF receptor,tyr,Y393,Phosphorylation,13.0,MIMP;PhosphoSitePlus;ProtMapper;REACH_ProtMapper;Sparser_ProtMapper,curated_literature,True,13,24865524;25036361;25137592;25175024;25315999;25660948;25998712;26284139;26865249;27701455;28683311;29253018;30305728,MIMP;PhosphoSite;PhosphoSite_MIMP;PhosphoSite_ProtMapper;ProtMapper;REACH_ProtMapper;Sparser_ProtMapper
Q9UKV8,P12931,SRC,tyr,Y393;Y529;Y749,Phosphorylation,1.0,PhosphoSitePlus,curated_source,True,0,,PhosphoSite
Q9UKW4,P12931,SRC,tyr,Y173,Phosphorylation,2.0,MIMP;PhosphoSitePlus;ProtMapper;SIGNOR,curated_literature,True,1,17998938,MIMP;PhosphoSite;PhosphoSite_MIMP;PhosphoSite_ProtMapper;ProtMapper;SIGNOR;SIGNOR_ProtMapper
Q9UL17,P00519,ABL,tyr,Y220;Y266;Y305,Phosphorylation,2.0,PhosphoSitePlus;ProtMapper;REACH_ProtMapper;UniProt_ModRes,curated_literature,True,1,24901011,PhosphoSite;PhosphoSite_ProtMapper;ProtMapper;REACH_ProtMapper;UniProt_ModRes
Q9UL17,Q08881,TEC,tyr,Y530,Phosphorylation,1.0,UniProt_ModRes,curated_source,True,0,,UniProt_ModRes
Q9UL51,P12931,SRC,tyr,Y476,Phosphorylation,2.0,ProtMapper;RLIMS-P_ProtMapper;SIGNOR,curated_literature,True,2,16079136;26280531,ProtMapper;RLIMS-P_ProtMapper;SIGNOR
Q9ULH1,P12931,SRC,tyr,Y767,Phosphorylation,1.0,ProtMapper;REACH_ProtMapper;Sparser_ProtMapper,literature_supported,False,1,24957964,ProtMapper;REACH_ProtMapper;Sparser_ProtMapper
Q9ULH1,Q14289,FAK,tyr,Y323;Y767,Phosphorylation,1.0,SIGNOR,curated_literature,True,1,12771146,SIGNOR
Q9ULV8,P12931,SRC,tyr,Y341,Phosphorylation,2.0,MIMP;PhosphoSitePlus;ProtMapper;RLIMS-P_ProtMapper;SIGNOR;UniProt_ModRes,curated_literature,True,2,20525694;23145173,MIMP;PhosphoSite;PhosphoSite_MIMP;PhosphoSite_ProtMapper;ProtMapper;RLIMS-P_ProtMapper;SIGNOR;SIGNOR_ProtMapper;UniProt_ModRes
Q9ULZ3,P00519,ABL,tyr,Y146,Phosphorylation,1.0,PhosphoSitePlus,curated_source,True,0,,PhosphoSite
Q9ULZ3,P43405,SYK/ZAP-70,tyr,Y146,Phosphorylation,1.0,ProtMapper;RLIMS-P_ProtMapper,literature_supported,False,1,25605870,ProtMapper;RLIMS-P_ProtMapper
Q9ULZ3,Q14289,FAK,tyr,Y146,Phosphorylation,1.0,ProtMapper;RLIMS-P_ProtMapper,literature_supported,False,1,27796369,ProtMapper;RLIMS-P_ProtMapper
Q9UM73,P08069,Insulin receptor,tyr,Y1278;Y1327,Phosphorylation,1.0,KEA,literature_supported,False,1,17570479,KEA
Q9UM73,P08631,SRC,tyr,Y1507,Phosphorylation,1.0,KEA,literature_supported,False,1,17570479,KEA
Q9UM73,Q9UM73,Insulin receptor,tyr,Y1278,Phosphorylation,3.0,PhosphoSitePlus;iPTMnet;neXtProt,curated_literature,True,1,15938644,PSP;iPTMnet_REST;neXtProt
Q9UN19,P00533,EGF receptor,tyr,Y139,Phosphorylation,1.0,BEL-Large-Corpus_ProtMapper;ProtMapper,literature_supported,False,1,10880360,BEL-Large-Corpus_ProtMapper;ProtMapper
Q9UN19,P06213,Insulin receptor,tyr,Y139,Phosphorylation,1.0,BEL-Large-Corpus_ProtMapper;ProtMapper,literature_supported,False,1,10880360,BEL-Large-Corpus_ProtMapper;ProtMapper
Q9UN19,P06239,SRC,tyr,Y139,Phosphorylation,11.0,HPRD;KEA;MIMP;NCI-PID_ProtMapper;PhosphoELM;PhosphoSitePlus;ProtMapper;SIGNOR,curated_literature,True,7,10770799;10880360;11102801;11524430;14688341;17389395;19901323,HPRD;HPRD_MIMP;KEA;MIMP;NCI-PID_ProtMapper;PhosphoSite;PhosphoSite_MIMP;PhosphoSite_ProtMapper;ProtMapper;SIGNOR;SIGNOR_ProtMapper;phosphoELM;phosphoELM_MIMP
Q9UN19,P06241,SRC,tyr,Y139,Phosphorylation,3.0,NCI-PID_ProtMapper;ProtMapper,literature_supported,False,3,10770799;11102801;14688341,NCI-PID_ProtMapper;ProtMapper
Q9UN19,P07947,SRC,tyr,Y139,Phosphorylation,3.0,NCI-PID_ProtMapper;ProtMapper,literature_supported,False,3,10770799;11102801;14688341,NCI-PID_ProtMapper;ProtMapper
Q9UN19,P07948,SRC,tyr,Y139,Phosphorylation,10.0,HPRD;KEA;MIMP;NCI-PID_ProtMapper;PhosphoELM;PhosphoSitePlus;ProtMapper;SIGNOR,curated_literature,True,7,10770799;10880360;11102801;11524430;14688341;17389395;19901323,HPRD;HPRD_MIMP;KEA;MIMP;NCI-PID_ProtMapper;PhosphoSite;PhosphoSite_MIMP;PhosphoSite_ProtMapper;ProtMapper;SIGNOR;SIGNOR_ProtMapper;phosphoELM_MIMP
Q9UN19,P08631,SRC,tyr,Y139,Phosphorylation,3.0,NCI-PID_ProtMapper;ProtMapper,literature_supported,False,3,10770799;11102801;14688341,NCI-PID_ProtMapper;ProtMapper
Q9UN19,P09769,SRC,tyr,Y139,Phosphorylation,3.0,NCI-PID_ProtMapper;ProtMapper,literature_supported,False,3,10770799;11102801;14688341,NCI-PID_ProtMapper;ProtMapper
Q9UN19,P12931,SRC,tyr,Y139,Phosphorylation,11.0,HPRD;KEA;MIMP;NCI-PID_ProtMapper;PhosphoELM;PhosphoSitePlus;ProtMapper;SIGNOR,curated_literature,True,8,10770799;10880360;11102801;11524430;14688341;17389395;17570479;19901323,HPRD;HPRD_MIMP;KEA;MIMP;NCI-PID_ProtMapper;PhosphoSite;PhosphoSite_MIMP;PhosphoSite_ProtMapper;ProtMapper;SIGNOR;SIGNOR_ProtMapper;phosphoELM_MIMP
Q9UN19,P51451,SRC,tyr,Y139,Phosphorylation,3.0,NCI-PID_ProtMapper;ProtMapper,literature_supported,False,3,10770799;11102801;14688341,NCI-PID_ProtMapper;ProtMapper
Q9UN19,Q06187,TEC,tyr,Y139,Phosphorylation,9.0,HPRD;KEA;MIMP;PhosphoELM;PhosphoSitePlus;ProtMapper;SIGNOR,curated_literature,True,4,10880360;11524430;17389395;19901323,HPRD;HPRD_MIMP;KEA;MIMP;PhosphoSite_MIMP;ProtMapper;SIGNOR;SIGNOR_ProtMapper;phosphoELM_MIMP
Q9UNE7,Q14289,FAK,tyr,Y121,Phosphorylation,1.0,PhosphoNetworks,predicted_or_inferred,False,0,,PhosphoNetworks
Q9UPN9,P00519,ABL,tyr,Y1048;Y524;Y610,Phosphorylation,1.0,PhosphoSitePlus,curated_source,True,0,,PhosphoSite
Q9UPT8,P12931,SRC,tyr,Y1218;Y158;Y247,Phosphorylation,3.0,MIMP;PhosphoSitePlus;ProtMapper,curated_source,True,0,,MIMP;PhosphoSite;PhosphoSite_MIMP;PhosphoSite_ProtMapper;ProtMapper
Q9UPY6,P00519,ABL,tyr,Y151;Y248;Y337;Y486,Phosphorylation,3.0,PhosphoSitePlus;ProtMapper;REACH_ProtMapper;Reactome_ProtMapper;SIGNOR;Sparser_ProtMapper;UniProt_ModRes;dbPTM,curated_literature,True,2,17623672;23354023,PhosphoSite;ProtMapper;REACH_ProtMapper;Reactome_ProtMapper;SIGNOR;Sparser_ProtMapper;UniProt_ModRes;dbPTM
Q9UPZ9,P22607,Fibroblast growth factor receptor,tyr,Y15,Phosphorylation,1.0,PhosphoSitePlus,curated_source,True,0,,PhosphoSite
Q9UQB3,P00519,ABL,tyr,Y292;Y429,Phosphorylation,1.0,ProtMapper;REACH_ProtMapper,literature_supported,False,1,24412473,ProtMapper;REACH_ProtMapper
Q9UQB3,P12931,SRC,tyr,Y1090;Y1154;Y1157,Phosphorylation,1.0,ProtMapper;REACH_ProtMapper,literature_supported,False,1,24412473,ProtMapper;REACH_ProtMapper
Q9UQB3,Q05397,FAK,tyr,Y142,Phosphorylation,1.0,ProtMapper;Sparser_ProtMapper,literature_supported,False,1,30134553,ProtMapper;Sparser_ProtMapper
Q9UQB8,P08069,Insulin receptor,tyr,Y506,Phosphorylation,1.0,KEA,literature_supported,False,1,17570479,KEA
Q9UQC2,O60674,JAK,tyr,Y452;Y643,Phosphorylation,2.0,HPRD;MIMP;PhosphoELM;PhosphoSitePlus;ProtMapper;REACH_ProtMapper;SIGNOR;Sparser_ProtMapper,curated_literature,True,2,18644434;21183952,HPRD_MIMP;MIMP;PhosphoSite;PhosphoSite_MIMP;PhosphoSite_ProtMapper;ProtMapper;REACH_ProtMapper;SIGNOR;SIGNOR_ProtMapper;Sparser_ProtMapper;phosphoELM_MIMP
Q9UQC2,P06241,SRC,tyr,Y452;Y476;Y584,Phosphorylation,2.0,ProtMapper;Reactome_ProtMapper,predicted_or_inferred,False,0,,ProtMapper;Reactome_ProtMapper
Q9UQC2,P08631,SRC,tyr,Y452,Phosphorylation,2.0,iPTMnet;neXtProt,literature_supported,False,1,17513616,iPTMnet_REST;neXtProt
Q9UQC2,P12931,SRC,tyr,Y476,Phosphorylation,1.0,Li2012,predicted_or_inferred,False,0,,Li2012
Q9UQC2,P43403,SYK/ZAP-70,tyr,Y452;Y576;Y614,Phosphorylation,6.0,HPRD;KEA;MIMP;PhosphoELM;PhosphoSitePlus;ProtMapper;SIGNOR;Sparser_ProtMapper,curated_literature,True,2,11572860;15170389,HPRD;HPRD_MIMP;KEA;MIMP;PhosphoSite;PhosphoSite_MIMP;PhosphoSite_ProtMapper;ProtMapper;SIGNOR;SIGNOR_ProtMapper;Sparser_ProtMapper;phosphoELM;phosphoELM_MIMP
Q9UQC2,P43405,SYK/ZAP-70,tyr,Y614,Phosphorylation,1.0,Li2012,predicted_or_inferred,False,0,,Li2012
Q9UQL6,Q05397,FAK,tyr,Y642,Phosphorylation,1.0,PhosphoSitePlus,curated_source,True,0,,PhosphoSite
Q9UQQ2,P06239,SRC,tyr,Y273,Phosphorylation,4.0,HPRD;KEA;MIMP;PhosphoELM;PhosphoNetworks;PhosphoSitePlus;ProtMapper;SIGNOR,curated_literature,True,1,9169414,HPRD_MIMP;KEA;MIMP;PhosphoNetworks;PhosphoSite_MIMP;ProtMapper;SIGNOR;SIGNOR_ProtMapper;phosphoELM;phosphoELM_MIMP
Q9UQQ2,P08069,Insulin receptor,tyr,Y273,Phosphorylation,1.0,KEA,literature_supported,False,1,17570479,KEA
Q9UQQ2,P12931,SRC,tyr,Y273,Phosphorylation,1.0,Li2012,predicted_or_inferred,False,0,,Li2012
Q9UQQ2,P43403,SYK/ZAP-70,tyr,Y273,Phosphorylation,4.0,HPRD;KEA;MIMP;PhosphoELM;PhosphoSitePlus;ProtMapper;SIGNOR,curated_literature,True,1,9169414,HPRD_MIMP;KEA;MIMP;PhosphoSite_MIMP;ProtMapper;SIGNOR;SIGNOR_ProtMapper;phosphoELM;phosphoELM_MIMP
Q9UQQ2,P43405,SYK/ZAP-70,tyr,Y273,Phosphorylation,1.0,Li2012,predicted_or_inferred,False,0,,Li2012
Q9Y210,P12931,SRC,tyr,Y31,Phosphorylation,1.0,ProtMapper;REACH_ProtMapper;Sparser_ProtMapper,literature_supported,False,1,21471003,ProtMapper;REACH_ProtMapper;Sparser_ProtMapper
Q9Y230,Q13882,BRK/PTK6/SIK,tyr,Y340,Phosphorylation,1.0,PhosphoNetworks,predicted_or_inferred,False,0,,PhosphoNetworks
Q9Y2H5,P00533,EGF receptor,tyr,Y492,Phosphorylation,1.0,BEL-Large-Corpus_ProtMapper;ProtMapper,literature_supported,False,1,15951569,BEL-Large-Corpus_ProtMapper;ProtMapper
Q9Y2I7,P06213,Insulin receptor,tyr,Y1772,Phosphorylation,1.0,KEA,literature_supported,False,1,17570479,KEA
Q9Y2J4,P11362,Fibroblast growth factor receptor,tyr,Y107,Phosphorylation,1.0,PhosphoSitePlus;ProtMapper;SIGNOR;UniProt_ModRes,curated_literature,True,1,21937427,PhosphoSite;PhosphoSite_ProtMapper;ProtMapper;SIGNOR;UniProt_ModRes
Q9Y2W1,P12931,SRC,tyr,Y107;Y118;Y344;Y68,Phosphorylation,4.0,HPRD;MIMP;PhosphoSitePlus;ProtMapper,curated_source,True,0,,HPRD_MIMP;MIMP;PhosphoSite;PhosphoSite_MIMP;PhosphoSite_ProtMapper;ProtMapper
Q9Y2X7,P12931,SRC,tyr,Y246;Y284;Y321;Y383;Y545,Phosphorylation,1.0,KEA;PhosphoSitePlus;ProtMapper;Sparser_ProtMapper,curated_literature,True,3,17570479;20689073;24699139,KEA;PhosphoSite;PhosphoSite_ProtMapper;ProtMapper;Sparser_ProtMapper
Q9Y2X7,Q05397,FAK,tyr,Y321,Phosphorylation,2.0,PhosphoSitePlus;ProtMapper,curated_source,True,0,,PhosphoSite;PhosphoSite_ProtMapper;ProtMapper
Q9Y371,P12931,SRC,tyr,Y80,Phosphorylation,3.0,MIMP;PhosphoSitePlus;ProtMapper,curated_source,True,0,,MIMP;PhosphoSite;PhosphoSite_MIMP;PhosphoSite_ProtMapper;ProtMapper
Q9Y3Q4,P12931,SRC,tyr,Y531,Phosphorylation,2.0,MIMP;PhosphoSitePlus;ProtMapper;SIGNOR,curated_literature,True,1,17977941,MIMP;PhosphoSite;PhosphoSite_MIMP;PhosphoSite_ProtMapper;ProtMapper;SIGNOR;SIGNOR_ProtMapper
Q9Y446,P12931,SRC,tyr,Y195,Phosphorylation,1.0,PhosphoSitePlus;UniProt_ModRes,curated_literature,True,1,25501895,PhosphoSite;UniProt_ModRes
Q9Y448,P12931,SRC,tyr,Y87,Phosphorylation,1.0,PhosphoSitePlus,curated_source,True,0,,PhosphoSite
Q9Y463,Q9Y463,MNB/DYRK,dual,Y271;Y273,Phosphorylation,1.0,UniProt_ModRes,curated_literature,True,1,10910078,UniProt_ModRes
Q9Y4C1,Q07912,Tyr protein kinase,dual,Y1114,Phosphorylation,2.0,PhosphoSitePlus;ProtMapper,curated_source,True,0,,PhosphoSite;PhosphoSite_ProtMapper;ProtMapper
Q9Y4D1,P12931,SRC,tyr,Y652,Phosphorylation,1.0,PhosphoSitePlus,curated_source,True,0,,PhosphoSite
Q9Y4H2,P04626,EGF receptor,tyr,Y628,Phosphorylation,1.0,KEA,literature_supported,False,1,17570479,KEA
Q9Y4H2,P06213,Insulin receptor,tyr,Y1253;Y540;Y628;Y632;Y653;Y675;Y919;Y978,Phosphorylation,5.0,HPRD;KEA;MIMP;PhosphoSitePlus;ProtMapper;SIGNOR;UniProt_ModRes;dbPTM,curated_literature,True,7,17570479;18083107;19534553;19901323;20068231;23186163;9195949,HPRD;HPRD_MIMP;KEA;MIMP;PhosphoSite_MIMP;ProtMapper;SIGNOR;SIGNOR_ProtMapper;UniProt_ModRes;dbPTM
Q9Y4H2,P09619,CSF-1/PDGF receptor,tyr,Y628,Phosphorylation,1.0,KEA,literature_supported,False,1,17570479,KEA
Q9Y5X2,P23458,JAK,tyr,Y126;Y95,Phosphorylation,2.0,PhosphoSitePlus;ProtMapper;REACH_ProtMapper,curated_literature,True,1,29180417,PhosphoSite;PhosphoSite_ProtMapper;ProtMapper;REACH_ProtMapper
Q9Y613,P12931,SRC,tyr,Y99,Phosphorylation,1.0,PhosphoSitePlus;ProtMapper;REACH_ProtMapper;Sparser_ProtMapper,curated_literature,True,1,24331927,PhosphoSite;PhosphoSite_ProtMapper;ProtMapper;REACH_ProtMapper;Sparser_ProtMapper
Q9Y624,P12931,SRC,tyr,Y280,Phosphorylation,1.0,ProtMapper;REACH_ProtMapper,literature_supported,False,1,30625033,ProtMapper;REACH_ProtMapper
Q9Y6H1,P00519,ABL,tyr,Y99,Phosphorylation,2.0,PhosphoSitePlus;ProtMapper,curated_source,True,0,,PhosphoSite;PhosphoSite_ProtMapper;ProtMapper
Q9Y6K9,P06241,SRC,tyr,Y374,Phosphorylation,1.0,PhosphoSitePlus;ProtMapper;REACH_ProtMapper,curated_literature,True,1,23131831,PhosphoSite;ProtMapper;REACH_ProtMapper
Q9Y6K9,P07948,SRC,tyr,Y374,Phosphorylation,1.0,PhosphoSitePlus;ProtMapper;REACH_ProtMapper,curated_literature,True,1,23131831,PhosphoSite;ProtMapper;REACH_ProtMapper
Q9Y6K9,P09769,SRC,tyr,Y374,Phosphorylation,1.0,PhosphoSitePlus;ProtMapper;REACH_ProtMapper,curated_literature,True,1,23131831,PhosphoSite;ProtMapper;REACH_ProtMapper
Q9Y6K9,P12931,SRC,tyr,Y374,Phosphorylation,1.0,PhosphoSitePlus;ProtMapper;REACH_ProtMapper,curated_literature,True,1,23131831,PhosphoSite;PhosphoSite_ProtMapper;ProtMapper;REACH_ProtMapper
Q9Y6L6,P07948,SRC,tyr,Y645,Phosphorylation,1.0,PhosphoSitePlus,curated_source,True,0,,PhosphoSite
Q9Y6N7,P00519,ABL,tyr,Y1038;Y1073;Y1114,Phosphorylation,3.0,HPRD;MIMP;PhosphoSitePlus;ProtMapper;SIGNOR;UniProt_ModRes;dbPTM,curated_literature,True,1,10892742,HPRD_MIMP;MIMP;PhosphoSite;PhosphoSite_MIMP;PhosphoSite_ProtMapper;ProtMapper;SIGNOR;SIGNOR_ProtMapper;UniProt_ModRes;dbPTM
Q9Y6Q9,P00519,ABL,tyr,Y1357,Phosphorylation,2.0,MIMP;PhosphoSitePlus;ProtMapper;REACH_ProtMapper;SIGNOR,curated_literature,True,1,18765637,MIMP;PhosphoSite;PhosphoSite_MIMP;PhosphoSite_ProtMapper;ProtMapper;REACH_ProtMapper;SIGNOR;SIGNOR_ProtMapper
Q9Y6W5,P00519,ABL,tyr,Y150,Phosphorylation,7.0,KEA;MIMP;PhosphoELM;PhosphoSitePlus;ProtMapper;REACH_ProtMapper;RLIMS-P_ProtMapper;Reactome_ProtMapper;Sparser_ProtMapper,curated_literature,True,6,15657136;16899465;20533885;21419341;22448228;23354023,KEA;MIMP;PhosphoSite_MIMP;ProtMapper;REACH_ProtMapper;RLIMS-P_ProtMapper;Reactome_ProtMapper;Sparser_ProtMapper;phosphoELM;phosphoELM_MIMP
Q9Y6Y9,P07948,SRC,tyr,Y131;Y22,Phosphorylation,3.0,MIMP;PhosphoSitePlus;ProtMapper,curated_source,True,0,,MIMP;PhosphoSite;PhosphoSite_MIMP;PhosphoSite_ProtMapper;ProtMapper
