uniprot_id,ptm_enzyme,site,ptm_type,score,source
A0A075B6S6,P07947,unknown,Phosphorylation,1.0,Reactome
A0A075B6S6,P08631,unknown,Phosphorylation,1.0,Reactome
A0A075B6S6,P09769,unknown,Phosphorylation,1.0,Reactome
A0A075B6S6,P12931,unknown,Phosphorylation,1.0,Reactome
A0A0A6YYK7,P41240,unknown,Phosphorylation,1.0,Reactome
A0A0B4J1V7,P07947,unknown,Phosphorylation,1.0,Reactome
A0A0B4J1V7,P08631,unknown,Phosphorylation,1.0,Reactome
A0A0B4J1V7,P09769,unknown,Phosphorylation,1.0,Reactome
A0A0B4J1V7,P12931,unknown,Phosphorylation,1.0,Reactome
A0A0C4DH25,P07947,unknown,Phosphorylation,1.0,Reactome
A0A0C4DH25,P08631,unknown,Phosphorylation,1.0,Reactome
A0A0C4DH25,P09769,unknown,Phosphorylation,1.0,Reactome
A0A0C4DH25,P12931,unknown,Phosphorylation,1.0,Reactome
A0A0C4DH73,P07947,unknown,Phosphorylation,1.0,Reactome
A0A0C4DH73,P08631,unknown,Phosphorylation,1.0,Reactome
A0A0C4DH73,P09769,unknown,Phosphorylation,1.0,Reactome
A0A0C4DH73,P12931,unknown,Phosphorylation,1.0,Reactome
A0A1B0GVQ0,Q00535,unknown,Phosphorylation,0.2,SIGNOR
A0AVK6,O14757,unknown,Phosphorylation,0.316,SIGNOR
A0AVK6,P22607,Y,Phosphorylation,1.0,UniProt
A0M8Q6,P07947,unknown,Phosphorylation,1.0,Reactome
A0M8Q6,P08631,unknown,Phosphorylation,1.0,Reactome
A0M8Q6,P09769,unknown,Phosphorylation,1.0,Reactome
A0M8Q6,P12931,unknown,Phosphorylation,1.0,Reactome
A1A4S6,Q05397,unknown,Phosphorylation,1.0,Reactome
A1A4S6,Q14289,unknown,Phosphorylation,1.0,Reactome
A1KXE4,P22607,Y,Phosphorylation,1.0,UniProt
A1KXE4,P24941,unknown,Phosphorylation,1.0,PhosphoSitePlus
A1KXE4,Q01974,Y,Phosphorylation,1.0,UniProt
A1X283,P12931,Y508,Phosphorylation,1.0,PhosphoSitePlus;SIGNOR;iPTMnet
A1Z1Q3,Q13315,unknown,Phosphorylation,0.2,SIGNOR
A2NJV5,P07947,unknown,Phosphorylation,1.0,Reactome
A2NJV5,P08631,unknown,Phosphorylation,1.0,Reactome
A2NJV5,P09769,unknown,Phosphorylation,1.0,Reactome
A2NJV5,P12931,unknown,Phosphorylation,1.0,Reactome
A2RUS2,O75385,unknown,Phosphorylation,1.0,Reactome
A4D0Q3,Q01974,Y,Phosphorylation,1.0,UniProt
A4D0S4,Q05397,unknown,Phosphorylation,1.0,Reactome
A4D0S4,Q14289,unknown,Phosphorylation,1.0,Reactome
A5D8V6,Q9UHD2,unknown,Phosphorylation,0.368,SIGNOR
A5D8V7,P22607,Y,Phosphorylation,1.0,UniProt
A6NC98,P08631,Y,Phosphorylation,1.0,UniProt
A6NEM1,P29597,Y,Phosphorylation,1.0,UniProt
A6NGB9,Q05397,unknown,Phosphorylation,1.0,Reactome
A6NI28,Q05397,Y376,Phosphorylation,0.309,SIGNOR
A6NKT7,P06493,unknown,Phosphorylation,1.0,PhosphoSitePlus
A7KAX9,P06241,Y,Phosphorylation,1.0,UniProt
A7MD48,P49759,Y,Phosphorylation,1.0,UniProt
A7MD48,Q9HAZ1,Y,Phosphorylation,1.0,UniProt
A8CG34,P06493,unknown,Phosphorylation,1.0,Reactome
A8CG34,Q8TD19,unknown,Phosphorylation,1.0,Reactome
A8CG34,Q9HC98,unknown,Phosphorylation,1.0,Reactome
A8K0U2,P22607,Y,Phosphorylation,1.0,UniProt
A8K4G0,P06241,unknown,Phosphorylation,1.0,PhosphoSitePlus
A8K8P3,P53350,unknown,Phosphorylation,1.0,Reactome
A8MQ03,P07947,Y,Phosphorylation,1.0,UniProt
A8MQ03,P08631,Y,Phosphorylation,1.0,UniProt
A8MQ03,P29597,Y,Phosphorylation,1.0,UniProt
A8MQ03,Q07912,Y,Phosphorylation,1.0,UniProt
A8MTA8,P06239,Y,Phosphorylation,1.0,UniProt
A8MU46,P17612,unknown,Phosphorylation,1.0,PhosphoSitePlus
A8MYZ6,P31749,unknown,Phosphorylation,0.652,SIGNOR
A8MYZ6,P48729,unknown,Phosphorylation,0.2,SIGNOR
A8MYZ6,Q13627,unknown,Phosphorylation,0.306,SIGNOR
A8T7D5,P16234,Y,Phosphorylation,1.0,UniProt
B2RUY7,Q06418,Y,Phosphorylation,1.0,UniProt
B2RWP4,P49760,Y,Phosphorylation,1.0,UniProt
B2RXF5,P51451,Y,Phosphorylation,1.0,UniProt
B3EWF7,Q13131,unknown,Phosphorylation,1.0,PhosphoSitePlus
B7Z3E8,P22607,Y,Phosphorylation,1.0,UniProt
C0HM02,Q13546,unknown,Phosphorylation,1.0,Reactome
C0HMD6,Q13315,unknown,Phosphorylation,1.0,Reactome
D3DU92,P49760,Y,Phosphorylation,1.0,UniProt
E9PAV3,P17612,unknown,Phosphorylation,1.0,PhosphoSitePlus
E9PAV3,P49841,unknown,Phosphorylation,100.0,PhosphoNetworks;PhosphoSitePlus
F1D8P7,P22607,Y,Phosphorylation,1.0,UniProt
F7VJQ1,Q00535,unknown,Phosphorylation,1.0,PhosphoSitePlus;SIGNOR
F7VJQ1,Q05397,unknown,Phosphorylation,40.09,PhosphoNetworks
F7VJQ1,Q06418,unknown,Phosphorylation,2.58,PhosphoNetworks
I6L996,P06239,Y,Phosphorylation,1.0,UniProt
I6L996,P07947,Y,Phosphorylation,1.0,UniProt
O00139,P06493,unknown,Phosphorylation,1.0,Reactome
O00139,P53350,unknown,Phosphorylation,1.0,PhosphoSitePlus;Reactome
O00141,O15530,unknown,Phosphorylation,1.0,PhosphoSitePlus;Reactome
O00141,P17612,unknown,Phosphorylation,1.0,PhosphoSitePlus
O00141,P42345,unknown,Phosphorylation,1.0,PhosphoSitePlus;Reactome
O00141,Q13164,unknown,Phosphorylation,1.0,PhosphoSitePlus
O00141,Q9HC98,unknown,Phosphorylation,1.0,PhosphoSitePlus
O00148,Q92989,unknown,Phosphorylation,1.0,Reactome
O00159,P49841,unknown,Phosphorylation,0.2,SIGNOR
O00161,O14920,unknown,Phosphorylation,1.0,PhosphoSitePlus;Reactome
O00161,O15111,unknown,Phosphorylation,1.0,Reactome
O00161,P17252,unknown,Phosphorylation,100.0,PhosphoNetworks
O00167,P51957,unknown,Phosphorylation,5.22,PhosphoNetworks
O00167,Q13315,unknown,Phosphorylation,1.0,Reactome
O00168,P17252,unknown,Phosphorylation,1.0,PhosphoSitePlus
O00168,P17612,unknown,Phosphorylation,1.0,PhosphoSitePlus
O00170,P00533,Y,Phosphorylation,1.0,UniProt
O00170,P68400,unknown,Phosphorylation,1.0,PhosphoSitePlus
O00186,P05129,unknown,Phosphorylation,1.0,Reactome
O00186,P05771,unknown,Phosphorylation,1.0,Reactome
O00186,P06213,unknown,Phosphorylation,1.0,PhosphoSitePlus
O00186,P17252,unknown,Phosphorylation,1.0,Reactome
O00206,P12931,unknown,Phosphorylation,0.588,SIGNOR
O00206,Q15139,unknown,Phosphorylation,1.0,PhosphoSitePlus
O00213,P00519,Y547,Phosphorylation,1.0,PhosphoSitePlus;SIGNOR;iPTMnet
O00213,P00533,Y,Phosphorylation,1.0,UniProt
O00213,P04626,Y,Phosphorylation,1.0,UniProt
O00213,P28482,unknown,Phosphorylation,100.0,PhosphoNetworks;PhosphoSitePlus
O00213,P45983,unknown,Phosphorylation,2.75,PhosphoNetworks
O00213,Q00535,unknown,Phosphorylation,7.87,PhosphoNetworks
O00221,O14920,unknown,Phosphorylation,1.0,Reactome
O00221,O15111,unknown,Phosphorylation,1.0,Reactome
O00222,P25098,unknown,Phosphorylation,1.0,Reactome
O00222,P32298,unknown,Phosphorylation,1.0,Reactome
O00222,P34947,unknown,Phosphorylation,1.0,Reactome
O00222,P35626,unknown,Phosphorylation,1.0,Reactome
O00222,P43250,unknown,Phosphorylation,1.0,Reactome
O00222,Q15835,unknown,Phosphorylation,1.0,Reactome
O00222,Q8WTQ7,unknown,Phosphorylation,1.0,Reactome
O00238,Q13873,unknown,Phosphorylation,0.625,SIGNOR
O00254,Q15835,unknown,Phosphorylation,0.2,SIGNOR
O00255,Q13153,unknown,Phosphorylation,40.66,PhosphoNetworks
O00255,Q13315,unknown,Phosphorylation,1.0,PhosphoSitePlus
O00257,P22607,Y,Phosphorylation,1.0,UniProt
O00257,Q15759,unknown,Phosphorylation,1.0,Reactome
O00257,Q16539,unknown,Phosphorylation,1.0,Reactome
O00257,Q16644,unknown,Phosphorylation,1.0,Reactome
O00257,Q9H2X6,unknown,Phosphorylation,1.0,PhosphoSitePlus;SIGNOR
O00264,Q16539,unknown,Phosphorylation,1.0,PhosphoSitePlus
O00267,P06493,unknown,Phosphorylation,1.0,PhosphoSitePlus
O00267,P24941,unknown,Phosphorylation,1.0,PhosphoSitePlus
O00267,P28482,unknown,Phosphorylation,1.0,PhosphoSitePlus
O00267,P45984,unknown,Phosphorylation,2.75,PhosphoNetworks
O00267,P50750,unknown,Phosphorylation,1.0,PhosphoSitePlus
O00268,P50613,unknown,Phosphorylation,1.0,Reactome
O00303,P21127,unknown,Phosphorylation,1.0,PhosphoSitePlus
O00303,Q9BWU1,unknown,Phosphorylation,1.0,PhosphoSitePlus
O00308,Q07912,unknown,Phosphorylation,0.34,SIGNOR
O00311,O14757,unknown,Phosphorylation,0.737,SIGNOR
O00311,P06493,unknown,Phosphorylation,1.0,PhosphoSitePlus
O00311,P24941,unknown,Phosphorylation,1.0,PhosphoSitePlus
O00311,Q13535,unknown,Phosphorylation,1.0,Reactome
O00327,P31751,unknown,Phosphorylation,0.359,SIGNOR
O00327,P68400,unknown,Phosphorylation,1.0,Reactome
O00329,O00329,unknown,Phosphorylation,1.0,PhosphoSitePlus
O00330,Q15118,unknown,Phosphorylation,1.0,Reactome
O00330,Q15120,unknown,Phosphorylation,1.0,Reactome
O00330,Q16654,unknown,Phosphorylation,1.0,Reactome
O00399,P06493,unknown,Phosphorylation,1.0,PhosphoSitePlus
O00401,P00519,Y175;Y256,Phosphorylation,1.0,iPTMnet
O00401,P12931,unknown,Phosphorylation,0.761,SIGNOR
O00401,P42684,Y256,Phosphorylation,1.0,PhosphoSitePlus;iPTMnet
O00401,Q05397,Y256,Phosphorylation,1.0,PhosphoSitePlus;Reactome;SIGNOR;iPTMnet
O00401,Q07912,unknown,Phosphorylation,0.309,SIGNOR
O00401,Q13882,Y,Phosphorylation,1.0,UniProt
O00418,O00418,unknown,Phosphorylation,1.0,PhosphoSitePlus
O00418,O15264,unknown,Phosphorylation,100.0,PhosphoNetworks;PhosphoSitePlus
O00418,P06493,unknown,Phosphorylation,1.0,PhosphoSitePlus
O00418,P23443,unknown,Phosphorylation,100.0,PhosphoNetworks;PhosphoSitePlus;Reactome
O00418,P42345,unknown,Phosphorylation,1.0,PhosphoSitePlus
O00418,P49137,unknown,Phosphorylation,1.0,PhosphoSitePlus
O00418,P54646,unknown,Phosphorylation,1.0,PhosphoSitePlus
O00418,Q13131,unknown,Phosphorylation,1.0,PhosphoSitePlus
O00418,Q15418,unknown,Phosphorylation,1.0,PhosphoSitePlus
O00418,Q15759,unknown,Phosphorylation,1.0,PhosphoSitePlus
O00418,Q96QT4,unknown,Phosphorylation,1.0,PhosphoSitePlus
O00418,Q9UBS0,unknown,Phosphorylation,1.0,PhosphoSitePlus
O00422,Q13523,unknown,Phosphorylation,1.0,Reactome
O00425,Q13627,Y,Phosphorylation,1.0,UniProt
O00429,P00519,Y266;Y368;Y449,Phosphorylation,0.26,SIGNOR
O00429,P06493,unknown,Phosphorylation,1.0,PhosphoSitePlus
O00429,P17612,unknown,Phosphorylation,1.0,PhosphoSitePlus
O00429,P24941,unknown,Phosphorylation,1.0,PhosphoSitePlus
O00429,P27361,unknown,Phosphorylation,1.0,PhosphoSitePlus
O00429,P28482,unknown,Phosphorylation,1.0,PhosphoSitePlus
O00429,P49841,unknown,Phosphorylation,1.0,PhosphoSitePlus
O00429,Q00535,unknown,Phosphorylation,1.0,PhosphoSitePlus
O00429,Q05655,unknown,Phosphorylation,1.0,PhosphoSitePlus
O00443,P06493,unknown,Phosphorylation,1.0,PhosphoSitePlus
O00443,P08069,unknown,Phosphorylation,0.275,SIGNOR
O00443,Q05397,unknown,Phosphorylation,1.0,Reactome
O00443,Q14289,unknown,Phosphorylation,1.0,Reactome
O00444,O00444,Y177,Phosphorylation,1.0,PhosphoSitePlus;iPTMnet
O00444,P53350,unknown,Phosphorylation,1.0,Reactome
O00459,P00533,Y,Phosphorylation,1.0,UniProt
O00459,P04626,Y,Phosphorylation,1.0,UniProt
O00459,P08069,Y,Phosphorylation,1.0,UniProt
O00459,P08581,Y,Phosphorylation,1.0,UniProt
O00459,P09619,Y,Phosphorylation,1.0,UniProt
O00459,P10721,Y,Phosphorylation,1.0,UniProt
O00459,P21860,Y,Phosphorylation,1.0,UniProt
O00459,P35968,unknown,Phosphorylation,1.0,Reactome
O00459,Q05397,unknown,Phosphorylation,1.0,Reactome
O00459,Q14289,unknown,Phosphorylation,1.0,Reactome
O00471,Q13882,Y,Phosphorylation,1.0,UniProt
O00472,P22607,Y,Phosphorylation,1.0,UniProt
O00472,P50613,unknown,Phosphorylation,1.0,Reactome
O00472,P50750,unknown,Phosphorylation,1.0,Reactome
O00482,P17612,unknown,Phosphorylation,1.0,PhosphoSitePlus
O00501,Q15835,unknown,Phosphorylation,1.0,PhosphoSitePlus
O00560,O75385,unknown,Phosphorylation,1.0,PhosphoSitePlus
O00560,P12931,Y,Phosphorylation,1.0,PhosphoSitePlus;UniProt
O00560,P49760,Y,Phosphorylation,1.0,UniProt
O00560,P49761,Y,Phosphorylation,1.0,UniProt
O00562,P06493,unknown,Phosphorylation,1.0,PhosphoSitePlus
O00562,P28482,unknown,Phosphorylation,100.0,PhosphoNetworks;PhosphoSitePlus
O00566,Q96GD4,unknown,Phosphorylation,1.0,PhosphoSitePlus
O00571,P06493,unknown,Phosphorylation,1.0,PhosphoSitePlus
O00571,P24941,unknown,Phosphorylation,1.0,PhosphoSitePlus
O00571,Q14164,unknown,Phosphorylation,1.0,PhosphoSitePlus
O00571,Q96GD4,unknown,Phosphorylation,1.0,PhosphoSitePlus
O00571,Q9UHD2,unknown,Phosphorylation,0.723,SIGNOR
O00625,P41743,unknown,Phosphorylation,10.19,PhosphoNetworks
O00625,Q9UEE5,unknown,Phosphorylation,1.93,PhosphoNetworks
O00631,Q9UQM7,unknown,Phosphorylation,1.0,PhosphoSitePlus
O00716,O14757,unknown,Phosphorylation,1.0,PhosphoSitePlus
O00716,O96017,unknown,Phosphorylation,1.0,PhosphoSitePlus
O00716,Q04771,unknown,Phosphorylation,2.7,PhosphoNetworks
O00750,P00533,Y,Phosphorylation,1.0,SIGNOR;UniProt
O00750,P04626,Y,Phosphorylation,1.0,UniProt
O00750,Q05397,unknown,Phosphorylation,1.0,Reactome
O00750,Q14289,unknown,Phosphorylation,1.0,Reactome
O00755,P22607,Y,Phosphorylation,1.0,UniProt
O00762,P53350,unknown,Phosphorylation,1.0,Reactome
O00763,Q13131,unknown,Phosphorylation,1.0,PhosphoSitePlus
O14490,Q13554,unknown,Phosphorylation,1.0,PhosphoSitePlus
O14490,Q9UQM7,unknown,Phosphorylation,1.0,PhosphoSitePlus
O14492,P04629,unknown,Phosphorylation,0.547,SIGNOR
O14492,P06213,unknown,Phosphorylation,1.0,PhosphoSitePlus
O14492,P08631,Y,Phosphorylation,1.0,UniProt
O14492,P49759,Y,Phosphorylation,1.0,UniProt
O14492,P49761,Y,Phosphorylation,1.0,UniProt
O14493,P17252,unknown,Phosphorylation,1.0,PhosphoSitePlus
O14493,P29317,Y208,Phosphorylation,1.0,PhosphoSitePlus;iPTMnet
O14497,P24941,unknown,Phosphorylation,1.0,PhosphoSitePlus
O14503,Q01974,Y,Phosphorylation,1.0,UniProt
O14508,P07947,Y,Phosphorylation,1.0,UniProt
O14508,P10721,Y,Phosphorylation,1.0,UniProt
O14511,P12931,unknown,Phosphorylation,1.0,Reactome
O14512,P07947,Y,Phosphorylation,1.0,UniProt
O14519,O60285,unknown,Phosphorylation,12.84,PhosphoNetworks
O14519,P11802,unknown,Phosphorylation,50.32,PhosphoNetworks
O14519,P22607,Y,Phosphorylation,1.0,UniProt
O14519,P30291,unknown,Phosphorylation,50.32,PhosphoNetworks
O14519,P31749,unknown,Phosphorylation,2.67,PhosphoNetworks
O14519,Q00535,unknown,Phosphorylation,2.91,PhosphoNetworks
O14519,Q14164,unknown,Phosphorylation,1.0,PhosphoSitePlus
O14519,Q9UEE5,unknown,Phosphorylation,5.31,PhosphoNetworks
O14522,P06241,unknown,Phosphorylation,1.0,PhosphoSitePlus
O14526,Q13882,Y,Phosphorylation,1.0,UniProt
O14531,P06241,unknown,Phosphorylation,1.0,Reactome
O14531,P07332,unknown,Phosphorylation,1.0,Reactome
O14531,P49841,unknown,Phosphorylation,1.0,Reactome
O14531,Q00535,unknown,Phosphorylation,1.0,Reactome
O14543,O60674,unknown,Phosphorylation,1.0,PhosphoSitePlus
O14543,P06213,unknown,Phosphorylation,1.0,PhosphoSitePlus
O14543,P06239,unknown,Phosphorylation,100.0,PhosphoNetworks;PhosphoSitePlus
O14543,P07947,Y,Phosphorylation,1.0,UniProt
O14543,P10721,Y,Phosphorylation,1.0,UniProt
O14543,P42681,Y,Phosphorylation,1.0,UniProt
O14543,P51451,Y,Phosphorylation,1.0,UniProt
O14544,P08581,Y,Phosphorylation,1.0,UniProt
O14544,P10721,Y,Phosphorylation,1.0,UniProt
O14544,P22607,Y,Phosphorylation,1.0,UniProt
O14544,P42681,Y,Phosphorylation,1.0,UniProt
O14548,Q99683,unknown,Phosphorylation,0.2,SIGNOR
O14558,P17612,unknown,Phosphorylation,1.0,PhosphoSitePlus
O14558,Q13976,unknown,Phosphorylation,1.0,PhosphoSitePlus
O14559,P06241,Y406,Phosphorylation,1.0,PhosphoSitePlus;SIGNOR;UniProt;iPTMnet
O14576,P06493,unknown,Phosphorylation,1.0,Reactome
O14576,P43405,Y,Phosphorylation,1.0,UniProt
O14576,P53350,unknown,Phosphorylation,1.0,Reactome
O14578,P12931,unknown,Phosphorylation,0.274,SIGNOR
O14578,Q96GD4,unknown,Phosphorylation,0.283,SIGNOR
O14610,P34947,unknown,Phosphorylation,1.0,Reactome
O14613,P28482,unknown,Phosphorylation,1.0,PhosphoSitePlus
O14613,Q16659,unknown,Phosphorylation,1.0,Reactome
O14613,Q8IW41,unknown,Phosphorylation,1.0,Reactome
O14640,P19784,unknown,Phosphorylation,1.0,Reactome
O14640,P49674,unknown,Phosphorylation,1.0,PhosphoSitePlus
O14640,P68400,unknown,Phosphorylation,1.0,Reactome
O14640,P78368,unknown,Phosphorylation,1.0,Reactome
O14641,P12931,unknown,Phosphorylation,1.0,PhosphoSitePlus
O14641,P19784,unknown,Phosphorylation,1.0,Reactome
O14641,P22607,Y,Phosphorylation,1.0,UniProt
O14641,P48730,unknown,Phosphorylation,1.0,PhosphoSitePlus
O14641,P49674,unknown,Phosphorylation,1.0,PhosphoSitePlus
O14641,P53350,unknown,Phosphorylation,1.0,PhosphoSitePlus
O14641,P68400,unknown,Phosphorylation,1.0,Reactome
O14641,P78368,unknown,Phosphorylation,1.0,Reactome
O14645,P06241,Y,Phosphorylation,1.0,UniProt
O14649,P17612,unknown,Phosphorylation,1.0,PhosphoSitePlus
O14649,P51812,unknown,Phosphorylation,1.0,PhosphoSitePlus
O14649,Q02156,unknown,Phosphorylation,1.0,PhosphoSitePlus
O14653,P48730,unknown,Phosphorylation,1.0,Reactome
O14654,P00533,Y,Phosphorylation,1.0,UniProt
O14654,P08069,unknown,Phosphorylation,0.658,SIGNOR
O14672,P00519,Y,Phosphorylation,1.0,UniProt
O14672,P06239,Y,Phosphorylation,1.0,UniProt
O14672,P06241,Y,Phosphorylation,1.0,UniProt
O14672,P07947,Y,Phosphorylation,1.0,UniProt
O14672,P08631,Y,Phosphorylation,1.0,UniProt
O14672,P12931,Y,Phosphorylation,1.0,UniProt
O14686,P24941,unknown,Phosphorylation,1.0,PhosphoSitePlus
O14713,Q9UQM7,unknown,Phosphorylation,1.0,PhosphoSitePlus
O14715,P06493,unknown,Phosphorylation,1.0,PhosphoSitePlus
O14727,P27361,unknown,Phosphorylation,1.0,Reactome
O14727,P28482,unknown,Phosphorylation,1.0,Reactome
O14727,Q15418,unknown,Phosphorylation,1.0,PhosphoSitePlus
O14733,O43283,unknown,Phosphorylation,15.18,PhosphoNetworks;SIGNOR
O14733,O43318,unknown,Phosphorylation,1.0,Reactome;SIGNOR
O14733,O43353,unknown,Phosphorylation,14.91,PhosphoNetworks;Reactome;SIGNOR
O14733,P51617,unknown,Phosphorylation,1.0,Reactome
O14733,P51955,unknown,Phosphorylation,2.25,PhosphoNetworks
O14733,P53779,unknown,Phosphorylation,13.8,PhosphoNetworks
O14733,Q12852,unknown,Phosphorylation,0.557,SIGNOR
O14733,Q13233,unknown,Phosphorylation,1.0,PhosphoSitePlus;Reactome;SIGNOR
O14733,Q99683,unknown,Phosphorylation,0.595,SIGNOR
O14733,Q9NYL2,unknown,Phosphorylation,0.2,SIGNOR
O14733,Q9Y2U5,unknown,Phosphorylation,0.603,SIGNOR
O14737,P11802,unknown,Phosphorylation,10.1,PhosphoNetworks
O14737,P68400,unknown,Phosphorylation,1.0,PhosphoSitePlus
O14744,O60674,Y297,Phosphorylation,1.0,PhosphoSitePlus;Reactome;SIGNOR;iPTMnet
O14744,P12931,Y324,Phosphorylation,0.262,SIGNOR
O14745,P09619,Y,Phosphorylation,1.0,UniProt
O14746,P00519,unknown,Phosphorylation,0.662,SIGNOR
O14746,P12931,Y707,Phosphorylation,1.0,PhosphoSitePlus;SIGNOR;iPTMnet
O14746,P31749,unknown,Phosphorylation,1.0,PhosphoSitePlus
O14746,Q92630,unknown,Phosphorylation,0.445,SIGNOR
O14757,O14757,unknown,Phosphorylation,1.0,PhosphoSitePlus
O14757,O15264,unknown,Phosphorylation,12.61,PhosphoNetworks
O14757,O60285,unknown,Phosphorylation,12.84,PhosphoNetworks
O14757,P06493,unknown,Phosphorylation,1.0,PhosphoSitePlus
O14757,P24941,unknown,Phosphorylation,1.0,PhosphoSitePlus
O14757,P31749,unknown,Phosphorylation,1.0,PhosphoSitePlus
O14757,P41279,unknown,Phosphorylation,15.18,PhosphoNetworks;PhosphoSitePlus
O14757,P51617,unknown,Phosphorylation,16.61,PhosphoNetworks
O14757,Q00526,unknown,Phosphorylation,16.61,PhosphoNetworks
O14757,Q07912,unknown,Phosphorylation,4.49,PhosphoNetworks
O14757,Q08345,unknown,Phosphorylation,3.24,PhosphoNetworks
O14757,Q13164,unknown,Phosphorylation,0.275,SIGNOR
O14757,Q13315,unknown,Phosphorylation,1.0,PhosphoSitePlus
O14757,Q13535,unknown,Phosphorylation,1.0,PhosphoSitePlus;Reactome
O14757,Q86Z02,unknown,Phosphorylation,34.33,PhosphoNetworks
O14757,Q8IW41,unknown,Phosphorylation,2.97,PhosphoNetworks
O14757,Q96S53,unknown,Phosphorylation,3.24,PhosphoNetworks
O14770,Q13882,Y,Phosphorylation,1.0,UniProt
O14771,P51956,unknown,Phosphorylation,1.93,PhosphoNetworks
O14771,Q7KZI7,unknown,Phosphorylation,1.7,PhosphoNetworks
O14773,P06493,unknown,Phosphorylation,1.0,PhosphoSitePlus
O14775,P17252,unknown,Phosphorylation,1.0,Reactome
O14775,P34947,unknown,Phosphorylation,1.0,Reactome
O14775,Q04759,unknown,Phosphorylation,1.0,Reactome
O14777,P06493,unknown,Phosphorylation,1.0,Reactome
O14777,P33981,Y,Phosphorylation,1.0,UniProt
O14777,P51955,unknown,Phosphorylation,100.0,PhosphoNetworks;PhosphoSitePlus
O14777,P53350,unknown,Phosphorylation,1.0,Reactome
O14777,Q96GD4,unknown,Phosphorylation,1.0,PhosphoSitePlus
O14777,Q96PY6,unknown,Phosphorylation,1.0,PhosphoSitePlus
O14786,P07332,unknown,Phosphorylation,1.0,Reactome
O14786,P35968,Y,Phosphorylation,1.0,UniProt
O14786,P49841,unknown,Phosphorylation,1.0,Reactome
O14796,P08581,Y,Phosphorylation,1.0,UniProt
O14796,P10721,Y,Phosphorylation,1.0,UniProt
O14796,P12931,Y,Phosphorylation,1.0,UniProt
O14796,P51451,Y,Phosphorylation,1.0,UniProt
O14796,Q07912,Y,Phosphorylation,1.0,UniProt
O14813,P17612,unknown,Phosphorylation,1.0,PhosphoSitePlus
O14818,P00519,Y106;Y153,Phosphorylation,1.0,PhosphoSitePlus;SIGNOR;iPTMnet
O14818,P42684,Y153,Phosphorylation,1.0,PhosphoSitePlus;SIGNOR;iPTMnet
O14818,Q9HC98,unknown,Phosphorylation,2.91,PhosphoNetworks
O14827,Q00535,unknown,Phosphorylation,1.0,PhosphoSitePlus
O14828,P00533,Y41,Phosphorylation,1.0,iPTMnet
O14832,P29323,Y,Phosphorylation,1.0,UniProt
O14874,P12931,Y246,Phosphorylation,0.2,SIGNOR
O14901,P06241,Y,Phosphorylation,1.0,UniProt
O14920,O00141,unknown,Phosphorylation,1.0,PhosphoSitePlus
O14920,O14920,unknown,Phosphorylation,1.0,PhosphoSitePlus;iPTMnet
O14920,O15530,unknown,Phosphorylation,1.0,Reactome
O14920,O43318,unknown,Phosphorylation,0.754,SIGNOR
O14920,P05771,unknown,Phosphorylation,1.0,Reactome
O14920,P12931,Y188;Y199,Phosphorylation,1.0,PhosphoSitePlus;SIGNOR;iPTMnet
O14920,P17252,unknown,Phosphorylation,1.0,PhosphoSitePlus
O14920,P51617,unknown,Phosphorylation,1.0,Reactome
O14920,P53350,unknown,Phosphorylation,1.0,PhosphoSitePlus
O14920,P54646,unknown,Phosphorylation,1.0,PhosphoSitePlus
O14920,Q02156,unknown,Phosphorylation,1.0,PhosphoSitePlus
O14920,Q04759,unknown,Phosphorylation,1.0,Reactome
O14920,Q05397,unknown,Phosphorylation,1.0,Reactome
O14920,Q05513,unknown,Phosphorylation,1.0,PhosphoSitePlus
O14920,Q05655,unknown,Phosphorylation,1.0,Reactome
O14920,Q13233,unknown,Phosphorylation,1.0,Reactome;SIGNOR
O14920,Q99558,unknown,Phosphorylation,1.0,PhosphoSitePlus;SIGNOR
O14920,Q9UHD2,unknown,Phosphorylation,0.402,SIGNOR
O14921,P17612,unknown,Phosphorylation,1.0,PhosphoSitePlus
O14925,P04049,unknown,Phosphorylation,9.14,PhosphoNetworks
O14936,O14936,unknown,Phosphorylation,1.0,PhosphoSitePlus
O14936,Q00535,unknown,Phosphorylation,1.0,PhosphoSitePlus;SIGNOR
O14939,P00533,Y179;Y296,Phosphorylation,1.0,PhosphoSitePlus;SIGNOR;iPTMnet
O14939,P12931,unknown,Phosphorylation,1.0,PhosphoSitePlus
O14939,P17252,unknown,Phosphorylation,100.0,PhosphoNetworks;PhosphoSitePlus
O14939,P52333,Y415,Phosphorylation,1.0,PhosphoSitePlus;SIGNOR;iPTMnet
O14939,Q00535,unknown,Phosphorylation,1.0,PhosphoSitePlus
O14939,Q05397,unknown,Phosphorylation,0.32,SIGNOR
O14939,Q05655,unknown,Phosphorylation,1.0,PhosphoSitePlus
O14944,P00533,Y,Phosphorylation,1.0,UniProt
O14950,O14578,unknown,Phosphorylation,1.0,Reactome
O14950,O43293,unknown,Phosphorylation,1.0,PhosphoSitePlus
O14950,O75116,unknown,Phosphorylation,1.0,PhosphoSitePlus;Reactome;SIGNOR
O14950,O96013,unknown,Phosphorylation,1.0,PhosphoSitePlus
O14950,P53355,unknown,Phosphorylation,1.0,PhosphoSitePlus
O14950,P68400,unknown,Phosphorylation,1.0,PhosphoSitePlus
O14950,Q12852,unknown,Phosphorylation,1.0,PhosphoSitePlus
O14950,Q13153,unknown,Phosphorylation,0.485,SIGNOR
O14950,Q13177,unknown,Phosphorylation,1.0,Reactome
O14950,Q13464,unknown,Phosphorylation,1.0,PhosphoSitePlus;Reactome
O14950,Q15746,unknown,Phosphorylation,1.0,PhosphoSitePlus;Reactome
O14950,Q96GD4,unknown,Phosphorylation,1.0,PhosphoSitePlus
O14958,P68400,unknown,Phosphorylation,1.0,PhosphoSitePlus
O14964,P00533,Y329;Y334,Phosphorylation,1.0,SIGNOR;iPTMnet
O14965,O14965,unknown,Phosphorylation,1.0,PhosphoSitePlus
O14965,P00533,Y,Phosphorylation,1.0,UniProt
O14965,P12931,Y148,Phosphorylation,1.0,iPTMnet
O14965,P17612,unknown,Phosphorylation,1.0,PhosphoSitePlus
O14965,P49841,unknown,Phosphorylation,0.559,SIGNOR
O14965,Q13153,unknown,Phosphorylation,1.0,PhosphoSitePlus
O14974,O43293,unknown,Phosphorylation,0.548,SIGNOR
O14974,O60285,unknown,Phosphorylation,1.0,PhosphoSitePlus
O14974,O75116,unknown,Phosphorylation,1.0,PhosphoSitePlus;Reactome
O14974,P04049,unknown,Phosphorylation,1.0,PhosphoSitePlus;SIGNOR
O14974,Q04759,unknown,Phosphorylation,1.0,PhosphoSitePlus
O14974,Q13464,unknown,Phosphorylation,1.0,PhosphoSitePlus;Reactome
O14974,Q9H093,unknown,Phosphorylation,0.468,SIGNOR
O14976,P12931,Y412,Phosphorylation,1.0,iPTMnet
O14978,P49760,Y,Phosphorylation,1.0,UniProt
O14978,P49761,Y,Phosphorylation,1.0,UniProt
O14980,O15530,unknown,Phosphorylation,13.8,PhosphoNetworks
O14980,O43930,unknown,Phosphorylation,1.75,PhosphoNetworks
O14980,P04626,Y,Phosphorylation,1.0,UniProt
O14980,P06493,unknown,Phosphorylation,1.0,PhosphoSitePlus
O14980,P11802,unknown,Phosphorylation,115.78,PhosphoNetworks
O14980,P17612,unknown,Phosphorylation,34.96,PhosphoNetworks
O14980,P37173,unknown,Phosphorylation,4.57,PhosphoNetworks
O14980,P45983,unknown,Phosphorylation,12.84,PhosphoNetworks
O14980,P45984,unknown,Phosphorylation,16.93,PhosphoNetworks
O14980,P49674,unknown,Phosphorylation,34.33,PhosphoNetworks
O14980,P49760,unknown,Phosphorylation,7.46,PhosphoNetworks
O14980,P53350,unknown,Phosphorylation,1.0,Reactome
O14980,Q08345,unknown,Phosphorylation,3.24,PhosphoNetworks
O14980,Q13882,unknown,Phosphorylation,2.25,PhosphoNetworks
O14980,Q15349,unknown,Phosphorylation,2.25,PhosphoNetworks
O14980,Q8TAS1,unknown,Phosphorylation,45.24,PhosphoNetworks
O14980,Q92630,unknown,Phosphorylation,2.25,PhosphoNetworks
O14980,Q9UEE5,unknown,Phosphorylation,5.31,PhosphoNetworks
O14980,Q9UHD2,unknown,Phosphorylation,15.18,PhosphoNetworks
O14986,P17252,unknown,Phosphorylation,1.0,PhosphoSitePlus
O14986,P17612,unknown,Phosphorylation,1.0,PhosphoSitePlus
O14986,P43405,Y105,Phosphorylation,1.0,PhosphoSitePlus;iPTMnet
O14986,Q04759,unknown,Phosphorylation,1.0,PhosphoSitePlus
O14986,Q05655,unknown,Phosphorylation,1.0,PhosphoSitePlus
O14994,P06493,unknown,Phosphorylation,1.0,PhosphoSitePlus
O14994,P27361,unknown,Phosphorylation,100.0,PhosphoNetworks;PhosphoSitePlus
O14994,Q00535,unknown,Phosphorylation,1.0,PhosphoSitePlus
O15014,P24941,unknown,Phosphorylation,1.0,PhosphoSitePlus
O15020,P12931,unknown,Phosphorylation,1.0,Reactome
O15020,Q05397,unknown,Phosphorylation,1.0,Reactome
O15021,P28482,unknown,Phosphorylation,1.0,PhosphoSitePlus
O15027,P28482,unknown,Phosphorylation,0.354,SIGNOR
O15031,P08581,Y,Phosphorylation,1.0,UniProt
O15031,Q04912,Y,Phosphorylation,1.0,UniProt
O15055,P48730,unknown,Phosphorylation,1.0,PhosphoSitePlus;SIGNOR
O15055,P49674,unknown,Phosphorylation,100.0,PhosphoNetworks;PhosphoSitePlus
O15055,P68400,unknown,Phosphorylation,1.0,PhosphoSitePlus
O15055,Q00535,unknown,Phosphorylation,1.0,Reactome
O15055,Q9Y2K2,unknown,Phosphorylation,0.2,SIGNOR
O15056,P12931,unknown,Phosphorylation,1.0,PhosphoSitePlus
O15056,P23443,unknown,Phosphorylation,2.84,PhosphoNetworks
O15056,P31749,unknown,Phosphorylation,15.62,PhosphoNetworks
O15075,O15075,unknown,Phosphorylation,1.0,PhosphoSitePlus
O15078,P53350,unknown,Phosphorylation,1.0,Reactome
O15084,P49840,unknown,Phosphorylation,1.0,PhosphoSitePlus
O15084,Q13557,unknown,Phosphorylation,1.0,PhosphoSitePlus
O15105,O15530,unknown,Phosphorylation,17.86,PhosphoNetworks
O15105,P30291,unknown,Phosphorylation,50.32,PhosphoNetworks
O15105,P37173,unknown,Phosphorylation,10839.88,PhosphoNetworks
O15105,Q14680,unknown,Phosphorylation,1.0,PhosphoSitePlus
O15105,Q92630,unknown,Phosphorylation,2.25,PhosphoNetworks
O15111,O15530,unknown,Phosphorylation,1.0,Reactome
O15111,P05771,unknown,Phosphorylation,1.0,Reactome
O15111,P31749,unknown,Phosphorylation,1.0,PhosphoSitePlus;Reactome
O15111,P31751,unknown,Phosphorylation,1.0,PhosphoSitePlus
O15111,P51617,unknown,Phosphorylation,1.0,Reactome
O15111,Q04759,unknown,Phosphorylation,1.0,Reactome
O15111,Q05397,unknown,Phosphorylation,1.0,Reactome
O15111,Q05655,unknown,Phosphorylation,1.0,Reactome
O15111,Q13233,unknown,Phosphorylation,1.0,Reactome
O15111,Q5TCX8,unknown,Phosphorylation,0.2,SIGNOR
O15111,Q99558,unknown,Phosphorylation,1.0,PhosphoSitePlus;Reactome;SIGNOR
O15117,P06241,Y595;Y651;Y697,Phosphorylation,1.0,SIGNOR;UniProt;iPTMnet
O15119,Q9Y243,unknown,Phosphorylation,1.0,PhosphoSitePlus;Reactome
O15123,Q02763,Y,Phosphorylation,1.0,UniProt
O15126,P00533,Y37,Phosphorylation,1.0,iPTMnet
O15143,O14965,unknown,Phosphorylation,1.0,PhosphoSitePlus
O15143,Q13153,unknown,Phosphorylation,1.0,PhosphoSitePlus
O15146,O15146,unknown,Phosphorylation,0.2,SIGNOR
O15146,P68400,unknown,Phosphorylation,1.0,PhosphoSitePlus
O15151,O14757,unknown,Phosphorylation,1.0,PhosphoSitePlus
O15151,O15530,unknown,Phosphorylation,2.68,PhosphoNetworks
O15151,O43318,unknown,Phosphorylation,2.75,PhosphoNetworks
O15151,O43683,unknown,Phosphorylation,18.32,PhosphoNetworks
O15151,O60285,unknown,Phosphorylation,2.75,PhosphoNetworks
O15151,O75582,unknown,Phosphorylation,5.54,PhosphoNetworks
O15151,O95835,unknown,Phosphorylation,3.55,PhosphoNetworks
O15151,O96017,unknown,Phosphorylation,1.0,PhosphoSitePlus;Reactome
O15151,P00519,unknown,Phosphorylation,1.0,PhosphoSitePlus
O15151,P06493,unknown,Phosphorylation,1.0,PhosphoSitePlus
O15151,P09769,unknown,Phosphorylation,1.93,PhosphoNetworks
O15151,P10398,unknown,Phosphorylation,2.75,PhosphoNetworks
O15151,P11802,unknown,Phosphorylation,18.32,PhosphoNetworks
O15151,P17612,unknown,Phosphorylation,5.54,PhosphoNetworks
O15151,P28482,unknown,Phosphorylation,5.54,PhosphoNetworks
O15151,P30291,unknown,Phosphorylation,18.32,PhosphoNetworks
O15151,P31749,unknown,Phosphorylation,293.67,PhosphoNetworks;PhosphoSitePlus
O15151,P36896,unknown,Phosphorylation,2.75,PhosphoNetworks
O15151,P41240,unknown,Phosphorylation,2.64,PhosphoNetworks
O15151,P41743,unknown,Phosphorylation,5.54,PhosphoNetworks
O15151,P45983,unknown,Phosphorylation,2.75,PhosphoNetworks
O15151,P45984,unknown,Phosphorylation,2.75,PhosphoNetworks
O15151,P45985,unknown,Phosphorylation,2.75,PhosphoNetworks
O15151,P48729,unknown,Phosphorylation,117.47,PhosphoNetworks;PhosphoSitePlus
O15151,P49674,unknown,Phosphorylation,5.54,PhosphoNetworks
O15151,P49759,unknown,Phosphorylation,12.88,PhosphoNetworks
O15151,P49760,unknown,Phosphorylation,18.32,PhosphoNetworks
O15151,P50613,unknown,Phosphorylation,12.88,PhosphoNetworks
O15151,P53779,unknown,Phosphorylation,2.68,PhosphoNetworks
O15151,P68400,unknown,Phosphorylation,11.33,PhosphoNetworks
O15151,Q00526,unknown,Phosphorylation,1.93,PhosphoNetworks
O15151,Q00534,unknown,Phosphorylation,7.87,PhosphoNetworks
O15151,Q00535,unknown,Phosphorylation,7.87,PhosphoNetworks
O15151,Q05397,unknown,Phosphorylation,2.75,PhosphoNetworks
O15151,Q13043,unknown,Phosphorylation,7.87,PhosphoNetworks
O15151,Q13153,unknown,Phosphorylation,2.68,PhosphoNetworks
O15151,Q13164,unknown,Phosphorylation,2.75,PhosphoNetworks
O15151,Q13315,unknown,Phosphorylation,1.0,PhosphoSitePlus;SIGNOR
O15151,Q86Z02,unknown,Phosphorylation,10.19,PhosphoNetworks
O15151,Q8N5S9,unknown,Phosphorylation,7.87,PhosphoNetworks
O15151,Q8NEB9,unknown,Phosphorylation,2.75,PhosphoNetworks
O15151,Q8TAS1,unknown,Phosphorylation,7.73,PhosphoNetworks
O15151,Q96GD4,unknown,Phosphorylation,17.99,PhosphoNetworks
O15151,Q96KB5,unknown,Phosphorylation,1.93,PhosphoNetworks
O15151,Q96SB4,unknown,Phosphorylation,5.54,PhosphoNetworks
O15151,Q9BRS2,unknown,Phosphorylation,2.75,PhosphoNetworks
O15151,Q9HC98,unknown,Phosphorylation,7.87,PhosphoNetworks
O15151,Q9NQU5,unknown,Phosphorylation,2.75,PhosphoNetworks
O15160,P09769,unknown,Phosphorylation,2.7,PhosphoNetworks
O15160,P11802,unknown,Phosphorylation,18.32,PhosphoNetworks
O15160,P49760,unknown,Phosphorylation,1.56,PhosphoNetworks
O15160,Q9UEE5,unknown,Phosphorylation,2.5,PhosphoNetworks
O15162,P00519,Y69;Y74,Phosphorylation,1.0,PhosphoSitePlus;SIGNOR;iPTMnet
O15162,P12931,Y69;Y74,Phosphorylation,1.0,PhosphoSitePlus;SIGNOR;iPTMnet
O15164,O75716,unknown,Phosphorylation,12.84,PhosphoNetworks
O15164,P00540,unknown,Phosphorylation,12.84,PhosphoNetworks
O15164,P09769,unknown,Phosphorylation,12.84,PhosphoNetworks
O15164,P17252,unknown,Phosphorylation,29.12,PhosphoNetworks
O15164,P37173,unknown,Phosphorylation,49.92,PhosphoNetworks
O15164,P45983,unknown,Phosphorylation,12.84,PhosphoNetworks
O15164,P51955,unknown,Phosphorylation,2.25,PhosphoNetworks
O15164,P54646,unknown,Phosphorylation,50.32,PhosphoNetworks
O15164,P68400,unknown,Phosphorylation,96.59,PhosphoNetworks
O15164,Q00535,unknown,Phosphorylation,1.58,PhosphoNetworks
O15164,Q04771,unknown,Phosphorylation,9.03,PhosphoNetworks
O15164,Q13043,unknown,Phosphorylation,2.25,PhosphoNetworks
O15164,Q15418,unknown,Phosphorylation,12.61,PhosphoNetworks
O15164,Q16539,unknown,Phosphorylation,34.96,PhosphoNetworks
O15164,Q59H18,unknown,Phosphorylation,2.25,PhosphoNetworks
O15164,Q8IW41,unknown,Phosphorylation,2.91,PhosphoNetworks
O15164,Q92630,unknown,Phosphorylation,2.25,PhosphoNetworks
O15164,Q96S53,unknown,Phosphorylation,3.24,PhosphoNetworks
O15164,Q9NQU5,unknown,Phosphorylation,12.84,PhosphoNetworks
O15169,P48729,unknown,Phosphorylation,1.0,Reactome
O15169,P49674,unknown,Phosphorylation,0.748,SIGNOR
O15169,P49841,unknown,Phosphorylation,1.0,PhosphoSitePlus;SIGNOR
O15169,P53350,unknown,Phosphorylation,1.0,PhosphoSitePlus
O15169,P78368,unknown,Phosphorylation,1.0,Reactome
O15169,Q00535,unknown,Phosphorylation,1.0,PhosphoSitePlus
O15169,Q9Y6M4,unknown,Phosphorylation,1.0,Reactome
O15198,O00238,unknown,Phosphorylation,0.711,SIGNOR
O15198,P36894,unknown,Phosphorylation,0.71,SIGNOR
O15198,Q16539,unknown,Phosphorylation,1.0,PhosphoSitePlus
O15212,P22607,Y,Phosphorylation,1.0,UniProt
O15217,P17252,unknown,Phosphorylation,1.0,PhosphoSitePlus
O15217,P17612,unknown,Phosphorylation,1.0,PhosphoSitePlus
O15230,Q05397,unknown,Phosphorylation,1.0,Reactome
O15230,Q14289,unknown,Phosphorylation,1.0,Reactome
O15234,Q92989,unknown,Phosphorylation,1.0,Reactome
O15259,P12931,Y721,Phosphorylation,1.0,PhosphoSitePlus;SIGNOR
O15259,P68400,unknown,Phosphorylation,1.0,PhosphoSitePlus
O15259,Q14289,Y349;Y46;Y721,Phosphorylation,1.0,PhosphoSitePlus;SIGNOR;UniProt;iPTMnet
O15264,O14733,Y182,Phosphorylation,0.438,SIGNOR
O15264,P06241,unknown,Phosphorylation,1.0,Reactome
O15264,P12931,unknown,Phosphorylation,1.0,Reactome
O15264,P35968,unknown,Phosphorylation,1.0,Reactome
O15264,P45985,Y182,Phosphorylation,1.0,Reactome;SIGNOR
O15264,P46734,Y182,Phosphorylation,1.0,SIGNOR;iPTMnet
O15264,P52564,Y182,Phosphorylation,1.0,SIGNOR;iPTMnet
O15264,Q13177,unknown,Phosphorylation,1.0,Reactome
O15266,P68400,unknown,Phosphorylation,1.0,PhosphoSitePlus
O15269,P00519,Y164,Phosphorylation,1.0,PhosphoSitePlus;SIGNOR;iPTMnet
O15273,P22607,Y,Phosphorylation,1.0,UniProt
O15273,Q15139,unknown,Phosphorylation,1.0,PhosphoSitePlus
O15273,Q8WZ42,unknown,Phosphorylation,1.0,PhosphoSitePlus
O15273,Q9UQM7,unknown,Phosphorylation,1.0,PhosphoSitePlus
O15287,P06493,unknown,Phosphorylation,1.0,PhosphoSitePlus
O15294,O14757,unknown,Phosphorylation,1.0,PhosphoSitePlus
O15294,P49841,unknown,Phosphorylation,1.0,PhosphoSitePlus;SIGNOR
O15294,Q9NZJ5,unknown,Phosphorylation,0.2,SIGNOR
O15297,Q9H2X6,unknown,Phosphorylation,1.0,PhosphoSitePlus
O15303,P25098,unknown,Phosphorylation,1.0,Reactome
O15303,P32298,unknown,Phosphorylation,1.0,Reactome
O15303,P34947,unknown,Phosphorylation,1.0,Reactome
O15303,P35626,unknown,Phosphorylation,1.0,Reactome
O15303,P43250,unknown,Phosphorylation,1.0,Reactome
O15303,Q15835,unknown,Phosphorylation,1.0,Reactome
O15303,Q8WTQ7,unknown,Phosphorylation,1.0,Reactome
O15304,P29597,unknown,Phosphorylation,1.0,PhosphoSitePlus
O15304,P42684,Y34,Phosphorylation,100.0,PhosphoNetworks;PhosphoSitePlus;SIGNOR;iPTMnet
O15344,Q13153,unknown,Phosphorylation,0.2,SIGNOR
O15344,Q9NR20,Y,Phosphorylation,1.0,UniProt
O15350,O14757,unknown,Phosphorylation,1.0,PhosphoSitePlus
O15350,O14965,unknown,Phosphorylation,1.0,PhosphoSitePlus
O15350,O15111,unknown,Phosphorylation,0.334,SIGNOR
O15350,O15264,unknown,Phosphorylation,1.0,Reactome
O15350,O96017,unknown,Phosphorylation,1.0,Reactome
O15350,P00519,Y99,Phosphorylation,1.0,PhosphoSitePlus;SIGNOR;iPTMnet
O15350,P05771,unknown,Phosphorylation,1.0,PhosphoSitePlus
O15350,P06493,unknown,Phosphorylation,1.0,PhosphoSitePlus
O15350,P08631,Y28,Phosphorylation,1.0,iPTMnet
O15350,P17252,unknown,Phosphorylation,1.0,PhosphoSitePlus
O15350,P24941,unknown,Phosphorylation,1.0,PhosphoSitePlus
O15350,P45983,unknown,Phosphorylation,0.419,SIGNOR
O15350,P53350,unknown,Phosphorylation,1.0,PhosphoSitePlus
O15350,P53778,unknown,Phosphorylation,1.0,Reactome
O15350,Q05655,unknown,Phosphorylation,1.0,PhosphoSitePlus
O15350,Q13131,unknown,Phosphorylation,1.0,PhosphoSitePlus
O15350,Q15759,unknown,Phosphorylation,1.0,Reactome
O15350,Q16539,unknown,Phosphorylation,1.0,Reactome
O15350,Q9H4B4,unknown,Phosphorylation,0.412,SIGNOR
O15357,P08581,Y,Phosphorylation,1.0,UniProt
O15357,P12931,Y986;Y987,Phosphorylation,1.0,SIGNOR;iPTMnet
O15357,P29317,Y,Phosphorylation,1.0,UniProt
O15360,P31749,unknown,Phosphorylation,1.0,PhosphoSitePlus
O15360,P51955,unknown,Phosphorylation,1.0,PhosphoSitePlus
O15360,Q13535,unknown,Phosphorylation,1.0,PhosphoSitePlus
O15379,P49841,unknown,Phosphorylation,0.285,SIGNOR
O15379,P51813,unknown,Phosphorylation,15.18,PhosphoNetworks
O15379,P68400,unknown,Phosphorylation,1.0,PhosphoSitePlus
O15379,Q15349,unknown,Phosphorylation,34.96,PhosphoNetworks
O15379,Q9UHD2,unknown,Phosphorylation,15.18,PhosphoNetworks;SIGNOR
O15392,P06493,unknown,Phosphorylation,1.0,PhosphoSitePlus;Reactome
O15392,P17612,unknown,Phosphorylation,1.0,PhosphoSitePlus
O15392,P53350,unknown,Phosphorylation,1.0,PhosphoSitePlus;Reactome
O15392,P68400,unknown,Phosphorylation,1.0,PhosphoSitePlus
O15392,Q96GD4,unknown,Phosphorylation,100.0,PhosphoNetworks;PhosphoSitePlus
O15399,P05129,unknown,Phosphorylation,1.0,Reactome
O15399,P05771,unknown,Phosphorylation,1.0,Reactome
O15399,P17252,unknown,Phosphorylation,1.0,Reactome
O15399,P41743,unknown,Phosphorylation,1.0,Reactome
O15399,Q02156,unknown,Phosphorylation,1.0,Reactome
O15399,Q04759,unknown,Phosphorylation,1.0,Reactome
O15399,Q05513,unknown,Phosphorylation,1.0,Reactome
O15399,Q05655,unknown,Phosphorylation,1.0,Reactome
O15399,Q16512,unknown,Phosphorylation,1.0,Reactome
O15399,Q16513,unknown,Phosphorylation,1.0,Reactome
O15399,Q6P5Z2,unknown,Phosphorylation,1.0,Reactome
O15455,P00533,Y858,Phosphorylation,1.0,PhosphoSitePlus;SIGNOR
O15455,P12931,Y759,Phosphorylation,1.0,PhosphoSitePlus;SIGNOR;iPTMnet
O15492,P00533,Y168;Y177,Phosphorylation,1.0,PhosphoSitePlus;SIGNOR;iPTMnet
O15492,P07948,Y168,Phosphorylation,100.0,PhosphoNetworks;PhosphoSitePlus;iPTMnet
O15492,P12931,Y168;Y177,Phosphorylation,1.0,PhosphoSitePlus;SIGNOR;iPTMnet
O15492,P41240,Y168,Phosphorylation,1.0,iPTMnet
O15496,Q01974,Y,Phosphorylation,1.0,UniProt
O15504,P06493,unknown,Phosphorylation,1.0,Reactome
O15504,Q8TD19,unknown,Phosphorylation,1.0,Reactome
O15504,Q9HC98,unknown,Phosphorylation,1.0,Reactome
O15511,P17252,unknown,Phosphorylation,0.2,SIGNOR
O15511,P49137,unknown,Phosphorylation,1.0,PhosphoSitePlus
O15514,P50750,unknown,Phosphorylation,1.0,Reactome
O15516,P49841,unknown,Phosphorylation,1.0,PhosphoSitePlus;SIGNOR
O15516,Q00535,unknown,Phosphorylation,1.0,PhosphoSitePlus;Reactome
O15519,O14733,Y,Phosphorylation,1.0,UniProt
O15519,P05771,unknown,Phosphorylation,1.0,PhosphoSitePlus
O15519,P17252,unknown,Phosphorylation,1.0,PhosphoSitePlus
O15519,P31749,unknown,Phosphorylation,1.0,PhosphoSitePlus
O15519,Q02750,Y,Phosphorylation,1.0,UniProt
O15519,Q16539,unknown,Phosphorylation,0.372,SIGNOR
O15520,P21802,Y,Phosphorylation,1.0,UniProt
O15520,P27361,unknown,Phosphorylation,1.0,Reactome
O15520,P28482,unknown,Phosphorylation,1.0,Reactome
O15524,P04626,Y,Phosphorylation,1.0,UniProt
O15524,P07947,Y80,Phosphorylation,0.2,SIGNOR
O15530,O15530,unknown,Phosphorylation,1.0,PhosphoSitePlus
O15530,O43318,unknown,Phosphorylation,1.0,Reactome
O15530,O43353,unknown,Phosphorylation,1.0,Reactome
O15530,P00558,unknown,Phosphorylation,0.2,SIGNOR
O15530,P07949,Y9,Phosphorylation,100.0,PhosphoNetworks;PhosphoSitePlus;iPTMnet
O15530,P08069,Y373;Y376,Phosphorylation,1.0,PhosphoSitePlus;SIGNOR;iPTMnet
O15530,P11362,unknown,Phosphorylation,0.2,SIGNOR
O15530,P12931,Y246;Y358;Y373;Y376;Y485;Y9,Phosphorylation,1.0,PhosphoSitePlus;SIGNOR;iPTMnet
O15530,Q04759,unknown,Phosphorylation,1.0,PhosphoSitePlus
O15530,Q13464,unknown,Phosphorylation,0.298,SIGNOR
O15530,Q14680,unknown,Phosphorylation,1.0,PhosphoSitePlus
O15530,Q99683,unknown,Phosphorylation,1.0,PhosphoSitePlus
O15534,P22607,Y,Phosphorylation,1.0,UniProt
O15534,P48729,unknown,Phosphorylation,0.317,SIGNOR
O15534,P48730,unknown,Phosphorylation,0.806,SIGNOR
O15534,P49674,unknown,Phosphorylation,1.0,PhosphoSitePlus;SIGNOR
O15534,P50613,unknown,Phosphorylation,3.24,PhosphoNetworks
O15534,P78368,unknown,Phosphorylation,0.392,SIGNOR
O15534,Q08345,unknown,Phosphorylation,3.18,PhosphoNetworks
O15534,Q13043,unknown,Phosphorylation,2.25,PhosphoNetworks
O15534,Q96GD4,unknown,Phosphorylation,2.28,PhosphoNetworks
O15551,P17612,unknown,Phosphorylation,1.0,PhosphoSitePlus
O15554,P17612,unknown,Phosphorylation,1.0,PhosphoSitePlus
O15554,P22392,unknown,Phosphorylation,1.0,PhosphoSitePlus;SIGNOR;iPTMnet
O35082,P11362,Y,Phosphorylation,1.0,UniProt
O35158,P00519,Y,Phosphorylation,1.0,UniProt
O42486,P16591,Y,Phosphorylation,1.0,UniProt
O43150,Q14289,unknown,Phosphorylation,0.526,SIGNOR
O43156,P68400,unknown,Phosphorylation,1.0,PhosphoSitePlus
O43157,P04626,unknown,Phosphorylation,1.0,PhosphoSitePlus
O43157,P08581,Y,Phosphorylation,1.0,UniProt
O43157,Q04912,Y,Phosphorylation,1.0,UniProt
O43164,P17612,unknown,Phosphorylation,1.0,PhosphoSitePlus
O43166,Q00535,unknown,Phosphorylation,1.0,PhosphoSitePlus
O43172,P21127,unknown,Phosphorylation,0.2,SIGNOR
O43175,Q05513,unknown,Phosphorylation,1.0,PhosphoSitePlus
O43181,P17612,unknown,Phosphorylation,1.0,PhosphoSitePlus
O43184,P07948,Y,Phosphorylation,1.0,UniProt
O43184,P08631,Y,Phosphorylation,1.0,UniProt
O43184,P12931,Y,Phosphorylation,1.0,PhosphoSitePlus;UniProt
O43186,Q01974,Y,Phosphorylation,1.0,UniProt
O43196,P00519,Y,Phosphorylation,1.0,UniProt
O43237,P06493,unknown,Phosphorylation,1.0,Reactome
O43237,P53350,unknown,Phosphorylation,1.0,Reactome
O43248,P22607,Y,Phosphorylation,1.0,UniProt
O43251,O14920,unknown,Phosphorylation,0.2,SIGNOR
O43251,P28482,unknown,Phosphorylation,1.0,PhosphoSitePlus
O43255,P12931,unknown,Phosphorylation,0.334,SIGNOR
O43255,Q16539,unknown,Phosphorylation,1.0,PhosphoSitePlus;SIGNOR
O43255,Q92630,unknown,Phosphorylation,1.0,PhosphoSitePlus
O43255,Q9H2X6,unknown,Phosphorylation,1.0,PhosphoSitePlus
O43257,Q16539,unknown,Phosphorylation,1.0,PhosphoSitePlus;SIGNOR
O43264,P06493,unknown,Phosphorylation,1.0,Reactome
O43264,P53350,unknown,Phosphorylation,1.0,Reactome
O43264,Q06187,unknown,Phosphorylation,2.21,PhosphoNetworks
O43280,P06493,unknown,Phosphorylation,0.268,SIGNOR
O43281,P06241,Y,Phosphorylation,1.0,UniProt
O43281,P07947,Y,Phosphorylation,1.0,UniProt
O43281,P51451,Y,Phosphorylation,1.0,UniProt
O43293,O43293,unknown,Phosphorylation,1.0,PhosphoSitePlus
O43293,Q13464,unknown,Phosphorylation,1.0,PhosphoSitePlus;SIGNOR
O43294,P06241,Y60,Phosphorylation,100.0,PhosphoNetworks;PhosphoSitePlus;iPTMnet
O43294,P17252,unknown,Phosphorylation,29.12,PhosphoNetworks
O43294,P28482,unknown,Phosphorylation,1.0,PhosphoSitePlus
O43294,Q05397,Y,Phosphorylation,1.0,UniProt
O43294,Q06187,unknown,Phosphorylation,1.58,PhosphoNetworks
O43294,Q09013,unknown,Phosphorylation,12.61,PhosphoNetworks
O43294,Q14289,unknown,Phosphorylation,2145.91,PhosphoNetworks;PhosphoSitePlus
O43303,P53350,unknown,Phosphorylation,1.0,Reactome
O43312,P12931,unknown,Phosphorylation,1.0,PhosphoSitePlus
O43312,P48730,unknown,Phosphorylation,1.0,PhosphoSitePlus
O43315,Q05513,unknown,Phosphorylation,1.0,PhosphoSitePlus
O43318,O14733,Y,Phosphorylation,1.0,UniProt
O43318,O43318,unknown,Phosphorylation,1.0,PhosphoSitePlus
O43318,P22607,unknown,Phosphorylation,0.294,SIGNOR
O43318,Q13555,unknown,Phosphorylation,0.2,SIGNOR
O43318,Q9BXM7,unknown,Phosphorylation,0.328,SIGNOR
O43320,P27361,unknown,Phosphorylation,1.0,Reactome
O43320,P28482,unknown,Phosphorylation,1.0,Reactome
O43324,P27361,unknown,Phosphorylation,1.0,Reactome
O43324,P28482,unknown,Phosphorylation,1.0,Reactome
O43353,O43353,Y474,Phosphorylation,1.0,PhosphoSitePlus;iPTMnet
O43353,P12931,Y381,Phosphorylation,1.0,iPTMnet
O43379,Q92630,Y,Phosphorylation,1.0,UniProt
O43395,O14757,unknown,Phosphorylation,1.0,PhosphoSitePlus
O43395,P24941,unknown,Phosphorylation,1.0,PhosphoSitePlus
O43395,P68400,unknown,Phosphorylation,1.0,PhosphoSitePlus
O43424,P17252,unknown,Phosphorylation,1.0,PhosphoSitePlus
O43426,P29323,unknown,Phosphorylation,0.569,SIGNOR
O43432,Q14012,unknown,Phosphorylation,1.0,PhosphoSitePlus
O43432,Q6P2M8,unknown,Phosphorylation,1.0,PhosphoSitePlus
O43432,Q96NX5,unknown,Phosphorylation,1.0,PhosphoSitePlus
O43463,P49761,Y,Phosphorylation,1.0,UniProt
O43464,P31749,unknown,Phosphorylation,1.0,PhosphoSitePlus
O43464,P31751,unknown,Phosphorylation,1.0,PhosphoSitePlus
O43464,P53778,unknown,Phosphorylation,1.0,PhosphoSitePlus
O43464,Q00535,unknown,Phosphorylation,1.0,PhosphoSitePlus
O43474,P27361,unknown,Phosphorylation,1.0,PhosphoSitePlus
O43474,P28482,unknown,Phosphorylation,1.0,PhosphoSitePlus
O43482,P22607,Y,Phosphorylation,1.0,UniProt
O43490,P06241,unknown,Phosphorylation,1.0,PhosphoSitePlus
O43490,P12931,Y828;Y852,Phosphorylation,1.0,PhosphoSitePlus;SIGNOR;iPTMnet
O43504,P22607,Y,Phosphorylation,1.0,UniProt
O43504,P31749,unknown,Phosphorylation,1.0,Reactome
O43504,P54646,unknown,Phosphorylation,1.0,Reactome
O43504,Q13131,unknown,Phosphorylation,1.0,Reactome
O43504,Q13315,unknown,Phosphorylation,1.0,PhosphoSitePlus;SIGNOR
O43516,P08631,Y,Phosphorylation,1.0,UniProt
O43516,Q04759,unknown,Phosphorylation,100.0,PhosphoNetworks;PhosphoSitePlus
O43516,Q05397,unknown,Phosphorylation,1.0,Reactome
O43516,Q06187,Y468,Phosphorylation,0.545,SIGNOR
O43521,O14965,unknown,Phosphorylation,1.0,PhosphoSitePlus;SIGNOR
O43521,P06493,unknown,Phosphorylation,1.0,PhosphoSitePlus
O43521,P27361,unknown,Phosphorylation,100.0,PhosphoNetworks;PhosphoSitePlus
O43521,P28482,unknown,Phosphorylation,100.0,PhosphoNetworks;PhosphoSitePlus;SIGNOR
O43521,P31749,unknown,Phosphorylation,1.0,PhosphoSitePlus
O43521,P45983,unknown,Phosphorylation,1.0,PhosphoSitePlus;Reactome;SIGNOR
O43521,P45984,unknown,Phosphorylation,1.0,PhosphoSitePlus
O43521,P53779,unknown,Phosphorylation,1.0,PhosphoSitePlus
O43524,O00141,unknown,Phosphorylation,1.0,PhosphoSitePlus
O43524,O14920,unknown,Phosphorylation,100.0,PhosphoNetworks;PhosphoSitePlus
O43524,O15111,unknown,Phosphorylation,1.0,PhosphoSitePlus
O43524,P11309,unknown,Phosphorylation,1.0,PhosphoSitePlus
O43524,P27361,unknown,Phosphorylation,1.0,PhosphoSitePlus
O43524,P28482,unknown,Phosphorylation,1.0,PhosphoSitePlus
O43524,P31749,unknown,Phosphorylation,1.0,PhosphoSitePlus;Reactome;SIGNOR
O43524,P31751,unknown,Phosphorylation,1.0,Reactome
O43524,P45983,unknown,Phosphorylation,1.0,PhosphoSitePlus
O43524,P48729,unknown,Phosphorylation,0.2,SIGNOR
O43524,P53350,unknown,Phosphorylation,0.491,SIGNOR
O43524,P54646,unknown,Phosphorylation,1.0,PhosphoSitePlus
O43524,Q00535,unknown,Phosphorylation,1.0,Reactome
O43524,Q06418,unknown,Phosphorylation,0.2,SIGNOR
O43524,Q13043,unknown,Phosphorylation,1.0,PhosphoSitePlus
O43524,Q13131,unknown,Phosphorylation,1.0,PhosphoSitePlus
O43524,Q14164,unknown,Phosphorylation,1.0,PhosphoSitePlus
O43524,Q14680,unknown,Phosphorylation,0.363,SIGNOR
O43524,Q16539,unknown,Phosphorylation,1.0,PhosphoSitePlus
O43524,Q8IW41,unknown,Phosphorylation,1.0,Reactome
O43524,Q9Y243,unknown,Phosphorylation,1.0,Reactome
O43541,P51817,unknown,Phosphorylation,1.0,PhosphoSitePlus;SIGNOR
O43541,Q9HBH9,unknown,Phosphorylation,2.75,PhosphoNetworks
O43542,Q13535,unknown,Phosphorylation,1.0,PhosphoSitePlus
O43559,P08631,Y,Phosphorylation,1.0,UniProt
O43559,Q16620,Y417;Y455,Phosphorylation,1.0,SIGNOR;iPTMnet
O43561,O00506,unknown,Phosphorylation,0.2,SIGNOR
O43561,P00533,Y,Phosphorylation,1.0,UniProt
O43561,P06239,Y200;Y220;Y64,Phosphorylation,1.0,Reactome;SIGNOR;UniProt;iPTMnet
O43561,P06241,Y200;Y220,Phosphorylation,1.0,Reactome;SIGNOR;iPTMnet
O43561,P07948,unknown,Phosphorylation,1.0,Reactome
O43561,P27361,unknown,Phosphorylation,1.0,PhosphoSitePlus
O43561,P43403,Y126;Y127;Y131;Y132;Y156;Y161;Y163;Y168;Y170;Y171;Y190;Y191;Y200;Y207;Y220;Y225;Y226;Y227;Y255;Y262,Phosphorylation,1.0,PhosphoSitePlus;Reactome;SIGNOR;iPTMnet
O43561,P43405,unknown,Phosphorylation,1.0,Reactome
O43561,P45983,unknown,Phosphorylation,1.0,PhosphoSitePlus
O43561,Q08881,Y200;Y220,Phosphorylation,1.0,iPTMnet
O43561,Q13043,unknown,Phosphorylation,0.2,SIGNOR
O43561,Q9H093,unknown,Phosphorylation,0.2,SIGNOR
O43566,P17612,unknown,Phosphorylation,1.0,PhosphoNetworks
O43566,Q9NRH2,unknown,Phosphorylation,2.71,PhosphoNetworks
O43572,Q04759,unknown,Phosphorylation,1.91,PhosphoNetworks
O43586,P00519,Y345,Phosphorylation,1.0,SIGNOR;iPTMnet
O43597,P00533,unknown,Phosphorylation,1.0,Reactome
O43597,P12931,Y55,Phosphorylation,1.0,PhosphoSitePlus;SIGNOR;iPTMnet
O43597,Q13627,unknown,Phosphorylation,1.0,PhosphoSitePlus
O43597,Q9BUB5,unknown,Phosphorylation,1.0,PhosphoSitePlus;Reactome
O43597,Q9HBH9,unknown,Phosphorylation,1.0,PhosphoSitePlus
O43602,P17612,unknown,Phosphorylation,1.0,PhosphoSitePlus
O43602,P45983,unknown,Phosphorylation,1.0,PhosphoSitePlus;SIGNOR
O43602,P45984,unknown,Phosphorylation,1.0,PhosphoSitePlus
O43602,P49841,unknown,Phosphorylation,1.0,PhosphoSitePlus
O43602,Q00535,unknown,Phosphorylation,1.0,PhosphoSitePlus
O43602,Q92630,unknown,Phosphorylation,1.0,PhosphoSitePlus
O43602,Q9P0L2,unknown,Phosphorylation,1.0,PhosphoSitePlus
O43609,P00533,unknown,Phosphorylation,1.0,Reactome
O43609,P04626,unknown,Phosphorylation,1.0,Reactome
O43609,Q15303,unknown,Phosphorylation,1.0,Reactome
O43613,P12931,unknown,Phosphorylation,1.0,PhosphoSitePlus
O43617,P48730,unknown,Phosphorylation,1.0,Reactome
O43623,O96013,unknown,Phosphorylation,0.2,SIGNOR
O43623,P28482,unknown,Phosphorylation,1.0,PhosphoSitePlus
O43623,P49841,unknown,Phosphorylation,1.0,PhosphoSitePlus;SIGNOR
O43639,P04626,Y,Phosphorylation,1.0,UniProt
O43639,P08581,Y,Phosphorylation,1.0,UniProt
O43639,P10721,Y,Phosphorylation,1.0,UniProt
O43639,P21860,Y,Phosphorylation,1.0,UniProt
O43639,P42681,Y,Phosphorylation,1.0,UniProt
O43639,Q08345,Y,Phosphorylation,1.0,UniProt
O43639,Q9H3Y6,Y,Phosphorylation,1.0,UniProt
O43639,Q9UM73,Y,Phosphorylation,1.0,UniProt
O43660,O14757,unknown,Phosphorylation,1.0,PhosphoSitePlus
O43660,P30291,unknown,Phosphorylation,0.2,SIGNOR
O43663,P06493,unknown,Phosphorylation,1.0,PhosphoSitePlus
O43663,P53350,unknown,Phosphorylation,1.0,PhosphoSitePlus;SIGNOR
O43665,P17612,unknown,Phosphorylation,1.0,PhosphoSitePlus
O43683,P06493,unknown,Phosphorylation,1.0,PhosphoSitePlus;Reactome
O43683,P53350,unknown,Phosphorylation,0.866,SIGNOR
O43683,Q13315,unknown,Phosphorylation,1.0,PhosphoSitePlus
O43683,Q96GD4,unknown,Phosphorylation,0.752,SIGNOR
O43684,O43683,unknown,Phosphorylation,1.0,PhosphoSitePlus
O43684,P14618,unknown,Phosphorylation,1.0,PhosphoSitePlus
O43684,P53350,unknown,Phosphorylation,1.0,Reactome
O43707,Q05397,Y265;Y31;Y4,Phosphorylation,1.0,Reactome;SIGNOR;iPTMnet
O43707,Q14289,unknown,Phosphorylation,1.0,Reactome
O43711,Q01974,Y,Phosphorylation,1.0,UniProt
O43734,Q14164,unknown,Phosphorylation,1.0,PhosphoSitePlus
O43734,Q9UHD2,unknown,Phosphorylation,1.0,PhosphoSitePlus
O43739,P31749,unknown,Phosphorylation,1.0,PhosphoSitePlus
O43741,P22607,Y,Phosphorylation,1.0,UniProt
O43741,Q01974,Y,Phosphorylation,1.0,UniProt
O43741,Q15831,unknown,Phosphorylation,1.0,Reactome
O43741,Q96RR4,unknown,Phosphorylation,1.0,Reactome
O43752,P00533,Y,Phosphorylation,1.0,UniProt
O43765,P31751,unknown,Phosphorylation,1.0,PhosphoSitePlus
O43768,P22607,Y,Phosphorylation,1.0,UniProt
O43768,Q96GX5,unknown,Phosphorylation,1.0,Reactome
O43781,O43781,unknown,Phosphorylation,1.0,PhosphoSitePlus
O43791,P04626,Y,Phosphorylation,1.0,UniProt
O43791,P08069,Y,Phosphorylation,1.0,UniProt
O43791,P30530,Y,Phosphorylation,1.0,UniProt
O43795,P29323,unknown,Phosphorylation,0.2,SIGNOR
O43805,P53350,unknown,Phosphorylation,1.0,Reactome
O43823,P07948,unknown,Phosphorylation,1.0,PhosphoSitePlus
O43823,P12931,unknown,Phosphorylation,1.0,PhosphoSitePlus
O43829,P22607,Y,Phosphorylation,1.0,UniProt
O43852,Q9H4B4,unknown,Phosphorylation,1.0,PhosphoSitePlus
O43852,Q9NYY3,unknown,Phosphorylation,1.0,PhosphoSitePlus
O43865,P48729,unknown,Phosphorylation,1.0,PhosphoSitePlus
O43865,Q15139,unknown,Phosphorylation,1.0,PhosphoSitePlus
O43900,P00519,Y,Phosphorylation,1.0,UniProt
O43900,P06241,Y,Phosphorylation,1.0,UniProt
O43913,P24941,unknown,Phosphorylation,1.0,Reactome
O43913,Q13535,unknown,Phosphorylation,1.0,Reactome
O43914,P06239,unknown,Phosphorylation,1.0,Reactome
O43914,P06241,unknown,Phosphorylation,1.0,Reactome
O43914,P43405,Y101;Y102;Y90;Y91,Phosphorylation,100.0,PhosphoNetworks;iPTMnet
O43918,O43683,unknown,Phosphorylation,3.18,PhosphoNetworks
O43918,O96017,unknown,Phosphorylation,4.19,PhosphoNetworks
O43918,P04049,unknown,Phosphorylation,5.92,PhosphoNetworks
O43918,P36894,unknown,Phosphorylation,4.57,PhosphoNetworks
O43918,P37173,unknown,Phosphorylation,4.57,PhosphoNetworks
O43918,P78527,unknown,Phosphorylation,1.0,PhosphoSitePlus
O43918,Q08881,unknown,Phosphorylation,4.57,PhosphoNetworks
O43918,Q99986,unknown,Phosphorylation,3.18,PhosphoNetworks
O43918,Q9NRP7,unknown,Phosphorylation,2.25,PhosphoNetworks
O43921,P54764,Y,Phosphorylation,1.0,UniProt
O43929,P24941,unknown,Phosphorylation,1.0,Reactome
O43929,Q13535,unknown,Phosphorylation,1.0,Reactome
O60216,P06493,unknown,Phosphorylation,1.0,Reactome
O60216,P53350,unknown,Phosphorylation,1.0,Reactome
O60216,Q13535,unknown,Phosphorylation,1.0,Reactome
O60229,Q00535,unknown,Phosphorylation,1.0,PhosphoSitePlus;SIGNOR
O60229,Q8IW41,unknown,Phosphorylation,1.0,PhosphoSitePlus
O60234,P00519,Y104,Phosphorylation,1.0,SIGNOR;iPTMnet
O60237,O75116,unknown,Phosphorylation,1.0,Reactome
O60237,P22607,Y,Phosphorylation,1.0,UniProt
O60237,Q13464,unknown,Phosphorylation,1.0,PhosphoSitePlus
O60239,Q06187,Y,Phosphorylation,1.0,UniProt
O60240,P17612,unknown,Phosphorylation,1.0,PhosphoSitePlus;Reactome
O60240,P22612,unknown,Phosphorylation,1.0,Reactome
O60240,P22694,unknown,Phosphorylation,1.0,Reactome
O60244,P27361,unknown,Phosphorylation,1.0,PhosphoSitePlus
O60258,P27361,unknown,Phosphorylation,1.0,Reactome
O60258,P28482,unknown,Phosphorylation,1.0,Reactome
O60260,P00519,Y143,Phosphorylation,1.0,SIGNOR;iPTMnet
O60260,P22607,Y,Phosphorylation,1.0,UniProt
O60260,Q9BXM7,unknown,Phosphorylation,1.0,Reactome
O60262,P34947,unknown,Phosphorylation,1.0,Reactome
O60264,Q9UIG0,Y,Phosphorylation,1.0,UniProt
O60266,Q16566,unknown,Phosphorylation,100.0,PhosphoNetworks
O60266,Q9UQM7,unknown,Phosphorylation,1.0,PhosphoSitePlus
O60271,P24941,unknown,Phosphorylation,1.0,PhosphoSitePlus
O60271,P52564,unknown,Phosphorylation,1.0,Reactome
O60285,P31749,unknown,Phosphorylation,1.0,PhosphoSitePlus
O60285,P68400,unknown,Phosphorylation,10.0,PhosphoNetworks
O60285,Q04759,unknown,Phosphorylation,2.19,PhosphoNetworks
O60285,Q15831,unknown,Phosphorylation,100.0,PhosphoNetworks;PhosphoSitePlus
O60285,Q9Y2H1,unknown,Phosphorylation,1.0,PhosphoSitePlus
O60315,P49760,unknown,Phosphorylation,1.93,PhosphoNetworks
O60318,P24941,unknown,Phosphorylation,1.0,PhosphoSitePlus
O60331,P00533,unknown,Phosphorylation,1.0,PhosphoSitePlus
O60331,P06493,unknown,Phosphorylation,1.0,PhosphoSitePlus
O60331,P12931,Y649,Phosphorylation,1.0,PhosphoSitePlus;SIGNOR;iPTMnet
O60331,P27361,unknown,Phosphorylation,1.0,PhosphoSitePlus
O60331,Q00535,unknown,Phosphorylation,1.0,PhosphoSitePlus
O60343,O14757,unknown,Phosphorylation,1.0,PhosphoSitePlus
O60343,P31749,unknown,Phosphorylation,1.0,PhosphoSitePlus;Reactome;SIGNOR
O60343,P31751,unknown,Phosphorylation,1.0,Reactome;SIGNOR
O60343,P54646,unknown,Phosphorylation,1.0,PhosphoSitePlus
O60343,Q05513,unknown,Phosphorylation,1.0,PhosphoSitePlus
O60346,P48729,unknown,Phosphorylation,1.0,PhosphoSitePlus
O60346,P49841,unknown,Phosphorylation,1.0,PhosphoSitePlus
O60359,Q13554,unknown,Phosphorylation,1.0,Reactome
O60359,Q13555,unknown,Phosphorylation,1.0,Reactome
O60359,Q13557,unknown,Phosphorylation,1.0,Reactome
O60359,Q9UQM7,unknown,Phosphorylation,1.0,Reactome
O60381,Q15759,unknown,Phosphorylation,100.0,PhosphoNetworks
O60381,Q16539,unknown,Phosphorylation,1.0,PhosphoSitePlus
O60479,P17252,unknown,Phosphorylation,1.0,PhosphoSitePlus
O60479,P17612,unknown,Phosphorylation,1.0,PhosphoSitePlus
O60479,P22607,Y,Phosphorylation,1.0,UniProt
O60496,P07947,Y,Phosphorylation,1.0,UniProt
O60496,P07948,Y271;Y299;Y345,Phosphorylation,1.0,PhosphoSitePlus;iPTMnet
O60496,P08631,Y271;Y299;Y345,Phosphorylation,1.0,iPTMnet
O60496,P12931,Y271;Y299;Y345,Phosphorylation,1.0,iPTMnet
O60496,P42681,Y,Phosphorylation,1.0,UniProt
O60500,P06241,Y1193,Phosphorylation,1.0,SIGNOR;iPTMnet
O60500,P12931,unknown,Phosphorylation,0.48,SIGNOR
O60500,P17252,unknown,Phosphorylation,1.0,PhosphoSitePlus
O60504,P00519,Y78,Phosphorylation,1.0,SIGNOR;UniProt;iPTMnet
O60504,P24941,unknown,Phosphorylation,1.0,PhosphoSitePlus
O60504,P28482,unknown,Phosphorylation,1.0,PhosphoSitePlus;SIGNOR
O60506,P11362,Y373,Phosphorylation,100.0,PhosphoNetworks;SIGNOR;iPTMnet
O60508,Q92989,unknown,Phosphorylation,1.0,Reactome
O60516,P42345,unknown,Phosphorylation,0.359,SIGNOR
O60563,P53350,unknown,Phosphorylation,1.0,PhosphoSitePlus
O60565,P35968,Y,Phosphorylation,1.0,UniProt
O60566,O14757,unknown,Phosphorylation,0.449,SIGNOR
O60566,P06493,unknown,Phosphorylation,1.0,PhosphoSitePlus
O60566,P33981,unknown,Phosphorylation,1.0,PhosphoSitePlus
O60566,P53350,unknown,Phosphorylation,1.0,PhosphoSitePlus;Reactome
O60602,Q15139,unknown,Phosphorylation,1.0,PhosphoSitePlus
O60603,P00533,Y,Phosphorylation,1.0,UniProt
O60610,O14757,unknown,Phosphorylation,0.2,SIGNOR
O60610,P06493,unknown,Phosphorylation,1.0,PhosphoSitePlus;SIGNOR
O60636,P22607,Y,Phosphorylation,1.0,UniProt
O60664,P35790,Y251,Phosphorylation,1.0,SIGNOR;iPTMnet
O60664,P54646,unknown,Phosphorylation,1.0,Reactome
O60671,P68400,unknown,Phosphorylation,1.0,PhosphoSitePlus
O60673,O96017,unknown,Phosphorylation,1.0,PhosphoSitePlus
O60674,O60674,Y1007;Y1008;Y201;Y206;Y221;Y317;Y570;Y637;Y813;Y868;Y966;Y972,Phosphorylation,1.0,PhosphoSitePlus;SIGNOR;iPTMnet
O60674,P00519,Y1007,Phosphorylation,1.0,PhosphoSitePlus;iPTMnet
O60674,P17612,unknown,Phosphorylation,1.0,Reactome
O60674,P23458,Y,Phosphorylation,1.0,UniProt
O60674,P27361,unknown,Phosphorylation,1.0,PhosphoSitePlus
O60674,P28482,unknown,Phosphorylation,1.0,PhosphoSitePlus
O60674,P29597,Y,Phosphorylation,1.0,UniProt
O60674,P54764,unknown,Phosphorylation,0.282,SIGNOR
O60674,Q05655,unknown,Phosphorylation,1.0,Reactome
O60674,Q9Y6E0,unknown,Phosphorylation,3.68,PhosphoNetworks
O60701,P06493,unknown,Phosphorylation,1.0,PhosphoSitePlus
O60701,P28482,unknown,Phosphorylation,1.0,PhosphoSitePlus
O60706,P17612,unknown,Phosphorylation,1.0,PhosphoSitePlus
O60711,P07948,Y72,Phosphorylation,1.0,PhosphoSitePlus;SIGNOR;iPTMnet
O60711,Q05397,Y,Phosphorylation,1.0,UniProt
O60716,O75914,unknown,Phosphorylation,1.0,Reactome
O60716,P00533,Y228,Phosphorylation,1.0,SIGNOR;UniProt;iPTMnet
O60716,P06241,Y112,Phosphorylation,1.0,PhosphoSitePlus;iPTMnet
O60716,P07333,Y228;Y904,Phosphorylation,0.271,SIGNOR
O60716,P08581,Y,Phosphorylation,1.0,UniProt
O60716,P12931,Y112;Y217;Y228;Y257;Y280;Y291;Y296;Y302;Y96,Phosphorylation,1.0,PhosphoSitePlus;iPTMnet
O60716,P17252,unknown,Phosphorylation,1.0,PhosphoSitePlus
O60716,P49841,unknown,Phosphorylation,1.0,PhosphoSitePlus
O60716,Q02156,unknown,Phosphorylation,1.0,PhosphoSitePlus
O60716,Q13153,unknown,Phosphorylation,1.0,Reactome
O60716,Q13177,unknown,Phosphorylation,1.0,Reactome
O60749,P28482,unknown,Phosphorylation,1.0,PhosphoSitePlus
O60759,P22607,Y,Phosphorylation,1.0,UniProt
O60763,P06493,unknown,Phosphorylation,1.0,Reactome
O60763,P48730,unknown,Phosphorylation,1.0,Reactome
O60783,P22607,Y,Phosphorylation,1.0,UniProt
O60825,P17612,unknown,Phosphorylation,1.0,PhosphoSitePlus
O60825,P31749,unknown,Phosphorylation,1.0,PhosphoSitePlus
O60825,Q13131,unknown,Phosphorylation,1.0,PhosphoSitePlus
O60828,P34947,unknown,Phosphorylation,2.64,PhosphoNetworks
O60828,Q13523,unknown,Phosphorylation,1.0,Reactome
O60829,P11309,unknown,Phosphorylation,2.35,PhosphoNetworks
O60829,P17252,unknown,Phosphorylation,1.65,PhosphoNetworks
O60829,Q86Z02,unknown,Phosphorylation,1.0,PhosphoSitePlus
O60830,P22607,Y,Phosphorylation,1.0,UniProt
O60861,P17612,unknown,Phosphorylation,1.57,PhosphoNetworks
O60861,P31749,unknown,Phosphorylation,4.29,PhosphoNetworks
O60861,Q59H18,unknown,Phosphorylation,18.88,PhosphoNetworks
O60869,P45983,unknown,Phosphorylation,16.61,PhosphoNetworks
O60879,Q96GD4,unknown,Phosphorylation,1.0,PhosphoSitePlus
O60880,P08581,Y,Phosphorylation,1.0,UniProt
O60880,P12931,Y,Phosphorylation,1.0,UniProt
O60880,Q07912,Y,Phosphorylation,1.0,UniProt
O60885,O60674,Y97;Y98,Phosphorylation,0.325,SIGNOR
O60902,P22607,Y,Phosphorylation,1.0,UniProt
O60927,P22607,Y,Phosphorylation,1.0,UniProt
O60928,P17252,unknown,Phosphorylation,1.0,PhosphoSitePlus
O60928,P17612,unknown,Phosphorylation,1.0,PhosphoSitePlus
O60934,P24941,unknown,Phosphorylation,1.0,PhosphoSitePlus
O60934,Q13315,unknown,Phosphorylation,1.0,PhosphoSitePlus
O60934,Q13535,unknown,Phosphorylation,1.0,PhosphoSitePlus
O60936,P49840,unknown,Phosphorylation,0.2,SIGNOR
O60941,P17252,unknown,Phosphorylation,1.0,PhosphoSitePlus
O60941,P17612,unknown,Phosphorylation,1.0,PhosphoSitePlus
O75030,P27361,unknown,Phosphorylation,1.0,PhosphoSitePlus
O75030,P27448,unknown,Phosphorylation,1.0,PhosphoSitePlus;Reactome
O75030,P28482,unknown,Phosphorylation,1.0,PhosphoSitePlus;Reactome
O75030,P45983,unknown,Phosphorylation,1.93,PhosphoNetworks
O75030,P49840,unknown,Phosphorylation,1.0,PhosphoSitePlus
O75030,P49841,unknown,Phosphorylation,1.0,PhosphoSitePlus;Reactome;SIGNOR
O75030,Q05397,unknown,Phosphorylation,1.93,PhosphoNetworks
O75030,Q15418,unknown,Phosphorylation,1.0,PhosphoSitePlus;Reactome
O75030,Q16539,unknown,Phosphorylation,1.0,PhosphoSitePlus
O75030,Q9HAZ1,Y360,Phosphorylation,0.2,SIGNOR
O75031,P08631,Y,Phosphorylation,1.0,UniProt
O75031,P51451,Y,Phosphorylation,1.0,UniProt
O75031,P54753,Y,Phosphorylation,1.0,UniProt
O75051,P07332,unknown,Phosphorylation,1.0,Reactome
O75051,P49841,unknown,Phosphorylation,1.0,Reactome
O75056,P54760,Y409;Y419;Y431,Phosphorylation,1.0,iPTMnet
O75081,P07949,unknown,Phosphorylation,2.75,PhosphoNetworks
O75081,P17612,unknown,Phosphorylation,5.54,PhosphoNetworks
O75116,O60674,Y,Phosphorylation,1.0,UniProt
O75116,P12931,Y722,Phosphorylation,1.0,PhosphoSitePlus;iPTMnet
O75122,P00519,unknown,Phosphorylation,0.503,SIGNOR
O75122,P06493,unknown,Phosphorylation,1.0,PhosphoSitePlus;Reactome
O75122,P49841,unknown,Phosphorylation,1.0,PhosphoSitePlus
O75122,P53350,unknown,Phosphorylation,1.0,Reactome
O75143,O75385,unknown,Phosphorylation,1.0,PhosphoSitePlus;SIGNOR
O75143,P42345,unknown,Phosphorylation,0.655,SIGNOR
O75143,P54646,unknown,Phosphorylation,1.0,Reactome
O75143,Q13131,unknown,Phosphorylation,1.0,Reactome
O75143,Q8IYT8,unknown,Phosphorylation,0.753,SIGNOR
O75150,Q13315,unknown,Phosphorylation,1.0,PhosphoSitePlus;SIGNOR
O75151,O14757,unknown,Phosphorylation,1.0,PhosphoSitePlus
O75151,P28482,unknown,Phosphorylation,1.0,PhosphoSitePlus
O75152,P06493,unknown,Phosphorylation,1.0,PhosphoSitePlus
O75152,P24941,unknown,Phosphorylation,1.0,PhosphoSitePlus
O75152,Q92989,unknown,Phosphorylation,1.0,Reactome
O75154,P06493,unknown,Phosphorylation,1.0,PhosphoSitePlus
O75159,P08581,Y,Phosphorylation,1.0,UniProt
O75161,Q14289,Y,Phosphorylation,1.0,UniProt
O75177,Q13470,Y,Phosphorylation,1.0,UniProt
O75179,P24941,unknown,Phosphorylation,1.0,PhosphoSitePlus
O75179,P42345,unknown,Phosphorylation,1.0,PhosphoSitePlus
O75197,P78368,unknown,Phosphorylation,1.0,Reactome
O75293,O14733,Y,Phosphorylation,1.0,UniProt
O75340,P35968,Y,Phosphorylation,1.0,UniProt
O75365,P12931,Y53,Phosphorylation,0.359,SIGNOR
O75367,P04626,Y,Phosphorylation,1.0,UniProt
O75368,P00533,Y,Phosphorylation,1.0,UniProt
O75369,Q05397,unknown,Phosphorylation,1.0,Reactome
O75369,Q14289,unknown,Phosphorylation,1.0,Reactome
O75376,O15111,unknown,Phosphorylation,1.0,PhosphoSitePlus
O75376,P17252,unknown,Phosphorylation,1.0,PhosphoSitePlus
O75376,P17612,unknown,Phosphorylation,1.0,PhosphoSitePlus
O75376,P31749,unknown,Phosphorylation,1.0,PhosphoSitePlus
O75376,P68400,unknown,Phosphorylation,1.0,PhosphoSitePlus
O75379,P68400,unknown,Phosphorylation,1.0,PhosphoSitePlus
O75385,O75385,unknown,Phosphorylation,1.0,PhosphoSitePlus
O75385,P04629,Y,Phosphorylation,1.0,UniProt
O75385,P31749,unknown,Phosphorylation,1.0,PhosphoSitePlus
O75385,P42345,unknown,Phosphorylation,1.0,PhosphoSitePlus;SIGNOR
O75385,P54646,unknown,Phosphorylation,1.0,Reactome
O75385,Q13131,unknown,Phosphorylation,1.0,PhosphoSitePlus;Reactome;SIGNOR
O75386,Q92630,unknown,Phosphorylation,2.99,PhosphoNetworks
O75391,P10398,unknown,Phosphorylation,2.75,PhosphoNetworks
O75391,P11802,unknown,Phosphorylation,18.32,PhosphoNetworks
O75391,Q05513,unknown,Phosphorylation,1.89,PhosphoNetworks
O75391,Q9UEE5,unknown,Phosphorylation,1.93,PhosphoNetworks
O75396,P48730,unknown,Phosphorylation,1.0,Reactome
O75410,Q9UQB9,unknown,Phosphorylation,1.0,PhosphoSitePlus
O75419,Q13535,unknown,Phosphorylation,1.0,Reactome
O75444,P42680,Y21,Phosphorylation,0.2,SIGNOR
O75444,P49840,unknown,Phosphorylation,0.2,SIGNOR
O75444,P49841,unknown,Phosphorylation,0.261,SIGNOR
O75449,Q92630,unknown,Phosphorylation,1.0,PhosphoSitePlus
O75460,P17612,unknown,Phosphorylation,1.0,PhosphoSitePlus
O75460,Q99683,unknown,Phosphorylation,0.618,SIGNOR
O75461,O14757,unknown,Phosphorylation,1.0,PhosphoSitePlus;Reactome
O75469,P24941,unknown,Phosphorylation,1.0,PhosphoSitePlus
O75475,O00311,unknown,Phosphorylation,1.0,PhosphoSitePlus
O75494,P49759,Y,Phosphorylation,1.0,UniProt
O75494,P49761,Y,Phosphorylation,1.0,UniProt
O75496,O14965,unknown,Phosphorylation,1.0,PhosphoSitePlus
O75496,P00519,Y150,Phosphorylation,0.356,SIGNOR
O75496,P68400,unknown,Phosphorylation,1.0,PhosphoSitePlus
O75525,P12931,unknown,Phosphorylation,1.0,PhosphoSitePlus
O75525,P29597,Y,Phosphorylation,1.0,UniProt
O75525,Q13882,unknown,Phosphorylation,1.0,Reactome
O75529,P68400,unknown,Phosphorylation,21.24,PhosphoNetworks
O75531,Q86Y07,unknown,Phosphorylation,1.0,PhosphoSitePlus
O75531,Q99986,unknown,Phosphorylation,1.0,PhosphoSitePlus;Reactome
O75533,P10398,unknown,Phosphorylation,2.75,PhosphoNetworks
O75533,P11802,unknown,Phosphorylation,23.71,PhosphoNetworks
O75533,P24941,unknown,Phosphorylation,1.0,PhosphoSitePlus
O75533,P30291,unknown,Phosphorylation,17.99,PhosphoNetworks
O75533,P45983,unknown,Phosphorylation,2.7,PhosphoNetworks
O75533,P53779,unknown,Phosphorylation,2.68,PhosphoNetworks
O75533,Q05513,unknown,Phosphorylation,2.68,PhosphoNetworks
O75533,Q13627,unknown,Phosphorylation,1.0,PhosphoSitePlus
O75533,Q9Y463,unknown,Phosphorylation,1.0,PhosphoSitePlus
O75534,O15530,unknown,Phosphorylation,1.95,PhosphoNetworks
O75534,O43318,unknown,Phosphorylation,7.75,PhosphoNetworks
O75534,O60285,unknown,Phosphorylation,7.75,PhosphoNetworks
O75534,P04049,unknown,Phosphorylation,2.45,PhosphoNetworks
O75534,P11362,unknown,Phosphorylation,1.73,PhosphoNetworks
O75534,P11802,unknown,Phosphorylation,11.55,PhosphoNetworks
O75534,P17252,unknown,Phosphorylation,4.22,PhosphoNetworks
O75534,P17612,unknown,Phosphorylation,18.88,PhosphoNetworks
O75534,P21802,unknown,Phosphorylation,3.76,PhosphoNetworks
O75534,P37173,unknown,Phosphorylation,3.23,PhosphoNetworks
O75534,P43405,unknown,Phosphorylation,30.21,PhosphoNetworks
O75534,P49674,unknown,Phosphorylation,18.54,PhosphoNetworks
O75534,P54646,unknown,Phosphorylation,11.55,PhosphoNetworks
O75534,Q05513,unknown,Phosphorylation,16.11,PhosphoNetworks
O75534,Q13131,unknown,Phosphorylation,7.61,PhosphoNetworks
O75534,Q14289,unknown,Phosphorylation,1.95,PhosphoNetworks
O75534,Q8IW41,unknown,Phosphorylation,1.6,PhosphoNetworks
O75534,Q9NR20,unknown,Phosphorylation,1.67,PhosphoNetworks
O75534,Q9Y6E0,unknown,Phosphorylation,15.83,PhosphoNetworks
O75553,P00519,unknown,Phosphorylation,1.0,PhosphoSitePlus
O75553,P06241,unknown,Phosphorylation,1.0,PhosphoSitePlus;Reactome;SIGNOR
O75553,P12931,Y185;Y198;Y200;Y220;Y232,Phosphorylation,1.0,PhosphoSitePlus;iPTMnet
O75553,Q00535,unknown,Phosphorylation,1.0,PhosphoSitePlus
O75554,Q13523,unknown,Phosphorylation,1.0,Reactome
O75563,P00533,Y,Phosphorylation,1.0,UniProt
O75563,P06241,unknown,Phosphorylation,1.0,PhosphoSitePlus
O75564,P42681,Y,Phosphorylation,1.0,UniProt
O75569,P19525,Y,Phosphorylation,1.0,SIGNOR;UniProt
O75578,Q05397,unknown,Phosphorylation,1.0,Reactome
O75578,Q14289,unknown,Phosphorylation,1.0,Reactome
O75581,P09619,Y,Phosphorylation,1.0,UniProt
O75581,P12931,unknown,Phosphorylation,0.398,SIGNOR
O75581,P17612,unknown,Phosphorylation,1.0,PhosphoSitePlus
O75581,P27361,unknown,Phosphorylation,1.0,PhosphoSitePlus;SIGNOR
O75581,P28482,unknown,Phosphorylation,1.0,PhosphoSitePlus;SIGNOR
O75581,P34947,unknown,Phosphorylation,0.551,SIGNOR
O75581,P43250,unknown,Phosphorylation,0.346,SIGNOR
O75581,P45983,unknown,Phosphorylation,0.383,SIGNOR
O75581,P48729,unknown,Phosphorylation,1.0,PhosphoSitePlus;SIGNOR
O75581,P49674,unknown,Phosphorylation,1.0,PhosphoSitePlus
O75581,P49840,unknown,Phosphorylation,1.0,PhosphoSitePlus
O75581,P49841,unknown,Phosphorylation,1.0,PhosphoSitePlus
O75581,P68400,unknown,Phosphorylation,1.0,PhosphoSitePlus
O75581,P78368,unknown,Phosphorylation,1.0,Reactome
O75581,Q8N752,unknown,Phosphorylation,0.255,SIGNOR
O75581,Q9HCP0,unknown,Phosphorylation,1.0,PhosphoSitePlus
O75582,O75582,unknown,Phosphorylation,1.0,PhosphoSitePlus
O75582,P27361,unknown,Phosphorylation,100.0,PhosphoNetworks;PhosphoSitePlus;Reactome
O75582,P28482,unknown,Phosphorylation,100.0,PhosphoNetworks;PhosphoSitePlus;Reactome
O75582,P68400,unknown,Phosphorylation,1.0,PhosphoSitePlus
O75582,Q15759,unknown,Phosphorylation,1.0,Reactome
O75582,Q16539,unknown,Phosphorylation,100.0,PhosphoNetworks;PhosphoSitePlus;Reactome;SIGNOR
O75592,O14757,unknown,Phosphorylation,1.0,PhosphoSitePlus
O75616,P24941,unknown,Phosphorylation,1.0,PhosphoSitePlus
O75616,P31749,unknown,Phosphorylation,3.04,PhosphoNetworks
O75626,P37173,unknown,Phosphorylation,4.49,PhosphoNetworks
O75626,Q00535,unknown,Phosphorylation,1.58,PhosphoNetworks
O75626,Q13153,unknown,Phosphorylation,1.88,PhosphoNetworks
O75626,Q96GD4,unknown,Phosphorylation,3.24,PhosphoNetworks
O75626,Q96SB4,unknown,Phosphorylation,1.58,PhosphoNetworks
O75626,Q9Y463,unknown,Phosphorylation,3.24,PhosphoNetworks
O75628,Q15139,unknown,Phosphorylation,1.0,PhosphoSitePlus
O75631,Q13153,unknown,Phosphorylation,2.3,PhosphoNetworks
O75665,P53350,unknown,Phosphorylation,1.0,Reactome
O75674,P00533,Y,Phosphorylation,1.0,UniProt
O75674,P06241,Y460,Phosphorylation,1.0,PhosphoSitePlus;iPTMnet
O75676,O75676,unknown,Phosphorylation,1.0,PhosphoSitePlus
O75676,P27361,unknown,Phosphorylation,0.585,SIGNOR
O75676,P68400,unknown,Phosphorylation,1.0,PhosphoSitePlus
O75676,Q15759,unknown,Phosphorylation,1.0,Reactome
O75676,Q16539,unknown,Phosphorylation,100.0,PhosphoNetworks;PhosphoSitePlus;SIGNOR
O75688,P17612,unknown,Phosphorylation,1.0,PhosphoSitePlus
O75689,P17252,unknown,Phosphorylation,1.0,PhosphoSitePlus
O75689,Q02156,unknown,Phosphorylation,1.0,PhosphoSitePlus
O75694,P06493,unknown,Phosphorylation,1.0,Reactome
O75694,Q8TD19,unknown,Phosphorylation,1.0,Reactome
O75694,Q9HC98,unknown,Phosphorylation,1.0,Reactome
O75716,O75716,Y198,Phosphorylation,1.0,PhosphoSitePlus;iPTMnet
O75716,P28482,unknown,Phosphorylation,4.26,PhosphoNetworks
O75716,Q13043,unknown,Phosphorylation,4.26,PhosphoNetworks
O75716,Q13153,unknown,Phosphorylation,28.74,PhosphoNetworks
O75716,Q96SB4,unknown,Phosphorylation,4.26,PhosphoNetworks
O75751,P00519,Y,Phosphorylation,1.0,UniProt
O75791,P00533,Y,Phosphorylation,1.0,UniProt
O75791,P04626,Y,Phosphorylation,1.0,UniProt
O75791,P06239,unknown,Phosphorylation,1.0,Reactome
O75791,P06241,unknown,Phosphorylation,1.0,Reactome
O75791,P07948,unknown,Phosphorylation,1.0,Reactome
O75791,P10721,Y,Phosphorylation,1.0,UniProt
O75791,P43403,unknown,Phosphorylation,1.0,Reactome
O75791,P43405,unknown,Phosphorylation,1.0,Reactome
O75791,Q92918,unknown,Phosphorylation,0.834,SIGNOR
O75807,P07948,unknown,Phosphorylation,0.333,SIGNOR
O75815,P04626,Y,Phosphorylation,1.0,UniProt
O75815,P10721,Y,Phosphorylation,1.0,UniProt
O75817,O75716,unknown,Phosphorylation,2.75,PhosphoNetworks
O75817,P31749,unknown,Phosphorylation,3.54,PhosphoNetworks
O75817,P49841,unknown,Phosphorylation,7.87,PhosphoNetworks
O75817,Q8IW41,unknown,Phosphorylation,7.87,PhosphoNetworks
O75822,P68400,unknown,Phosphorylation,1.0,PhosphoSitePlus
O75865,P48730,unknown,Phosphorylation,1.0,Reactome
O75871,P35916,Y,Phosphorylation,1.0,UniProt
O75884,P11802,unknown,Phosphorylation,50.32,PhosphoNetworks
O75884,Q15349,unknown,Phosphorylation,1.58,PhosphoNetworks
O75886,P00533,Y192,Phosphorylation,1.0,iPTMnet
O75886,P06241,unknown,Phosphorylation,1.0,PhosphoSitePlus
O75886,P22607,Y,Phosphorylation,1.0,UniProt
O75886,P23458,Y,Phosphorylation,1.0,UniProt
O75916,P17252,unknown,Phosphorylation,1.0,Reactome
O75916,Q04759,unknown,Phosphorylation,1.0,Reactome
O75925,O15111,unknown,Phosphorylation,1.0,PhosphoSitePlus
O75925,P49137,unknown,Phosphorylation,1.0,PhosphoSitePlus
O75925,P68400,unknown,Phosphorylation,1.0,PhosphoSitePlus
O75935,P53350,unknown,Phosphorylation,1.0,Reactome
O75940,P49760,unknown,Phosphorylation,3.24,PhosphoNetworks
O75943,Q13315,unknown,Phosphorylation,1.0,PhosphoSitePlus
O75943,Q13535,unknown,Phosphorylation,1.0,PhosphoSitePlus
O75952,P49841,unknown,Phosphorylation,1.0,PhosphoSitePlus
O75955,P06241,unknown,Phosphorylation,1.0,PhosphoSitePlus
O75955,P12931,Y149;Y56,Phosphorylation,1.0,PhosphoSitePlus;SIGNOR
O75962,Q00535,unknown,Phosphorylation,0.2,SIGNOR
O75962,Q05397,Y2796,Phosphorylation,1.0,PhosphoSitePlus;iPTMnet
O76011,P08631,Y,Phosphorylation,1.0,UniProt
O76011,P09619,Y,Phosphorylation,1.0,UniProt
O76013,P08631,Y,Phosphorylation,1.0,UniProt
O76024,P08631,Y,Phosphorylation,1.0,UniProt
O76024,P52564,Y,Phosphorylation,1.0,UniProt
O76039,O76039,unknown,Phosphorylation,1.0,PhosphoSitePlus
O76054,P17612,unknown,Phosphorylation,1.0,PhosphoSitePlus
O76061,P68400,unknown,Phosphorylation,100.0,PhosphoNetworks;PhosphoSitePlus
O76064,P49760,Y,Phosphorylation,1.0,UniProt
O76064,P49761,Y,Phosphorylation,1.0,UniProt
O76071,O76039,unknown,Phosphorylation,2.55,PhosphoNetworks
O76071,P17612,unknown,Phosphorylation,10.19,PhosphoNetworks
O76071,Q8IW41,unknown,Phosphorylation,18.12,PhosphoNetworks
O76074,P17612,unknown,Phosphorylation,1.0,PhosphoSitePlus
O76074,Q13976,unknown,Phosphorylation,1.0,PhosphoSitePlus
O76083,P49759,Y,Phosphorylation,1.0,UniProt
O76090,P17252,unknown,Phosphorylation,1.0,PhosphoSitePlus
O76090,Q05655,unknown,Phosphorylation,1.0,PhosphoSitePlus
O76093,P27361,unknown,Phosphorylation,1.0,Reactome
O76093,P28482,unknown,Phosphorylation,1.0,Reactome
O88900,P11362,Y,Phosphorylation,1.0,UniProt
O92972,P06241,Y,Phosphorylation,1.0,UniProt
O92972,P07948,Y,Phosphorylation,1.0,UniProt
O92972,P08631,Y,Phosphorylation,1.0,UniProt
O94763,P23443,unknown,Phosphorylation,1.0,PhosphoSitePlus
O94768,O94768,unknown,Phosphorylation,1.0,PhosphoSitePlus
O94768,Q15139,unknown,Phosphorylation,0.252,SIGNOR
O94776,P24941,unknown,Phosphorylation,1.0,PhosphoSitePlus
O94782,P06493,unknown,Phosphorylation,1.0,PhosphoSitePlus
O94804,P28482,unknown,Phosphorylation,1.0,PhosphoSitePlus
O94805,O76039,unknown,Phosphorylation,1.93,PhosphoNetworks
O94806,P04626,unknown,Phosphorylation,1.0,Reactome
O94806,P17252,unknown,Phosphorylation,1.0,PhosphoSitePlus
O94806,P42338,unknown,Phosphorylation,1.0,Reactome
O94806,Q15303,unknown,Phosphorylation,1.0,Reactome
O94808,P17612,unknown,Phosphorylation,1.0,PhosphoSitePlus
O94811,P17612,unknown,Phosphorylation,1.0,PhosphoSitePlus
O94811,P28482,unknown,Phosphorylation,1.0,PhosphoSitePlus
O94811,Q00535,unknown,Phosphorylation,1.0,PhosphoSitePlus
O94827,Q15139,unknown,Phosphorylation,1.0,PhosphoSitePlus
O94854,P24941,unknown,Phosphorylation,1.0,PhosphoSitePlus
O94855,P48730,unknown,Phosphorylation,1.0,Reactome
O94868,P22607,Y,Phosphorylation,1.0,UniProt
O94880,Q13535,unknown,Phosphorylation,1.0,PhosphoSitePlus
O94898,P00533,Y,Phosphorylation,1.0,UniProt
O94898,P09619,Y,Phosphorylation,1.0,UniProt
O94900,O43683,unknown,Phosphorylation,1.93,PhosphoNetworks
O94900,P21802,unknown,Phosphorylation,1.7,PhosphoNetworks
O94900,P49759,unknown,Phosphorylation,1.9,PhosphoNetworks
O94900,P49760,unknown,Phosphorylation,1.9,PhosphoNetworks
O94900,Q99986,unknown,Phosphorylation,1.9,PhosphoNetworks
O94916,P00519,unknown,Phosphorylation,1.0,PhosphoSitePlus
O94916,P48729,unknown,Phosphorylation,1.0,PhosphoSitePlus
O94916,Q00535,unknown,Phosphorylation,1.0,PhosphoSitePlus
O94916,Q13315,unknown,Phosphorylation,1.0,PhosphoSitePlus
O94916,Q8N752,unknown,Phosphorylation,1.0,PhosphoSitePlus
O94927,P53350,unknown,Phosphorylation,1.0,Reactome
O94973,O75582,unknown,Phosphorylation,1.0,Reactome
O94973,O75676,unknown,Phosphorylation,1.0,Reactome
O94973,P05129,unknown,Phosphorylation,1.0,Reactome
O94973,P05771,unknown,Phosphorylation,1.0,Reactome
O94973,P17252,unknown,Phosphorylation,1.0,Reactome
O94973,P28482,unknown,Phosphorylation,1.0,Reactome
O94973,P51812,unknown,Phosphorylation,1.0,Reactome
O94973,Q15349,unknown,Phosphorylation,1.0,Reactome
O94973,Q15418,unknown,Phosphorylation,1.0,Reactome
O94973,Q9UK32,unknown,Phosphorylation,1.0,Reactome
O94979,P48730,unknown,Phosphorylation,1.0,Reactome
O94986,P53350,unknown,Phosphorylation,1.0,Reactome
O94989,P29323,Y353,Phosphorylation,1.0,SIGNOR;iPTMnet
O94992,P06493,unknown,Phosphorylation,0.258,SIGNOR
O94992,P17252,unknown,Phosphorylation,1.0,PhosphoSitePlus
O95067,Q99640,unknown,Phosphorylation,1.0,Reactome
O95071,Q13315,unknown,Phosphorylation,1.0,PhosphoSitePlus
O95072,Q13535,unknown,Phosphorylation,1.0,Reactome
O95140,P45984,unknown,Phosphorylation,1.0,PhosphoSitePlus
O95140,Q9BXM7,unknown,Phosphorylation,1.0,Reactome
O95149,P11802,unknown,Phosphorylation,4.27,PhosphoNetworks
O95149,P17252,unknown,Phosphorylation,2.67,PhosphoNetworks
O95149,P17612,unknown,Phosphorylation,2.25,PhosphoNetworks
O95149,P30291,unknown,Phosphorylation,4.19,PhosphoNetworks
O95149,P37173,unknown,Phosphorylation,4.57,PhosphoNetworks
O95149,P54646,unknown,Phosphorylation,3.18,PhosphoNetworks
O95149,Q00535,unknown,Phosphorylation,2.91,PhosphoNetworks
O95149,Q86Z02,unknown,Phosphorylation,2.91,PhosphoNetworks
O95149,Q9NR20,unknown,Phosphorylation,2.07,PhosphoNetworks
O95149,Q9UEE5,unknown,Phosphorylation,6.88,PhosphoNetworks
O95168,P07948,unknown,Phosphorylation,22.21,PhosphoNetworks
O95178,P17252,unknown,Phosphorylation,2.35,PhosphoNetworks
O95180,P17612,unknown,Phosphorylation,1.0,PhosphoSitePlus
O95185,P12931,unknown,Phosphorylation,1.0,PhosphoSitePlus;Reactome
O95190,P68400,unknown,Phosphorylation,1.0,PhosphoSitePlus
O95198,P49760,Y,Phosphorylation,1.0,UniProt
O95218,P19784,unknown,Phosphorylation,2.75,PhosphoNetworks
O95218,P31749,unknown,Phosphorylation,2.68,PhosphoNetworks
O95218,P45985,unknown,Phosphorylation,2.75,PhosphoNetworks
O95218,P68400,unknown,Phosphorylation,16.11,PhosphoNetworks
O95218,P78362,unknown,Phosphorylation,7.87,PhosphoNetworks
O95229,P06493,unknown,Phosphorylation,1.0,Reactome
O95229,P53350,unknown,Phosphorylation,1.0,Reactome
O95231,Q01974,Y,Phosphorylation,1.0,UniProt
O95235,P53350,unknown,Phosphorylation,0.764,SIGNOR
O95239,P53350,unknown,Phosphorylation,0.469,SIGNOR
O95239,Q96GD4,unknown,Phosphorylation,1.0,PhosphoSitePlus
O95243,P04626,unknown,Phosphorylation,0.2,SIGNOR
O95243,P17252,unknown,Phosphorylation,1.0,PhosphoSitePlus
O95243,P50613,unknown,Phosphorylation,0.2,SIGNOR
O95251,P06493,unknown,Phosphorylation,1.0,PhosphoSitePlus
O95251,P24941,unknown,Phosphorylation,1.0,PhosphoSitePlus
O95251,P53350,unknown,Phosphorylation,1.0,PhosphoSitePlus
O95267,Q04759,unknown,Phosphorylation,1.0,PhosphoSitePlus
O95271,P49841,unknown,Phosphorylation,1.0,PhosphoSitePlus
O95271,P53350,unknown,Phosphorylation,0.428,SIGNOR
O95273,P36507,Y,Phosphorylation,1.0,UniProt
O95295,P17612,unknown,Phosphorylation,1.0,PhosphoSitePlus
O95295,P24941,unknown,Phosphorylation,1.0,PhosphoSitePlus
O95295,Q5S007,unknown,Phosphorylation,1.0,PhosphoSitePlus
O95297,P12931,Y241;Y263,Phosphorylation,1.0,PhosphoSitePlus;SIGNOR;iPTMnet
O95347,P06493,unknown,Phosphorylation,1.0,Reactome
O95347,P19784,unknown,Phosphorylation,1.0,Reactome
O95347,P68400,unknown,Phosphorylation,1.0,Reactome
O95361,P06239,unknown,Phosphorylation,2.42,PhosphoNetworks
O95361,Q13153,unknown,Phosphorylation,7.04,PhosphoNetworks
O95363,Q9Y243,unknown,Phosphorylation,1.67,PhosphoNetworks
O95376,P11802,unknown,Phosphorylation,23.71,PhosphoNetworks
O95376,Q9UEE5,unknown,Phosphorylation,1.93,PhosphoNetworks
O95382,O95382,unknown,Phosphorylation,1.0,PhosphoSitePlus
O95391,Q92989,unknown,Phosphorylation,1.0,Reactome
O95406,P48730,unknown,Phosphorylation,1.0,Reactome
O95409,P78527,unknown,Phosphorylation,1.0,PhosphoSitePlus
O95416,Q01974,Y,Phosphorylation,1.0,UniProt
O95425,P53350,unknown,Phosphorylation,1.0,PhosphoSitePlus
O95429,P06241,Y,Phosphorylation,1.0,UniProt
O95433,P00519,Y223,Phosphorylation,1.0,SIGNOR;iPTMnet
O95453,P49137,unknown,Phosphorylation,1.0,PhosphoSitePlus
O95466,Q05655,unknown,Phosphorylation,0.269,SIGNOR
O95471,P17252,unknown,Phosphorylation,1.0,PhosphoSitePlus
O95471,Q96J92,unknown,Phosphorylation,1.0,PhosphoSitePlus
O95477,P17612,unknown,Phosphorylation,1.0,PhosphoSitePlus;Reactome
O95477,P22612,unknown,Phosphorylation,1.0,Reactome
O95477,P22694,unknown,Phosphorylation,1.0,Reactome
O95477,P68400,unknown,Phosphorylation,100.0,PhosphoNetworks;PhosphoSitePlus
O95486,P48730,unknown,Phosphorylation,1.0,Reactome
O95487,P48730,unknown,Phosphorylation,1.0,Reactome
O95503,Q15759,unknown,Phosphorylation,1.0,Reactome
O95503,Q16539,unknown,Phosphorylation,1.0,Reactome
O95503,Q16644,unknown,Phosphorylation,1.0,Reactome
O95551,P36896,unknown,Phosphorylation,1.0,PhosphoSitePlus
O95551,P51451,Y,Phosphorylation,1.0,UniProt
O95602,P04626,Y,Phosphorylation,1.0,UniProt
O95613,P53350,unknown,Phosphorylation,1.0,PhosphoSitePlus;Reactome
O95625,O14757,unknown,Phosphorylation,1.0,PhosphoSitePlus
O95631,P12931,unknown,Phosphorylation,1.0,Reactome
O95639,Q92989,unknown,Phosphorylation,1.0,Reactome
O95644,P17252,unknown,Phosphorylation,100.0,PhosphoNetworks
O95644,P17612,unknown,Phosphorylation,1.0,PhosphoSitePlus
O95644,P27361,unknown,Phosphorylation,1.0,PhosphoSitePlus
O95644,P45983,unknown,Phosphorylation,0.626,SIGNOR
O95644,P49841,unknown,Phosphorylation,0.59,SIGNOR
O95644,P52333,Y371,Phosphorylation,1.0,PhosphoSitePlus;SIGNOR
O95644,P53779,unknown,Phosphorylation,1.0,PhosphoSitePlus
O95644,Q16539,unknown,Phosphorylation,1.0,PhosphoSitePlus
O95674,P22607,Y,Phosphorylation,1.0,UniProt
O95684,P53350,unknown,Phosphorylation,1.0,Reactome
O95704,P00533,Y,Phosphorylation,1.0,UniProt
O95707,O14757,unknown,Phosphorylation,1.0,PhosphoSitePlus
O95714,O96017,unknown,Phosphorylation,1.0,Reactome
O95747,P42345,unknown,Phosphorylation,1.0,PhosphoSitePlus
O95747,Q96J92,unknown,Phosphorylation,0.478,SIGNOR
O95747,Q9H4A3,unknown,Phosphorylation,100.0,PhosphoNetworks;PhosphoSitePlus
O95750,P27361,unknown,Phosphorylation,1.0,Reactome
O95750,P28482,unknown,Phosphorylation,1.0,Reactome
O95782,O75582,unknown,Phosphorylation,1.0,Reactome
O95782,O75676,unknown,Phosphorylation,1.0,Reactome
O95782,P05129,unknown,Phosphorylation,1.0,Reactome
O95782,P05771,unknown,Phosphorylation,1.0,Reactome
O95782,P17252,unknown,Phosphorylation,1.0,Reactome
O95782,P28482,unknown,Phosphorylation,1.0,Reactome
O95782,P51812,unknown,Phosphorylation,1.0,Reactome
O95782,Q15349,unknown,Phosphorylation,1.0,Reactome
O95782,Q15418,unknown,Phosphorylation,1.0,Reactome
O95782,Q9UK32,unknown,Phosphorylation,1.0,Reactome
O95785,O14757,unknown,Phosphorylation,1.0,PhosphoSitePlus
O95785,P28482,unknown,Phosphorylation,1.0,PhosphoSitePlus
O95816,P49137,unknown,Phosphorylation,1.0,PhosphoSitePlus
O95817,P42345,unknown,Phosphorylation,1.0,PhosphoSitePlus
O95817,Q05655,unknown,Phosphorylation,1.0,PhosphoSitePlus
O95835,O60285,unknown,Phosphorylation,1.0,PhosphoSitePlus
O95835,O95835,unknown,Phosphorylation,1.0,PhosphoSitePlus
O95835,P06493,unknown,Phosphorylation,1.0,PhosphoSitePlus
O95835,Q13043,unknown,Phosphorylation,1.0,Reactome
O95835,Q13188,unknown,Phosphorylation,1.0,PhosphoSitePlus;Reactome
O95835,Q9H093,unknown,Phosphorylation,1.0,PhosphoSitePlus
O95861,Q13153,unknown,Phosphorylation,22.21,PhosphoNetworks
O95863,P17612,unknown,Phosphorylation,1.0,PhosphoSitePlus
O95863,P28482,unknown,Phosphorylation,1.0,PhosphoSitePlus
O95863,P49674,unknown,Phosphorylation,1.0,PhosphoSitePlus
O95863,P49841,unknown,Phosphorylation,100.0,PhosphoNetworks;PhosphoSitePlus
O95863,P68400,unknown,Phosphorylation,1.0,PhosphoSitePlus
O95863,Q13153,unknown,Phosphorylation,100.0,PhosphoNetworks;PhosphoSitePlus
O95863,Q15139,unknown,Phosphorylation,1.0,PhosphoSitePlus
O95863,Q9NRM7,unknown,Phosphorylation,1.0,PhosphoSitePlus
O95931,P27361,unknown,Phosphorylation,1.0,PhosphoSitePlus
O95931,P28482,unknown,Phosphorylation,1.0,PhosphoSitePlus
O95931,P45984,unknown,Phosphorylation,1.0,PhosphoSitePlus
O95931,P53779,unknown,Phosphorylation,1.0,PhosphoSitePlus
O95965,Q05397,unknown,Phosphorylation,1.0,Reactome
O95965,Q14289,unknown,Phosphorylation,1.0,Reactome
O95980,P04626,Y,Phosphorylation,1.0,UniProt
O95983,O14965,unknown,Phosphorylation,1.0,PhosphoSitePlus
O95989,Q14289,unknown,Phosphorylation,1.95,PhosphoNetworks
O95989,Q9NR20,unknown,Phosphorylation,1.64,PhosphoNetworks
O95994,P08631,Y,Phosphorylation,1.0,UniProt
O95994,P29597,Y,Phosphorylation,1.0,UniProt
O95995,P07947,Y,Phosphorylation,1.0,UniProt
O95996,P48729,unknown,Phosphorylation,1.0,Reactome
O95996,P48730,unknown,Phosphorylation,1.0,Reactome
O95996,P49674,unknown,Phosphorylation,1.0,Reactome
O95996,P49841,unknown,Phosphorylation,1.0,Reactome
O95996,P78368,unknown,Phosphorylation,1.0,Reactome
O95996,Q9Y6M4,unknown,Phosphorylation,1.0,Reactome
O95997,P27361,unknown,Phosphorylation,1.0,PhosphoSitePlus
O95997,P28482,unknown,Phosphorylation,1.0,PhosphoSitePlus
O95997,P49841,unknown,Phosphorylation,0.2,SIGNOR
O95999,O14920,unknown,Phosphorylation,1.0,PhosphoSitePlus
O95999,O43318,unknown,Phosphorylation,1.0,Reactome
O95999,O43353,unknown,Phosphorylation,1.0,Reactome
O95999,P31749,unknown,Phosphorylation,1.0,PhosphoSitePlus
O96004,O00444,unknown,Phosphorylation,1.0,PhosphoSitePlus
O96006,O76039,unknown,Phosphorylation,1.93,PhosphoNetworks
O96006,P11802,unknown,Phosphorylation,1.56,PhosphoNetworks
O96006,P28482,unknown,Phosphorylation,10.19,PhosphoNetworks
O96006,Q96GD4,unknown,Phosphorylation,1.56,PhosphoNetworks
O96013,O96013,unknown,Phosphorylation,1.0,PhosphoSitePlus
O96013,Q15139,unknown,Phosphorylation,1.0,PhosphoSitePlus
O96017,O60674,unknown,Phosphorylation,2.7,PhosphoNetworks
O96017,O76039,unknown,Phosphorylation,2.55,PhosphoNetworks
O96017,O96017,unknown,Phosphorylation,1.0,PhosphoSitePlus
O96017,P19525,unknown,Phosphorylation,2.75,PhosphoNetworks
O96017,P27448,unknown,Phosphorylation,2.75,PhosphoNetworks
O96017,P33981,unknown,Phosphorylation,1.0,PhosphoSitePlus
O96017,P50750,unknown,Phosphorylation,18.32,PhosphoNetworks
O96017,P53350,unknown,Phosphorylation,1.0,PhosphoNetworks;PhosphoSitePlus
O96017,P78527,unknown,Phosphorylation,1.0,PhosphoSitePlus
O96017,Q13315,unknown,Phosphorylation,1.0,PhosphoSitePlus
O96017,Q13535,unknown,Phosphorylation,1.0,PhosphoSitePlus;Reactome
O96017,Q96GD4,unknown,Phosphorylation,2.71,PhosphoNetworks
O96017,Q9H4B4,unknown,Phosphorylation,1.0,PhosphoSitePlus
O96018,P42345,unknown,Phosphorylation,1.0,PhosphoSitePlus
O96019,P50750,unknown,Phosphorylation,0.322,SIGNOR
O96028,O96017,unknown,Phosphorylation,1.0,Reactome
P00338,P04626,Y10,Phosphorylation,1.0,iPTMnet
P00338,P06493,unknown,Phosphorylation,1.0,PhosphoSitePlus
P00338,P11362,Y10;Y83,Phosphorylation,1.0,PhosphoSitePlus;SIGNOR;iPTMnet
P00338,P12931,Y10,Phosphorylation,1.0,iPTMnet
P00367,P00533,Y135,Phosphorylation,0.2,SIGNOR
P00439,P17612,unknown,Phosphorylation,1.0,PhosphoSitePlus
P00441,Q14289,unknown,Phosphorylation,9.79,PhosphoNetworks
P00451,P48730,unknown,Phosphorylation,1.0,Reactome
P00491,P06241,Y,Phosphorylation,1.0,UniProt
P00519,P00519,Y226;Y393;Y469;Y70,Phosphorylation,1.0,PhosphoSitePlus;SIGNOR;iPTMnet
P00519,P00533,Y,Phosphorylation,1.0,UniProt
P00519,P04626,Y,Phosphorylation,1.0,SIGNOR;UniProt
P00519,P06241,unknown,Phosphorylation,1.0,PhosphoSitePlus
P00519,P06493,unknown,Phosphorylation,1.0,PhosphoSitePlus
P00519,P07948,unknown,Phosphorylation,1.0,PhosphoSitePlus
P00519,P08631,Y70,Phosphorylation,1.0,PhosphoSitePlus;UniProt;iPTMnet
P00519,P09619,Y226;Y393,Phosphorylation,0.53,SIGNOR
P00519,P10721,Y,Phosphorylation,1.0,UniProt
P00519,P12931,Y226;Y245;Y393;Y412;Y488,Phosphorylation,1.0,PhosphoSitePlus;SIGNOR;UniProt;iPTMnet
P00519,P15056,unknown,Phosphorylation,0.276,SIGNOR
P00519,P33981,unknown,Phosphorylation,1.0,PhosphoSitePlus
P00519,P36888,Y,Phosphorylation,1.0,UniProt
P00519,P41279,unknown,Phosphorylation,1.0,PhosphoSitePlus
P00519,P49759,unknown,Phosphorylation,1.0,PhosphoSitePlus
P00519,P52564,unknown,Phosphorylation,1.0,Reactome
P00519,P78527,unknown,Phosphorylation,0.514,SIGNOR
P00519,Q13043,unknown,Phosphorylation,1.0,PhosphoSitePlus
P00519,Q13177,unknown,Phosphorylation,1.0,PhosphoSitePlus
P00519,Q13188,unknown,Phosphorylation,1.0,PhosphoSitePlus
P00519,Q13315,unknown,Phosphorylation,1.0,PhosphoSitePlus;Reactome
P00519,Q9HAZ1,unknown,Phosphorylation,1.0,PhosphoSitePlus
P00519,Q9NRM7,unknown,Phosphorylation,1.0,PhosphoSitePlus
P00523,P41240,Y,Phosphorylation,1.0,UniProt
P00533,O60674,Y1069;Y1092,Phosphorylation,1.0,iPTMnet
P00533,P00519,Y1092;Y1172;Y1197,Phosphorylation,1.0,PhosphoSitePlus;SIGNOR;UniProt;iPTMnet
P00533,P00533,Y1016;Y1069;Y1092;Y1110;Y1138;Y1172;Y1197;Y869;Y998,Phosphorylation,1.0,PhosphoSitePlus;SIGNOR;iPTMnet
P00533,P04626,Y1069;Y1197,Phosphorylation,1.0,SIGNOR;UniProt;iPTMnet
P00533,P06493,unknown,Phosphorylation,1.0,PhosphoSitePlus
P00533,P07947,Y,Phosphorylation,1.0,UniProt
P00533,P07948,Y1125,Phosphorylation,1.0,SIGNOR;UniProt
P00533,P08581,Y,Phosphorylation,1.0,UniProt
P00533,P08631,Y,Phosphorylation,1.0,UniProt
P00533,P09769,Y,Phosphorylation,1.0,UniProt
P00533,P10398,unknown,Phosphorylation,18.86,PhosphoNetworks
P00533,P12931,Y1016;Y1092;Y1110;Y1125;Y1172;Y869;Y915;Y944;Y998,Phosphorylation,1.0,PhosphoSitePlus;SIGNOR;UniProt;iPTMnet
P00533,P16234,Y,Phosphorylation,1.0,UniProt
P00533,P17252,unknown,Phosphorylation,100.0,PhosphoNetworks;PhosphoSitePlus
P00533,P21860,Y,Phosphorylation,1.0,UniProt
P00533,P27361,unknown,Phosphorylation,100.0,PhosphoNetworks;PhosphoSitePlus
P00533,P28482,unknown,Phosphorylation,100.0,PhosphoNetworks;PhosphoSitePlus
P00533,P30530,Y1197,Phosphorylation,1.0,SIGNOR;UniProt
P00533,P31749,unknown,Phosphorylation,1.0,PhosphoSitePlus
P00533,P41240,Y,Phosphorylation,1.0,UniProt
P00533,P42684,Y,Phosphorylation,1.0,UniProt
P00533,P42685,unknown,Phosphorylation,0.407,SIGNOR
P00533,P43403,Y,Phosphorylation,1.0,UniProt
P00533,P43405,Y,Phosphorylation,1.0,UniProt
P00533,P49760,unknown,Phosphorylation,33.56,PhosphoNetworks
P00533,P51451,Y,Phosphorylation,1.0,UniProt
P00533,Q05397,Y,Phosphorylation,1.0,UniProt
P00533,Q13705,unknown,Phosphorylation,349.87,PhosphoNetworks
P00533,Q13882,Y869,Phosphorylation,1.0,UniProt;iPTMnet
P00533,Q15303,Y,Phosphorylation,1.0,UniProt
P00533,Q15759,unknown,Phosphorylation,1.0,PhosphoSitePlus;SIGNOR
P00533,Q16512,unknown,Phosphorylation,1.0,PhosphoSitePlus
P00533,Q16539,unknown,Phosphorylation,1.0,PhosphoSitePlus;SIGNOR
P00533,Q16620,Y,Phosphorylation,1.0,UniProt
P00533,Q6P5Z2,unknown,Phosphorylation,1.0,PhosphoSitePlus
P00540,P00540,unknown,Phosphorylation,1.0,PhosphoSitePlus
P00540,P17612,unknown,Phosphorylation,1.0,PhosphoSitePlus
P00540,P36507,Y,Phosphorylation,1.0,UniProt
P00736,P68400,unknown,Phosphorylation,100.0,PhosphoNetworks;PhosphoSitePlus
P00747,P48729,unknown,Phosphorylation,2.84,PhosphoNetworks
P00747,Q9Y572,unknown,Phosphorylation,2.0,PhosphoNetworks
P00749,P17252,unknown,Phosphorylation,100.0,PhosphoNetworks;PhosphoSitePlus
P00973,P21802,unknown,Phosphorylation,10.2,PhosphoNetworks
P01009,P48730,unknown,Phosphorylation,1.0,Reactome
P01023,P07948,Y,Phosphorylation,1.0,UniProt
P01023,P43405,Y,Phosphorylation,1.0,UniProt
P01100,O14920,unknown,Phosphorylation,1.0,PhosphoSitePlus
P01100,O15264,unknown,Phosphorylation,1.0,Reactome
P01100,P17612,unknown,Phosphorylation,1.0,PhosphoSitePlus
P01100,P27361,unknown,Phosphorylation,100.0,PhosphoNetworks;Reactome
P01100,P28482,unknown,Phosphorylation,100.0,PhosphoNetworks;PhosphoSitePlus;Reactome
P01100,P42685,unknown,Phosphorylation,1.0,PhosphoSitePlus
P01100,P51812,unknown,Phosphorylation,100.0,PhosphoNetworks;PhosphoSitePlus
P01100,Q13164,unknown,Phosphorylation,1.0,PhosphoSitePlus
P01100,Q15349,unknown,Phosphorylation,1.0,Reactome
P01100,Q15418,unknown,Phosphorylation,1.0,PhosphoSitePlus
P01100,Q15759,unknown,Phosphorylation,1.0,Reactome
P01100,Q9UK32,unknown,Phosphorylation,1.0,Reactome
P01106,O15264,unknown,Phosphorylation,1.0,Reactome
P01106,P00519,Y74,Phosphorylation,1.0,PhosphoSitePlus;SIGNOR
P01106,P04049,unknown,Phosphorylation,1.0,PhosphoSitePlus
P01106,P11309,unknown,Phosphorylation,1.0,PhosphoSitePlus;SIGNOR
P01106,P22607,Y,Phosphorylation,1.0,UniProt
P01106,P28482,unknown,Phosphorylation,100.0,PhosphoNetworks;PhosphoSitePlus
P01106,P42345,unknown,Phosphorylation,1.0,PhosphoSitePlus
P01106,P45983,unknown,Phosphorylation,1.0,PhosphoSitePlus
P01106,P45984,unknown,Phosphorylation,1.0,PhosphoSitePlus
P01106,P49840,unknown,Phosphorylation,100.0,PhosphoNetworks;PhosphoSitePlus
P01106,P49841,unknown,Phosphorylation,100.0,PhosphoNetworks;PhosphoSitePlus
P01106,P53350,unknown,Phosphorylation,0.533,SIGNOR
P01106,P53778,unknown,Phosphorylation,1.0,Reactome
P01106,P53779,unknown,Phosphorylation,1.0,PhosphoSitePlus
P01106,P68400,unknown,Phosphorylation,1.0,PhosphoSitePlus
P01106,Q00535,unknown,Phosphorylation,1.0,PhosphoSitePlus
P01106,Q13177,unknown,Phosphorylation,1.0,PhosphoSitePlus
P01106,Q15208,unknown,Phosphorylation,0.283,SIGNOR
P01106,Q15759,unknown,Phosphorylation,1.0,Reactome
P01106,Q16539,unknown,Phosphorylation,1.0,Reactome
P01106,Q9P1W9,unknown,Phosphorylation,1.0,PhosphoSitePlus
P01111,O60674,unknown,Phosphorylation,1.0,Reactome
P01111,O75914,unknown,Phosphorylation,1.0,Reactome
P01111,P00533,unknown,Phosphorylation,1.0,Reactome
P01111,P04626,unknown,Phosphorylation,1.0,Reactome
P01111,P06241,unknown,Phosphorylation,1.0,Reactome
P01111,P07948,unknown,Phosphorylation,1.0,Reactome
P01111,P07949,unknown,Phosphorylation,1.0,Reactome
P01111,P08581,unknown,Phosphorylation,1.0,Reactome
P01111,P09619,unknown,Phosphorylation,1.0,Reactome
P01111,P10721,unknown,Phosphorylation,1.0,Reactome
P01111,P11362,unknown,Phosphorylation,1.0,Reactome
P01111,P16234,unknown,Phosphorylation,1.0,Reactome
P01111,P21802,unknown,Phosphorylation,1.0,Reactome
P01111,P21860,unknown,Phosphorylation,1.0,Reactome
P01111,P22455,unknown,Phosphorylation,1.0,Reactome
P01111,P22607,unknown,Phosphorylation,1.0,Reactome
P01111,P23458,unknown,Phosphorylation,1.0,Reactome
P01111,P36888,unknown,Phosphorylation,1.0,Reactome
P01111,P52333,unknown,Phosphorylation,1.0,Reactome
P01111,Q02763,unknown,Phosphorylation,1.0,Reactome
P01111,Q05397,unknown,Phosphorylation,1.0,Reactome
P01111,Q13153,unknown,Phosphorylation,1.0,Reactome
P01111,Q13177,unknown,Phosphorylation,1.0,Reactome
P01111,Q13554,unknown,Phosphorylation,1.0,Reactome
P01111,Q14289,unknown,Phosphorylation,1.0,Reactome
P01111,Q15303,unknown,Phosphorylation,1.0,Reactome
P01111,Q16620,unknown,Phosphorylation,1.0,Reactome
P01111,Q9NYA1,unknown,Phosphorylation,1.0,Reactome
P01111,Q9UQM7,unknown,Phosphorylation,1.0,Reactome
P01112,O60674,unknown,Phosphorylation,1.0,Reactome
P01112,O75914,unknown,Phosphorylation,1.0,Reactome
P01112,P00533,unknown,Phosphorylation,1.0,Reactome
P01112,P04626,unknown,Phosphorylation,1.0,Reactome
P01112,P06241,unknown,Phosphorylation,1.0,Reactome
P01112,P07948,unknown,Phosphorylation,1.0,Reactome
P01112,P08581,unknown,Phosphorylation,1.0,Reactome
P01112,P09619,unknown,Phosphorylation,1.0,Reactome
P01112,P10721,unknown,Phosphorylation,1.0,Reactome
P01112,P11362,unknown,Phosphorylation,1.0,Reactome
P01112,P12931,Y32,Phosphorylation,1.0,SIGNOR;UniProt;iPTMnet
P01112,P16234,unknown,Phosphorylation,1.0,Reactome
P01112,P21802,unknown,Phosphorylation,1.0,Reactome
P01112,P21860,unknown,Phosphorylation,1.0,Reactome
P01112,P22455,unknown,Phosphorylation,1.0,Reactome
P01112,P22607,unknown,Phosphorylation,1.0,Reactome
P01112,P23458,unknown,Phosphorylation,1.0,Reactome
P01112,P36888,unknown,Phosphorylation,1.0,Reactome
P01112,P49841,unknown,Phosphorylation,1.0,PhosphoSitePlus
P01112,P52333,unknown,Phosphorylation,1.0,Reactome
P01112,Q02763,unknown,Phosphorylation,1.0,Reactome
P01112,Q05397,unknown,Phosphorylation,1.0,Reactome
P01112,Q13153,unknown,Phosphorylation,1.0,Reactome
P01112,Q13554,unknown,Phosphorylation,1.0,Reactome
P01112,Q15303,unknown,Phosphorylation,1.0,Reactome
P01112,Q16620,unknown,Phosphorylation,1.0,Reactome
P01112,Q9NYA1,unknown,Phosphorylation,1.0,Reactome
P01112,Q9UQM7,unknown,Phosphorylation,1.0,Reactome
P01116,O60674,unknown,Phosphorylation,1.0,Reactome
P01116,O75914,unknown,Phosphorylation,1.0,Reactome
P01116,P00533,unknown,Phosphorylation,1.0,Reactome
P01116,P04626,unknown,Phosphorylation,1.0,Reactome
P01116,P06241,unknown,Phosphorylation,1.0,Reactome
P01116,P07333,unknown,Phosphorylation,1.0,Reactome
P01116,P07947,unknown,Phosphorylation,1.0,Reactome
P01116,P07948,unknown,Phosphorylation,1.0,Reactome
P01116,P07949,unknown,Phosphorylation,1.0,Reactome
P01116,P08581,unknown,Phosphorylation,1.0,Reactome
P01116,P08631,unknown,Phosphorylation,1.0,Reactome
P01116,P09619,unknown,Phosphorylation,1.0,Reactome
P01116,P10721,unknown,Phosphorylation,1.0,Reactome
P01116,P11362,unknown,Phosphorylation,1.0,Reactome
P01116,P12931,Y32;Y64,Phosphorylation,1.0,Reactome;SIGNOR
P01116,P16234,unknown,Phosphorylation,1.0,Reactome
P01116,P21802,unknown,Phosphorylation,1.0,Reactome
P01116,P21860,unknown,Phosphorylation,1.0,Reactome
P01116,P22455,unknown,Phosphorylation,1.0,Reactome
P01116,P22607,unknown,Phosphorylation,1.0,Reactome
P01116,P23458,unknown,Phosphorylation,1.0,Reactome
P01116,P29597,unknown,Phosphorylation,1.0,Reactome
P01116,P36888,unknown,Phosphorylation,1.0,Reactome
P01116,P43405,unknown,Phosphorylation,1.0,Reactome
P01116,P52333,unknown,Phosphorylation,1.0,Reactome
P01116,Q02763,unknown,Phosphorylation,1.0,Reactome
P01116,Q04759,unknown,Phosphorylation,1.0,PhosphoSitePlus;Reactome
P01116,Q05397,unknown,Phosphorylation,1.0,Reactome
P01116,Q13153,unknown,Phosphorylation,1.0,Reactome
P01116,Q13177,unknown,Phosphorylation,1.0,Reactome
P01116,Q13237,unknown,Phosphorylation,1.0,Reactome
P01116,Q13554,unknown,Phosphorylation,1.0,Reactome
P01116,Q15303,unknown,Phosphorylation,1.0,Reactome
P01116,Q16620,unknown,Phosphorylation,1.0,Reactome
P01116,Q9NYA1,unknown,Phosphorylation,1.0,Reactome
P01127,P09619,Y,Phosphorylation,1.0,UniProt
P01127,P16234,Y,Phosphorylation,1.0,UniProt
P01133,P00533,Y,Phosphorylation,1.0,UniProt
P01135,P00533,Y,Phosphorylation,1.0,UniProt
P01135,P48730,unknown,Phosphorylation,1.0,Reactome
P01138,P04629,Y,Phosphorylation,1.0,UniProt
P01185,P25098,unknown,Phosphorylation,1.0,Reactome
P01185,P35626,unknown,Phosphorylation,1.0,Reactome
P01308,P06213,Y,Phosphorylation,1.0,UniProt
P01317,P06213,Y,Phosphorylation,1.0,UniProt
P01317,P08069,Y,Phosphorylation,1.0,UniProt
P01375,P34947,unknown,Phosphorylation,2.06,PhosphoNetworks
P01579,Q05655,unknown,Phosphorylation,1.0,Reactome
P01588,P54760,Y,Phosphorylation,1.0,UniProt
P01589,P17252,unknown,Phosphorylation,1.0,PhosphoSitePlus
P01594,P07947,unknown,Phosphorylation,1.0,Reactome
P01594,P08631,unknown,Phosphorylation,1.0,Reactome
P01594,P09769,unknown,Phosphorylation,1.0,Reactome
P01594,P12931,unknown,Phosphorylation,1.0,Reactome
P01597,P07947,unknown,Phosphorylation,1.0,Reactome
P01597,P08631,unknown,Phosphorylation,1.0,Reactome
P01597,P09769,unknown,Phosphorylation,1.0,Reactome
P01597,P12931,unknown,Phosphorylation,1.0,Reactome
P01599,P07947,unknown,Phosphorylation,1.0,Reactome
P01599,P08631,unknown,Phosphorylation,1.0,Reactome
P01599,P09769,unknown,Phosphorylation,1.0,Reactome
P01599,P12931,unknown,Phosphorylation,1.0,Reactome
P01601,P07947,unknown,Phosphorylation,1.0,Reactome
P01601,P08631,unknown,Phosphorylation,1.0,Reactome
P01601,P09769,unknown,Phosphorylation,1.0,Reactome
P01601,P12931,unknown,Phosphorylation,1.0,Reactome
P01602,P07947,unknown,Phosphorylation,1.0,Reactome
P01602,P08631,unknown,Phosphorylation,1.0,Reactome
P01602,P09769,unknown,Phosphorylation,1.0,Reactome
P01602,P12931,unknown,Phosphorylation,1.0,Reactome
P01611,P07947,unknown,Phosphorylation,1.0,Reactome
P01611,P08631,unknown,Phosphorylation,1.0,Reactome
P01611,P09769,unknown,Phosphorylation,1.0,Reactome
P01611,P12931,unknown,Phosphorylation,1.0,Reactome
P01614,P07947,unknown,Phosphorylation,1.0,Reactome
P01614,P08631,unknown,Phosphorylation,1.0,Reactome
P01614,P09769,unknown,Phosphorylation,1.0,Reactome
P01614,P12931,unknown,Phosphorylation,1.0,Reactome
P01615,P07947,unknown,Phosphorylation,1.0,Reactome
P01615,P08631,unknown,Phosphorylation,1.0,Reactome
P01615,P09769,unknown,Phosphorylation,1.0,Reactome
P01615,P12931,unknown,Phosphorylation,1.0,Reactome
P01619,P07947,unknown,Phosphorylation,1.0,Reactome
P01619,P08631,unknown,Phosphorylation,1.0,Reactome
P01619,P09769,unknown,Phosphorylation,1.0,Reactome
P01619,P12931,unknown,Phosphorylation,1.0,Reactome
P01624,P07947,unknown,Phosphorylation,1.0,Reactome
P01624,P08631,unknown,Phosphorylation,1.0,Reactome
P01624,P09769,unknown,Phosphorylation,1.0,Reactome
P01624,P12931,unknown,Phosphorylation,1.0,Reactome
P01699,P07947,unknown,Phosphorylation,1.0,Reactome
P01699,P08631,unknown,Phosphorylation,1.0,Reactome
P01699,P09769,unknown,Phosphorylation,1.0,Reactome
P01699,P12931,unknown,Phosphorylation,1.0,Reactome
P01700,P07947,unknown,Phosphorylation,1.0,Reactome
P01700,P08631,unknown,Phosphorylation,1.0,Reactome
P01700,P09769,unknown,Phosphorylation,1.0,Reactome
P01700,P12931,unknown,Phosphorylation,1.0,Reactome
P01701,P07947,unknown,Phosphorylation,1.0,Reactome
P01701,P08631,unknown,Phosphorylation,1.0,Reactome
P01701,P09769,unknown,Phosphorylation,1.0,Reactome
P01701,P12931,unknown,Phosphorylation,1.0,Reactome
P01703,P07947,unknown,Phosphorylation,1.0,Reactome
P01703,P08631,unknown,Phosphorylation,1.0,Reactome
P01703,P09769,unknown,Phosphorylation,1.0,Reactome
P01703,P12931,unknown,Phosphorylation,1.0,Reactome
P01704,P07947,unknown,Phosphorylation,1.0,Reactome
P01704,P08631,unknown,Phosphorylation,1.0,Reactome
P01704,P09769,unknown,Phosphorylation,1.0,Reactome
P01704,P12931,unknown,Phosphorylation,1.0,Reactome
P01705,P07947,unknown,Phosphorylation,1.0,Reactome
P01705,P08631,unknown,Phosphorylation,1.0,Reactome
P01705,P09769,unknown,Phosphorylation,1.0,Reactome
P01705,P12931,unknown,Phosphorylation,1.0,Reactome
P01706,P07947,unknown,Phosphorylation,1.0,Reactome
P01706,P08631,unknown,Phosphorylation,1.0,Reactome
P01706,P09769,unknown,Phosphorylation,1.0,Reactome
P01706,P12931,unknown,Phosphorylation,1.0,Reactome
P01709,P07947,unknown,Phosphorylation,1.0,Reactome
P01709,P08631,unknown,Phosphorylation,1.0,Reactome
P01709,P09769,unknown,Phosphorylation,1.0,Reactome
P01709,P12931,unknown,Phosphorylation,1.0,Reactome
P01714,P07947,unknown,Phosphorylation,1.0,Reactome
P01714,P08631,unknown,Phosphorylation,1.0,Reactome
P01714,P09769,unknown,Phosphorylation,1.0,Reactome
P01714,P12931,unknown,Phosphorylation,1.0,Reactome
P01715,P07947,unknown,Phosphorylation,1.0,Reactome
P01715,P08631,unknown,Phosphorylation,1.0,Reactome
P01715,P09769,unknown,Phosphorylation,1.0,Reactome
P01715,P12931,unknown,Phosphorylation,1.0,Reactome
P01717,P07947,unknown,Phosphorylation,1.0,Reactome
P01717,P08631,unknown,Phosphorylation,1.0,Reactome
P01717,P09769,unknown,Phosphorylation,1.0,Reactome
P01717,P12931,unknown,Phosphorylation,1.0,Reactome
P01718,P07947,unknown,Phosphorylation,1.0,Reactome
P01718,P08631,unknown,Phosphorylation,1.0,Reactome
P01718,P09769,unknown,Phosphorylation,1.0,Reactome
P01718,P12931,unknown,Phosphorylation,1.0,Reactome
P01721,P07947,unknown,Phosphorylation,1.0,Reactome
P01721,P08631,unknown,Phosphorylation,1.0,Reactome
P01721,P09769,unknown,Phosphorylation,1.0,Reactome
P01721,P12931,unknown,Phosphorylation,1.0,Reactome
P01730,P06239,Y,Phosphorylation,1.0,UniProt
P01730,P17252,unknown,Phosphorylation,1.0,PhosphoSitePlus
P01730,Q04759,unknown,Phosphorylation,1.0,PhosphoSitePlus
P01733,P41240,unknown,Phosphorylation,1.0,Reactome
P01737,P41240,unknown,Phosphorylation,1.0,Reactome
P01742,P07947,unknown,Phosphorylation,1.0,Reactome
P01742,P08631,unknown,Phosphorylation,1.0,Reactome
P01742,P09769,unknown,Phosphorylation,1.0,Reactome
P01742,P12931,unknown,Phosphorylation,1.0,Reactome
P01743,P07947,unknown,Phosphorylation,1.0,Reactome
P01743,P08631,unknown,Phosphorylation,1.0,Reactome
P01743,P09769,unknown,Phosphorylation,1.0,Reactome
P01743,P12931,unknown,Phosphorylation,1.0,Reactome
P01762,P07947,unknown,Phosphorylation,1.0,Reactome
P01762,P08631,unknown,Phosphorylation,1.0,Reactome
P01762,P09769,unknown,Phosphorylation,1.0,Reactome
P01762,P12931,unknown,Phosphorylation,1.0,Reactome
P01763,P07947,unknown,Phosphorylation,1.0,Reactome
P01763,P08631,unknown,Phosphorylation,1.0,Reactome
P01763,P09769,unknown,Phosphorylation,1.0,Reactome
P01763,P12931,unknown,Phosphorylation,1.0,Reactome
P01764,P07947,unknown,Phosphorylation,1.0,Reactome
P01764,P08631,unknown,Phosphorylation,1.0,Reactome
P01764,P09769,unknown,Phosphorylation,1.0,Reactome
P01764,P12931,unknown,Phosphorylation,1.0,Reactome
P01766,P07947,unknown,Phosphorylation,1.0,Reactome
P01766,P08631,unknown,Phosphorylation,1.0,Reactome
P01766,P09769,unknown,Phosphorylation,1.0,Reactome
P01766,P12931,unknown,Phosphorylation,1.0,Reactome
P01767,P07947,unknown,Phosphorylation,1.0,Reactome
P01767,P08631,unknown,Phosphorylation,1.0,Reactome
P01767,P09769,unknown,Phosphorylation,1.0,Reactome
P01767,P12931,unknown,Phosphorylation,1.0,Reactome
P01768,P07947,unknown,Phosphorylation,1.0,Reactome
P01768,P08631,unknown,Phosphorylation,1.0,Reactome
P01768,P09769,unknown,Phosphorylation,1.0,Reactome
P01768,P12931,unknown,Phosphorylation,1.0,Reactome
P01772,P07947,unknown,Phosphorylation,1.0,Reactome
P01772,P08631,unknown,Phosphorylation,1.0,Reactome
P01772,P09769,unknown,Phosphorylation,1.0,Reactome
P01772,P12931,unknown,Phosphorylation,1.0,Reactome
P01780,P07947,unknown,Phosphorylation,1.0,Reactome
P01780,P08631,unknown,Phosphorylation,1.0,Reactome
P01780,P09769,unknown,Phosphorylation,1.0,Reactome
P01780,P12931,unknown,Phosphorylation,1.0,Reactome
P01782,P07947,unknown,Phosphorylation,1.0,Reactome
P01782,P08631,unknown,Phosphorylation,1.0,Reactome
P01782,P09769,unknown,Phosphorylation,1.0,Reactome
P01782,P12931,unknown,Phosphorylation,1.0,Reactome
P01814,P07947,unknown,Phosphorylation,1.0,Reactome
P01814,P08631,unknown,Phosphorylation,1.0,Reactome
P01814,P09769,unknown,Phosphorylation,1.0,Reactome
P01814,P12931,unknown,Phosphorylation,1.0,Reactome
P01817,P07947,unknown,Phosphorylation,1.0,Reactome
P01817,P08631,unknown,Phosphorylation,1.0,Reactome
P01817,P09769,unknown,Phosphorylation,1.0,Reactome
P01817,P12931,unknown,Phosphorylation,1.0,Reactome
P01824,P07947,unknown,Phosphorylation,1.0,Reactome
P01824,P08631,unknown,Phosphorylation,1.0,Reactome
P01824,P09769,unknown,Phosphorylation,1.0,Reactome
P01824,P12931,unknown,Phosphorylation,1.0,Reactome
P01825,P07947,unknown,Phosphorylation,1.0,Reactome
P01825,P08631,unknown,Phosphorylation,1.0,Reactome
P01825,P09769,unknown,Phosphorylation,1.0,Reactome
P01825,P12931,unknown,Phosphorylation,1.0,Reactome
P01834,P07947,unknown,Phosphorylation,1.0,Reactome
P01834,P08631,unknown,Phosphorylation,1.0,Reactome
P01834,P09769,unknown,Phosphorylation,1.0,Reactome
P01834,P12931,unknown,Phosphorylation,1.0,Reactome
P01848,P41240,unknown,Phosphorylation,1.0,Reactome
P01850,P41240,unknown,Phosphorylation,1.0,Reactome
P01857,P06241,unknown,Phosphorylation,1.0,Reactome
P01857,P07947,unknown,Phosphorylation,1.0,Reactome
P01857,P07948,unknown,Phosphorylation,1.0,Reactome
P01857,P08631,unknown,Phosphorylation,1.0,Reactome
P01857,P09769,unknown,Phosphorylation,1.0,Reactome
P01857,P12931,unknown,Phosphorylation,1.0,Reactome
P01859,P06241,unknown,Phosphorylation,1.0,Reactome
P01859,P07947,unknown,Phosphorylation,1.0,Reactome
P01859,P07948,unknown,Phosphorylation,1.0,Reactome
P01859,P08631,unknown,Phosphorylation,1.0,Reactome
P01859,P09769,unknown,Phosphorylation,1.0,Reactome
P01859,P12931,unknown,Phosphorylation,1.0,Reactome
P01860,P06241,unknown,Phosphorylation,1.0,Reactome
P01860,P07947,unknown,Phosphorylation,1.0,Reactome
P01860,P07948,unknown,Phosphorylation,1.0,Reactome
P01860,P08631,unknown,Phosphorylation,1.0,Reactome
P01860,P09769,unknown,Phosphorylation,1.0,Reactome
P01860,P12931,unknown,Phosphorylation,1.0,Reactome
P01861,P06241,unknown,Phosphorylation,1.0,Reactome
P01861,P07947,unknown,Phosphorylation,1.0,Reactome
P01861,P07948,unknown,Phosphorylation,1.0,Reactome
P01861,P08631,unknown,Phosphorylation,1.0,Reactome
P01861,P09769,unknown,Phosphorylation,1.0,Reactome
P01861,P12931,unknown,Phosphorylation,1.0,Reactome
P01889,P12931,Y344,Phosphorylation,1.0,PhosphoSitePlus;iPTMnet
P01906,P41240,unknown,Phosphorylation,1.0,Reactome
P01909,P41240,unknown,Phosphorylation,1.0,Reactome
P01920,P41240,unknown,Phosphorylation,1.0,Reactome
P02452,Q05397,unknown,Phosphorylation,1.0,Reactome
P02452,Q14289,unknown,Phosphorylation,1.0,Reactome
P02458,P22607,Y,Phosphorylation,1.0,UniProt
P02458,Q05397,unknown,Phosphorylation,1.0,Reactome
P02458,Q14289,unknown,Phosphorylation,1.0,Reactome
P02461,Q05397,unknown,Phosphorylation,1.0,Reactome
P02461,Q14289,unknown,Phosphorylation,1.0,Reactome
P02462,Q05397,unknown,Phosphorylation,1.0,Reactome
P02462,Q14289,unknown,Phosphorylation,1.0,Reactome
P02511,Q16512,unknown,Phosphorylation,1.0,PhosphoSitePlus
P02511,Q16539,unknown,Phosphorylation,1.0,PhosphoSitePlus
P02545,O14757,unknown,Phosphorylation,1.0,PhosphoSitePlus
P02545,P06493,unknown,Phosphorylation,1.0,PhosphoSitePlus;Reactome
P02545,P12931,Y45,Phosphorylation,0.512,SIGNOR
P02545,P17252,unknown,Phosphorylation,1.0,PhosphoSitePlus
P02545,P28482,unknown,Phosphorylation,1.0,PhosphoSitePlus
P02545,P31749,unknown,Phosphorylation,1.0,PhosphoSitePlus
P02545,Q00535,unknown,Phosphorylation,1.0,Reactome
P02549,P12931,unknown,Phosphorylation,1.0,Reactome
P02549,Q05397,unknown,Phosphorylation,1.0,Reactome
P02649,P68400,unknown,Phosphorylation,1.0,PhosphoSitePlus
P02671,P12931,unknown,Phosphorylation,1.0,Reactome
P02671,P68400,unknown,Phosphorylation,1.0,PhosphoSitePlus
P02675,P12931,unknown,Phosphorylation,1.0,Reactome
P02679,P12931,unknown,Phosphorylation,1.0,Reactome
P02686,P27361,unknown,Phosphorylation,100.0,PhosphoNetworks;PhosphoSitePlus
P02686,P28482,unknown,Phosphorylation,100.0,PhosphoNetworks;PhosphoSitePlus
P02686,Q15139,unknown,Phosphorylation,1.0,PhosphoSitePlus
P02686,Q8TAS1,unknown,Phosphorylation,100.0,PhosphoNetworks
P02730,P07948,Y21;Y359;Y8;Y904,Phosphorylation,100.0,PhosphoNetworks;PhosphoSitePlus;iPTMnet
P02730,P43405,Y21;Y359;Y8;Y904,Phosphorylation,100.0,PhosphoNetworks;PhosphoSitePlus;SIGNOR;iPTMnet
P02730,P48729,unknown,Phosphorylation,100.0,PhosphoNetworks;PhosphoSitePlus
P02751,P06241,Y,Phosphorylation,1.0,UniProt
P02751,Q14289,unknown,Phosphorylation,1.0,Reactome
P02786,P12931,unknown,Phosphorylation,1.0,PhosphoSitePlus
P02786,P17252,unknown,Phosphorylation,100.0,PhosphoNetworks;PhosphoSitePlus
P03372,O14965,unknown,Phosphorylation,1.0,PhosphoSitePlus
P03372,O15111,unknown,Phosphorylation,1.0,PhosphoSitePlus
P03372,O60674,unknown,Phosphorylation,0.437,SIGNOR
P03372,P00519,Y219;Y52,Phosphorylation,1.0,PhosphoSitePlus;SIGNOR;iPTMnet
P03372,P00533,Y,Phosphorylation,1.0,SIGNOR;UniProt
P03372,P04626,unknown,Phosphorylation,0.574,SIGNOR
P03372,P06239,Y537,Phosphorylation,100.0,PhosphoNetworks;PhosphoSitePlus;SIGNOR;iPTMnet
P03372,P12931,Y537,Phosphorylation,1.0,PhosphoSitePlus;SIGNOR;UniProt;iPTMnet
P03372,P17252,unknown,Phosphorylation,1.0,PhosphoSitePlus
P03372,P17612,unknown,Phosphorylation,1.0,PhosphoSitePlus
P03372,P23443,unknown,Phosphorylation,1.0,PhosphoSitePlus
P03372,P24941,unknown,Phosphorylation,1.0,PhosphoSitePlus
P03372,P27361,unknown,Phosphorylation,100.0,PhosphoNetworks;PhosphoSitePlus;Reactome
P03372,P28482,unknown,Phosphorylation,1.0,PhosphoSitePlus;Reactome
P03372,P31749,unknown,Phosphorylation,1.0,PhosphoSitePlus
P03372,P31751,unknown,Phosphorylation,1.0,PhosphoSitePlus
P03372,P42345,unknown,Phosphorylation,0.498,SIGNOR
P03372,P49841,unknown,Phosphorylation,100.0,PhosphoNetworks;PhosphoSitePlus
P03372,P50613,unknown,Phosphorylation,100.0,PhosphoNetworks;PhosphoSitePlus
P03372,P51812,unknown,Phosphorylation,1.0,PhosphoSitePlus
P03372,P68400,unknown,Phosphorylation,1.0,PhosphoSitePlus
P03372,Q13153,unknown,Phosphorylation,100.0,PhosphoNetworks;PhosphoSitePlus
P03372,Q14164,unknown,Phosphorylation,1.0,PhosphoSitePlus
P03372,Q14289,unknown,Phosphorylation,100.0,PhosphoNetworks
P03372,Q15418,unknown,Phosphorylation,1.0,PhosphoSitePlus
P03372,Q16539,unknown,Phosphorylation,100.0,PhosphoNetworks;PhosphoSitePlus
P03372,Q9UHD2,unknown,Phosphorylation,1.0,PhosphoSitePlus
P03406,P08631,Y,Phosphorylation,1.0,UniProt
P03407,P06241,Y,Phosphorylation,1.0,UniProt
P03407,P07948,Y,Phosphorylation,1.0,UniProt
P03407,P08631,Y,Phosphorylation,1.0,UniProt
P03407,P12931,Y,Phosphorylation,1.0,UniProt
P03968,P21802,Y,Phosphorylation,1.0,UniProt
P04004,P17252,unknown,Phosphorylation,1.0,PhosphoSitePlus
P04004,P17612,unknown,Phosphorylation,1.0,PhosphoSitePlus
P04004,P68400,unknown,Phosphorylation,100.0,PhosphoNetworks;PhosphoSitePlus
P04019,P29597,Y,Phosphorylation,1.0,UniProt
P04040,P00519,Y231;Y386,Phosphorylation,1.0,PhosphoSitePlus;SIGNOR;iPTMnet
P04040,P42684,Y231;Y386,Phosphorylation,100.0,PhosphoNetworks;PhosphoSitePlus;SIGNOR;iPTMnet
P04040,Q05655,unknown,Phosphorylation,1.0,PhosphoSitePlus
P04040,Q9Y4K4,unknown,Phosphorylation,3.75,PhosphoNetworks
P04049,O15530,unknown,Phosphorylation,0.311,SIGNOR
P04049,O60674,Y340;Y341,Phosphorylation,1.0,iPTMnet
P04049,O75914,unknown,Phosphorylation,1.0,Reactome
P04049,P00533,Y,Phosphorylation,1.0,UniProt
P04049,P04049,unknown,Phosphorylation,1.0,PhosphoSitePlus
P04049,P05129,unknown,Phosphorylation,1.0,Reactome
P04049,P06241,unknown,Phosphorylation,1.0,Reactome
P04049,P07948,unknown,Phosphorylation,1.0,PhosphoSitePlus;Reactome
P04049,P12931,Y340;Y341,Phosphorylation,1.0,PhosphoSitePlus;SIGNOR;iPTMnet
P04049,P17252,unknown,Phosphorylation,1.0,PhosphoSitePlus;Reactome
P04049,P17612,unknown,Phosphorylation,1.0,PhosphoSitePlus
P04049,P27361,unknown,Phosphorylation,1.0,PhosphoSitePlus;SIGNOR
P04049,P28482,unknown,Phosphorylation,0.632,SIGNOR
P04049,P31749,unknown,Phosphorylation,1.0,PhosphoSitePlus;SIGNOR
P04049,P31751,unknown,Phosphorylation,0.453,SIGNOR
P04049,P36507,Y,Phosphorylation,1.0,UniProt
P04049,P41743,unknown,Phosphorylation,1.0,Reactome
P04049,Q02156,unknown,Phosphorylation,1.0,Reactome
P04049,Q02750,Y,Phosphorylation,1.0,PhosphoSitePlus;UniProt
P04049,Q04759,unknown,Phosphorylation,1.0,Reactome
P04049,Q13131,unknown,Phosphorylation,1.0,PhosphoSitePlus
P04049,Q13153,unknown,Phosphorylation,100.0,PhosphoNetworks;PhosphoSitePlus;Reactome
P04049,Q13177,unknown,Phosphorylation,1.0,Reactome
P04049,Q8IVT5,unknown,Phosphorylation,1.0,PhosphoSitePlus
P04083,P00519,unknown,Phosphorylation,1.0,PhosphoSitePlus
P04083,P00533,Y21,Phosphorylation,1.0,PhosphoSitePlus;SIGNOR;UniProt;iPTMnet
P04083,P05771,unknown,Phosphorylation,1.0,PhosphoSitePlus
P04083,P09769,unknown,Phosphorylation,12.84,PhosphoNetworks
P04083,P12931,Y21,Phosphorylation,1.0,PhosphoSitePlus;SIGNOR;iPTMnet
P04083,P17252,Y21,Phosphorylation,100.0,PhosphoNetworks;PhosphoSitePlus;iPTMnet
P04083,P17612,unknown,Phosphorylation,1.0,PhosphoSitePlus
P04083,Q96QT4,unknown,Phosphorylation,1.0,PhosphoSitePlus
P04085,P16234,Y,Phosphorylation,1.0,UniProt
P04150,P00533,Y,Phosphorylation,1.0,UniProt
P04150,P06239,Y,Phosphorylation,1.0,UniProt
P04150,P27361,unknown,Phosphorylation,1.0,PhosphoSitePlus
P04150,P31749,unknown,Phosphorylation,1.0,PhosphoSitePlus
P04150,P45983,unknown,Phosphorylation,1.0,PhosphoSitePlus
P04150,P49841,unknown,Phosphorylation,1.0,PhosphoSitePlus
P04150,Q00535,unknown,Phosphorylation,1.0,PhosphoSitePlus
P04150,Q15759,unknown,Phosphorylation,1.0,PhosphoSitePlus
P04150,Q16539,unknown,Phosphorylation,1.0,PhosphoSitePlus
P04179,P06493,unknown,Phosphorylation,1.0,PhosphoSitePlus
P04179,P11802,unknown,Phosphorylation,1.0,PhosphoSitePlus
P04183,P06493,unknown,Phosphorylation,1.0,PhosphoSitePlus
P04183,P24941,unknown,Phosphorylation,1.0,PhosphoSitePlus
P04198,P42345,unknown,Phosphorylation,1.0,PhosphoSitePlus
P04198,P68400,unknown,Phosphorylation,100.0,PhosphoNetworks;PhosphoSitePlus
P04211,P07947,unknown,Phosphorylation,1.0,Reactome
P04211,P08631,unknown,Phosphorylation,1.0,Reactome
P04211,P09769,unknown,Phosphorylation,1.0,Reactome
P04211,P12931,unknown,Phosphorylation,1.0,Reactome
P04233,P06239,unknown,Phosphorylation,1.0,Reactome
P04271,P21860,Y,Phosphorylation,1.0,UniProt
P04275,P12931,unknown,Phosphorylation,1.0,Reactome
P04275,Q8IXL6,unknown,Phosphorylation,0.2,SIGNOR
P04324,P08631,Y,Phosphorylation,1.0,UniProt
P04350,P53350,unknown,Phosphorylation,1.0,Reactome
P04406,P00533,Y,Phosphorylation,1.0,UniProt
P04406,P06241,Y,Phosphorylation,1.0,UniProt
P04406,P11802,unknown,Phosphorylation,11.76,PhosphoNetworks
P04406,P12931,unknown,Phosphorylation,1.0,PhosphoSitePlus
P04406,P31751,unknown,Phosphorylation,1.0,PhosphoSitePlus
P04406,Q05655,unknown,Phosphorylation,1.0,PhosphoSitePlus
P04406,Q13043,unknown,Phosphorylation,0.28,SIGNOR
P04406,Q14289,unknown,Phosphorylation,22.91,PhosphoNetworks
P04430,P07947,unknown,Phosphorylation,1.0,Reactome
P04430,P08631,unknown,Phosphorylation,1.0,Reactome
P04430,P09769,unknown,Phosphorylation,1.0,Reactome
P04430,P12931,unknown,Phosphorylation,1.0,Reactome
P04433,P07947,unknown,Phosphorylation,1.0,Reactome
P04433,P08631,unknown,Phosphorylation,1.0,Reactome
P04433,P09769,unknown,Phosphorylation,1.0,Reactome
P04433,P12931,unknown,Phosphorylation,1.0,Reactome
P04435,P41240,unknown,Phosphorylation,1.0,Reactome
P04437,P41240,unknown,Phosphorylation,1.0,Reactome
P04439,P12931,Y344,Phosphorylation,1.0,PhosphoSitePlus;SIGNOR;iPTMnet
P04439,P17612,unknown,Phosphorylation,1.0,PhosphoSitePlus
P04440,P41240,unknown,Phosphorylation,1.0,Reactome
P04487,P19525,Y,Phosphorylation,1.0,UniProt
P04553,P49760,Y,Phosphorylation,1.0,UniProt
P04553,Q96SB4,unknown,Phosphorylation,1.0,Reactome
P04554,Q96SB4,unknown,Phosphorylation,1.0,Reactome
P04604,P12931,Y,Phosphorylation,1.0,UniProt
P04626,O60674,unknown,Phosphorylation,0.624,SIGNOR
P04626,P00519,Y,Phosphorylation,1.0,UniProt
P04626,P00533,Y1218;Y1248,Phosphorylation,1.0,SIGNOR;UniProt;iPTMnet
P04626,P04626,Y1023;Y1109;Y1112;Y1139;Y1191;Y1192;Y1196;Y1218;Y1221;Y1222;Y1248;Y993,Phosphorylation,1.0,PhosphoSitePlus;SIGNOR;iPTMnet
P04626,P06241,Y,Phosphorylation,1.0,UniProt
P04626,P09769,Y,Phosphorylation,1.0,UniProt
P04626,P12931,Y,Phosphorylation,1.0,Reactome;SIGNOR;UniProt
P04626,P17252,unknown,Phosphorylation,1.0,PhosphoSitePlus
P04626,P17612,unknown,Phosphorylation,1.0,PhosphoSitePlus
P04626,P21860,Y,Phosphorylation,1.0,UniProt
P04626,P23458,Y,Phosphorylation,1.0,UniProt
P04626,P30530,unknown,Phosphorylation,0.316,SIGNOR
P04626,P42679,Y,Phosphorylation,1.0,UniProt
P04626,P42684,Y,Phosphorylation,1.0,UniProt
P04626,P43405,Y,Phosphorylation,1.0,UniProt
P04626,Q00535,unknown,Phosphorylation,0.275,SIGNOR
P04626,Q08881,Y,Phosphorylation,1.0,UniProt
P04626,Q13882,Y,Phosphorylation,1.0,UniProt
P04626,Q15303,Y,Phosphorylation,1.0,UniProt
P04628,P78368,unknown,Phosphorylation,1.0,Reactome
P04629,P04629,Y460;Y490;Y496;Y676;Y680;Y681;Y701;Y755;Y785;Y791,Phosphorylation,1.0,PhosphoSitePlus;SIGNOR;iPTMnet
P04629,P06241,unknown,Phosphorylation,0.255,SIGNOR
P04629,P12931,unknown,Phosphorylation,0.292,SIGNOR
P04629,P35590,Y,Phosphorylation,1.0,UniProt
P04629,Q16288,Y,Phosphorylation,1.0,UniProt
P04637,O14757,unknown,Phosphorylation,1.0,PhosphoSitePlus
P04637,O14965,unknown,Phosphorylation,1.0,PhosphoSitePlus;Reactome
P04637,O15264,unknown,Phosphorylation,1.0,Reactome
P04637,O43293,unknown,Phosphorylation,1.0,PhosphoSitePlus
P04637,O60285,unknown,Phosphorylation,1.0,PhosphoSitePlus
P04637,O96013,unknown,Phosphorylation,12.84,PhosphoNetworks
P04637,O96017,unknown,Phosphorylation,100.0,PhosphoNetworks;PhosphoSitePlus;Reactome
P04637,P00519,Y,Phosphorylation,1.0,UniProt
P04637,P06493,unknown,Phosphorylation,1.0,PhosphoSitePlus
P04637,P12931,Y126;Y220,Phosphorylation,0.524,SIGNOR
P04637,P17252,unknown,Phosphorylation,1.0,PhosphoSitePlus
P04637,P17612,unknown,Phosphorylation,1.0,PhosphoSitePlus
P04637,P19525,unknown,Phosphorylation,100.0,PhosphoNetworks;PhosphoSitePlus;Reactome
P04637,P19784,unknown,Phosphorylation,1.0,Reactome
P04637,P21675,unknown,Phosphorylation,1.0,PhosphoSitePlus;Reactome
P04637,P24941,unknown,Phosphorylation,1.0,PhosphoSitePlus;Reactome
P04637,P27361,unknown,Phosphorylation,1.0,PhosphoSitePlus
P04637,P28482,unknown,Phosphorylation,5339.65,PhosphoNetworks;PhosphoSitePlus
P04637,P34947,unknown,Phosphorylation,1.0,PhosphoSitePlus
P04637,P45983,unknown,Phosphorylation,1.0,PhosphoSitePlus;SIGNOR
P04637,P45984,unknown,Phosphorylation,1.0,PhosphoSitePlus
P04637,P48729,unknown,Phosphorylation,1.0,PhosphoSitePlus
P04637,P48730,unknown,Phosphorylation,1.0,PhosphoSitePlus
P04637,P49137,unknown,Phosphorylation,1.0,PhosphoSitePlus
P04637,P49674,unknown,Phosphorylation,1.0,PhosphoSitePlus
P04637,P49841,unknown,Phosphorylation,1.0,PhosphoSitePlus
P04637,P50613,unknown,Phosphorylation,100.0,PhosphoNetworks;PhosphoSitePlus
P04637,P50750,unknown,Phosphorylation,1.0,PhosphoSitePlus
P04637,P51812,unknown,Phosphorylation,100.0,PhosphoNetworks
P04637,P53355,unknown,Phosphorylation,1.0,PhosphoSitePlus
P04637,P53778,unknown,Phosphorylation,1.0,Reactome
P04637,P53779,unknown,Phosphorylation,0.629,SIGNOR
P04637,P54646,unknown,Phosphorylation,1.0,PhosphoSitePlus;Reactome
P04637,P68400,unknown,Phosphorylation,1.0,PhosphoSitePlus;Reactome
P04637,P78527,unknown,Phosphorylation,1.0,PhosphoSitePlus
P04637,Q00535,unknown,Phosphorylation,1.0,PhosphoSitePlus;Reactome
P04637,Q05397,Y,Phosphorylation,1.0,UniProt
P04637,Q05655,unknown,Phosphorylation,1.0,PhosphoSitePlus
P04637,Q13131,unknown,Phosphorylation,1.0,PhosphoSitePlus;Reactome
P04637,Q13315,unknown,Phosphorylation,1.0,PhosphoSitePlus;Reactome;SIGNOR
P04637,Q13535,unknown,Phosphorylation,1.0,PhosphoSitePlus;Reactome
P04637,Q13627,unknown,Phosphorylation,1.0,PhosphoSitePlus
P04637,Q14680,unknown,Phosphorylation,1.0,PhosphoSitePlus
P04637,Q15759,unknown,Phosphorylation,1.0,Reactome;SIGNOR
P04637,Q15831,unknown,Phosphorylation,1.0,PhosphoSitePlus
P04637,Q16539,unknown,Phosphorylation,1.0,PhosphoSitePlus;Reactome
P04637,Q6ZWH5,Y327,Phosphorylation,0.257,SIGNOR
P04637,Q86Y07,unknown,Phosphorylation,1.0,PhosphoSitePlus
P04637,Q8IW41,unknown,Phosphorylation,1.0,PhosphoSitePlus;Reactome;SIGNOR
P04637,Q92630,unknown,Phosphorylation,1.0,PhosphoSitePlus;Reactome
P04637,Q96GD4,unknown,Phosphorylation,1.0,PhosphoSitePlus
P04637,Q96Q15,unknown,Phosphorylation,1.0,PhosphoSitePlus
P04637,Q96S44,unknown,Phosphorylation,1.0,PhosphoSitePlus;Reactome
P04637,Q99986,unknown,Phosphorylation,1.0,PhosphoSitePlus
P04637,Q9H2G2,unknown,Phosphorylation,0.257,SIGNOR
P04637,Q9H2X6,unknown,Phosphorylation,1.0,PhosphoSitePlus
P04637,Q9H4B4,unknown,Phosphorylation,1.0,PhosphoSitePlus;Reactome
P04637,Q9NYY3,unknown,Phosphorylation,0.597,SIGNOR
P04637,Q9UEE5,unknown,Phosphorylation,1.0,PhosphoSitePlus
P04792,P17252,unknown,Phosphorylation,1.0,PhosphoSitePlus
P04792,P17612,unknown,Phosphorylation,1.0,PhosphoSitePlus
P04792,P31749,unknown,Phosphorylation,1.0,PhosphoSitePlus
P04792,P49137,unknown,Phosphorylation,1.0,PhosphoSitePlus;Reactome
P04792,P51956,unknown,Phosphorylation,3.24,PhosphoNetworks
P04792,Q05655,unknown,Phosphorylation,1.0,PhosphoSitePlus
P04792,Q13976,unknown,Phosphorylation,1.0,PhosphoSitePlus
P04792,Q15139,unknown,Phosphorylation,1.0,PhosphoSitePlus
P04792,Q16539,unknown,Phosphorylation,1.0,PhosphoSitePlus
P04792,Q8IW41,unknown,Phosphorylation,1.0,Reactome
P04792,Q9UBS0,unknown,Phosphorylation,100.0,PhosphoNetworks;PhosphoSitePlus
P04792,Q9UHD2,unknown,Phosphorylation,5.28,PhosphoNetworks
P04798,P17252,unknown,Phosphorylation,1.0,PhosphoSitePlus
P04818,P19784,unknown,Phosphorylation,1.0,PhosphoSitePlus
P04818,P68400,unknown,Phosphorylation,1.0,PhosphoSitePlus
P04899,Q02156,unknown,Phosphorylation,1.0,PhosphoSitePlus
P05019,P06213,Y,Phosphorylation,1.0,UniProt
P05019,P08069,Y,Phosphorylation,1.0,UniProt
P05023,P17612,unknown,Phosphorylation,1.0,PhosphoSitePlus
P05060,P17252,unknown,Phosphorylation,15.62,PhosphoNetworks
P05060,P31749,unknown,Phosphorylation,22.21,PhosphoNetworks
P05060,P68400,unknown,Phosphorylation,10.0,PhosphoNetworks
P05060,Q04759,unknown,Phosphorylation,2.19,PhosphoNetworks
P05060,Q05397,unknown,Phosphorylation,1.57,PhosphoNetworks
P05060,Q06187,unknown,Phosphorylation,3.0,PhosphoNetworks
P05060,Q14289,unknown,Phosphorylation,2.19,PhosphoNetworks
P05060,Q15831,unknown,Phosphorylation,3.0,PhosphoNetworks
P05060,Q6P0Q8,unknown,Phosphorylation,2.19,PhosphoNetworks
P05067,O75116,unknown,Phosphorylation,1.0,PhosphoSitePlus
P05067,P00519,Y757,Phosphorylation,1.0,PhosphoSitePlus;iPTMnet
P05067,P04629,Y757,Phosphorylation,1.0,PhosphoSitePlus;UniProt;iPTMnet
P05067,P06241,Y757,Phosphorylation,1.0,PhosphoSitePlus;SIGNOR;UniProt
P05067,P06493,unknown,Phosphorylation,1.0,PhosphoSitePlus
P05067,P07948,Y,Phosphorylation,1.0,UniProt
P05067,P09619,Y,Phosphorylation,1.0,UniProt
P05067,P12931,unknown,Phosphorylation,1.0,PhosphoSitePlus
P05067,P16234,Y,Phosphorylation,1.0,UniProt
P05067,P36507,Y,Phosphorylation,1.0,UniProt
P05067,P43405,Y,Phosphorylation,1.0,UniProt
P05067,P45983,unknown,Phosphorylation,1.0,PhosphoSitePlus
P05067,P45984,unknown,Phosphorylation,1.0,PhosphoSitePlus
P05067,P49841,unknown,Phosphorylation,100.0,PhosphoNetworks
P05067,P53779,unknown,Phosphorylation,1.0,PhosphoSitePlus
P05067,Q14289,Y,Phosphorylation,1.0,UniProt
P05093,P17612,unknown,Phosphorylation,1.0,PhosphoSitePlus
P05106,O15530,unknown,Phosphorylation,1.0,PhosphoSitePlus;Reactome
P05106,P12931,Y773;Y785,Phosphorylation,1.0,PhosphoSitePlus;SIGNOR;iPTMnet
P05106,P31749,unknown,Phosphorylation,1.0,PhosphoSitePlus
P05106,P43405,unknown,Phosphorylation,100.0,PhosphoNetworks
P05107,O60674,unknown,Phosphorylation,0.265,SIGNOR
P05107,P00519,Y,Phosphorylation,1.0,UniProt
P05107,P05771,unknown,Phosphorylation,1.0,PhosphoSitePlus
P05107,P06239,unknown,Phosphorylation,1.0,PhosphoSitePlus
P05107,P12931,unknown,Phosphorylation,0.451,SIGNOR
P05107,P17252,unknown,Phosphorylation,100.0,PhosphoNetworks;PhosphoSitePlus
P05107,Q05397,unknown,Phosphorylation,1.0,Reactome
P05107,Q05655,unknown,Phosphorylation,100.0,PhosphoNetworks;PhosphoSitePlus
P05107,Q14289,unknown,Phosphorylation,1.0,Reactome
P05113,P17612,unknown,Phosphorylation,1.0,Reactome
P05114,O75582,unknown,Phosphorylation,1.0,PhosphoSitePlus
P05114,O96013,unknown,Phosphorylation,2.75,PhosphoNetworks
P05114,P51812,unknown,Phosphorylation,1.0,PhosphoSitePlus
P05114,P68400,unknown,Phosphorylation,1.0,PhosphoSitePlus
P05114,Q15418,unknown,Phosphorylation,1.0,PhosphoSitePlus
P05114,Q9UEE5,unknown,Phosphorylation,1.93,PhosphoNetworks
P05129,O15530,unknown,Phosphorylation,0.2,SIGNOR
P05129,P04626,unknown,Phosphorylation,1.0,Reactome
P05129,P11362,unknown,Phosphorylation,1.0,Reactome
P05129,P21802,unknown,Phosphorylation,1.0,Reactome
P05129,P22455,unknown,Phosphorylation,1.0,Reactome
P05129,P22607,unknown,Phosphorylation,1.0,Reactome
P05129,P42338,unknown,Phosphorylation,1.0,Reactome
P05129,Q13546,unknown,Phosphorylation,1.0,Reactome
P05129,Q15303,unknown,Phosphorylation,1.0,Reactome
P05198,P19525,Y,Phosphorylation,100.0,PhosphoNetworks;PhosphoSitePlus;Reactome;SIGNOR;UniProt
P05198,P28482,unknown,Phosphorylation,1.0,PhosphoSitePlus
P05198,P33981,unknown,Phosphorylation,1.9,PhosphoNetworks
P05198,P36894,unknown,Phosphorylation,3.22,PhosphoNetworks
P05198,P51812,unknown,Phosphorylation,1.0,PhosphoSitePlus
P05198,Q14289,unknown,Phosphorylation,13.8,PhosphoNetworks
P05198,Q16539,unknown,Phosphorylation,1.0,PhosphoSitePlus
P05198,Q7KZI7,unknown,Phosphorylation,8.05,PhosphoNetworks
P05198,Q9BQI3,unknown,Phosphorylation,100.0,PhosphoNetworks;PhosphoSitePlus;Reactome;SIGNOR
P05198,Q9NZJ5,unknown,Phosphorylation,1.0,PhosphoSitePlus;Reactome;SIGNOR
P05198,Q9P2K8,unknown,Phosphorylation,1.0,PhosphoSitePlus;Reactome
P05204,Q96GD4,unknown,Phosphorylation,1.0,PhosphoSitePlus
P05230,P11362,Y,Phosphorylation,1.0,UniProt
P05230,P21802,Y,Phosphorylation,1.0,UniProt
P05230,P22607,Y,Phosphorylation,1.0,UniProt
P05230,P27361,unknown,Phosphorylation,1.0,Reactome
P05230,P28482,unknown,Phosphorylation,1.0,Reactome
P05412,P00519,Y170,Phosphorylation,1.0,PhosphoSitePlus;SIGNOR;iPTMnet
P05412,P22607,Y,Phosphorylation,1.0,UniProt
P05412,P27361,unknown,Phosphorylation,1.0,PhosphoSitePlus
P05412,P28482,unknown,Phosphorylation,1.0,PhosphoSitePlus;SIGNOR
P05412,P41240,Y170;Y26,Phosphorylation,1.0,iPTMnet
P05412,P42345,unknown,Phosphorylation,1.0,PhosphoSitePlus
P05412,P45983,unknown,Phosphorylation,100.0,PhosphoNetworks;PhosphoSitePlus
P05412,P45984,unknown,Phosphorylation,100.0,PhosphoNetworks;PhosphoSitePlus
P05412,P45985,unknown,Phosphorylation,0.538,SIGNOR
P05412,P49840,unknown,Phosphorylation,100.0,PhosphoNetworks;SIGNOR
P05412,P49841,unknown,Phosphorylation,1.0,PhosphoSitePlus
P05412,P53779,unknown,Phosphorylation,1.0,PhosphoSitePlus;Reactome
P05412,P68400,unknown,Phosphorylation,100.0,PhosphoNetworks;PhosphoSitePlus
P05412,Q00526,unknown,Phosphorylation,1.0,PhosphoSitePlus
P05412,Q00534,unknown,Phosphorylation,0.423,SIGNOR
P05412,Q00535,unknown,Phosphorylation,1.0,Reactome
P05412,Q13177,unknown,Phosphorylation,1.0,PhosphoSitePlus
P05412,Q14164,unknown,Phosphorylation,0.317,SIGNOR
P05412,Q15139,unknown,Phosphorylation,1.0,PhosphoSitePlus
P05412,Q8TD08,unknown,Phosphorylation,1.0,PhosphoSitePlus
P05412,Q99986,unknown,Phosphorylation,100.0,PhosphoNetworks;PhosphoSitePlus
P05412,Q9H4B4,unknown,Phosphorylation,1.0,PhosphoSitePlus
P05423,Q9NRH2,unknown,Phosphorylation,1.93,PhosphoNetworks
P05455,P17612,unknown,Phosphorylation,1.0,PhosphoSitePlus
P05455,P31749,unknown,Phosphorylation,1.0,PhosphoSitePlus
P05455,P68400,unknown,Phosphorylation,100.0,PhosphoNetworks;PhosphoSitePlus
P05455,Q13976,unknown,Phosphorylation,1.0,PhosphoSitePlus
P05480,Q05397,Y,Phosphorylation,1.0,UniProt
P05538,P41240,unknown,Phosphorylation,1.0,Reactome
P05549,P17612,unknown,Phosphorylation,1.0,PhosphoSitePlus
P05549,P54646,unknown,Phosphorylation,1.0,PhosphoSitePlus
P05549,P68400,unknown,Phosphorylation,1.0,PhosphoSitePlus
P05549,Q15139,unknown,Phosphorylation,1.0,PhosphoSitePlus
P05556,P07948,Y,Phosphorylation,1.0,UniProt
P05556,P08069,Y,Phosphorylation,1.0,UniProt
P05556,P17252,unknown,Phosphorylation,1.0,PhosphoSitePlus
P05556,P31749,unknown,Phosphorylation,1.0,Reactome
P05556,P42684,unknown,Phosphorylation,1.0,PhosphoSitePlus
P05556,Q02156,unknown,Phosphorylation,1.0,PhosphoSitePlus
P05556,Q9UQM7,unknown,Phosphorylation,1.0,PhosphoSitePlus
P05771,O15530,unknown,Phosphorylation,1.0,Reactome;SIGNOR
P05771,P05771,unknown,Phosphorylation,1.0,PhosphoSitePlus
P05771,P17252,unknown,Phosphorylation,1.0,PhosphoSitePlus
P05771,P43405,Y662,Phosphorylation,1.0,PhosphoSitePlus;iPTMnet
P05771,Q13546,unknown,Phosphorylation,1.0,Reactome
P05783,P49137,unknown,Phosphorylation,1.0,PhosphoSitePlus
P05783,Q02156,unknown,Phosphorylation,1.0,PhosphoSitePlus
P05783,Q16566,unknown,Phosphorylation,100.0,PhosphoNetworks
P05783,Q9UBS0,unknown,Phosphorylation,100.0,PhosphoNetworks;PhosphoSitePlus
P05787,P06493,unknown,Phosphorylation,1.0,PhosphoSitePlus
P05787,P27361,unknown,Phosphorylation,100.0,PhosphoNetworks;PhosphoSitePlus
P05787,P28482,unknown,Phosphorylation,1.0,PhosphoSitePlus
P05787,P36507,unknown,Phosphorylation,1.0,PhosphoSitePlus
P05787,P45983,unknown,Phosphorylation,100.0,PhosphoNetworks;PhosphoSitePlus
P05787,Q02750,unknown,Phosphorylation,1.0,PhosphoSitePlus
P05787,Q05655,unknown,Phosphorylation,100.0,PhosphoNetworks;PhosphoSitePlus
P05787,Q16539,unknown,Phosphorylation,100.0,PhosphoNetworks;PhosphoSitePlus
P05787,Q16566,unknown,Phosphorylation,100.0,PhosphoNetworks
P05787,Q96GD4,unknown,Phosphorylation,1.0,PhosphoSitePlus
P05976,P27361,unknown,Phosphorylation,0.287,SIGNOR
P05997,Q05397,unknown,Phosphorylation,1.0,Reactome
P05997,Q14289,unknown,Phosphorylation,1.0,Reactome
P06127,P05129,unknown,Phosphorylation,1.0,PhosphoSitePlus
P06127,P06239,Y453;Y487,Phosphorylation,100.0,PhosphoNetworks;PhosphoSitePlus;SIGNOR;iPTMnet
P06127,P06241,Y453;Y487,Phosphorylation,1.0,PhosphoSitePlus;iPTMnet
P06127,P17252,unknown,Phosphorylation,100.0,PhosphoNetworks;PhosphoSitePlus
P06127,P68400,unknown,Phosphorylation,100.0,PhosphoNetworks;PhosphoSitePlus
P06213,P06213,Y1185;Y1189;Y1190;Y1355;Y1361;Y992;Y999,Phosphorylation,1.0,PhosphoSitePlus;iPTMnet
P06213,P08069,Y,Phosphorylation,1.0,UniProt
P06213,P14616,Y,Phosphorylation,1.0,UniProt
P06213,P17252,unknown,Phosphorylation,100.0,PhosphoNetworks;PhosphoSitePlus
P06213,P42345,unknown,Phosphorylation,0.392,SIGNOR
P06213,P54646,unknown,Phosphorylation,0.37,SIGNOR
P06239,P06239,Y394,Phosphorylation,1.0,PhosphoSitePlus;SIGNOR;iPTMnet
P06239,P06241,Y505,Phosphorylation,0.413,SIGNOR
P06239,P07947,unknown,Phosphorylation,1.0,Reactome
P06239,P07948,unknown,Phosphorylation,1.0,Reactome
P06239,P08581,Y,Phosphorylation,1.0,UniProt
P06239,P10721,Y,Phosphorylation,1.0,UniProt
P06239,P12931,unknown,Phosphorylation,1.0,Reactome
P06239,P17252,unknown,Phosphorylation,1.0,PhosphoSitePlus
P06239,P17612,unknown,Phosphorylation,1.0,PhosphoSitePlus
P06239,P27361,unknown,Phosphorylation,100.0,PhosphoNetworks;PhosphoSitePlus
P06239,P28482,unknown,Phosphorylation,100.0,PhosphoNetworks;PhosphoSitePlus
P06239,P36888,Y,Phosphorylation,1.0,UniProt
P06239,P41240,Y505,Phosphorylation,1.0,PhosphoSitePlus;SIGNOR;iPTMnet
P06239,P42679,Y505,Phosphorylation,1.0,iPTMnet
P06239,P43403,Y,Phosphorylation,1.0,UniProt
P06239,P43405,Y192,Phosphorylation,1.0,SIGNOR;UniProt;iPTMnet
P06241,P04626,Y,Phosphorylation,1.0,UniProt
P06241,P06241,Y30;Y365;Y39;Y417;Y420,Phosphorylation,1.0,PhosphoSitePlus;SIGNOR;iPTMnet
P06241,P07332,unknown,Phosphorylation,1.0,Reactome
P06241,P07947,unknown,Phosphorylation,710.56,PhosphoNetworks;Reactome
P06241,P07948,unknown,Phosphorylation,1.0,Reactome
P06241,P09619,Y28,Phosphorylation,100.0,PhosphoNetworks;PhosphoSitePlus;UniProt;iPTMnet
P06241,P12931,Y,Phosphorylation,1.0,Reactome;UniProt
P06241,P17612,unknown,Phosphorylation,7.31,PhosphoNetworks;PhosphoSitePlus
P06241,P36888,Y,Phosphorylation,1.0,UniProt
P06241,P41240,Y476;Y528;Y531,Phosphorylation,100.0,PhosphoNetworks;PhosphoSitePlus;iPTMnet
P06241,P42684,Y,Phosphorylation,1.0,UniProt
P06241,P49841,unknown,Phosphorylation,1.0,Reactome
P06241,Q05397,Y,Phosphorylation,1.0,UniProt
P06241,Q14289,Y,Phosphorylation,1.0,UniProt
P06276,Q9H2X6,unknown,Phosphorylation,0.2,SIGNOR
P06307,P06241,Y,Phosphorylation,1.0,UniProt
P06310,P07947,unknown,Phosphorylation,1.0,Reactome
P06310,P08631,unknown,Phosphorylation,1.0,Reactome
P06310,P09769,unknown,Phosphorylation,1.0,Reactome
P06310,P12931,unknown,Phosphorylation,1.0,Reactome
P06312,P07947,unknown,Phosphorylation,1.0,Reactome
P06312,P08631,unknown,Phosphorylation,1.0,Reactome
P06312,P09769,unknown,Phosphorylation,1.0,Reactome
P06312,P12931,unknown,Phosphorylation,1.0,Reactome
P06315,P07947,unknown,Phosphorylation,1.0,Reactome
P06315,P08631,unknown,Phosphorylation,1.0,Reactome
P06315,P09769,unknown,Phosphorylation,1.0,Reactome
P06315,P12931,unknown,Phosphorylation,1.0,Reactome
P06331,P07947,unknown,Phosphorylation,1.0,Reactome
P06331,P08631,unknown,Phosphorylation,1.0,Reactome
P06331,P09769,unknown,Phosphorylation,1.0,Reactome
P06331,P12931,unknown,Phosphorylation,1.0,Reactome
P06340,P06239,unknown,Phosphorylation,1.0,Reactome
P06396,P07947,unknown,Phosphorylation,15.54,PhosphoNetworks
P06396,P12931,Y465,Phosphorylation,1.0,PhosphoSitePlus;SIGNOR;iPTMnet
P06396,P41240,Y35;Y358;Y414;Y552;Y600,Phosphorylation,1.0,iPTMnet
P06396,Q05513,unknown,Phosphorylation,16.11,PhosphoNetworks
P06396,Q14289,unknown,Phosphorylation,0.528,SIGNOR
P06396,Q9UKE5,unknown,Phosphorylation,0.5,SIGNOR
P06400,O14757,unknown,Phosphorylation,1.0,PhosphoSitePlus
P06400,O96017,unknown,Phosphorylation,1.0,PhosphoSitePlus
P06400,P00519,Y805,Phosphorylation,1.0,PhosphoSitePlus;SIGNOR;iPTMnet
P06400,P04049,unknown,Phosphorylation,0.578,SIGNOR
P06400,P06493,unknown,Phosphorylation,1.0,PhosphoSitePlus
P06400,P11802,unknown,Phosphorylation,1.0,PhosphoSitePlus
P06400,P17612,unknown,Phosphorylation,1.0,PhosphoSitePlus
P06400,P24941,unknown,Phosphorylation,1.0,PhosphoSitePlus;SIGNOR
P06400,P42685,Y,Phosphorylation,1.0,UniProt
P06400,P50750,unknown,Phosphorylation,1.0,PhosphoSitePlus
P06400,Q00526,unknown,Phosphorylation,1.0,PhosphoSitePlus
P06400,Q00532,unknown,Phosphorylation,0.2,SIGNOR
P06400,Q00534,unknown,Phosphorylation,1.0,PhosphoSitePlus
P06400,Q00535,unknown,Phosphorylation,1.0,PhosphoSitePlus
P06400,Q13131,unknown,Phosphorylation,1.0,PhosphoSitePlus
P06400,Q13627,Y,Phosphorylation,1.0,UniProt
P06400,Q16539,unknown,Phosphorylation,1.0,PhosphoSitePlus
P06400,Q96GD4,unknown,Phosphorylation,1.0,PhosphoSitePlus
P06401,P24941,unknown,Phosphorylation,1.0,PhosphoSitePlus
P06401,P27361,unknown,Phosphorylation,100.0,PhosphoNetworks;PhosphoSitePlus
P06401,P28482,unknown,Phosphorylation,100.0,PhosphoNetworks;PhosphoSitePlus
P06401,P49841,unknown,Phosphorylation,1.0,PhosphoSitePlus
P06401,P68400,unknown,Phosphorylation,100.0,PhosphoNetworks;PhosphoSitePlus
P06454,P22607,Y,Phosphorylation,1.0,UniProt
P06463,P29597,Y,Phosphorylation,1.0,UniProt
P06493,O14757,unknown,Phosphorylation,1.0,PhosphoSitePlus
P06493,P00533,Y,Phosphorylation,1.0,UniProt
P06493,P04626,Y15,Phosphorylation,1.0,PhosphoSitePlus;SIGNOR;iPTMnet
P06493,P06493,Y19,Phosphorylation,1.0,iPTMnet
P06493,P07948,Y15,Phosphorylation,1.0,iPTMnet
P06493,P0C1S8,Y15,Phosphorylation,1.0,PhosphoSitePlus;SIGNOR
P06493,P12931,unknown,Phosphorylation,1.0,PhosphoSitePlus
P06493,P19525,Y4,Phosphorylation,1.0,PhosphoSitePlus;Reactome;SIGNOR;UniProt;iPTMnet
P06493,P30291,Y15,Phosphorylation,1.0,PhosphoSitePlus;SIGNOR;iPTMnet
P06493,P41279,unknown,Phosphorylation,1.0,PhosphoSitePlus
P06493,P50613,unknown,Phosphorylation,1.0,PhosphoSitePlus;Reactome
P06493,P68400,unknown,Phosphorylation,1.0,PhosphoSitePlus
P06493,Q99640,Y15,Phosphorylation,1.0,PhosphoSitePlus;Reactome;SIGNOR;iPTMnet
P06702,Q16539,unknown,Phosphorylation,1.0,PhosphoSitePlus
P06729,P06241,Y,Phosphorylation,1.0,UniProt
P06730,O14965,unknown,Phosphorylation,0.279,SIGNOR
P06730,P42345,unknown,Phosphorylation,0.804,SIGNOR
P06730,Q9BUB5,unknown,Phosphorylation,100.0,PhosphoNetworks;PhosphoSitePlus;SIGNOR
P06730,Q9HBH9,unknown,Phosphorylation,100.0,PhosphoNetworks;PhosphoSitePlus
P06732,P04049,unknown,Phosphorylation,1.73,PhosphoNetworks
P06732,P37173,unknown,Phosphorylation,1.73,PhosphoNetworks
P06733,O75676,unknown,Phosphorylation,3.07,PhosphoNetworks
P06733,P07947,unknown,Phosphorylation,1.69,PhosphoNetworks
P06733,P09769,unknown,Phosphorylation,1.57,PhosphoNetworks
P06733,P12931,Y44,Phosphorylation,1.0,SIGNOR;iPTMnet
P06733,P30291,unknown,Phosphorylation,61.74,PhosphoNetworks
P06733,P34947,unknown,Phosphorylation,9.62,PhosphoNetworks
P06733,P41743,unknown,Phosphorylation,87.47,PhosphoNetworks
P06733,Q9UEE5,unknown,Phosphorylation,5.04,PhosphoNetworks
P06734,P21802,Y,Phosphorylation,1.0,UniProt
P06737,P15735,unknown,Phosphorylation,1.0,Reactome
P06737,Q16816,unknown,Phosphorylation,1.0,Reactome
P06744,P68400,unknown,Phosphorylation,1.0,PhosphoSitePlus
P06748,O75716,unknown,Phosphorylation,12.84,PhosphoNetworks
P06748,P06493,unknown,Phosphorylation,1.0,PhosphoSitePlus
P06748,P07947,unknown,Phosphorylation,15.18,PhosphoNetworks
P06748,P09769,unknown,Phosphorylation,12.84,PhosphoNetworks
P06748,P17612,unknown,Phosphorylation,34.96,PhosphoNetworks
P06748,P19525,Y,Phosphorylation,1.0,UniProt
P06748,P24941,unknown,Phosphorylation,1.0,PhosphoSitePlus
P06748,P28482,unknown,Phosphorylation,1.0,Reactome
P06748,P29597,unknown,Phosphorylation,16.93,PhosphoNetworks
P06748,P45983,unknown,Phosphorylation,12.84,PhosphoNetworks
P06748,P50750,unknown,Phosphorylation,50.32,PhosphoNetworks
P06748,P51813,unknown,Phosphorylation,14.91,PhosphoNetworks
P06748,P51955,unknown,Phosphorylation,1.0,PhosphoSitePlus
P06748,P53350,unknown,Phosphorylation,1.0,PhosphoSitePlus
P06748,Q00534,unknown,Phosphorylation,1.0,PhosphoSitePlus
P06748,Q05655,unknown,Phosphorylation,34.33,PhosphoNetworks
P06748,Q13315,unknown,Phosphorylation,0.354,SIGNOR
P06748,Q13535,unknown,Phosphorylation,1.0,PhosphoSitePlus
P06748,Q59H18,unknown,Phosphorylation,2.97,PhosphoNetworks
P06748,Q8IW41,unknown,Phosphorylation,2.25,PhosphoNetworks
P06748,Q9H4B4,unknown,Phosphorylation,1.0,PhosphoSitePlus
P06748,Q9NR20,unknown,Phosphorylation,1.6,PhosphoNetworks
P06748,Q9NYY3,unknown,Phosphorylation,1.0,PhosphoSitePlus;Reactome
P06748,Q9Y463,unknown,Phosphorylation,3.18,PhosphoNetworks
P07101,O75582,unknown,Phosphorylation,1.0,PhosphoSitePlus
P07101,P17612,unknown,Phosphorylation,1.0,PhosphoSitePlus
P07101,P27361,unknown,Phosphorylation,1.0,PhosphoSitePlus
P07101,P28482,unknown,Phosphorylation,1.0,PhosphoSitePlus
P07101,P49137,unknown,Phosphorylation,1.0,PhosphoSitePlus
P07101,P51812,unknown,Phosphorylation,1.0,PhosphoSitePlus
P07101,Q00535,unknown,Phosphorylation,1.0,PhosphoSitePlus;SIGNOR
P07101,Q16566,unknown,Phosphorylation,100.0,PhosphoNetworks
P07101,Q8IW41,unknown,Phosphorylation,1.0,PhosphoSitePlus
P07101,Q9UQM7,unknown,Phosphorylation,1.0,PhosphoSitePlus
P07148,P54764,Y,Phosphorylation,1.0,UniProt
P07196,P12931,unknown,Phosphorylation,1.0,Reactome
P07196,P17612,unknown,Phosphorylation,1.0,PhosphoSitePlus;SIGNOR
P07196,P28482,unknown,Phosphorylation,1.0,PhosphoSitePlus
P07196,Q00535,unknown,Phosphorylation,1.0,PhosphoSitePlus
P07196,Q9UQM7,unknown,Phosphorylation,1.0,PhosphoSitePlus
P07197,P17612,unknown,Phosphorylation,1.0,PhosphoSitePlus
P07197,Q00535,unknown,Phosphorylation,0.423,SIGNOR
P07203,P00519,Y98,Phosphorylation,1.0,PhosphoSitePlus;SIGNOR;iPTMnet
P07203,P42684,Y98,Phosphorylation,100.0,PhosphoNetworks;PhosphoSitePlus;SIGNOR;iPTMnet
P07332,P07332,Y713;Y811,Phosphorylation,1.0,PhosphoSitePlus;SIGNOR;iPTMnet
P07332,P10721,Y,Phosphorylation,1.0,UniProt
P07333,P07333,Y546;Y561;Y699;Y708;Y723;Y809;Y969,Phosphorylation,1.0,PhosphoSitePlus;SIGNOR;iPTMnet
P07333,P29323,Y,Phosphorylation,1.0,UniProt
P07333,Q15375,Y,Phosphorylation,1.0,UniProt
P07355,P00533,Y,Phosphorylation,1.0,UniProt
P07355,P05771,unknown,Phosphorylation,1.0,PhosphoSitePlus
P07355,P07947,Y24,Phosphorylation,0.2,SIGNOR
P07355,P11362,unknown,Phosphorylation,52.22,PhosphoNetworks
P07355,P12931,Y24,Phosphorylation,1.0,SIGNOR;iPTMnet
P07355,P17252,unknown,Phosphorylation,100.0,PhosphoNetworks;PhosphoSitePlus
P07355,P51813,unknown,Phosphorylation,4.57,PhosphoNetworks
P07355,Q05513,unknown,Phosphorylation,31.98,PhosphoNetworks
P07355,Q14289,unknown,Phosphorylation,31.98,PhosphoNetworks
P07437,P06493,unknown,Phosphorylation,1.0,PhosphoSitePlus
P07437,P53350,unknown,Phosphorylation,1.0,Reactome
P07550,P06213,Y132;Y141;Y350;Y354,Phosphorylation,1.0,iPTMnet
P07550,P08069,unknown,Phosphorylation,100.0,PhosphoNetworks
P07550,P12931,Y,Phosphorylation,1.0,UniProt
P07550,P17612,unknown,Phosphorylation,1.0,PhosphoSitePlus
P07550,P25098,unknown,Phosphorylation,1.0,Reactome
P07550,P31749,unknown,Phosphorylation,1.0,PhosphoSitePlus
P07550,P32298,unknown,Phosphorylation,1.0,Reactome
P07550,P34947,unknown,Phosphorylation,100.0,PhosphoNetworks;PhosphoSitePlus;Reactome
P07550,P35626,unknown,Phosphorylation,1.0,Reactome
P07550,P43250,unknown,Phosphorylation,1.0,PhosphoSitePlus;Reactome
P07550,Q15835,unknown,Phosphorylation,1.0,Reactome
P07550,Q8WTQ7,unknown,Phosphorylation,1.0,Reactome
P07602,P07948,Y,Phosphorylation,1.0,UniProt
P07737,P12931,unknown,Phosphorylation,1.0,PhosphoSitePlus
P07737,P35968,unknown,Phosphorylation,1.0,PhosphoSitePlus
P07737,Q13464,unknown,Phosphorylation,1.0,PhosphoSitePlus
P07766,P06239,Y188;Y199,Phosphorylation,1.0,iPTMnet
P07766,P06241,unknown,Phosphorylation,1.0,PhosphoSitePlus
P07766,P43403,Y,Phosphorylation,1.0,UniProt
P07766,P43405,Y,Phosphorylation,1.0,UniProt
P07814,P27361,unknown,Phosphorylation,1.0,Reactome
P07814,P28482,unknown,Phosphorylation,1.0,Reactome
P07900,P00533,Y,Phosphorylation,1.0,UniProt
P07900,P04626,Y,Phosphorylation,1.0,UniProt
P07900,P05129,unknown,Phosphorylation,1.0,PhosphoSitePlus
P07900,P06239,Y,Phosphorylation,1.0,UniProt
P07900,P06241,Y,Phosphorylation,1.0,UniProt
P07900,P12931,Y,Phosphorylation,1.0,UniProt
P07900,P17612,unknown,Phosphorylation,1.0,PhosphoSitePlus
P07900,P27361,unknown,Phosphorylation,1.0,Reactome
P07900,P28482,unknown,Phosphorylation,1.0,Reactome
P07900,P30291,unknown,Phosphorylation,1.0,PhosphoSitePlus
P07900,P35968,unknown,Phosphorylation,1.0,Reactome
P07900,P53350,unknown,Phosphorylation,1.0,Reactome
P07900,P68400,unknown,Phosphorylation,100.0,PhosphoNetworks;PhosphoSitePlus
P07900,P78527,unknown,Phosphorylation,1.0,PhosphoSitePlus
P07900,Q14289,unknown,Phosphorylation,1.0,Reactome
P07900,Q6P2M8,unknown,Phosphorylation,1.0,PhosphoSitePlus
P07900,Q9NR20,Y,Phosphorylation,1.0,UniProt
P07902,Q07912,Y,Phosphorylation,1.0,UniProt
P07910,P48729,unknown,Phosphorylation,100.0,PhosphoNetworks;PhosphoSitePlus
P07910,P68400,unknown,Phosphorylation,1.0,PhosphoSitePlus
P07942,Q05397,unknown,Phosphorylation,1.0,Reactome
P07942,Q14289,unknown,Phosphorylation,1.0,Reactome
P07947,P00533,Y,Phosphorylation,1.0,UniProt
P07947,P07947,Y32;Y426,Phosphorylation,1.0,SIGNOR;iPTMnet
P07947,P08581,Y,Phosphorylation,1.0,UniProt
P07947,P09619,Y,Phosphorylation,1.0,UniProt
P07947,P10721,Y,Phosphorylation,1.0,UniProt
P07947,P29317,Y426,Phosphorylation,0.425,SIGNOR
P07947,P30530,Y426,Phosphorylation,0.2,SIGNOR
P07947,P41240,unknown,Phosphorylation,100.0,PhosphoNetworks;PhosphoSitePlus
P07948,P00533,Y32,Phosphorylation,1.0,PhosphoSitePlus;SIGNOR;UniProt
P07948,P07948,Y397;Y508,Phosphorylation,1.0,PhosphoSitePlus;iPTMnet
P07948,P08581,Y,Phosphorylation,1.0,UniProt
P07948,P10721,Y,Phosphorylation,1.0,UniProt
P07948,P12931,Y,Phosphorylation,1.0,UniProt
P07948,P41240,Y508,Phosphorylation,100.0,PhosphoNetworks;PhosphoSitePlus;SIGNOR;iPTMnet
P07948,P42679,Y508,Phosphorylation,1.0,PhosphoSitePlus;iPTMnet
P07948,Q05397,Y,Phosphorylation,1.0,UniProt
P07949,P07949,Y1015;Y1029;Y1062;Y1090;Y1096;Y687;Y806;Y809;Y826;Y900;Y905;Y981,Phosphorylation,1.0,PhosphoSitePlus;SIGNOR;iPTMnet
P07949,P12931,unknown,Phosphorylation,1.0,PhosphoSitePlus
P07949,P17252,unknown,Phosphorylation,1.0,PhosphoSitePlus
P07949,P17612,unknown,Phosphorylation,1.0,PhosphoSitePlus
P07949,P22455,Y,Phosphorylation,8.97,PhosphoNetworks;UniProt
P07949,Q05397,Y905,Phosphorylation,1.0,PhosphoSitePlus;SIGNOR;iPTMnet
P07949,Q07912,unknown,Phosphorylation,9.14,PhosphoNetworks
P07949,Q16832,unknown,Phosphorylation,1.57,PhosphoNetworks
P07949,Q8IW41,unknown,Phosphorylation,4.19,PhosphoNetworks
P07949,Q8TD08,unknown,Phosphorylation,1.57,PhosphoNetworks
P07949,Q9UM73,Y,Phosphorylation,1.0,UniProt
P07992,P00533,Y,Phosphorylation,1.0,UniProt
P08047,O00141,unknown,Phosphorylation,0.265,SIGNOR
P08047,P06493,unknown,Phosphorylation,1.0,PhosphoSitePlus
P08047,P27361,unknown,Phosphorylation,100.0,PhosphoNetworks;PhosphoSitePlus
P08047,P28482,unknown,Phosphorylation,100.0,PhosphoNetworks;PhosphoSitePlus
P08047,P31749,unknown,Phosphorylation,1.0,PhosphoSitePlus
P08047,P45983,unknown,Phosphorylation,1.0,PhosphoSitePlus
P08047,Q05513,unknown,Phosphorylation,1.0,PhosphoSitePlus
P08047,Q13315,unknown,Phosphorylation,1.0,PhosphoSitePlus
P08047,Q13535,unknown,Phosphorylation,1.0,PhosphoSitePlus
P08069,P06213,Y,Phosphorylation,1.0,UniProt
P08069,P08069,Y1161;Y1165;Y1166,Phosphorylation,1.0,PhosphoSitePlus;SIGNOR;iPTMnet
P08069,P12931,Y1161;Y1165;Y1166;Y973;Y980,Phosphorylation,1.0,PhosphoSitePlus;SIGNOR;iPTMnet
P08069,P41240,Y,Phosphorylation,1.0,UniProt
P08069,P42345,unknown,Phosphorylation,0.496,SIGNOR
P08069,P43250,unknown,Phosphorylation,1.0,PhosphoSitePlus
P08069,Q05397,unknown,Phosphorylation,0.535,SIGNOR
P08100,P17252,unknown,Phosphorylation,1.0,PhosphoSitePlus
P08100,Q15835,unknown,Phosphorylation,1.0,PhosphoSitePlus;Reactome
P08107,P00533,Y,Phosphorylation,1.0,UniProt
P08123,Q05397,unknown,Phosphorylation,1.0,Reactome
P08123,Q14289,unknown,Phosphorylation,1.0,Reactome
P08133,Q59H18,unknown,Phosphorylation,1.6,PhosphoNetworks
P08134,O60229,unknown,Phosphorylation,1.0,Reactome
P08134,O75962,unknown,Phosphorylation,1.0,Reactome
P08134,P04626,unknown,Phosphorylation,1.0,Reactome
P08134,Q5VST9,unknown,Phosphorylation,1.0,Reactome
P08134,Q9NQU5,unknown,Phosphorylation,0.2,SIGNOR
P08138,P05129,unknown,Phosphorylation,1.0,PhosphoSitePlus
P08138,P22694,unknown,Phosphorylation,1.0,PhosphoSitePlus
P08151,O14920,unknown,Phosphorylation,0.357,SIGNOR
P08151,P08631,unknown,Phosphorylation,0.3,SIGNOR
P08151,P17612,unknown,Phosphorylation,1.0,PhosphoSitePlus;Reactome
P08151,P22612,unknown,Phosphorylation,1.0,Reactome
P08151,P22694,unknown,Phosphorylation,1.0,Reactome
P08151,P23443,unknown,Phosphorylation,1.0,PhosphoSitePlus
P08151,P41743,unknown,Phosphorylation,1.0,PhosphoSitePlus;SIGNOR
P08151,Q13627,unknown,Phosphorylation,0.514,SIGNOR
P08151,Q6PHR2,unknown,Phosphorylation,1.0,Reactome;SIGNOR
P08172,P25098,unknown,Phosphorylation,1.0,Reactome
P08172,P32298,unknown,Phosphorylation,1.0,Reactome
P08172,P34947,unknown,Phosphorylation,1.0,Reactome
P08172,P35626,unknown,Phosphorylation,1.0,Reactome
P08172,P43250,unknown,Phosphorylation,1.0,Reactome
P08172,Q15835,unknown,Phosphorylation,1.0,Reactome
P08172,Q8WTQ7,unknown,Phosphorylation,1.0,Reactome
P08173,P25098,unknown,Phosphorylation,1.0,Reactome
P08173,P32298,unknown,Phosphorylation,1.0,Reactome
P08173,P34947,unknown,Phosphorylation,1.0,Reactome
P08173,P35626,unknown,Phosphorylation,1.0,Reactome
P08173,P43250,unknown,Phosphorylation,1.0,Reactome
P08173,Q15835,unknown,Phosphorylation,1.0,Reactome
P08173,Q8WTQ7,unknown,Phosphorylation,1.0,Reactome
P08183,P17252,unknown,Phosphorylation,1.0,PhosphoSitePlus
P08183,P17612,unknown,Phosphorylation,1.0,PhosphoSitePlus
P08195,P68400,unknown,Phosphorylation,1.0,PhosphoSitePlus
P08235,P34947,unknown,Phosphorylation,0.26,SIGNOR
P08238,O14733,Y,Phosphorylation,1.0,UniProt
P08238,O15146,Y,Phosphorylation,1.0,UniProt
P08238,P00533,Y,Phosphorylation,1.0,UniProt
P08238,P04626,Y,Phosphorylation,1.0,UniProt
P08238,P04629,Y,Phosphorylation,1.0,UniProt
P08238,P06239,Y,Phosphorylation,1.0,UniProt
P08238,P06241,Y,Phosphorylation,1.0,UniProt
P08238,P07947,Y,Phosphorylation,1.0,UniProt
P08238,P07948,Y,Phosphorylation,1.0,UniProt
P08238,P08631,Y,Phosphorylation,1.0,UniProt
P08238,P09769,Y,Phosphorylation,1.0,UniProt
P08238,P11362,Y,Phosphorylation,1.0,UniProt
P08238,P12931,Y301,Phosphorylation,1.0,PhosphoSitePlus;SIGNOR;iPTMnet
P08238,P14616,Y,Phosphorylation,1.0,UniProt
P08238,P16591,Y,Phosphorylation,1.0,UniProt
P08238,P21860,Y,Phosphorylation,1.0,UniProt
P08238,P22607,Y,Phosphorylation,1.0,UniProt
P08238,P27361,unknown,Phosphorylation,1.0,Reactome
P08238,P28482,unknown,Phosphorylation,1.0,Reactome
P08238,P29317,Y,Phosphorylation,1.0,UniProt
P08238,P29597,Y,Phosphorylation,1.0,UniProt
P08238,P30530,Y,Phosphorylation,1.0,UniProt
P08238,P35916,Y,Phosphorylation,1.0,UniProt
P08238,P42679,Y,Phosphorylation,1.0,UniProt
P08238,P49761,Y,Phosphorylation,1.0,UniProt
P08238,P51451,Y,Phosphorylation,1.0,UniProt
P08238,P51813,Y,Phosphorylation,1.0,UniProt
P08238,P68400,unknown,Phosphorylation,100.0,PhosphoNetworks;PhosphoSitePlus
P08238,Q01974,Y,Phosphorylation,1.0,UniProt
P08238,Q06187,Y,Phosphorylation,1.0,UniProt
P08238,Q06418,Y,Phosphorylation,1.0,UniProt
P08238,Q07912,Y,Phosphorylation,1.0,UniProt
P08238,Q08881,Y,Phosphorylation,1.0,UniProt
P08238,Q13163,Y,Phosphorylation,1.0,UniProt
P08238,Q13882,Y,Phosphorylation,1.0,UniProt
P08238,Q15303,Y,Phosphorylation,1.0,UniProt
P08238,Q16832,Y,Phosphorylation,1.0,UniProt
P08238,Q6J9G0,Y,Phosphorylation,1.0,UniProt
P08238,Q6P2M8,unknown,Phosphorylation,1.0,PhosphoSitePlus
P08238,Q96GD4,unknown,Phosphorylation,1.0,PhosphoSitePlus
P08238,Q96S53,Y,Phosphorylation,1.0,UniProt
P08238,Q9H4B4,unknown,Phosphorylation,1.0,PhosphoSitePlus
P08238,Q9NR20,Y,Phosphorylation,1.0,UniProt
P08238,Q9UM73,Y,Phosphorylation,1.0,UniProt
P08253,P17252,unknown,Phosphorylation,1.0,PhosphoSitePlus
P08254,P17252,unknown,Phosphorylation,1.0,Reactome
P08473,P68400,unknown,Phosphorylation,1.0,PhosphoSitePlus
P08487,P09619,Y,Phosphorylation,1.0,UniProt
P08514,O15530,unknown,Phosphorylation,1.0,Reactome
P08514,P12931,unknown,Phosphorylation,1.0,Reactome
P08514,P31749,unknown,Phosphorylation,1.0,Reactome
P08514,Q05397,unknown,Phosphorylation,1.0,Reactome
P08514,Q14289,unknown,Phosphorylation,1.0,Reactome
P08559,O15530,unknown,Phosphorylation,100.0,PhosphoNetworks;PhosphoSitePlus
P08559,P12931,Y289,Phosphorylation,0.35,SIGNOR
P08559,Q15118,unknown,Phosphorylation,1.0,PhosphoSitePlus;Reactome
P08559,Q15119,unknown,Phosphorylation,1.0,PhosphoSitePlus
P08559,Q15120,unknown,Phosphorylation,100.0,PhosphoNetworks;PhosphoSitePlus;Reactome
P08559,Q16654,unknown,Phosphorylation,1.0,PhosphoSitePlus;Reactome
P08567,P17252,unknown,Phosphorylation,100.0,PhosphoNetworks;PhosphoSitePlus
P08572,Q05397,unknown,Phosphorylation,1.0,Reactome
P08572,Q14289,unknown,Phosphorylation,1.0,Reactome
P08575,P00533,Y,Phosphorylation,1.0,UniProt
P08575,P04626,Y,Phosphorylation,1.0,UniProt
P08575,P06239,Y,Phosphorylation,1.0,UniProt
P08575,P41240,Y1218,Phosphorylation,100.0,PhosphoNetworks;PhosphoSitePlus;SIGNOR;UniProt;iPTMnet
P08575,P68400,unknown,Phosphorylation,100.0,PhosphoNetworks;PhosphoSitePlus
P08575,Q02763,Y,Phosphorylation,1.0,UniProt
P08581,P00519,unknown,Phosphorylation,1.0,PhosphoSitePlus
P08581,P00533,Y,Phosphorylation,1.0,UniProt
P08581,P06239,Y,Phosphorylation,1.0,UniProt
P08581,P07947,Y,Phosphorylation,1.0,UniProt
P08581,P07948,Y,Phosphorylation,1.0,UniProt
P08581,P08581,Y1234;Y1235;Y1349;Y1356,Phosphorylation,1.0,PhosphoSitePlus;SIGNOR;iPTMnet
P08581,P09769,Y,Phosphorylation,1.0,UniProt
P08581,P12931,Y,Phosphorylation,1.0,UniProt
P08581,P17252,unknown,Phosphorylation,1.0,PhosphoSitePlus
P08581,P35968,Y,Phosphorylation,1.0,UniProt
P08581,P42680,Y,Phosphorylation,1.0,UniProt
P08581,P43403,Y,Phosphorylation,1.0,UniProt
P08581,P43405,Y,Phosphorylation,1.0,UniProt
P08581,P51813,unknown,Phosphorylation,1.0,PhosphoSitePlus
P08581,Q02156,unknown,Phosphorylation,1.0,PhosphoSitePlus
P08581,Q04912,Y1234,Phosphorylation,1.0,PhosphoSitePlus;iPTMnet
P08581,Q05655,unknown,Phosphorylation,100.0,PhosphoNetworks;PhosphoSitePlus
P08581,Q16288,Y,Phosphorylation,1.0,UniProt
P08588,P17612,unknown,Phosphorylation,1.0,PhosphoSitePlus
P08588,P25098,unknown,Phosphorylation,1.0,Reactome
P08588,P32298,unknown,Phosphorylation,1.0,Reactome
P08588,P34947,unknown,Phosphorylation,1.0,Reactome
P08588,P35626,unknown,Phosphorylation,1.0,Reactome
P08588,P43250,unknown,Phosphorylation,1.0,Reactome
P08588,Q15835,unknown,Phosphorylation,1.0,Reactome
P08588,Q8WTQ7,unknown,Phosphorylation,1.0,Reactome
P08620,P27361,unknown,Phosphorylation,1.0,Reactome
P08620,P28482,unknown,Phosphorylation,1.0,Reactome
P08621,P24941,unknown,Phosphorylation,1.0,PhosphoSitePlus
P08621,P49760,Y,Phosphorylation,1.0,UniProt
P08631,P00519,Y,Phosphorylation,1.0,UniProt
P08631,P00533,Y,Phosphorylation,1.0,UniProt
P08631,P08631,Y411;Y51;Y522,Phosphorylation,1.0,PhosphoSitePlus;SIGNOR;iPTMnet
P08631,P10721,Y,Phosphorylation,1.0,UniProt
P08631,P21860,Y,Phosphorylation,1.0,UniProt
P08631,P41240,Y522,Phosphorylation,1.0,iPTMnet
P08631,P42679,Y522,Phosphorylation,1.0,iPTMnet
P08631,Q05397,Y,Phosphorylation,1.0,UniProt
P08637,P06241,unknown,Phosphorylation,1.0,Reactome
P08637,P07947,unknown,Phosphorylation,1.0,Reactome
P08637,P07948,unknown,Phosphorylation,1.0,Reactome
P08637,P08631,unknown,Phosphorylation,1.0,Reactome
P08637,P09769,unknown,Phosphorylation,1.0,Reactome
P08637,P12931,unknown,Phosphorylation,1.0,Reactome
P08648,P31749,unknown,Phosphorylation,1.0,Reactome
P08648,Q14289,unknown,Phosphorylation,1.0,Reactome
P08670,P00540,unknown,Phosphorylation,1.0,PhosphoSitePlus
P08670,P05771,unknown,Phosphorylation,0.2,SIGNOR
P08670,P06493,unknown,Phosphorylation,1.0,PhosphoSitePlus
P08670,P17252,unknown,Phosphorylation,1.0,PhosphoSitePlus
P08670,P17612,unknown,Phosphorylation,1.0,PhosphoSitePlus
P08670,P24941,unknown,Phosphorylation,1.0,PhosphoSitePlus
P08670,P31749,unknown,Phosphorylation,1.0,PhosphoSitePlus
P08670,P51451,Y,Phosphorylation,1.0,UniProt
P08670,P53350,unknown,Phosphorylation,1.0,PhosphoSitePlus
P08670,P78527,unknown,Phosphorylation,1.0,PhosphoSitePlus
P08670,Q00535,unknown,Phosphorylation,1.0,PhosphoSitePlus
P08670,Q13153,unknown,Phosphorylation,100.0,PhosphoNetworks;PhosphoSitePlus
P08670,Q13464,unknown,Phosphorylation,1.0,PhosphoSitePlus
P08670,Q96GD4,unknown,Phosphorylation,100.0,PhosphoNetworks;PhosphoSitePlus
P08670,Q9UQM7,unknown,Phosphorylation,1.0,PhosphoSitePlus
P08684,P17252,unknown,Phosphorylation,1.0,PhosphoSitePlus
P08684,P17612,unknown,Phosphorylation,1.0,PhosphoSitePlus
P08727,P12931,Y391,Phosphorylation,1.0,PhosphoSitePlus;SIGNOR;iPTMnet
P08727,P22607,Y,Phosphorylation,1.0,UniProt
P08833,P68400,unknown,Phosphorylation,1.0,PhosphoSitePlus
P08908,P11362,Y,Phosphorylation,1.0,UniProt
P08908,P25098,unknown,Phosphorylation,1.0,Reactome
P08908,P32298,unknown,Phosphorylation,1.0,Reactome
P08908,P34947,unknown,Phosphorylation,1.0,Reactome
P08908,P35626,unknown,Phosphorylation,1.0,Reactome
P08908,P43250,unknown,Phosphorylation,1.0,Reactome
P08908,Q15835,unknown,Phosphorylation,1.0,Reactome
P08908,Q8WTQ7,unknown,Phosphorylation,1.0,Reactome
P08921,P06239,Y,Phosphorylation,1.0,UniProt
P08922,P08922,Y2274;Y2334,Phosphorylation,1.0,iPTMnet
P09017,P49761,Y,Phosphorylation,1.0,UniProt
P09038,P11362,Y,Phosphorylation,1.0,UniProt
P09038,P17252,unknown,Phosphorylation,100.0,PhosphoNetworks
P09038,P21802,Y,Phosphorylation,1.0,UniProt
P09038,P42680,Y215;Y257,Phosphorylation,1.0,PhosphoSitePlus;iPTMnet
P09086,P07947,unknown,Phosphorylation,0.2,SIGNOR
P09211,P00533,Y199;Y4;Y8,Phosphorylation,1.0,PhosphoSitePlus;SIGNOR;iPTMnet
P09211,P17252,unknown,Phosphorylation,1.0,PhosphoSitePlus
P09327,P12931,Y256;Y46;Y60;Y64;Y81,Phosphorylation,1.0,PhosphoSitePlus;SIGNOR;iPTMnet
P09382,P35968,Y,Phosphorylation,1.0,UniProt
P09417,Q16566,unknown,Phosphorylation,100.0,PhosphoNetworks
P09429,Q16566,unknown,Phosphorylation,0.286,SIGNOR
P09467,Q9Y572,unknown,Phosphorylation,2.84,PhosphoNetworks
P09493,P42336,unknown,Phosphorylation,1.0,PhosphoSitePlus
P09493,P53355,unknown,Phosphorylation,1.0,PhosphoSitePlus
P09496,O75582,unknown,Phosphorylation,1.0,Reactome
P09496,O75676,unknown,Phosphorylation,1.0,Reactome
P09496,P28482,unknown,Phosphorylation,1.0,Reactome
P09496,P51812,unknown,Phosphorylation,1.0,Reactome
P09496,Q15349,unknown,Phosphorylation,1.0,Reactome
P09496,Q15418,unknown,Phosphorylation,1.0,Reactome
P09496,Q9UK32,unknown,Phosphorylation,1.0,Reactome
P09601,P31749,unknown,Phosphorylation,1.0,PhosphoSitePlus
P09603,P07333,Y,Phosphorylation,1.0,UniProt
P09619,P00519,Y686;Y934;Y970,Phosphorylation,1.0,PhosphoSitePlus;SIGNOR;iPTMnet
P09619,P06241,Y,Phosphorylation,1.0,UniProt
P09619,P07947,Y,Phosphorylation,1.0,UniProt
P09619,P09619,Y1009;Y1021;Y562;Y579;Y581;Y716;Y740;Y751;Y763;Y771;Y775;Y778;Y857,Phosphorylation,1.0,PhosphoSitePlus;SIGNOR;iPTMnet
P09619,P35968,Y,Phosphorylation,1.0,UniProt
P09619,P42684,unknown,Phosphorylation,1.0,PhosphoSitePlus
P09622,O14874,unknown,Phosphorylation,1.0,Reactome
P09622,Q15118,unknown,Phosphorylation,1.0,Reactome
P09622,Q15120,unknown,Phosphorylation,1.0,Reactome
P09622,Q16654,unknown,Phosphorylation,1.0,Reactome
P09629,P22607,Y,Phosphorylation,1.0,UniProt
P09629,P49761,Y,Phosphorylation,1.0,UniProt
P09629,P68400,unknown,Phosphorylation,1.0,PhosphoSitePlus
P09651,P31749,unknown,Phosphorylation,1.0,PhosphoSitePlus
P09651,P68400,unknown,Phosphorylation,100.0,PhosphoNetworks;PhosphoSitePlus
P09651,Q9BUB5,unknown,Phosphorylation,1.0,PhosphoSitePlus
P09693,P06241,unknown,Phosphorylation,1.0,Reactome
P09693,P07947,unknown,Phosphorylation,1.0,Reactome
P09693,P07948,unknown,Phosphorylation,1.0,Reactome
P09693,P08631,unknown,Phosphorylation,1.0,Reactome
P09693,P09769,unknown,Phosphorylation,1.0,Reactome
P09693,P12931,unknown,Phosphorylation,1.0,Reactome
P09693,P17252,unknown,Phosphorylation,1.0,PhosphoSitePlus
P09758,P17252,unknown,Phosphorylation,100.0,PhosphoNetworks;PhosphoSitePlus
P09769,O15530,unknown,Phosphorylation,4.1,PhosphoNetworks
P09769,O60674,unknown,Phosphorylation,3.61,PhosphoNetworks
P09769,P00533,Y,Phosphorylation,1.0,UniProt
P09769,P04626,Y,Phosphorylation,1.0,UniProt
P09769,P06239,unknown,Phosphorylation,3.05,PhosphoNetworks
P09769,P08581,Y,Phosphorylation,1.0,UniProt
P09769,P09769,Y412;Y523,Phosphorylation,1.0,iPTMnet
P09769,P10721,Y,Phosphorylation,1.0,UniProt
P09769,P23443,unknown,Phosphorylation,3.68,PhosphoNetworks
P09769,P28482,unknown,Phosphorylation,5.62,PhosphoNetworks
P09769,P31749,unknown,Phosphorylation,22.21,PhosphoNetworks
P09769,P37173,unknown,Phosphorylation,11.83,PhosphoNetworks
P09769,P41240,Y523,Phosphorylation,1.0,PhosphoNetworks;iPTMnet
P09769,P42679,unknown,Phosphorylation,3.68,PhosphoNetworks
P09769,P43403,unknown,Phosphorylation,2.84,PhosphoNetworks
P09769,P43405,unknown,Phosphorylation,637.7,PhosphoNetworks
P09769,P49841,unknown,Phosphorylation,5.52,PhosphoNetworks
P09769,P50613,unknown,Phosphorylation,4.31,PhosphoNetworks
P09769,Q00535,unknown,Phosphorylation,4.26,PhosphoNetworks
P09769,Q04771,unknown,Phosphorylation,1.57,PhosphoNetworks
P09769,Q05397,unknown,Phosphorylation,84.87,PhosphoNetworks
P09769,Q05513,unknown,Phosphorylation,3.11,PhosphoNetworks
P09769,Q06187,unknown,Phosphorylation,4.26,PhosphoNetworks
P09769,Q06418,unknown,Phosphorylation,1.57,PhosphoNetworks
P09769,Q13153,unknown,Phosphorylation,1.89,PhosphoNetworks
P09769,Q14289,unknown,Phosphorylation,4.1,PhosphoNetworks
P09769,Q8TD08,unknown,Phosphorylation,1.57,PhosphoNetworks
P09769,Q9Y2H1,unknown,Phosphorylation,3.75,PhosphoNetworks
P09874,P00533,unknown,Phosphorylation,0.396,SIGNOR
P09874,P08581,Y907,Phosphorylation,0.39,SIGNOR
P09874,P24941,unknown,Phosphorylation,0.359,SIGNOR
P09874,P28482,unknown,Phosphorylation,1.0,PhosphoSitePlus
P09874,P54646,unknown,Phosphorylation,1.0,PhosphoSitePlus
P09874,P78527,unknown,Phosphorylation,0.526,SIGNOR
P09874,Q05655,unknown,Phosphorylation,0.2,SIGNOR
P09917,P07947,Y,Phosphorylation,1.0,UniProt
P09917,P08631,Y,Phosphorylation,1.0,UniProt
P09917,P09769,Y,Phosphorylation,1.0,UniProt
P09917,P17612,unknown,Phosphorylation,1.0,PhosphoSitePlus
P09917,P28482,unknown,Phosphorylation,1.0,PhosphoSitePlus
P09917,P49137,unknown,Phosphorylation,1.0,PhosphoSitePlus;Reactome
P09917,Q9UQM7,unknown,Phosphorylation,1.0,PhosphoSitePlus
P09936,P00533,Y,Phosphorylation,1.0,UniProt
P09958,P68400,unknown,Phosphorylation,1.0,PhosphoSitePlus
P0C1S8,P17612,unknown,Phosphorylation,1.0,PhosphoSitePlus
P0C1S8,Q9UQM7,unknown,Phosphorylation,1.0,PhosphoSitePlus
P0C1Z6,P06493,unknown,Phosphorylation,1.0,PhosphoSitePlus
P0CF74,P07947,unknown,Phosphorylation,1.0,Reactome
P0CF74,P08631,unknown,Phosphorylation,1.0,Reactome
P0CF74,P09769,unknown,Phosphorylation,1.0,Reactome
P0CF74,P12931,unknown,Phosphorylation,1.0,Reactome
P0CG04,P07947,unknown,Phosphorylation,1.0,Reactome
P0CG04,P08631,unknown,Phosphorylation,1.0,Reactome
P0CG04,P09769,unknown,Phosphorylation,1.0,Reactome
P0CG04,P12931,unknown,Phosphorylation,1.0,Reactome
P0CG47,O00141,unknown,Phosphorylation,1.0,Reactome
P0CG47,O14733,unknown,Phosphorylation,34.96,PhosphoNetworks
P0CG47,O14965,unknown,Phosphorylation,1.0,Reactome
P0CG47,O43318,unknown,Phosphorylation,1.0,Reactome
P0CG47,O60566,unknown,Phosphorylation,1.0,Reactome
P0CG47,O60674,unknown,Phosphorylation,1.0,Reactome
P0CG47,P04049,unknown,Phosphorylation,1.0,Reactome
P0CG47,P04626,unknown,Phosphorylation,1.0,Reactome
P0CG47,P06241,unknown,Phosphorylation,1.0,Reactome
P0CG47,P06493,unknown,Phosphorylation,1.0,Reactome
P0CG47,P07333,unknown,Phosphorylation,1.0,Reactome
P0CG47,P07947,unknown,Phosphorylation,15.18,PhosphoNetworks;Reactome
P0CG47,P07948,unknown,Phosphorylation,1.0,Reactome
P0CG47,P08581,unknown,Phosphorylation,1.0,Reactome
P0CG47,P08631,unknown,Phosphorylation,1.0,Reactome
P0CG47,P11362,unknown,Phosphorylation,1.0,Reactome
P0CG47,P11802,unknown,Phosphorylation,50.32,PhosphoNetworks
P0CG47,P12931,unknown,Phosphorylation,1.0,Reactome
P0CG47,P21802,unknown,Phosphorylation,1.0,Reactome
P0CG47,P21860,unknown,Phosphorylation,1.0,Reactome
P0CG47,P22455,unknown,Phosphorylation,1.0,Reactome
P0CG47,P22607,unknown,Phosphorylation,1.0,Reactome
P0CG47,P24941,unknown,Phosphorylation,1.0,Reactome
P0CG47,P30291,unknown,Phosphorylation,50.32,PhosphoNetworks
P0CG47,P36888,unknown,Phosphorylation,1.0,Reactome
P0CG47,P36897,unknown,Phosphorylation,1.0,Reactome
P0CG47,P37173,unknown,Phosphorylation,1.0,Reactome
P0CG47,P41279,unknown,Phosphorylation,1.0,Reactome
P0CG47,P43405,unknown,Phosphorylation,1.0,Reactome
P0CG47,P50613,unknown,Phosphorylation,1.0,Reactome
P0CG47,P51617,unknown,Phosphorylation,1.0,Reactome
P0CG47,P51955,unknown,Phosphorylation,2.25,PhosphoNetworks;Reactome
P0CG47,P53350,unknown,Phosphorylation,1.0,Reactome
P0CG47,P53779,unknown,Phosphorylation,13.8,PhosphoNetworks
P0CG47,Q05513,unknown,Phosphorylation,13.8,PhosphoNetworks
P0CG47,Q13315,unknown,Phosphorylation,1.0,Reactome
P0CG47,Q14289,unknown,Phosphorylation,13.8,PhosphoNetworks
P0CG47,Q15303,unknown,Phosphorylation,1.0,Reactome
P0CG47,Q96BR1,unknown,Phosphorylation,1.0,Reactome
P0CG47,Q96GD4,unknown,Phosphorylation,1.0,Reactome
P0CG47,Q96QP1,unknown,Phosphorylation,1.0,Reactome
P0CG47,Q99558,unknown,Phosphorylation,1.0,Reactome
P0CG47,Q9BXM7,unknown,Phosphorylation,1.0,PhosphoSitePlus
P0CG47,Q9HBY8,unknown,Phosphorylation,1.0,Reactome
P0CG47,Q9UHD2,unknown,Phosphorylation,1.0,Reactome
P0CG47,Q9Y572,unknown,Phosphorylation,1.0,Reactome
P0CG48,O00141,unknown,Phosphorylation,1.0,Reactome
P0CG48,O14965,unknown,Phosphorylation,1.0,Reactome
P0CG48,O43318,unknown,Phosphorylation,1.0,Reactome
P0CG48,O60566,unknown,Phosphorylation,1.0,Reactome
P0CG48,O60674,unknown,Phosphorylation,1.0,Reactome
P0CG48,P04049,unknown,Phosphorylation,1.0,Reactome
P0CG48,P04626,unknown,Phosphorylation,1.0,Reactome
P0CG48,P06239,Y,Phosphorylation,1.0,UniProt
P0CG48,P06241,unknown,Phosphorylation,1.0,Reactome
P0CG48,P06493,unknown,Phosphorylation,1.0,Reactome
P0CG48,P07333,unknown,Phosphorylation,1.0,Reactome
P0CG48,P07947,unknown,Phosphorylation,1.0,Reactome
P0CG48,P07948,unknown,Phosphorylation,1.0,Reactome
P0CG48,P08581,unknown,Phosphorylation,1.0,Reactome
P0CG48,P08631,unknown,Phosphorylation,1.0,Reactome
P0CG48,P11362,unknown,Phosphorylation,1.0,Reactome
P0CG48,P12931,unknown,Phosphorylation,1.0,Reactome
P0CG48,P21802,unknown,Phosphorylation,1.0,Reactome
P0CG48,P21860,unknown,Phosphorylation,1.0,Reactome
P0CG48,P22455,unknown,Phosphorylation,1.0,Reactome
P0CG48,P22607,unknown,Phosphorylation,1.0,Reactome
P0CG48,P24941,unknown,Phosphorylation,1.0,Reactome
P0CG48,P36888,unknown,Phosphorylation,1.0,Reactome
P0CG48,P36897,unknown,Phosphorylation,1.0,Reactome
P0CG48,P37173,unknown,Phosphorylation,1.0,Reactome
P0CG48,P41279,unknown,Phosphorylation,1.0,Reactome
P0CG48,P43405,unknown,Phosphorylation,1.0,Reactome
P0CG48,P50613,unknown,Phosphorylation,1.0,Reactome
P0CG48,P51617,unknown,Phosphorylation,1.0,Reactome
P0CG48,P51955,unknown,Phosphorylation,1.0,Reactome
P0CG48,P53350,unknown,Phosphorylation,1.0,Reactome
P0CG48,Q13315,unknown,Phosphorylation,1.0,Reactome
P0CG48,Q15303,unknown,Phosphorylation,1.0,Reactome
P0CG48,Q96BR1,unknown,Phosphorylation,1.0,Reactome
P0CG48,Q96GD4,unknown,Phosphorylation,1.0,Reactome
P0CG48,Q96QP1,unknown,Phosphorylation,1.0,Reactome
P0CG48,Q99558,unknown,Phosphorylation,1.0,Reactome
P0CG48,Q9HBY8,unknown,Phosphorylation,1.0,Reactome
P0CG48,Q9UHD2,unknown,Phosphorylation,1.0,Reactome
P0CG48,Q9Y572,unknown,Phosphorylation,1.0,Reactome
P0CK45,P09619,Y,Phosphorylation,1.0,UniProt
P0DJD3,P49761,Y,Phosphorylation,1.0,UniProt
P0DMS8,P25098,unknown,Phosphorylation,1.0,Reactome
P0DMS8,P32298,unknown,Phosphorylation,1.0,Reactome
P0DMS8,P34947,unknown,Phosphorylation,1.0,Reactome
P0DMS8,P35626,unknown,Phosphorylation,1.0,Reactome
P0DMS8,P43250,unknown,Phosphorylation,1.0,Reactome
P0DMS8,Q15835,unknown,Phosphorylation,1.0,Reactome
P0DMS8,Q8WTQ7,unknown,Phosphorylation,1.0,Reactome
P0DMV8,P43405,Y,Phosphorylation,1.0,UniProt
P0DMV9,P17612,unknown,Phosphorylation,1.0,PhosphoSitePlus
P0DOY2,P07947,unknown,Phosphorylation,1.0,Reactome
P0DOY2,P08631,unknown,Phosphorylation,1.0,Reactome
P0DOY2,P09769,unknown,Phosphorylation,1.0,Reactome
P0DOY2,P12931,unknown,Phosphorylation,1.0,Reactome
P0DOY3,P07947,unknown,Phosphorylation,1.0,Reactome
P0DOY3,P08631,unknown,Phosphorylation,1.0,Reactome
P0DOY3,P09769,unknown,Phosphorylation,1.0,Reactome
P0DOY3,P12931,unknown,Phosphorylation,1.0,Reactome
P0DP23,P00533,Y100,Phosphorylation,1.0,SIGNOR;iPTMnet
P0DP23,P06213,Y100;Y139,Phosphorylation,1.0,SIGNOR;iPTMnet
P0DP24,P00533,Y100,Phosphorylation,1.0,SIGNOR;iPTMnet
P0DP24,P06213,Y100,Phosphorylation,1.0,SIGNOR;iPTMnet
P0DP25,P00533,Y100,Phosphorylation,1.0,SIGNOR;iPTMnet
P0DP25,P06213,Y100,Phosphorylation,1.0,SIGNOR;iPTMnet
P0DP25,P68400,unknown,Phosphorylation,1.0,PhosphoSitePlus
P0DP58,P22607,Y,Phosphorylation,1.0,UniProt
P0DP91,P00519,unknown,Phosphorylation,0.271,SIGNOR
P0DPK4,P08631,Y,Phosphorylation,1.0,UniProt
P0DQD2,P08581,Y,Phosphorylation,1.0,UniProt
P0DTC2,P00533,Y,Phosphorylation,1.0,UniProt
P0DTC2,P30530,Y,Phosphorylation,1.0,UniProt
P0DTC9,P19525,Y,Phosphorylation,1.0,UniProt
P0DW28,P12931,unknown,Phosphorylation,1.0,PhosphoSitePlus
P10070,P17612,unknown,Phosphorylation,1.0,Reactome;SIGNOR
P10070,P22612,unknown,Phosphorylation,1.0,Reactome
P10070,P22694,unknown,Phosphorylation,1.0,Reactome
P10070,P28482,unknown,Phosphorylation,1.0,PhosphoSitePlus
P10070,P31749,unknown,Phosphorylation,1.0,PhosphoSitePlus
P10070,P48729,unknown,Phosphorylation,1.0,Reactome;SIGNOR
P10070,P49841,unknown,Phosphorylation,1.0,Reactome
P10070,Q6PHR2,unknown,Phosphorylation,1.0,Reactome;SIGNOR
P10070,Q8N752,unknown,Phosphorylation,0.332,SIGNOR
P10070,Q92630,unknown,Phosphorylation,1.0,PhosphoSitePlus;SIGNOR
P10071,P17612,unknown,Phosphorylation,1.0,PhosphoSitePlus;Reactome;SIGNOR
P10071,P22612,unknown,Phosphorylation,1.0,Reactome
P10071,P22694,unknown,Phosphorylation,1.0,Reactome
P10071,P48729,unknown,Phosphorylation,1.0,Reactome;SIGNOR
P10071,P49841,unknown,Phosphorylation,1.0,Reactome
P10071,Q6PHR2,unknown,Phosphorylation,1.0,Reactome;SIGNOR
P10071,Q8N752,unknown,Phosphorylation,0.332,SIGNOR
P10242,P27361,unknown,Phosphorylation,100.0,PhosphoNetworks;PhosphoSitePlus
P10242,P49841,unknown,Phosphorylation,1.0,PhosphoSitePlus
P10242,P68400,unknown,Phosphorylation,100.0,PhosphoNetworks;PhosphoSitePlus
P10242,Q16539,unknown,Phosphorylation,1.0,PhosphoSitePlus
P10242,Q86Z02,unknown,Phosphorylation,0.2,SIGNOR
P10242,Q9UBE8,unknown,Phosphorylation,0.715,SIGNOR
P10243,P68400,unknown,Phosphorylation,1.0,PhosphoSitePlus
P10244,P24941,unknown,Phosphorylation,1.0,PhosphoSitePlus
P10244,P68400,unknown,Phosphorylation,1.0,PhosphoSitePlus
P10275,O14965,unknown,Phosphorylation,1.0,PhosphoSitePlus
P10275,P00519,Y,Phosphorylation,1.0,UniProt
P10275,P06239,Y,Phosphorylation,1.0,UniProt
P10275,P06493,unknown,Phosphorylation,1.0,PhosphoSitePlus
P10275,P07332,Y,Phosphorylation,1.0,UniProt
P10275,P07947,Y,Phosphorylation,1.0,UniProt
P10275,P07948,Y,Phosphorylation,1.0,UniProt
P10275,P09769,Y,Phosphorylation,1.0,UniProt
P10275,P11309,unknown,Phosphorylation,1.0,PhosphoSitePlus;SIGNOR
P10275,P12931,Y535,Phosphorylation,1.0,PhosphoSitePlus;SIGNOR;UniProt
P10275,P16591,Y225,Phosphorylation,1.0,PhosphoSitePlus;SIGNOR;iPTMnet
P10275,P17252,unknown,Phosphorylation,1.0,PhosphoSitePlus
P10275,P27361,unknown,Phosphorylation,1.0,PhosphoSitePlus
P10275,P28482,unknown,Phosphorylation,1.0,PhosphoSitePlus
P10275,P29320,Y535;Y552,Phosphorylation,0.273,SIGNOR
P10275,P31749,unknown,Phosphorylation,1.0,PhosphoSitePlus
P10275,P42679,Y,Phosphorylation,1.0,UniProt
P10275,P45983,unknown,Phosphorylation,1.0,PhosphoSitePlus
P10275,P49841,unknown,Phosphorylation,0.65,SIGNOR
P10275,P50613,unknown,Phosphorylation,1.0,PhosphoSitePlus
P10275,P51451,Y,Phosphorylation,1.0,UniProt
P10275,Q00535,unknown,Phosphorylation,1.0,PhosphoSitePlus
P10275,Q07912,Y269;Y365,Phosphorylation,1.0,PhosphoSitePlus;SIGNOR
P10275,Q13043,unknown,Phosphorylation,0.2,SIGNOR
P10275,Q16512,unknown,Phosphorylation,0.591,SIGNOR
P10275,Q16539,unknown,Phosphorylation,1.0,PhosphoSitePlus
P10275,Q9NQU5,unknown,Phosphorylation,1.0,PhosphoSitePlus
P10276,O75582,unknown,Phosphorylation,1.0,PhosphoSitePlus
P10276,P06493,unknown,Phosphorylation,1.0,PhosphoSitePlus
P10276,P17612,unknown,Phosphorylation,1.0,PhosphoSitePlus
P10276,P31749,unknown,Phosphorylation,1.0,PhosphoSitePlus
P10276,P45983,unknown,Phosphorylation,1.0,PhosphoSitePlus
P10276,P50613,unknown,Phosphorylation,100.0,PhosphoNetworks;PhosphoSitePlus
P10301,P06241,unknown,Phosphorylation,1.0,Reactome
P10301,P07332,unknown,Phosphorylation,1.0,Reactome
P10301,P08581,unknown,Phosphorylation,1.0,Reactome
P10301,P12931,Y66,Phosphorylation,1.0,PhosphoSitePlus;SIGNOR;iPTMnet
P10301,P29323,Y66,Phosphorylation,1.0,PhosphoSitePlus;SIGNOR;iPTMnet
P10301,Q05397,unknown,Phosphorylation,1.0,Reactome
P10301,Q14289,unknown,Phosphorylation,1.0,Reactome
P10398,P12931,unknown,Phosphorylation,1.0,PhosphoSitePlus
P10398,P36507,Y,Phosphorylation,1.0,UniProt
P10412,Q9UIG0,Y,Phosphorylation,1.0,UniProt
P10415,P06493,unknown,Phosphorylation,1.0,PhosphoSitePlus;SIGNOR
P10415,P17252,unknown,Phosphorylation,1.0,PhosphoSitePlus
P10415,P27361,unknown,Phosphorylation,1.0,PhosphoSitePlus
P10415,P28482,unknown,Phosphorylation,1.0,PhosphoSitePlus
P10415,P45983,unknown,Phosphorylation,100.0,PhosphoNetworks;PhosphoSitePlus;Reactome;SIGNOR
P10415,P45984,unknown,Phosphorylation,1.0,Reactome
P10415,P53779,unknown,Phosphorylation,1.0,PhosphoSitePlus
P10415,Q00535,unknown,Phosphorylation,1.0,PhosphoSitePlus
P10415,Q16539,unknown,Phosphorylation,1.0,PhosphoSitePlus
P10451,Q8IXL6,unknown,Phosphorylation,0.686,SIGNOR
P10515,Q15118,unknown,Phosphorylation,1.0,Reactome
P10515,Q15120,unknown,Phosphorylation,1.0,Reactome
P10515,Q16654,unknown,Phosphorylation,1.0,Reactome
P10523,P49761,Y,Phosphorylation,1.0,UniProt
P10586,P06241,Y1852;Y1861,Phosphorylation,1.0,iPTMnet
P10588,P17252,unknown,Phosphorylation,1.0,PhosphoSitePlus
P10588,Q04759,unknown,Phosphorylation,1.0,PhosphoSitePlus
P10588,Q05655,unknown,Phosphorylation,1.0,PhosphoSitePlus
P10599,P00533,Y,Phosphorylation,1.0,UniProt
P10599,P07947,unknown,Phosphorylation,15.83,PhosphoNetworks
P10599,P17252,unknown,Phosphorylation,1.0,PhosphoSitePlus
P10599,Q05397,unknown,Phosphorylation,5.45,PhosphoNetworks
P10599,Q14289,unknown,Phosphorylation,22.91,PhosphoNetworks
P10599,Q7KZI7,unknown,Phosphorylation,3.69,PhosphoNetworks
P10636,O00141,unknown,Phosphorylation,1.0,PhosphoSitePlus
P10636,O14757,unknown,Phosphorylation,1.0,PhosphoSitePlus
P10636,O15264,unknown,Phosphorylation,1.0,PhosphoSitePlus;SIGNOR
P10636,O96017,unknown,Phosphorylation,1.0,PhosphoSitePlus
P10636,P00519,Y305;Y336;Y394,Phosphorylation,1.0,iPTMnet
P10636,P05129,unknown,Phosphorylation,1.0,PhosphoSitePlus
P10636,P05771,unknown,Phosphorylation,1.0,PhosphoSitePlus
P10636,P06241,Y18,Phosphorylation,1.0,PhosphoSitePlus;SIGNOR;UniProt;iPTMnet
P10636,P06493,unknown,Phosphorylation,1.0,PhosphoSitePlus
P10636,P12931,unknown,Phosphorylation,1.0,PhosphoSitePlus
P10636,P17252,unknown,Phosphorylation,1.0,PhosphoSitePlus
P10636,P17612,unknown,Phosphorylation,1.0,PhosphoSitePlus
P10636,P19525,unknown,Phosphorylation,1.0,PhosphoSitePlus;Reactome;SIGNOR
P10636,P23443,unknown,Phosphorylation,1.0,PhosphoSitePlus
P10636,P27361,unknown,Phosphorylation,1.0,PhosphoSitePlus
P10636,P28482,unknown,Phosphorylation,1.0,PhosphoSitePlus
P10636,P33981,unknown,Phosphorylation,0.2,SIGNOR
P10636,P41743,unknown,Phosphorylation,1.0,PhosphoSitePlus
P10636,P42684,unknown,Phosphorylation,1.0,PhosphoSitePlus
P10636,P43405,Y18,Phosphorylation,1.0,PhosphoSitePlus;SIGNOR;iPTMnet
P10636,P45983,unknown,Phosphorylation,1.0,PhosphoSitePlus
P10636,P45984,unknown,Phosphorylation,1.0,PhosphoSitePlus
P10636,P48730,unknown,Phosphorylation,1.0,PhosphoSitePlus
P10636,P49840,unknown,Phosphorylation,1.0,PhosphoSitePlus;SIGNOR
P10636,P49841,unknown,Phosphorylation,100.0,PhosphoNetworks;PhosphoSitePlus
P10636,P53778,unknown,Phosphorylation,1.0,PhosphoSitePlus
P10636,Q00535,unknown,Phosphorylation,1.0,PhosphoSitePlus
P10636,Q02156,unknown,Phosphorylation,1.0,PhosphoSitePlus
P10636,Q05513,unknown,Phosphorylation,1.0,PhosphoSitePlus
P10636,Q13131,unknown,Phosphorylation,1.0,PhosphoSitePlus
P10636,Q13627,unknown,Phosphorylation,1.0,PhosphoSitePlus
P10636,Q15759,unknown,Phosphorylation,0.34,SIGNOR
P10636,Q16512,unknown,Phosphorylation,1.0,PhosphoSitePlus
P10636,Q16539,unknown,Phosphorylation,0.317,SIGNOR
P10636,Q5S007,unknown,Phosphorylation,1.0,PhosphoSitePlus;SIGNOR
P10636,Q5TCY1,unknown,Phosphorylation,1.0,PhosphoSitePlus
P10636,Q7KZI7,unknown,Phosphorylation,1.0,PhosphoSitePlus;SIGNOR
P10636,Q92630,unknown,Phosphorylation,1.0,PhosphoSitePlus
P10636,Q9BXM7,unknown,Phosphorylation,0.386,SIGNOR
P10636,Q9P0L2,unknown,Phosphorylation,1.0,PhosphoSitePlus
P10636,Q9UM73,unknown,Phosphorylation,0.2,SIGNOR
P10636,Q9UQM7,unknown,Phosphorylation,1.0,PhosphoSitePlus
P10644,O15530,unknown,Phosphorylation,4.02,PhosphoNetworks
P10644,P07947,unknown,Phosphorylation,2.84,PhosphoNetworks
P10644,P11362,unknown,Phosphorylation,8.97,PhosphoNetworks
P10644,P11802,unknown,Phosphorylation,480.2,PhosphoNetworks
P10644,P17612,unknown,Phosphorylation,858.24,PhosphoNetworks
P10644,P24941,unknown,Phosphorylation,1.0,PhosphoSitePlus
P10644,P28482,unknown,Phosphorylation,5.62,PhosphoNetworks
P10644,P30291,unknown,Phosphorylation,3.09,PhosphoNetworks
P10644,P43405,unknown,Phosphorylation,3.11,PhosphoNetworks
P10644,P45984,unknown,Phosphorylation,2.07,PhosphoNetworks
P10644,P49841,unknown,Phosphorylation,4.26,PhosphoNetworks
P10644,P51817,unknown,Phosphorylation,316.02,PhosphoNetworks
P10644,Q00536,unknown,Phosphorylation,1.0,PhosphoSitePlus
P10644,Q05655,unknown,Phosphorylation,4.26,PhosphoNetworks
P10644,Q13882,unknown,Phosphorylation,4.26,PhosphoNetworks
P10644,Q14289,unknown,Phosphorylation,4.02,PhosphoNetworks
P10644,Q15418,unknown,Phosphorylation,1.57,PhosphoNetworks
P10644,Q96RR4,unknown,Phosphorylation,2.79,PhosphoNetworks
P10644,Q9UQM7,unknown,Phosphorylation,1.57,PhosphoNetworks
P10644,Q9Y4K4,unknown,Phosphorylation,2.79,PhosphoNetworks
P10646,P28482,unknown,Phosphorylation,1.0,PhosphoSitePlus
P10646,P68400,unknown,Phosphorylation,100.0,PhosphoNetworks;PhosphoSitePlus
P10686,P11362,Y,Phosphorylation,1.0,UniProt
P10686,Q08881,Y,Phosphorylation,1.0,UniProt
P10721,O96017,unknown,Phosphorylation,0.287,SIGNOR
P10721,P00519,Y,Phosphorylation,1.0,UniProt
P10721,P06239,Y,Phosphorylation,1.0,UniProt
P10721,P07332,Y,Phosphorylation,1.0,UniProt
P10721,P07947,Y,Phosphorylation,1.0,UniProt
P10721,P07948,Y,Phosphorylation,1.0,UniProt
P10721,P08631,Y,Phosphorylation,1.0,UniProt
P10721,P09769,Y,Phosphorylation,1.0,UniProt
P10721,P10721,Y547;Y553;Y568;Y570;Y703;Y721;Y730;Y823;Y900;Y936,Phosphorylation,1.0,PhosphoSitePlus;SIGNOR;iPTMnet
P10721,P12931,Y900,Phosphorylation,1.0,PhosphoSitePlus;SIGNOR;UniProt;iPTMnet
P10721,P17252,unknown,Phosphorylation,100.0,PhosphoNetworks;PhosphoSitePlus;Reactome
P10721,P42681,Y,Phosphorylation,1.0,UniProt
P10721,P42684,Y,Phosphorylation,1.0,UniProt
P10721,P43403,Y,Phosphorylation,1.0,UniProt
P10721,P51451,Y,Phosphorylation,1.0,UniProt
P10721,Q13882,Y,Phosphorylation,1.0,UniProt
P10747,P06239,Y191,Phosphorylation,100.0,PhosphoNetworks;SIGNOR;iPTMnet
P10747,P06241,Y191,Phosphorylation,1.0,Reactome;iPTMnet
P10747,P07947,unknown,Phosphorylation,1.0,Reactome
P10747,P07948,unknown,Phosphorylation,1.0,Reactome
P10747,P12931,unknown,Phosphorylation,1.0,Reactome
P10747,Q08881,Y191;Y206;Y209;Y218,Phosphorylation,100.0,PhosphoNetworks;SIGNOR;iPTMnet
P10767,P27361,unknown,Phosphorylation,1.0,Reactome
P10767,P28482,unknown,Phosphorylation,1.0,Reactome
P10809,P22607,Y,Phosphorylation,1.0,UniProt
P10827,P31749,unknown,Phosphorylation,2.68,PhosphoNetworks
P10827,P68400,unknown,Phosphorylation,1.0,PhosphoSitePlus
P10828,P27361,unknown,Phosphorylation,100.0,PhosphoNetworks;PhosphoSitePlus
P10828,P28482,unknown,Phosphorylation,100.0,PhosphoNetworks;PhosphoSitePlus
P10912,O60674,unknown,Phosphorylation,100.0,PhosphoNetworks;SIGNOR
P10912,P54764,unknown,Phosphorylation,0.2,SIGNOR
P10914,Q14164,unknown,Phosphorylation,1.0,PhosphoSitePlus
P10916,O43293,unknown,Phosphorylation,1.0,PhosphoSitePlus
P10916,Q15746,unknown,Phosphorylation,1.0,PhosphoSitePlus;SIGNOR
P11021,P04626,Y,Phosphorylation,1.0,UniProt
P11021,Q16539,unknown,Phosphorylation,1.0,PhosphoSitePlus
P11021,Q9NZJ5,Y,Phosphorylation,1.0,UniProt
P11047,O14757,unknown,Phosphorylation,1.0,PhosphoSitePlus
P11047,Q05397,unknown,Phosphorylation,1.0,Reactome
P11047,Q14289,unknown,Phosphorylation,1.0,Reactome
P11049,P07948,Y,Phosphorylation,1.0,UniProt
P11049,P43405,Y,Phosphorylation,1.0,UniProt
P11137,P06241,Y67,Phosphorylation,100.0,PhosphoNetworks;PhosphoSitePlus;iPTMnet
P11137,P07948,unknown,Phosphorylation,100.0,PhosphoNetworks
P11137,P17612,unknown,Phosphorylation,1.0,PhosphoSitePlus
P11142,P00533,Y,Phosphorylation,1.0,UniProt
P11142,P07947,unknown,Phosphorylation,15.54,PhosphoNetworks
P11142,P54646,unknown,Phosphorylation,1.0,Reactome
P11171,P00533,Y418;Y437;Y660,Phosphorylation,1.0,PhosphoSitePlus;SIGNOR;iPTMnet
P11171,P05771,unknown,Phosphorylation,1.0,PhosphoSitePlus
P11171,P06493,unknown,Phosphorylation,1.0,PhosphoSitePlus
P11172,P54764,Y,Phosphorylation,1.0,UniProt
P11177,Q15118,unknown,Phosphorylation,1.0,Reactome
P11177,Q15120,unknown,Phosphorylation,1.0,Reactome
P11177,Q16654,unknown,Phosphorylation,1.0,Reactome
P11182,O14874,unknown,Phosphorylation,1.0,Reactome
P11215,Q05397,unknown,Phosphorylation,1.0,Reactome
P11215,Q14289,unknown,Phosphorylation,1.0,Reactome
P11216,P15735,unknown,Phosphorylation,1.0,Reactome
P11216,Q16816,unknown,Phosphorylation,1.0,Reactome
P11216,Q8IWU2,unknown,Phosphorylation,1.0,PhosphoSitePlus
P11217,P15735,unknown,Phosphorylation,1.0,Reactome
P11217,Q16816,unknown,Phosphorylation,1.0,Reactome
P11233,O14965,unknown,Phosphorylation,1.0,PhosphoSitePlus
P11234,P17252,unknown,Phosphorylation,1.0,PhosphoSitePlus
P11274,P00519,unknown,Phosphorylation,1.0,PhosphoSitePlus
P11274,P06241,unknown,Phosphorylation,1.0,PhosphoSitePlus
P11274,P07332,Y177;Y246;Y276;Y279;Y283,Phosphorylation,1.0,PhosphoSitePlus;SIGNOR;iPTMnet
P11274,P07948,unknown,Phosphorylation,1.0,PhosphoSitePlus
P11274,P08631,Y177,Phosphorylation,100.0,PhosphoNetworks;PhosphoSitePlus;iPTMnet
P11274,P68400,unknown,Phosphorylation,100.0,PhosphoNetworks
P11277,P12931,unknown,Phosphorylation,1.0,Reactome
P11277,Q05397,unknown,Phosphorylation,1.0,Reactome
P11308,P28482,unknown,Phosphorylation,1.0,PhosphoSitePlus
P11308,P30291,Y183,Phosphorylation,0.2,SIGNOR
P11308,P48730,unknown,Phosphorylation,0.2,SIGNOR
P11309,O43318,unknown,Phosphorylation,24.41,PhosphoNetworks
P11309,P51813,Y,Phosphorylation,1.0,PhosphoSitePlus;UniProt
P11362,P11362,Y154;Y280;Y307;Y463;Y583;Y585;Y605;Y653;Y654;Y730;Y766,Phosphorylation,1.0,PhosphoSitePlus;SIGNOR;iPTMnet
P11362,P21802,Y,Phosphorylation,1.0,UniProt
P11362,P22455,Y,Phosphorylation,1.0,UniProt
P11362,P27361,unknown,Phosphorylation,1.0,PhosphoSitePlus;Reactome
P11362,P28482,unknown,Phosphorylation,1.0,PhosphoSitePlus;Reactome
P11362,P51812,unknown,Phosphorylation,1.0,PhosphoSitePlus
P11362,P51813,unknown,Phosphorylation,1.0,PhosphoSitePlus
P11362,P54764,unknown,Phosphorylation,0.401,SIGNOR
P11362,Q02156,unknown,Phosphorylation,1.0,PhosphoSitePlus
P11362,Q16539,unknown,Phosphorylation,1.0,PhosphoSitePlus
P11387,P00519,Y268,Phosphorylation,1.0,PhosphoSitePlus;SIGNOR;UniProt;iPTMnet
P11387,P06493,unknown,Phosphorylation,1.0,PhosphoSitePlus
P11387,P17252,unknown,Phosphorylation,1.0,PhosphoSitePlus
P11387,P68400,unknown,Phosphorylation,1.0,PhosphoSitePlus
P11388,P06493,unknown,Phosphorylation,1.0,PhosphoSitePlus
P11388,P27361,unknown,Phosphorylation,100.0,PhosphoNetworks;PhosphoSitePlus
P11388,P28482,unknown,Phosphorylation,100.0,PhosphoNetworks;PhosphoSitePlus
P11388,P49841,unknown,Phosphorylation,1.0,PhosphoSitePlus
P11388,P53350,unknown,Phosphorylation,1.0,PhosphoSitePlus
P11388,P68400,unknown,Phosphorylation,100.0,PhosphoNetworks;PhosphoSitePlus
P11388,Q9H4B4,unknown,Phosphorylation,1.0,PhosphoSitePlus
P11413,P12931,unknown,Phosphorylation,1.0,PhosphoSitePlus
P11413,Q05655,unknown,Phosphorylation,1.0,PhosphoSitePlus
P11441,P22607,Y,Phosphorylation,1.0,UniProt
P11473,P06239,unknown,Phosphorylation,2.68,PhosphoNetworks
P11473,P17252,unknown,Phosphorylation,1.0,PhosphoSitePlus
P11473,P17612,unknown,Phosphorylation,1.0,PhosphoSitePlus
P11473,P68400,unknown,Phosphorylation,100.0,PhosphoNetworks;PhosphoSitePlus
P11487,P27361,unknown,Phosphorylation,1.0,Reactome
P11487,P28482,unknown,Phosphorylation,1.0,Reactome
P11498,Q16654,unknown,Phosphorylation,0.375,SIGNOR
P11511,P12931,Y361,Phosphorylation,1.0,PhosphoSitePlus;SIGNOR;iPTMnet
P11717,P68400,unknown,Phosphorylation,100.0,PhosphoNetworks;PhosphoSitePlus
P11802,P07947,Y17,Phosphorylation,1.0,PhosphoSitePlus;SIGNOR;iPTMnet
P11802,P07948,Y17,Phosphorylation,1.0,PhosphoSitePlus;iPTMnet
P11802,P12931,unknown,Phosphorylation,1.0,PhosphoSitePlus
P11802,P49841,unknown,Phosphorylation,1.0,Reactome
P11802,P50613,unknown,Phosphorylation,100.0,PhosphoNetworks;PhosphoSitePlus;Reactome
P11831,O00141,unknown,Phosphorylation,1.0,Reactome
P11831,O75582,unknown,Phosphorylation,1.0,PhosphoSitePlus
P11831,O75716,unknown,Phosphorylation,3.62,PhosphoNetworks
P11831,P09769,unknown,Phosphorylation,2.75,PhosphoNetworks
P11831,P17252,unknown,Phosphorylation,100.0,PhosphoNetworks;PhosphoSitePlus
P11831,P17612,unknown,Phosphorylation,1.0,PhosphoSitePlus
P11831,P45983,unknown,Phosphorylation,2.75,PhosphoNetworks
P11831,P49137,unknown,Phosphorylation,1.0,PhosphoSitePlus;Reactome;SIGNOR
P11831,P51812,unknown,Phosphorylation,1.0,Reactome
P11831,P68400,unknown,Phosphorylation,100.0,PhosphoNetworks;PhosphoSitePlus
P11831,P78527,unknown,Phosphorylation,1.0,PhosphoSitePlus
P11831,Q00535,unknown,Phosphorylation,7.87,PhosphoNetworks
P11831,Q09013,unknown,Phosphorylation,1.0,PhosphoSitePlus
P11831,Q13976,unknown,Phosphorylation,1.0,PhosphoSitePlus
P11831,Q15349,unknown,Phosphorylation,1.0,Reactome
P11831,Q15418,unknown,Phosphorylation,1.0,PhosphoSitePlus
P11831,Q9UK32,unknown,Phosphorylation,1.0,Reactome
P11831,Q9UQM7,unknown,Phosphorylation,1.0,PhosphoSitePlus
P11912,P06241,Y161;Y199,Phosphorylation,100.0,PhosphoNetworks;PhosphoSitePlus;iPTMnet
P11912,P07948,Y150;Y188,Phosphorylation,100.0,PhosphoNetworks;PhosphoSitePlus;iPTMnet
P11912,P43405,unknown,Phosphorylation,1.0,PhosphoSitePlus
P11912,P51451,Y188;Y199,Phosphorylation,1.0,iPTMnet
P11926,P68400,unknown,Phosphorylation,1.0,PhosphoSitePlus
P12004,P00519,Y211,Phosphorylation,0.332,SIGNOR
P12004,P00533,Y211,Phosphorylation,1.0,PhosphoSitePlus;SIGNOR;iPTMnet
P12034,P27361,unknown,Phosphorylation,1.0,Reactome
P12034,P28482,unknown,Phosphorylation,1.0,Reactome
P12036,P49840,unknown,Phosphorylation,0.254,SIGNOR
P12036,P49841,unknown,Phosphorylation,1.0,PhosphoSitePlus
P12107,Q05397,unknown,Phosphorylation,1.0,Reactome
P12107,Q14289,unknown,Phosphorylation,1.0,Reactome
P12109,Q05397,unknown,Phosphorylation,1.0,Reactome
P12109,Q14289,unknown,Phosphorylation,1.0,Reactome
P12110,Q05397,unknown,Phosphorylation,1.0,Reactome
P12110,Q14289,unknown,Phosphorylation,1.0,Reactome
P12111,Q05397,unknown,Phosphorylation,1.0,Reactome
P12111,Q14289,unknown,Phosphorylation,1.0,Reactome
P12235,P06239,unknown,Phosphorylation,1.0,PhosphoSitePlus
P12235,P12931,unknown,Phosphorylation,1.0,PhosphoSitePlus
P12259,P48730,unknown,Phosphorylation,1.0,Reactome
P12259,P68400,unknown,Phosphorylation,100.0,PhosphoNetworks;PhosphoSitePlus
P12268,P24941,unknown,Phosphorylation,1.0,PhosphoSitePlus
P12270,P06493,unknown,Phosphorylation,1.0,PhosphoSitePlus;Reactome
P12270,P17612,unknown,Phosphorylation,1.0,PhosphoSitePlus
P12270,P24941,unknown,Phosphorylation,1.0,PhosphoSitePlus
P12270,P28482,unknown,Phosphorylation,1.0,PhosphoSitePlus
P12270,Q8TD19,unknown,Phosphorylation,1.0,Reactome
P12270,Q9HC98,unknown,Phosphorylation,1.0,Reactome
P12272,P24941,unknown,Phosphorylation,1.0,PhosphoSitePlus
P12314,P06241,unknown,Phosphorylation,1.0,Reactome
P12314,P07947,unknown,Phosphorylation,1.0,Reactome
P12314,P07948,unknown,Phosphorylation,1.0,Reactome
P12314,P08631,unknown,Phosphorylation,1.0,Reactome
P12314,P09769,unknown,Phosphorylation,1.0,Reactome
P12314,P12931,unknown,Phosphorylation,1.0,Reactome
P12318,P06241,Y280;Y287;Y303,Phosphorylation,100.0,PhosphoNetworks;PhosphoSitePlus;Reactome;iPTMnet
P12318,P07947,unknown,Phosphorylation,1.0,Reactome
P12318,P07948,Y280;Y287;Y303,Phosphorylation,100.0,PhosphoNetworks;PhosphoSitePlus;Reactome;iPTMnet
P12318,P08631,unknown,Phosphorylation,1.0,Reactome
P12318,P09769,unknown,Phosphorylation,1.0,Reactome
P12318,P12931,unknown,Phosphorylation,1.0,Reactome
P12318,P43405,Y280;Y281;Y287;Y303;Y304,Phosphorylation,100.0,PhosphoNetworks;PhosphoSitePlus;iPTMnet
P12318,P51451,Y280;Y287;Y288;Y303;Y304,Phosphorylation,100.0,PhosphoNetworks;PhosphoSitePlus;iPTMnet
P12504,P08631,Y,Phosphorylation,1.0,UniProt
P12524,P49841,unknown,Phosphorylation,1.0,PhosphoSitePlus
P12532,P00519,Y153,Phosphorylation,0.2,SIGNOR
P12694,O14874,unknown,Phosphorylation,1.0,Reactome
P12755,P31749,unknown,Phosphorylation,1.0,PhosphoSitePlus
P12814,P12931,Y,Phosphorylation,1.0,UniProt
P12814,Q05397,Y12,Phosphorylation,100.0,PhosphoNetworks;PhosphoSitePlus;Reactome;SIGNOR;iPTMnet
P12814,Q14289,unknown,Phosphorylation,1.0,Reactome
P12821,P68400,unknown,Phosphorylation,1.0,PhosphoSitePlus
P12830,O14757,unknown,Phosphorylation,0.302,SIGNOR
P12830,P00533,Y,Phosphorylation,1.0,UniProt
P12830,P06493,unknown,Phosphorylation,0.369,SIGNOR
P12830,P08581,Y,Phosphorylation,1.0,UniProt
P12830,P11362,Y,Phosphorylation,1.0,UniProt
P12830,P12931,Y753;Y754,Phosphorylation,1.0,SIGNOR;UniProt
P12830,P20794,unknown,Phosphorylation,0.281,SIGNOR
P12830,P24941,unknown,Phosphorylation,0.43,SIGNOR
P12830,P48729,unknown,Phosphorylation,1.0,PhosphoSitePlus
P12830,P48730,unknown,Phosphorylation,1.0,PhosphoSitePlus
P12830,P49674,unknown,Phosphorylation,1.0,PhosphoSitePlus
P12830,P49841,unknown,Phosphorylation,1.0,PhosphoSitePlus
P12830,P68400,unknown,Phosphorylation,1.0,PhosphoSitePlus
P12830,Q00535,unknown,Phosphorylation,0.299,SIGNOR
P12830,Q15139,unknown,Phosphorylation,0.451,SIGNOR
P12830,Q9UHD2,unknown,Phosphorylation,0.273,SIGNOR
P12931,P00519,Y,Phosphorylation,1.0,UniProt
P12931,P00533,Y,Phosphorylation,1.0,UniProt
P12931,P04626,Y,Phosphorylation,1.0,UniProt
P12931,P06241,Y,Phosphorylation,1.0,UniProt
P12931,P06493,unknown,Phosphorylation,1.0,PhosphoSitePlus
P12931,P07948,Y,Phosphorylation,1.0,UniProt
P12931,P08581,Y,Phosphorylation,1.0,UniProt
P12931,P09619,Y139;Y419,Phosphorylation,1.0,PhosphoSitePlus;SIGNOR;iPTMnet
P12931,P09769,Y530,Phosphorylation,1.0,iPTMnet
P12931,P10721,Y,Phosphorylation,1.0,UniProt
P12931,P12931,Y216;Y419;Y530,Phosphorylation,1.0,PhosphoSitePlus;SIGNOR;iPTMnet
P12931,P16234,Y419,Phosphorylation,1.0,PhosphoSitePlus;SIGNOR;iPTMnet
P12931,P17612,unknown,Phosphorylation,1.0,PhosphoSitePlus
P12931,P21860,Y,Phosphorylation,1.0,UniProt
P12931,P35790,Y530,Phosphorylation,0.336,SIGNOR
P12931,P35968,Y,Phosphorylation,1.0,UniProt
P12931,P41240,Y530,Phosphorylation,100.0,PhosphoNetworks;PhosphoSitePlus;SIGNOR;iPTMnet
P12931,P42679,Y530,Phosphorylation,1.0,iPTMnet
P12931,P42684,Y,Phosphorylation,1.0,UniProt
P12931,P45984,unknown,Phosphorylation,0.356,SIGNOR
P12931,Q00535,unknown,Phosphorylation,100.0,PhosphoNetworks;PhosphoSitePlus
P12931,Q01973,unknown,Phosphorylation,0.317,SIGNOR
P12931,Q05397,Y419,Phosphorylation,1.0,SIGNOR;UniProt
P12931,Q05655,unknown,Phosphorylation,1.0,PhosphoSitePlus
P12931,Q14289,Y,Phosphorylation,1.0,UniProt
P12956,O14757,unknown,Phosphorylation,1.0,PhosphoSitePlus
P12956,P12931,Y530,Phosphorylation,1.0,iPTMnet
P12956,P24941,unknown,Phosphorylation,1.0,PhosphoSitePlus
P12956,P78527,unknown,Phosphorylation,1.0,PhosphoSitePlus
P12980,P27361,unknown,Phosphorylation,1.0,PhosphoSitePlus
P12980,P28482,unknown,Phosphorylation,1.0,PhosphoSitePlus
P13010,P49761,unknown,Phosphorylation,2.25,PhosphoNetworks
P13010,P78527,unknown,Phosphorylation,1.0,PhosphoSitePlus
P13051,P06241,Y,Phosphorylation,1.0,UniProt
P13051,P06493,unknown,Phosphorylation,1.0,PhosphoSitePlus
P13051,P24941,unknown,Phosphorylation,1.0,PhosphoSitePlus
P13056,P17252,unknown,Phosphorylation,1.0,PhosphoSitePlus
P13056,P28482,unknown,Phosphorylation,1.0,PhosphoSitePlus;SIGNOR
P13349,P68400,unknown,Phosphorylation,1.0,PhosphoSitePlus
P13473,P06241,Y,Phosphorylation,1.0,UniProt
P13489,P28482,unknown,Phosphorylation,18.88,PhosphoNetworks
P13489,P45983,unknown,Phosphorylation,10.03,PhosphoNetworks
P13489,Q9NR20,unknown,Phosphorylation,1.67,PhosphoNetworks
P13498,P17252,unknown,Phosphorylation,1.0,PhosphoSitePlus
P13498,Q05655,unknown,Phosphorylation,1.0,PhosphoSitePlus
P13569,P07948,Y512;Y515;Y517,Phosphorylation,1.0,iPTMnet
P13569,P17252,unknown,Phosphorylation,100.0,PhosphoNetworks;PhosphoSitePlus
P13569,P17612,unknown,Phosphorylation,1.0,PhosphoSitePlus
P13569,P43405,Y512,Phosphorylation,1.0,PhosphoSitePlus;iPTMnet
P13569,P68400,unknown,Phosphorylation,1.0,PhosphoSitePlus
P13569,Q13131,unknown,Phosphorylation,1.0,PhosphoSitePlus
P13569,Q8IWU2,unknown,Phosphorylation,1.0,PhosphoSitePlus
P13569,Q9UEW8,unknown,Phosphorylation,0.346,SIGNOR
P13591,P12931,unknown,Phosphorylation,1.0,Reactome
P13591,Q05397,unknown,Phosphorylation,1.0,Reactome
P13612,P17612,unknown,Phosphorylation,1.0,PhosphoSitePlus
P13631,P27361,unknown,Phosphorylation,1.0,PhosphoSitePlus
P13631,P50613,unknown,Phosphorylation,1.0,PhosphoSitePlus
P13631,Q16539,unknown,Phosphorylation,1.0,PhosphoSitePlus
P13639,P24941,unknown,Phosphorylation,1.0,PhosphoSitePlus
P13639,P41240,unknown,Phosphorylation,0.263,SIGNOR
P13688,P12931,Y493;Y520,Phosphorylation,1.0,SIGNOR;iPTMnet
P13688,P42336,unknown,Phosphorylation,1.0,PhosphoSitePlus
P13688,Q13557,unknown,Phosphorylation,1.0,PhosphoSitePlus
P13693,P53350,unknown,Phosphorylation,100.0,PhosphoNetworks;PhosphoSitePlus
P13726,P17252,unknown,Phosphorylation,1.0,PhosphoSitePlus
P13726,Q16539,unknown,Phosphorylation,1.0,PhosphoSitePlus
P13747,P06239,unknown,Phosphorylation,1.0,Reactome
P13747,P06241,unknown,Phosphorylation,1.0,Reactome
P13762,P41240,unknown,Phosphorylation,1.0,Reactome
P13796,P17612,unknown,Phosphorylation,1.0,PhosphoSitePlus
P13796,Q05655,unknown,Phosphorylation,1.0,PhosphoSitePlus
P13807,P49840,unknown,Phosphorylation,1.0,Reactome
P13807,P49841,unknown,Phosphorylation,100.0,PhosphoNetworks;PhosphoSitePlus;Reactome
P13807,Q15759,unknown,Phosphorylation,1.0,PhosphoSitePlus
P13866,P00533,Y,Phosphorylation,1.0,UniProt
P13942,Q05397,unknown,Phosphorylation,1.0,Reactome
P13942,Q14289,unknown,Phosphorylation,1.0,Reactome
P13942,Q16832,Y,Phosphorylation,1.0,UniProt
P13945,P25098,unknown,Phosphorylation,1.0,Reactome
P13945,P32298,unknown,Phosphorylation,1.0,Reactome
P13945,P34947,unknown,Phosphorylation,1.0,Reactome
P13945,P35626,unknown,Phosphorylation,1.0,Reactome
P13945,P43250,unknown,Phosphorylation,1.0,Reactome
P13945,Q15835,unknown,Phosphorylation,1.0,Reactome
P13945,Q8WTQ7,unknown,Phosphorylation,1.0,Reactome
P13984,P50750,unknown,Phosphorylation,1.0,Reactome
P13987,P48730,unknown,Phosphorylation,1.0,Reactome
P14060,P22607,Y,Phosphorylation,1.0,UniProt
P14136,P06241,Y,Phosphorylation,1.0,UniProt
P14136,P07947,Y,Phosphorylation,1.0,UniProt
P14136,P17612,unknown,Phosphorylation,1.0,PhosphoSitePlus
P14136,Q13464,unknown,Phosphorylation,1.0,PhosphoSitePlus
P14136,Q16566,unknown,Phosphorylation,100.0,PhosphoNetworks
P14136,Q96GD4,unknown,Phosphorylation,100.0,PhosphoNetworks;PhosphoSitePlus
P14174,P00533,Y,Phosphorylation,1.0,UniProt
P14210,P08581,Y,Phosphorylation,1.0,UniProt
P14317,O00141,unknown,Phosphorylation,2.97,PhosphoNetworks
P14317,O00238,unknown,Phosphorylation,3.22,PhosphoNetworks
P14317,O14733,unknown,Phosphorylation,2.25,PhosphoNetworks
P14317,O43683,unknown,Phosphorylation,3.24,PhosphoNetworks
P14317,O43781,unknown,Phosphorylation,3.74,PhosphoNetworks
P14317,O75582,unknown,Phosphorylation,2.25,PhosphoNetworks
P14317,O75676,unknown,Phosphorylation,3.18,PhosphoNetworks
P14317,O96017,unknown,Phosphorylation,3.24,PhosphoNetworks
P14317,P04049,unknown,Phosphorylation,4.57,PhosphoNetworks
P14317,P06241,unknown,Phosphorylation,163.27,PhosphoNetworks
P14317,P07332,unknown,Phosphorylation,1.0,PhosphoSitePlus
P14317,P07948,Y222;Y378;Y397,Phosphorylation,100.0,PhosphoNetworks;PhosphoSitePlus;SIGNOR;UniProt;iPTMnet
P14317,P09769,Y222,Phosphorylation,1.0,PhosphoNetworks;iPTMnet
P14317,P11309,unknown,Phosphorylation,3.45,PhosphoNetworks
P14317,P11362,unknown,Phosphorylation,4.57,PhosphoNetworks
P14317,P17252,unknown,Phosphorylation,29.12,PhosphoNetworks
P14317,P17612,unknown,Phosphorylation,34.96,PhosphoNetworks
P14317,P22455,unknown,Phosphorylation,3.22,PhosphoNetworks
P14317,P22694,unknown,Phosphorylation,2.21,PhosphoNetworks
P14317,P23443,unknown,Phosphorylation,34.92,PhosphoNetworks
P14317,P29320,unknown,Phosphorylation,4.57,PhosphoNetworks
P14317,P29597,unknown,Phosphorylation,49.23,PhosphoNetworks
P14317,P30291,unknown,Phosphorylation,50.32,PhosphoNetworks
P14317,P31749,unknown,Phosphorylation,41.39,PhosphoNetworks
P14317,P36894,unknown,Phosphorylation,4.57,PhosphoNetworks
P14317,P41743,unknown,Phosphorylation,2.21,PhosphoNetworks
P14317,P43405,Y378;Y397,Phosphorylation,100.0,PhosphoNetworks;PhosphoSitePlus;SIGNOR;iPTMnet
P14317,P49674,unknown,Phosphorylation,1.58,PhosphoNetworks
P14317,P49841,unknown,Phosphorylation,2.25,PhosphoNetworks
P14317,P51813,unknown,Phosphorylation,15.18,PhosphoNetworks
P14317,P51955,unknown,Phosphorylation,2.25,PhosphoNetworks
P14317,P51956,unknown,Phosphorylation,3.18,PhosphoNetworks
P14317,P54646,unknown,Phosphorylation,3.18,PhosphoNetworks
P14317,P68400,unknown,Phosphorylation,1.0,PhosphoNetworks;PhosphoSitePlus
P14317,Q00535,unknown,Phosphorylation,1.58,PhosphoNetworks
P14317,Q05513,unknown,Phosphorylation,4.8,PhosphoNetworks
P14317,Q05655,unknown,Phosphorylation,80.43,PhosphoNetworks
P14317,Q06187,unknown,Phosphorylation,34.96,PhosphoNetworks
P14317,Q13131,unknown,Phosphorylation,12.84,PhosphoNetworks
P14317,Q13153,unknown,Phosphorylation,54.59,PhosphoNetworks
P14317,Q14289,unknown,Phosphorylation,13.8,PhosphoNetworks
P14317,Q15418,unknown,Phosphorylation,12.84,PhosphoNetworks
P14317,Q16512,unknown,Phosphorylation,20.02,PhosphoNetworks
P14317,Q59H18,unknown,Phosphorylation,46.1,PhosphoNetworks
P14317,Q86Z02,unknown,Phosphorylation,2.25,PhosphoNetworks
P14317,Q8IW41,unknown,Phosphorylation,2.25,PhosphoNetworks
P14317,Q8N165,unknown,Phosphorylation,3.24,PhosphoNetworks
P14317,Q8NE63,unknown,Phosphorylation,1.6,PhosphoNetworks
P14317,Q8TD19,unknown,Phosphorylation,5.18,PhosphoNetworks
P14317,Q96GD4,unknown,Phosphorylation,3.24,PhosphoNetworks
P14317,Q9HC98,unknown,Phosphorylation,2.21,PhosphoNetworks
P14317,Q9NR20,unknown,Phosphorylation,1.6,PhosphoNetworks
P14317,Q9Y463,unknown,Phosphorylation,3.24,PhosphoNetworks
P14373,P08631,Y,Phosphorylation,1.0,UniProt
P14373,P49760,Y,Phosphorylation,1.0,UniProt
P14416,P25098,unknown,Phosphorylation,1.0,Reactome
P14416,P32298,unknown,Phosphorylation,1.0,Reactome
P14416,P34947,unknown,Phosphorylation,1.0,Reactome
P14416,P35626,unknown,Phosphorylation,1.0,Reactome
P14416,P43250,unknown,Phosphorylation,1.0,Reactome;SIGNOR
P14416,Q00535,unknown,Phosphorylation,1.0,PhosphoSitePlus
P14416,Q15835,unknown,Phosphorylation,1.0,Reactome
P14416,Q8WTQ7,unknown,Phosphorylation,1.0,Reactome
P14543,P28482,unknown,Phosphorylation,1.0,PhosphoSitePlus
P14598,P05771,unknown,Phosphorylation,1.0,PhosphoSitePlus;Reactome
P14598,P17252,unknown,Phosphorylation,100.0,PhosphoNetworks;PhosphoSitePlus;Reactome
P14598,P17612,unknown,Phosphorylation,1.0,PhosphoSitePlus
P14598,P22607,Y,Phosphorylation,1.0,UniProt
P14598,P27361,unknown,Phosphorylation,100.0,PhosphoNetworks;PhosphoSitePlus;Reactome
P14598,P28482,unknown,Phosphorylation,1.0,PhosphoSitePlus;Reactome
P14598,P31749,unknown,Phosphorylation,1.0,PhosphoSitePlus
P14598,P68400,unknown,Phosphorylation,1.0,PhosphoSitePlus
P14598,Q05513,unknown,Phosphorylation,1.0,PhosphoSitePlus;Reactome
P14598,Q05655,unknown,Phosphorylation,1.0,PhosphoSitePlus;Reactome
P14598,Q15759,unknown,Phosphorylation,1.0,Reactome
P14598,Q16539,unknown,Phosphorylation,100.0,PhosphoNetworks;PhosphoSitePlus;Reactome
P14598,Q9NWZ3,unknown,Phosphorylation,1.0,PhosphoSitePlus
P14616,P06213,Y,Phosphorylation,1.0,UniProt
P14618,P00533,Y148,Phosphorylation,0.451,SIGNOR
P14618,P11362,unknown,Phosphorylation,1.0,PhosphoSitePlus
P14618,P22607,Y,Phosphorylation,1.0,UniProt
P14618,P28482,unknown,Phosphorylation,1.0,PhosphoSitePlus
P14618,Q00534,unknown,Phosphorylation,0.26,SIGNOR
P14618,Q9P1W9,unknown,Phosphorylation,1.0,PhosphoSitePlus
P14618,Q9UM73,Y105,Phosphorylation,1.0,iPTMnet
P14625,P04626,Y,Phosphorylation,1.0,UniProt
P14635,O14965,unknown,Phosphorylation,0.578,SIGNOR
P14635,P06493,unknown,Phosphorylation,1.0,PhosphoSitePlus
P14635,P28482,unknown,Phosphorylation,1.0,PhosphoSitePlus
P14635,P50613,unknown,Phosphorylation,1.0,Reactome
P14635,P53350,unknown,Phosphorylation,100.0,PhosphoNetworks;PhosphoSitePlus
P14635,Q99640,unknown,Phosphorylation,1.0,Reactome
P14635,Q9H4B4,unknown,Phosphorylation,1.0,PhosphoSitePlus
P14649,Q15746,unknown,Phosphorylation,1.0,Reactome;SIGNOR
P14672,O00141,unknown,Phosphorylation,1.0,PhosphoSitePlus
P14678,O60674,unknown,Phosphorylation,12.84,PhosphoNetworks
P14679,P05771,unknown,Phosphorylation,1.0,PhosphoSitePlus
P14778,P09619,Y,Phosphorylation,1.0,UniProt
P14784,P06239,Y381;Y384;Y387;Y418;Y536,Phosphorylation,100.0,PhosphoNetworks;PhosphoSitePlus;iPTMnet
P14784,P23458,Y364,Phosphorylation,1.0,iPTMnet
P14859,P24941,unknown,Phosphorylation,1.0,PhosphoSitePlus
P14859,P50613,unknown,Phosphorylation,100.0,PhosphoNetworks
P14859,P78527,unknown,Phosphorylation,1.0,PhosphoSitePlus
P14866,Q16566,unknown,Phosphorylation,1.0,PhosphoSitePlus
P14868,P27361,unknown,Phosphorylation,1.0,Reactome
P14868,P28482,unknown,Phosphorylation,1.0,Reactome
P14921,P06239,unknown,Phosphorylation,6.18,PhosphoNetworks
P14921,P07949,unknown,Phosphorylation,2.7,PhosphoNetworks
P14921,P09769,unknown,Phosphorylation,2.75,PhosphoNetworks
P14921,P11802,unknown,Phosphorylation,18.32,PhosphoNetworks
P14921,P12931,Y,Phosphorylation,1.0,UniProt
P14921,P27361,unknown,Phosphorylation,1.0,PhosphoSitePlus;Reactome
P14921,P28482,unknown,Phosphorylation,1.0,PhosphoSitePlus
P14921,P30291,unknown,Phosphorylation,12.88,PhosphoNetworks
P14921,P31749,unknown,Phosphorylation,3.47,PhosphoNetworks
P14921,P41240,unknown,Phosphorylation,3.54,PhosphoNetworks
P14921,P41743,unknown,Phosphorylation,7.87,PhosphoNetworks
P14921,P43405,unknown,Phosphorylation,2.68,PhosphoNetworks
P14921,P45984,unknown,Phosphorylation,2.75,PhosphoNetworks
P14921,P49759,unknown,Phosphorylation,42.14,PhosphoNetworks
P14921,P50750,unknown,Phosphorylation,18.32,PhosphoNetworks
P14921,P51955,unknown,Phosphorylation,5.54,PhosphoNetworks
P14921,P53779,unknown,Phosphorylation,1.89,PhosphoNetworks
P14921,Q00535,unknown,Phosphorylation,5.54,PhosphoNetworks
P14921,Q04771,unknown,Phosphorylation,2.75,PhosphoNetworks
P14921,Q13164,unknown,Phosphorylation,100.0,PhosphoNetworks;PhosphoSitePlus
P14921,Q13555,unknown,Phosphorylation,2.75,PhosphoNetworks
P14921,Q14289,unknown,Phosphorylation,3.47,PhosphoNetworks
P14921,Q15349,unknown,Phosphorylation,7.87,PhosphoNetworks
P14921,Q16288,unknown,Phosphorylation,2.75,PhosphoNetworks
P14921,Q8IW41,unknown,Phosphorylation,10.38,PhosphoNetworks
P14921,Q8TD08,unknown,Phosphorylation,2.75,PhosphoNetworks
P14921,Q92630,unknown,Phosphorylation,1.95,PhosphoNetworks
P14921,Q9H4B4,unknown,Phosphorylation,2.7,PhosphoNetworks
P14921,Q9UBS0,unknown,Phosphorylation,2.75,PhosphoNetworks
P14921,Q9UQM7,unknown,Phosphorylation,1.0,PhosphoSitePlus
P14923,O75914,unknown,Phosphorylation,1.0,Reactome
P14923,P00533,Y,Phosphorylation,1.0,UniProt
P14923,P06241,Y133;Y550,Phosphorylation,1.0,PhosphoSitePlus;iPTMnet
P14923,P12931,Y644,Phosphorylation,1.0,PhosphoSitePlus;SIGNOR;iPTMnet
P14923,P16591,Y550,Phosphorylation,1.0,PhosphoSitePlus;iPTMnet
P14923,Q13153,unknown,Phosphorylation,1.0,Reactome
P14923,Q13177,unknown,Phosphorylation,1.0,Reactome
P14927,P06241,Y,Phosphorylation,1.0,UniProt
P15036,P27361,unknown,Phosphorylation,1.0,PhosphoSitePlus;Reactome
P15036,P28482,unknown,Phosphorylation,1.0,PhosphoSitePlus;Reactome
P15036,P45984,unknown,Phosphorylation,1.0,PhosphoSitePlus
P15036,Q15131,unknown,Phosphorylation,1.0,PhosphoSitePlus
P15036,Q9UQM7,unknown,Phosphorylation,1.0,PhosphoSitePlus
P15056,O00141,unknown,Phosphorylation,0.342,SIGNOR
P15056,P15056,unknown,Phosphorylation,1.0,PhosphoSitePlus
P15056,P27361,unknown,Phosphorylation,1.0,PhosphoSitePlus
P15056,P28482,unknown,Phosphorylation,1.0,PhosphoSitePlus
P15056,P31749,unknown,Phosphorylation,1.0,PhosphoSitePlus
P15056,P36507,Y,Phosphorylation,1.0,UniProt
P15056,Q02750,Y,Phosphorylation,1.0,UniProt
P15056,Q13153,unknown,Phosphorylation,100.0,PhosphoNetworks;PhosphoSitePlus
P15056,Q9Y243,unknown,Phosphorylation,1.0,PhosphoSitePlus
P15090,P06213,Y20,Phosphorylation,1.0,PhosphoSitePlus;iPTMnet
P15090,Q9HC98,unknown,Phosphorylation,1.58,PhosphoNetworks
P15153,O75962,unknown,Phosphorylation,1.0,Reactome
P15153,P11274,unknown,Phosphorylation,1.0,Reactome
P15172,P00519,Y30,Phosphorylation,1.0,PhosphoSitePlus;SIGNOR;iPTMnet
P15172,P00540,unknown,Phosphorylation,1.0,PhosphoSitePlus
P15172,P06493,unknown,Phosphorylation,1.0,PhosphoSitePlus
P15172,P24941,unknown,Phosphorylation,1.0,PhosphoSitePlus
P15172,Q02750,Y156,Phosphorylation,1.0,PhosphoSitePlus;iPTMnet
P15172,Q13153,unknown,Phosphorylation,3.47,PhosphoNetworks
P15173,P17252,unknown,Phosphorylation,1.0,PhosphoSitePlus
P15260,O60674,unknown,Phosphorylation,0.716,SIGNOR
P15260,P23458,Y457,Phosphorylation,1.0,SIGNOR;iPTMnet
P15260,P49841,unknown,Phosphorylation,0.2,SIGNOR
P15260,Q05655,unknown,Phosphorylation,1.0,Reactome
P15309,P04626,Y,Phosphorylation,1.0,UniProt
P15311,O75116,unknown,Phosphorylation,1.0,PhosphoSitePlus
P15311,O94804,Y565,Phosphorylation,1.0,PhosphoSitePlus;SIGNOR
P15311,O95819,unknown,Phosphorylation,1.0,PhosphoSitePlus
P15311,P00533,Y146;Y354,Phosphorylation,1.0,PhosphoSitePlus;SIGNOR;UniProt;iPTMnet
P15311,P06239,Y146,Phosphorylation,100.0,PhosphoNetworks;PhosphoSitePlus;iPTMnet
P15311,P07332,Y,Phosphorylation,1.0,UniProt
P15311,P12931,Y146;Y478,Phosphorylation,1.0,PhosphoSitePlus;SIGNOR;iPTMnet
P15311,P16591,unknown,Phosphorylation,1.0,PhosphoSitePlus
P15311,P17252,unknown,Phosphorylation,1.0,PhosphoSitePlus
P15311,P17612,unknown,Phosphorylation,1.0,PhosphoSitePlus
P15311,P31751,unknown,Phosphorylation,1.0,PhosphoSitePlus
P15311,P41279,unknown,Phosphorylation,1.0,PhosphoSitePlus
P15311,P41743,unknown,Phosphorylation,1.0,PhosphoSitePlus
P15311,P43405,unknown,Phosphorylation,0.45,SIGNOR
P15311,Q00535,unknown,Phosphorylation,1.0,PhosphoSitePlus
P15311,Q04759,unknown,Phosphorylation,1.0,PhosphoSitePlus;Reactome
P15311,Q13464,unknown,Phosphorylation,1.0,PhosphoSitePlus
P15311,Q14289,unknown,Phosphorylation,100.0,PhosphoNetworks
P15311,Q5S007,unknown,Phosphorylation,1.0,PhosphoSitePlus;SIGNOR
P15328,P48730,unknown,Phosphorylation,1.0,Reactome
P15336,P05771,unknown,Phosphorylation,1.0,PhosphoSitePlus
P15336,P17252,unknown,Phosphorylation,1.0,PhosphoSitePlus
P15336,P24941,unknown,Phosphorylation,1.0,PhosphoSitePlus
P15336,P27361,unknown,Phosphorylation,1.0,PhosphoSitePlus
P15336,P28482,unknown,Phosphorylation,1.0,PhosphoSitePlus
P15336,P31751,unknown,Phosphorylation,0.428,SIGNOR
P15336,P45983,unknown,Phosphorylation,1.0,PhosphoNetworks;PhosphoSitePlus;Reactome
P15336,P45984,unknown,Phosphorylation,1.0,PhosphoSitePlus;Reactome
P15336,P53778,unknown,Phosphorylation,0.543,SIGNOR
P15336,P53779,unknown,Phosphorylation,2.68,PhosphoNetworks;Reactome
P15336,Q02156,unknown,Phosphorylation,1.0,PhosphoSitePlus
P15336,Q13315,unknown,Phosphorylation,1.0,PhosphoSitePlus
P15336,Q15759,unknown,Phosphorylation,1.0,Reactome;SIGNOR
P15336,Q16539,unknown,Phosphorylation,100.0,PhosphoNetworks;PhosphoSitePlus;Reactome;SIGNOR
P15336,Q92630,unknown,Phosphorylation,7.87,PhosphoNetworks
P15336,Q99986,unknown,Phosphorylation,100.0,PhosphoNetworks;PhosphoSitePlus
P15336,Q9H4B4,unknown,Phosphorylation,1.0,PhosphoSitePlus
P15374,Q13315,unknown,Phosphorylation,0.329,SIGNOR
P15391,P00519,Y508,Phosphorylation,1.0,PhosphoSitePlus;iPTMnet
P15391,P07948,Y409;Y500;Y531,Phosphorylation,100.0,PhosphoNetworks;PhosphoSitePlus;SIGNOR;iPTMnet
P15391,P28482,Y348;Y378;Y409;Y439,Phosphorylation,1.0,iPTMnet
P15391,Q06187,Y500;Y531,Phosphorylation,1.0,iPTMnet
P15407,P22607,Y,Phosphorylation,1.0,UniProt
P15407,P45983,unknown,Phosphorylation,1.93,PhosphoNetworks
P15407,Q04759,unknown,Phosphorylation,1.0,PhosphoSitePlus
P15408,P22607,Y,Phosphorylation,1.0,UniProt
P15408,P27361,unknown,Phosphorylation,1.0,PhosphoSitePlus
P15408,P28482,unknown,Phosphorylation,1.0,PhosphoSitePlus
P15498,O75914,unknown,Phosphorylation,1.0,Reactome
P15498,P00519,Y,Phosphorylation,1.0,PhosphoSitePlus;SIGNOR;UniProt
P15498,P06239,Y142;Y160;Y174,Phosphorylation,100.0,PhosphoNetworks;PhosphoSitePlus;Reactome;iPTMnet
P15498,P06241,unknown,Phosphorylation,1.0,Reactome;SIGNOR
P15498,P07947,unknown,Phosphorylation,1.0,Reactome
P15498,P07948,unknown,Phosphorylation,1.0,Reactome
P15498,P10721,unknown,Phosphorylation,1.0,Reactome
P15498,P12931,unknown,Phosphorylation,1.0,PhosphoSitePlus;Reactome;SIGNOR
P15498,P35968,unknown,Phosphorylation,1.0,Reactome
P15498,P43403,unknown,Phosphorylation,0.84,SIGNOR
P15498,P43405,Y174,Phosphorylation,1.0,SIGNOR;iPTMnet
P15498,Q05397,unknown,Phosphorylation,1.0,Reactome
P15498,Q13153,unknown,Phosphorylation,1.0,Reactome
P15498,Q13177,unknown,Phosphorylation,1.0,Reactome
P15509,O60674,unknown,Phosphorylation,0.536,SIGNOR
P15509,P17612,unknown,Phosphorylation,1.0,Reactome
P15514,P48730,unknown,Phosphorylation,1.0,Reactome
P15529,P07947,Y324;Y338;Y353;Y354;Y368,Phosphorylation,1.0,iPTMnet
P15529,P12931,Y321,Phosphorylation,1.0,PhosphoSitePlus;SIGNOR
P15531,P06493,unknown,Phosphorylation,1.0,PhosphoSitePlus
P15531,P15531,unknown,Phosphorylation,1.0,PhosphoSitePlus;SIGNOR
P15622,Q13470,Y,Phosphorylation,1.0,UniProt
P15692,P17948,Y,Phosphorylation,1.0,UniProt
P15692,P35968,Y,Phosphorylation,1.0,UniProt
P15735,P17612,unknown,Phosphorylation,1.0,Reactome
P15735,P22612,unknown,Phosphorylation,1.0,Reactome
P15735,P22694,unknown,Phosphorylation,1.0,Reactome
P15822,O14757,unknown,Phosphorylation,1.0,PhosphoSitePlus
P15884,P49840,unknown,Phosphorylation,1.93,PhosphoNetworks
P15884,P68400,unknown,Phosphorylation,100.0,PhosphoNetworks
P15884,Q9UBE8,unknown,Phosphorylation,0.2,SIGNOR
P15923,P11802,unknown,Phosphorylation,1.0,PhosphoSitePlus
P15923,P21802,unknown,Phosphorylation,2.16,PhosphoNetworks
P15923,P24941,unknown,Phosphorylation,1.0,PhosphoSitePlus
P15923,P28482,unknown,Phosphorylation,1.0,PhosphoSitePlus
P15923,P31749,unknown,Phosphorylation,1.0,PhosphoSitePlus
P15923,P49137,unknown,Phosphorylation,0.52,SIGNOR
P15923,P49674,unknown,Phosphorylation,0.2,SIGNOR
P15923,P53778,unknown,Phosphorylation,1.0,Reactome
P15923,Q00534,unknown,Phosphorylation,45.24,PhosphoNetworks
P15923,Q02779,unknown,Phosphorylation,1.0,PhosphoSitePlus
P15923,Q15759,unknown,Phosphorylation,1.0,Reactome
P15923,Q16539,unknown,Phosphorylation,1.0,PhosphoSitePlus;Reactome
P15923,Q9H2X6,unknown,Phosphorylation,0.2,SIGNOR
P15924,P07332,Y,Phosphorylation,1.0,UniProt
P15924,P17612,unknown,Phosphorylation,1.0,PhosphoSitePlus
P15924,P49841,unknown,Phosphorylation,1.0,PhosphoSitePlus
P15927,O43318,unknown,Phosphorylation,2.75,PhosphoNetworks
P15927,O95835,unknown,Phosphorylation,2.75,PhosphoNetworks
P15927,P06239,unknown,Phosphorylation,2.68,PhosphoNetworks
P15927,P06493,unknown,Phosphorylation,1.0,PhosphoSitePlus
P15927,P11802,unknown,Phosphorylation,18.32,PhosphoNetworks
P15927,P30291,unknown,Phosphorylation,23.71,PhosphoNetworks
P15927,P41240,unknown,Phosphorylation,6.18,PhosphoNetworks
P15927,P41743,unknown,Phosphorylation,7.73,PhosphoNetworks
P15927,P45983,unknown,Phosphorylation,2.75,PhosphoNetworks
P15927,P45984,unknown,Phosphorylation,2.75,PhosphoNetworks
P15927,P49759,unknown,Phosphorylation,18.32,PhosphoNetworks
P15927,P50613,unknown,Phosphorylation,18.32,PhosphoNetworks
P15927,P51812,unknown,Phosphorylation,3.62,PhosphoNetworks
P15927,P78527,unknown,Phosphorylation,1.0,PhosphoSitePlus
P15927,Q00534,unknown,Phosphorylation,10.19,PhosphoNetworks
P15927,Q13315,unknown,Phosphorylation,1.0,PhosphoSitePlus
P15927,Q13535,unknown,Phosphorylation,1.0,PhosphoSitePlus
P15927,Q14289,unknown,Phosphorylation,2.68,PhosphoNetworks
P15927,Q9UEE5,unknown,Phosphorylation,2.55,PhosphoNetworks
P15927,Q9UHD2,unknown,Phosphorylation,2.47,PhosphoNetworks
P15941,P00519,Y1243,Phosphorylation,1.0,SIGNOR;UniProt;iPTMnet
P15941,P00533,Y1229;Y229;Y238;Y247,Phosphorylation,1.0,SIGNOR;UniProt;iPTMnet
P15941,P06239,Y1229,Phosphorylation,1.0,SIGNOR;iPTMnet
P15941,P07948,Y1229,Phosphorylation,1.0,iPTMnet
P15941,P08581,Y,Phosphorylation,1.0,UniProt
P15941,P09619,Y1203;Y1218,Phosphorylation,1.0,PhosphoSitePlus;iPTMnet
P15941,P12931,Y1229,Phosphorylation,1.0,PhosphoSitePlus;SIGNOR;UniProt;iPTMnet
P15941,P43403,Y1203;Y229;Y238,Phosphorylation,1.0,SIGNOR;iPTMnet
P15941,P49841,unknown,Phosphorylation,100.0,PhosphoNetworks;PhosphoSitePlus
P15941,Q05655,unknown,Phosphorylation,100.0,PhosphoNetworks;PhosphoSitePlus
P15976,P22607,Y,Phosphorylation,1.0,UniProt
P15976,P27361,unknown,Phosphorylation,1.0,PhosphoSitePlus
P15976,P28482,unknown,Phosphorylation,1.0,PhosphoSitePlus
P15976,P31749,unknown,Phosphorylation,1.0,PhosphoSitePlus
P16066,P17612,unknown,Phosphorylation,1.0,PhosphoSitePlus
P16070,P17252,unknown,Phosphorylation,100.0,PhosphoNetworks;PhosphoSitePlus
P16070,P17612,unknown,Phosphorylation,1.0,PhosphoSitePlus
P16070,Q9UQM7,unknown,Phosphorylation,1.0,PhosphoSitePlus
P16104,P78527,unknown,Phosphorylation,0.2,SIGNOR
P16104,Q13535,unknown,Phosphorylation,1.0,Reactome
P16104,Q9H4B4,unknown,Phosphorylation,0.2,SIGNOR
P16104,Q9UIG0,Y143,Phosphorylation,1.0,Reactome;SIGNOR;iPTMnet
P16118,P17612,unknown,Phosphorylation,1.0,Reactome
P16118,P22612,unknown,Phosphorylation,1.0,Reactome
P16118,P22694,unknown,Phosphorylation,1.0,Reactome
P16144,P11362,unknown,Phosphorylation,1.0,PhosphoSitePlus
P16144,P17252,unknown,Phosphorylation,100.0,PhosphoNetworks;PhosphoSitePlus
P16144,P17612,unknown,Phosphorylation,1.0,PhosphoSitePlus
P16144,P27361,unknown,Phosphorylation,1.0,PhosphoSitePlus
P16144,Q05397,Y,Phosphorylation,1.0,Reactome;UniProt
P16144,Q14289,unknown,Phosphorylation,1.0,Reactome
P16144,Q15139,unknown,Phosphorylation,1.0,PhosphoSitePlus
P16144,Q15418,unknown,Phosphorylation,1.0,PhosphoSitePlus
P16150,P17252,unknown,Phosphorylation,100.0,PhosphoNetworks;PhosphoSitePlus
P16150,Q04759,unknown,Phosphorylation,1.0,PhosphoSitePlus
P16220,O00141,unknown,Phosphorylation,1.0,PhosphoSitePlus;Reactome
P16220,O43781,unknown,Phosphorylation,100.0,PhosphoNetworks;PhosphoSitePlus
P16220,O75582,unknown,Phosphorylation,1.0,PhosphoSitePlus;Reactome
P16220,O75676,unknown,Phosphorylation,1.0,PhosphoSitePlus
P16220,P06493,unknown,Phosphorylation,1.0,PhosphoSitePlus
P16220,P17612,unknown,Phosphorylation,1.0,PhosphoSitePlus;Reactome;SIGNOR
P16220,P31749,unknown,Phosphorylation,1.0,Reactome
P16220,P41279,unknown,Phosphorylation,1.0,PhosphoSitePlus
P16220,P48729,unknown,Phosphorylation,1.0,PhosphoSitePlus
P16220,P49137,unknown,Phosphorylation,1.0,PhosphoSitePlus;Reactome
P16220,P49841,unknown,Phosphorylation,1.0,PhosphoSitePlus
P16220,P51812,unknown,Phosphorylation,100.0,PhosphoNetworks;PhosphoSitePlus;Reactome
P16220,P68400,unknown,Phosphorylation,1.0,PhosphoSitePlus
P16220,Q00535,unknown,Phosphorylation,0.376,SIGNOR
P16220,Q02156,unknown,Phosphorylation,1.0,PhosphoSitePlus
P16220,Q13315,unknown,Phosphorylation,1.0,PhosphoSitePlus
P16220,Q13535,unknown,Phosphorylation,1.0,PhosphoSitePlus
P16220,Q13627,unknown,Phosphorylation,0.487,SIGNOR
P16220,Q15139,unknown,Phosphorylation,1.0,PhosphoSitePlus
P16220,Q15349,unknown,Phosphorylation,100.0,PhosphoNetworks;PhosphoSitePlus;Reactome
P16220,Q15418,unknown,Phosphorylation,1.0,PhosphoSitePlus;Reactome
P16220,Q16539,unknown,Phosphorylation,100.0,PhosphoNetworks
P16220,Q16566,unknown,Phosphorylation,100.0,PhosphoNetworks;PhosphoSitePlus;Reactome
P16220,Q6SA08,unknown,Phosphorylation,1.0,PhosphoSitePlus
P16220,Q7KZI7,unknown,Phosphorylation,16.11,PhosphoNetworks
P16220,Q99558,unknown,Phosphorylation,1.0,PhosphoSitePlus
P16220,Q9H2X6,unknown,Phosphorylation,1.0,PhosphoSitePlus
P16234,P00533,Y,Phosphorylation,1.0,UniProt
P16234,P09619,Y754,Phosphorylation,1.0,PhosphoSitePlus;iPTMnet
P16234,P16234,Y1018;Y572;Y574;Y720;Y731;Y742;Y754;Y762;Y768;Y988,Phosphorylation,1.0,PhosphoSitePlus;iPTMnet
P16284,P06239,unknown,Phosphorylation,1.0,PhosphoSitePlus;Reactome
P16284,P06241,unknown,Phosphorylation,1.0,PhosphoSitePlus;Reactome
P16284,P07332,Y690;Y713,Phosphorylation,1.0,PhosphoSitePlus;SIGNOR;iPTMnet
P16284,P07947,unknown,Phosphorylation,1.0,Reactome
P16284,P07948,unknown,Phosphorylation,1.0,Reactome
P16284,P12931,Y,Phosphorylation,1.0,Reactome;UniProt
P16284,P16591,Y690;Y713,Phosphorylation,1.0,PhosphoSitePlus;SIGNOR;iPTMnet
P16284,P41240,Y713,Phosphorylation,1.0,PhosphoSitePlus;iPTMnet
P16333,O60674,Y,Phosphorylation,1.0,UniProt
P16333,P00519,Y105,Phosphorylation,1.0,PhosphoSitePlus;SIGNOR;UniProt;iPTMnet
P16333,P00533,Y,Phosphorylation,1.0,UniProt
P16333,P07948,unknown,Phosphorylation,1.0,Reactome
P16333,P08581,Y,Phosphorylation,1.0,UniProt
P16333,P10721,Y,Phosphorylation,1.0,UniProt
P16333,P19525,unknown,Phosphorylation,0.2,SIGNOR
P16333,P35968,Y,Phosphorylation,1.0,UniProt
P16333,P42684,Y,Phosphorylation,1.0,UniProt
P16333,Q05397,unknown,Phosphorylation,1.0,Reactome
P16333,Q07912,Y,Phosphorylation,1.0,UniProt
P16403,Q9UIG0,Y,Phosphorylation,1.0,UniProt
P16410,O60674,Y201,Phosphorylation,100.0,PhosphoNetworks;PhosphoSitePlus;SIGNOR;iPTMnet
P16410,P06239,Y201;Y218,Phosphorylation,1.0,PhosphoSitePlus;Reactome;SIGNOR;iPTMnet
P16410,P06241,Y201;Y218,Phosphorylation,1.0,PhosphoSitePlus;Reactome;SIGNOR;iPTMnet
P16410,P07947,unknown,Phosphorylation,1.0,Reactome
P16410,P07948,unknown,Phosphorylation,1.0,Reactome
P16410,P12931,unknown,Phosphorylation,1.0,Reactome
P16410,P42681,Y201,Phosphorylation,1.0,SIGNOR;iPTMnet
P16471,O60674,unknown,Phosphorylation,1.0,PhosphoSitePlus
P16520,P34947,unknown,Phosphorylation,1.0,Reactome
P16591,P12931,unknown,Phosphorylation,1.0,PhosphoSitePlus
P16591,P16591,Y402;Y615;Y714,Phosphorylation,1.0,PhosphoSitePlus;iPTMnet
P16615,P45984,unknown,Phosphorylation,0.2,SIGNOR
P16615,Q16566,unknown,Phosphorylation,100.0,PhosphoNetworks
P16662,P12931,Y438,Phosphorylation,1.0,PhosphoSitePlus;SIGNOR;iPTMnet
P16671,P07948,Y,Phosphorylation,1.0,UniProt
P16671,P17252,unknown,Phosphorylation,1.0,PhosphoSitePlus
P16671,P25098,unknown,Phosphorylation,0.2,SIGNOR
P16871,P23458,unknown,Phosphorylation,1.0,PhosphoSitePlus
P16885,P00533,Y,Phosphorylation,1.0,UniProt
P16885,P04626,Y,Phosphorylation,1.0,UniProt
P16885,P06239,Y753;Y759,Phosphorylation,100.0,PhosphoNetworks;PhosphoSitePlus;Reactome;SIGNOR;iPTMnet
P16885,P06241,Y753;Y759,Phosphorylation,100.0,PhosphoNetworks;PhosphoSitePlus;Reactome;iPTMnet
P16885,P07948,Y753;Y759,Phosphorylation,100.0,PhosphoNetworks;Reactome;iPTMnet
P16885,P08631,Y753;Y759,Phosphorylation,1.0,iPTMnet
P16885,P10721,Y,Phosphorylation,1.0,UniProt
P16885,P12931,unknown,Phosphorylation,1.0,PhosphoSitePlus
P16885,P42680,Y753;Y759,Phosphorylation,1.0,iPTMnet
P16885,P43405,Y759,Phosphorylation,1.0,PhosphoSitePlus;SIGNOR;iPTMnet
P16885,P51451,unknown,Phosphorylation,0.557,SIGNOR
P16885,Q06187,Y1197;Y1217;Y753;Y759,Phosphorylation,100.0,PhosphoNetworks;PhosphoSitePlus;SIGNOR;iPTMnet
P16949,O14965,unknown,Phosphorylation,0.39,SIGNOR
P16949,O15264,unknown,Phosphorylation,100.0,PhosphoNetworks;PhosphoSitePlus
P16949,P05771,unknown,Phosphorylation,1.0,PhosphoSitePlus
P16949,P06493,unknown,Phosphorylation,1.0,PhosphoSitePlus
P16949,P17612,unknown,Phosphorylation,1.0,PhosphoSitePlus
P16949,P24941,unknown,Phosphorylation,1.0,PhosphoSitePlus
P16949,P27361,unknown,Phosphorylation,1.0,PhosphoSitePlus
P16949,P28482,unknown,Phosphorylation,1.0,PhosphoSitePlus
P16949,P45983,unknown,Phosphorylation,1.0,PhosphoSitePlus
P16949,P45984,unknown,Phosphorylation,1.0,PhosphoSitePlus
P16949,P53779,unknown,Phosphorylation,1.0,PhosphoSitePlus
P16949,Q00535,unknown,Phosphorylation,1.0,PhosphoSitePlus
P16949,Q13153,unknown,Phosphorylation,100.0,PhosphoNetworks;PhosphoSitePlus
P16949,Q13554,unknown,Phosphorylation,1.0,PhosphoSitePlus
P16949,Q16566,unknown,Phosphorylation,1.0,PhosphoSitePlus
P16949,Q8TAS1,unknown,Phosphorylation,1.0,PhosphoSitePlus
P16949,Q9UQM7,unknown,Phosphorylation,1.0,PhosphoSitePlus
P16989,O14757,unknown,Phosphorylation,1.0,PhosphoSitePlus
P17028,P43405,Y,Phosphorylation,1.0,UniProt
P17041,P49760,unknown,Phosphorylation,2.5,PhosphoNetworks
P17041,Q08345,unknown,Phosphorylation,1.9,PhosphoNetworks
P17081,Q00535,unknown,Phosphorylation,1.0,PhosphoSitePlus
P17081,Q5VST9,unknown,Phosphorylation,1.0,Reactome
P17096,P06493,unknown,Phosphorylation,1.0,PhosphoSitePlus
P17096,P24941,unknown,Phosphorylation,1.0,PhosphoSitePlus
P17096,Q13315,unknown,Phosphorylation,0.2,SIGNOR
P17096,Q9H2X6,unknown,Phosphorylation,1.0,PhosphoSitePlus
P17174,P00533,Y,Phosphorylation,1.0,UniProt
P17181,P29597,Y466;Y481,Phosphorylation,100.0,PhosphoNetworks;PhosphoSitePlus;SIGNOR;UniProt;iPTMnet
P17181,P48729,unknown,Phosphorylation,1.0,PhosphoSitePlus
P17181,Q16539,unknown,Phosphorylation,1.0,PhosphoSitePlus
P17252,O15530,unknown,Phosphorylation,1.0,Reactome;SIGNOR
P17252,P00533,Y,Phosphorylation,1.0,UniProt
P17252,P05771,unknown,Phosphorylation,1.0,PhosphoSitePlus
P17252,P17252,unknown,Phosphorylation,1.0,PhosphoSitePlus
P17252,P27361,unknown,Phosphorylation,1.0,PhosphoSitePlus
P17252,P28482,unknown,Phosphorylation,1.0,PhosphoSitePlus
P17252,P43405,Y658,Phosphorylation,100.0,PhosphoNetworks;PhosphoSitePlus;SIGNOR;iPTMnet
P17252,Q13546,unknown,Phosphorylation,1.0,Reactome
P17275,P22607,Y,Phosphorylation,1.0,UniProt
P17275,P27361,unknown,Phosphorylation,1.0,PhosphoSitePlus
P17275,P28482,unknown,Phosphorylation,1.0,PhosphoSitePlus
P17275,P45983,unknown,Phosphorylation,1.0,PhosphoSitePlus
P17275,P49841,unknown,Phosphorylation,1.0,PhosphoSitePlus;SIGNOR
P17275,Q16539,unknown,Phosphorylation,100.0,PhosphoNetworks
P17301,P35968,Y,Phosphorylation,1.0,UniProt
P17301,Q14289,unknown,Phosphorylation,1.0,Reactome
P17302,P12931,Y247;Y265,Phosphorylation,1.0,PhosphoSitePlus;SIGNOR;iPTMnet
P17302,P28482,unknown,Phosphorylation,1.0,PhosphoSitePlus
P17302,P31749,unknown,Phosphorylation,1.0,Reactome
P17302,Q02156,unknown,Phosphorylation,1.0,PhosphoSitePlus
P17302,Q16539,unknown,Phosphorylation,1.0,PhosphoSitePlus
P17405,Q05655,unknown,Phosphorylation,1.0,PhosphoSitePlus
P17480,P11802,unknown,Phosphorylation,100.0,PhosphoNetworks;PhosphoSitePlus
P17480,P24941,unknown,Phosphorylation,1.0,PhosphoSitePlus
P17480,P27361,unknown,Phosphorylation,100.0,PhosphoNetworks;Reactome
P17480,P28482,unknown,Phosphorylation,100.0,PhosphoNetworks
P17509,P49761,Y,Phosphorylation,1.0,UniProt
P17509,P68400,unknown,Phosphorylation,1.0,PhosphoSitePlus
P17535,P28482,unknown,Phosphorylation,1.0,PhosphoSitePlus
P17535,P45983,unknown,Phosphorylation,1.0,PhosphoSitePlus
P17542,P17612,unknown,Phosphorylation,1.0,PhosphoSitePlus
P17542,P27361,unknown,Phosphorylation,100.0,PhosphoNetworks;PhosphoSitePlus
P17542,P31749,unknown,Phosphorylation,1.0,PhosphoSitePlus
P17542,Q02750,unknown,Phosphorylation,1.0,PhosphoSitePlus
P17544,P45983,unknown,Phosphorylation,2.75,PhosphoNetworks
P17544,Q15759,unknown,Phosphorylation,1.0,PhosphoSitePlus
P17600,Q13315,unknown,Phosphorylation,1.0,PhosphoSitePlus
P17600,Q8TAS1,unknown,Phosphorylation,100.0,PhosphoNetworks
P17600,Q9UQM7,unknown,Phosphorylation,1.0,PhosphoSitePlus
P17612,O15264,unknown,Phosphorylation,12.84,PhosphoNetworks
P17612,O15530,unknown,Phosphorylation,1.0,PhosphoSitePlus
P17612,O60285,unknown,Phosphorylation,16.61,PhosphoNetworks
P17612,O60674,unknown,Phosphorylation,16.61,PhosphoNetworks
P17612,O75582,unknown,Phosphorylation,34.33,PhosphoNetworks
P17612,O75716,unknown,Phosphorylation,12.84,PhosphoNetworks
P17612,O76039,unknown,Phosphorylation,6.88,PhosphoNetworks
P17612,P06241,unknown,Phosphorylation,70.96,PhosphoNetworks
P17612,P08581,unknown,Phosphorylation,9.03,PhosphoNetworks
P17612,P17612,unknown,Phosphorylation,1.0,PhosphoSitePlus
P17612,P23443,unknown,Phosphorylation,15.18,PhosphoNetworks
P17612,P27448,unknown,Phosphorylation,12.84,PhosphoNetworks
P17612,P31749,unknown,Phosphorylation,41.39,PhosphoNetworks
P17612,P41240,unknown,Phosphorylation,2107.75,PhosphoNetworks
P17612,P43403,unknown,Phosphorylation,15.18,PhosphoNetworks
P17612,P43405,unknown,Phosphorylation,1.0,PhosphoSitePlus
P17612,P49760,unknown,Phosphorylation,3.24,PhosphoNetworks
P17612,P50750,unknown,Phosphorylation,50.32,PhosphoNetworks
P17612,P53350,unknown,Phosphorylation,1.0,Reactome
P17612,P53778,unknown,Phosphorylation,10.68,PhosphoNetworks
P17612,P54646,unknown,Phosphorylation,50.32,PhosphoNetworks
P17612,P78362,unknown,Phosphorylation,2.25,PhosphoNetworks
P17612,Q06187,unknown,Phosphorylation,34.33,PhosphoNetworks
P17612,Q08345,unknown,Phosphorylation,49.43,PhosphoNetworks
P17612,Q09013,unknown,Phosphorylation,16.93,PhosphoNetworks
P17612,Q13131,unknown,Phosphorylation,12.84,PhosphoNetworks
P17612,Q13153,unknown,Phosphorylation,41.39,PhosphoNetworks
P17612,Q13164,unknown,Phosphorylation,16.61,PhosphoNetworks
P17612,Q13554,unknown,Phosphorylation,12.84,PhosphoNetworks
P17612,Q13555,unknown,Phosphorylation,16.61,PhosphoNetworks
P17612,Q13557,unknown,Phosphorylation,9.03,PhosphoNetworks
P17612,Q6VAB6,unknown,Phosphorylation,5.28,PhosphoNetworks
P17612,Q86Z02,unknown,Phosphorylation,2.25,PhosphoNetworks
P17612,Q8IW41,unknown,Phosphorylation,34.33,PhosphoNetworks
P17612,Q8NE63,unknown,Phosphorylation,1.6,PhosphoNetworks
P17612,Q96GD4,unknown,Phosphorylation,2.28,PhosphoNetworks
P17612,Q96RR4,unknown,Phosphorylation,2360.5,PhosphoNetworks
P17612,Q96S53,unknown,Phosphorylation,2.28,PhosphoNetworks
P17612,Q96SB4,unknown,Phosphorylation,34.96,PhosphoNetworks
P17612,Q9HBY8,unknown,Phosphorylation,12.84,PhosphoNetworks
P17612,Q9NR20,unknown,Phosphorylation,1.57,PhosphoNetworks
P17612,Q9UBE8,unknown,Phosphorylation,2.21,PhosphoNetworks
P17612,Q9UBS0,unknown,Phosphorylation,12.61,PhosphoNetworks
P17612,Q9Y243,unknown,Phosphorylation,15.18,PhosphoNetworks
P17612,Q9Y463,unknown,Phosphorylation,65.13,PhosphoNetworks
P17655,P17612,unknown,Phosphorylation,1.0,PhosphoSitePlus
P17655,P27361,unknown,Phosphorylation,100.0,PhosphoNetworks;PhosphoSitePlus
P17655,P28482,unknown,Phosphorylation,100.0,PhosphoNetworks;PhosphoSitePlus
P17661,P07947,Y,Phosphorylation,1.0,UniProt
P17661,P17612,unknown,Phosphorylation,1.0,PhosphoSitePlus
P17661,Q13464,unknown,Phosphorylation,1.0,PhosphoSitePlus
P17661,Q96GD4,unknown,Phosphorylation,100.0,PhosphoNetworks;PhosphoSitePlus
P17676,P00519,Y78,Phosphorylation,1.0,PhosphoSitePlus;SIGNOR;iPTMnet
P17676,P17612,unknown,Phosphorylation,1.0,PhosphoSitePlus
P17676,P24941,unknown,Phosphorylation,1.0,PhosphoSitePlus
P17676,P27361,unknown,Phosphorylation,100.0,PhosphoNetworks;PhosphoSitePlus;Reactome
P17676,P28482,unknown,Phosphorylation,1.0,PhosphoSitePlus;Reactome
P17676,P42684,Y78,Phosphorylation,1.0,PhosphoSitePlus;SIGNOR;iPTMnet
P17676,P49840,unknown,Phosphorylation,1.0,PhosphoSitePlus
P17676,P49841,unknown,Phosphorylation,1.0,PhosphoSitePlus
P17676,P51812,unknown,Phosphorylation,1.0,Reactome
P17676,Q15349,unknown,Phosphorylation,1.0,Reactome
P17676,Q15418,unknown,Phosphorylation,100.0,PhosphoNetworks;PhosphoSitePlus;Reactome;SIGNOR
P17676,Q16566,unknown,Phosphorylation,100.0,PhosphoNetworks
P17676,Q9H2X6,unknown,Phosphorylation,1.0,PhosphoSitePlus
P17677,P68400,unknown,Phosphorylation,1.0,PhosphoSitePlus
P17706,P06493,unknown,Phosphorylation,1.0,PhosphoSitePlus
P17706,P19525,unknown,Phosphorylation,1.0,Reactome
P17706,P24941,unknown,Phosphorylation,1.0,PhosphoSitePlus
P17812,P17252,unknown,Phosphorylation,1.0,PhosphoSitePlus
P17812,P17612,unknown,Phosphorylation,1.0,PhosphoSitePlus
P17812,P49840,unknown,Phosphorylation,1.0,PhosphoSitePlus
P17813,P12931,Y612;Y614,Phosphorylation,0.386,SIGNOR
P17813,P36897,unknown,Phosphorylation,1.0,PhosphoSitePlus
P17813,P37023,unknown,Phosphorylation,1.0,PhosphoSitePlus
P17813,P37173,unknown,Phosphorylation,1.0,PhosphoSitePlus
P17844,P00519,Y593,Phosphorylation,1.0,PhosphoSitePlus;SIGNOR;iPTMnet
P17844,P49137,unknown,Phosphorylation,1.0,PhosphoSitePlus
P17844,Q16539,unknown,Phosphorylation,1.0,PhosphoSitePlus
P17861,O75460,unknown,Phosphorylation,0.652,SIGNOR
P17861,P27361,unknown,Phosphorylation,1.0,PhosphoSitePlus
P17861,P28482,unknown,Phosphorylation,1.0,PhosphoSitePlus
P17861,Q16539,unknown,Phosphorylation,1.0,PhosphoSitePlus
P17931,P00519,Y107;Y118;Y79,Phosphorylation,1.0,PhosphoSitePlus;SIGNOR;iPTMnet
P17931,P42684,Y118;Y79,Phosphorylation,1.0,PhosphoSitePlus;SIGNOR;iPTMnet
P17931,P48729,unknown,Phosphorylation,100.0,PhosphoNetworks;PhosphoSitePlus
P17936,P00533,Y,Phosphorylation,1.0,UniProt
P17936,P68400,unknown,Phosphorylation,1.0,PhosphoSitePlus
P17936,P78527,unknown,Phosphorylation,1.0,PhosphoSitePlus
P17947,P27361,unknown,Phosphorylation,1.0,Reactome
P17947,P68400,unknown,Phosphorylation,1.0,PhosphoSitePlus
P17947,Q13164,unknown,Phosphorylation,1.0,Reactome
P17947,Q16659,unknown,Phosphorylation,1.0,Reactome
P17947,Q8TD08,unknown,Phosphorylation,1.0,Reactome
P17948,O15530,unknown,Phosphorylation,31.98,PhosphoNetworks
P17948,P17948,Y1169;Y1213;Y1242;Y1309;Y1327;Y1333;Y794;Y914,Phosphorylation,1.0,PhosphoSitePlus;SIGNOR;iPTMnet
P17980,P11802,unknown,Phosphorylation,115.78,PhosphoNetworks
P17980,P30291,unknown,Phosphorylation,4.27,PhosphoNetworks
P17980,P37173,unknown,Phosphorylation,4.57,PhosphoNetworks
P17980,P43405,unknown,Phosphorylation,17.86,PhosphoNetworks
P17980,P49759,unknown,Phosphorylation,3.18,PhosphoNetworks
P17980,P49760,unknown,Phosphorylation,3.24,PhosphoNetworks
P17980,P51955,unknown,Phosphorylation,2.97,PhosphoNetworks
P17980,Q00535,unknown,Phosphorylation,2.25,PhosphoNetworks
P17980,Q8IW41,unknown,Phosphorylation,2.25,PhosphoNetworks
P17980,Q8N5S9,unknown,Phosphorylation,2.25,PhosphoNetworks
P17980,Q96GD4,unknown,Phosphorylation,3.24,PhosphoNetworks
P17980,Q9NR20,unknown,Phosphorylation,1.6,PhosphoNetworks
P18031,O60674,Y,Phosphorylation,1.0,UniProt
P18031,P00533,Y66,Phosphorylation,1.0,PhosphoSitePlus;SIGNOR;UniProt;iPTMnet
P18031,P04629,Y,Phosphorylation,1.0,UniProt
P18031,P06213,Y152;Y153;Y66,Phosphorylation,1.0,UniProt;iPTMnet
P18031,P06493,unknown,Phosphorylation,1.0,PhosphoSitePlus
P18031,P08069,Y,Phosphorylation,1.0,UniProt
P18031,P08581,Y,Phosphorylation,1.0,UniProt
P18031,P08922,Y,Phosphorylation,1.0,UniProt
P18031,P09619,Y,Phosphorylation,1.0,UniProt
P18031,P12931,Y,Phosphorylation,1.0,UniProt
P18031,P17252,unknown,Phosphorylation,100.0,PhosphoNetworks;PhosphoSitePlus;SIGNOR
P18031,P31749,unknown,Phosphorylation,1.0,PhosphoSitePlus
P18031,P49759,unknown,Phosphorylation,100.0,PhosphoNetworks;PhosphoSitePlus
P18031,P49760,unknown,Phosphorylation,1.0,PhosphoSitePlus
P18031,P49841,unknown,Phosphorylation,0.468,SIGNOR
P18031,P53350,unknown,Phosphorylation,1.0,PhosphoSitePlus
P18031,Q16288,Y,Phosphorylation,1.0,UniProt
P18052,P12931,Y,Phosphorylation,1.0,UniProt
P18084,O96013,unknown,Phosphorylation,1.0,PhosphoSitePlus
P18084,Q05397,unknown,Phosphorylation,1.0,Reactome
P18084,Q14289,unknown,Phosphorylation,1.0,Reactome
P18089,P25098,unknown,Phosphorylation,1.0,Reactome
P18089,P32298,unknown,Phosphorylation,1.0,Reactome
P18089,P34947,unknown,Phosphorylation,1.0,Reactome
P18089,P35626,unknown,Phosphorylation,1.0,Reactome
P18089,P43250,unknown,Phosphorylation,1.0,Reactome
P18089,Q15835,unknown,Phosphorylation,1.0,Reactome
P18089,Q8WTQ7,unknown,Phosphorylation,1.0,Reactome
P18206,P00519,Y822,Phosphorylation,0.382,SIGNOR
P18206,P12931,Y100;Y1065;Y1133,Phosphorylation,1.0,iPTMnet
P18206,P17252,unknown,Phosphorylation,100.0,PhosphoNetworks
P18206,Q05397,unknown,Phosphorylation,1.0,Reactome
P18206,Q14289,unknown,Phosphorylation,1.0,Reactome
P18433,P00533,Y,Phosphorylation,1.0,UniProt
P18433,P12931,Y789;Y798,Phosphorylation,1.0,PhosphoSitePlus;SIGNOR;UniProt;iPTMnet
P18433,P17252,unknown,Phosphorylation,1.0,PhosphoSitePlus
P18433,Q05397,unknown,Phosphorylation,1.0,Reactome
P18433,Q05655,unknown,Phosphorylation,100.0,PhosphoNetworks;PhosphoSitePlus
P18433,Q9UQM7,unknown,Phosphorylation,1.0,PhosphoSitePlus
P18505,P17612,unknown,Phosphorylation,1.0,PhosphoSitePlus
P18505,Q13976,unknown,Phosphorylation,1.0,PhosphoSitePlus
P18507,P06241,unknown,Phosphorylation,1.0,PhosphoSitePlus
P18507,P12931,unknown,Phosphorylation,1.0,PhosphoSitePlus
P18507,Q02156,unknown,Phosphorylation,1.0,PhosphoSitePlus
P18564,Q05397,unknown,Phosphorylation,1.0,Reactome
P18564,Q14289,unknown,Phosphorylation,1.0,Reactome
P18615,P50750,unknown,Phosphorylation,1.0,Reactome
P18615,Q96GD4,unknown,Phosphorylation,1.0,PhosphoSitePlus
P18669,P11362,unknown,Phosphorylation,0.332,SIGNOR
P18669,Q13153,unknown,Phosphorylation,100.0,PhosphoNetworks;PhosphoSitePlus
P18754,P06493,unknown,Phosphorylation,1.0,PhosphoSitePlus
P18754,Q16659,unknown,Phosphorylation,12.84,PhosphoNetworks
P18754,Q92630,unknown,Phosphorylation,34.96,PhosphoNetworks
P18825,P25098,unknown,Phosphorylation,1.0,Reactome
P18825,P32298,unknown,Phosphorylation,1.0,Reactome
P18825,P34947,unknown,Phosphorylation,1.0,Reactome
P18825,P35626,unknown,Phosphorylation,1.0,Reactome
P18825,P43250,unknown,Phosphorylation,1.0,Reactome
P18825,Q15835,unknown,Phosphorylation,1.0,Reactome
P18825,Q8WTQ7,unknown,Phosphorylation,1.0,Reactome
P18827,P17612,unknown,Phosphorylation,1.0,PhosphoSitePlus
P18846,O75582,unknown,Phosphorylation,1.0,PhosphoSitePlus;Reactome
P18846,O75676,unknown,Phosphorylation,0.617,SIGNOR
P18846,P48729,unknown,Phosphorylation,1.0,PhosphoSitePlus
P18846,P51812,unknown,Phosphorylation,0.32,SIGNOR
P18846,P68400,unknown,Phosphorylation,1.0,PhosphoSitePlus
P18846,Q00526,unknown,Phosphorylation,1.0,PhosphoSitePlus
P18848,P07949,unknown,Phosphorylation,1.0,PhosphoSitePlus;SIGNOR
P18848,P51812,unknown,Phosphorylation,100.0,PhosphoNetworks;PhosphoSitePlus
P18850,Q06187,unknown,Phosphorylation,10.19,PhosphoNetworks
P18850,Q9UQM7,unknown,Phosphorylation,2.75,PhosphoNetworks
P18858,O14757,unknown,Phosphorylation,1.0,PhosphoSitePlus
P18858,O43683,unknown,Phosphorylation,2.71,PhosphoNetworks
P18858,O43781,unknown,Phosphorylation,1.93,PhosphoNetworks
P18858,O96017,unknown,Phosphorylation,1.56,PhosphoNetworks
P18858,P06493,unknown,Phosphorylation,1.0,PhosphoSitePlus
P18858,P11802,unknown,Phosphorylation,42.14,PhosphoNetworks
P18858,P19784,unknown,Phosphorylation,100.0,PhosphoNetworks
P18858,P24941,unknown,Phosphorylation,1.0,PhosphoSitePlus
P18858,P30291,unknown,Phosphorylation,42.14,PhosphoNetworks
P18858,P68400,unknown,Phosphorylation,1.0,PhosphoNetworks;PhosphoSitePlus
P18858,Q00534,unknown,Phosphorylation,10.19,PhosphoNetworks
P18858,Q00535,unknown,Phosphorylation,5.54,PhosphoNetworks
P18858,Q13153,unknown,Phosphorylation,2.64,PhosphoNetworks
P18887,O43683,unknown,Phosphorylation,1.56,PhosphoNetworks
P18887,O96017,unknown,Phosphorylation,1.0,PhosphoSitePlus
P18887,P11802,unknown,Phosphorylation,18.32,PhosphoNetworks
P18887,P19784,unknown,Phosphorylation,1.0,PhosphoSitePlus
P18887,P24941,unknown,Phosphorylation,1.0,PhosphoSitePlus
P18887,P30291,unknown,Phosphorylation,23.71,PhosphoNetworks
P18887,P50613,unknown,Phosphorylation,23.71,PhosphoNetworks
P18887,P68400,unknown,Phosphorylation,100.0,PhosphoNetworks;PhosphoSitePlus
P18887,P78527,unknown,Phosphorylation,1.0,PhosphoSitePlus
P18887,Q00535,unknown,Phosphorylation,7.87,PhosphoNetworks
P18887,Q96GD4,unknown,Phosphorylation,1.56,PhosphoNetworks
P18887,Q99986,unknown,Phosphorylation,18.32,PhosphoNetworks
P18887,Q9H4B4,unknown,Phosphorylation,2.7,PhosphoNetworks
P18887,Q9UEE5,unknown,Phosphorylation,1.93,PhosphoNetworks
P19022,P12931,Y852;Y860;Y884;Y886,Phosphorylation,1.0,PhosphoSitePlus;SIGNOR;iPTMnet
P19022,P52564,unknown,Phosphorylation,1.0,Reactome
P19086,P17252,unknown,Phosphorylation,100.0,PhosphoNetworks;PhosphoSitePlus
P19086,Q13153,unknown,Phosphorylation,100.0,PhosphoNetworks;PhosphoSitePlus
P19105,O75914,unknown,Phosphorylation,1.0,Reactome
P19105,P06241,unknown,Phosphorylation,1.0,Reactome
P19105,P12931,unknown,Phosphorylation,1.0,Reactome
P19105,P29323,unknown,Phosphorylation,1.0,Reactome
P19105,P54753,unknown,Phosphorylation,1.0,Reactome
P19105,P54760,unknown,Phosphorylation,1.0,Reactome
P19105,P54762,unknown,Phosphorylation,1.0,Reactome
P19105,Q13153,unknown,Phosphorylation,1.0,Reactome
P19105,Q15746,unknown,Phosphorylation,1.0,Reactome
P19174,P00519,Y1003;Y771,Phosphorylation,1.0,PhosphoSitePlus;SIGNOR
P19174,P00533,Y1253;Y472;Y771;Y783,Phosphorylation,1.0,PhosphoSitePlus;SIGNOR;UniProt;iPTMnet
P19174,P04626,Y,Phosphorylation,1.0,UniProt
P19174,P04629,Y,Phosphorylation,1.0,SIGNOR;UniProt
P19174,P06213,Y,Phosphorylation,1.0,UniProt
P19174,P06239,unknown,Phosphorylation,1.0,Reactome
P19174,P06241,unknown,Phosphorylation,1.0,Reactome
P19174,P07948,Y771;Y783,Phosphorylation,1.0,Reactome;iPTMnet
P19174,P07949,Y783,Phosphorylation,1.0,PhosphoSitePlus;iPTMnet
P19174,P08581,Y,Phosphorylation,1.0,UniProt
P19174,P08631,Y1253;Y771;Y783,Phosphorylation,1.0,iPTMnet
P19174,P09619,Y,Phosphorylation,1.0,SIGNOR;UniProt
P19174,P10721,Y,Phosphorylation,1.0,UniProt
P19174,P11362,Y,Phosphorylation,100.0,PhosphoNetworks;UniProt
P19174,P12931,Y783,Phosphorylation,1.0,PhosphoSitePlus;Reactome;iPTMnet
P19174,P16234,unknown,Phosphorylation,0.649,SIGNOR
P19174,P17252,unknown,Phosphorylation,100.0,PhosphoNetworks;PhosphoSitePlus
P19174,P17612,unknown,Phosphorylation,1.0,PhosphoSitePlus
P19174,P21802,Y,Phosphorylation,1.0,UniProt
P19174,P21860,Y,Phosphorylation,1.0,UniProt
P19174,P29317,unknown,Phosphorylation,0.275,SIGNOR
P19174,P31749,unknown,Phosphorylation,1.0,PhosphoSitePlus
P19174,P35968,unknown,Phosphorylation,1.0,Reactome
P19174,P42684,Y,Phosphorylation,1.0,UniProt
P19174,P43403,Y1253;Y783,Phosphorylation,1.0,Reactome;iPTMnet
P19174,P43405,Y771;Y783,Phosphorylation,100.0,PhosphoNetworks;PhosphoSitePlus;SIGNOR;UniProt;iPTMnet
P19174,P54764,Y783,Phosphorylation,1.0,iPTMnet
P19174,Q06187,unknown,Phosphorylation,0.581,SIGNOR
P19174,Q06418,unknown,Phosphorylation,100.0,PhosphoNetworks
P19174,Q08881,Y775;Y783,Phosphorylation,1.0,PhosphoSitePlus;SIGNOR;iPTMnet
P19174,Q16620,unknown,Phosphorylation,0.647,SIGNOR
P19235,O60674,Y368;Y426;Y454;Y456;Y468;Y485;Y489;Y504,Phosphorylation,100.0,PhosphoNetworks;PhosphoSitePlus;iPTMnet
P19235,P07948,unknown,Phosphorylation,100.0,PhosphoNetworks;PhosphoSitePlus
P19338,O43683,unknown,Phosphorylation,2.71,PhosphoNetworks
P19338,P06493,unknown,Phosphorylation,1.0,PhosphoSitePlus
P19338,P09769,unknown,Phosphorylation,2.75,PhosphoNetworks
P19338,P11802,unknown,Phosphorylation,18.32,PhosphoNetworks
P19338,P24941,unknown,Phosphorylation,1.0,PhosphoSitePlus
P19338,P31749,unknown,Phosphorylation,3.47,PhosphoNetworks
P19338,P41743,unknown,Phosphorylation,10.19,PhosphoNetworks
P19338,P45983,unknown,Phosphorylation,2.75,PhosphoNetworks
P19338,Q9UEE5,unknown,Phosphorylation,1.93,PhosphoNetworks
P19367,P12931,Y732,Phosphorylation,1.0,SIGNOR;UniProt;iPTMnet
P19387,P50750,unknown,Phosphorylation,1.0,Reactome
P19388,P22607,Y,Phosphorylation,1.0,UniProt
P19388,P50750,unknown,Phosphorylation,1.0,Reactome
P19404,P06241,Y,Phosphorylation,1.0,UniProt
P19404,P12931,Y193,Phosphorylation,1.0,PhosphoSitePlus;SIGNOR
P19419,O75582,unknown,Phosphorylation,1.0,PhosphoSitePlus
P19419,P27361,unknown,Phosphorylation,100.0,PhosphoNetworks;PhosphoSitePlus;Reactome;SIGNOR
P19419,P28482,unknown,Phosphorylation,1.0,PhosphoSitePlus;Reactome
P19419,P45983,unknown,Phosphorylation,419.6,PhosphoNetworks;Reactome
P19419,P45984,unknown,Phosphorylation,100.0,PhosphoNetworks;Reactome
P19419,Q13164,unknown,Phosphorylation,1.0,Reactome
P19419,Q15759,unknown,Phosphorylation,1.0,Reactome
P19419,Q16539,unknown,Phosphorylation,100.0,PhosphoNetworks;PhosphoSitePlus
P19419,Q16659,unknown,Phosphorylation,1.0,Reactome
P19419,Q8TD08,unknown,Phosphorylation,1.0,Reactome
P19429,O75116,unknown,Phosphorylation,1.0,PhosphoSitePlus
P19429,P05771,unknown,Phosphorylation,1.0,PhosphoSitePlus
P19429,P17252,unknown,Phosphorylation,1.0,PhosphoSitePlus
P19429,P17612,unknown,Phosphorylation,1.0,PhosphoSitePlus;Reactome
P19429,Q02156,unknown,Phosphorylation,1.0,PhosphoSitePlus
P19429,Q05655,unknown,Phosphorylation,1.0,PhosphoSitePlus
P19429,Q13043,unknown,Phosphorylation,1.0,PhosphoSitePlus
P19429,Q13131,unknown,Phosphorylation,1.0,PhosphoSitePlus
P19429,Q15139,unknown,Phosphorylation,1.0,PhosphoSitePlus
P19429,Q15418,unknown,Phosphorylation,1.0,PhosphoSitePlus
P19438,O14920,unknown,Phosphorylation,1.0,PhosphoSitePlus
P19438,P28482,unknown,Phosphorylation,1.0,PhosphoSitePlus
P19447,P68400,unknown,Phosphorylation,100.0,PhosphoNetworks;PhosphoSitePlus
P19474,O14733,unknown,Phosphorylation,2.25,PhosphoNetworks
P19484,P00519,unknown,Phosphorylation,0.2,SIGNOR
P19484,P05771,unknown,Phosphorylation,1.0,PhosphoSitePlus
P19484,P11802,unknown,Phosphorylation,0.2,SIGNOR
P19484,Q00534,unknown,Phosphorylation,0.2,SIGNOR
P19525,O14920,unknown,Phosphorylation,442.1,PhosphoNetworks
P19525,O15530,unknown,Phosphorylation,3.11,PhosphoNetworks
P19525,O43283,unknown,Phosphorylation,3.68,PhosphoNetworks
P19525,O96017,unknown,Phosphorylation,4.39,PhosphoNetworks
P19525,P04049,unknown,Phosphorylation,11.83,PhosphoNetworks
P19525,P06241,unknown,Phosphorylation,11.83,PhosphoNetworks
P19525,P11309,unknown,Phosphorylation,22.21,PhosphoNetworks
P19525,P19525,Y101;Y162;Y293,Phosphorylation,1.0,PhosphoSitePlus;SIGNOR;iPTMnet
P19525,P19784,unknown,Phosphorylation,1.57,PhosphoNetworks
P19525,P23458,Y101;Y293,Phosphorylation,1.0,iPTMnet
P19525,P28482,unknown,Phosphorylation,5.52,PhosphoNetworks;PhosphoSitePlus
P19525,P29597,unknown,Phosphorylation,1.57,PhosphoNetworks
P19525,P41743,unknown,Phosphorylation,5.52,PhosphoNetworks
P19525,P45984,unknown,Phosphorylation,1.57,PhosphoNetworks
P19525,P49674,unknown,Phosphorylation,4.26,PhosphoNetworks
P19525,P49841,unknown,Phosphorylation,4.26,PhosphoNetworks
P19525,P51812,unknown,Phosphorylation,1.0,PhosphoSitePlus
P19525,Q04759,unknown,Phosphorylation,3.11,PhosphoNetworks
P19525,Q16539,unknown,Phosphorylation,1.0,PhosphoSitePlus
P19525,Q9Y572,unknown,Phosphorylation,2.84,PhosphoNetworks
P19532,P11802,unknown,Phosphorylation,0.2,SIGNOR
P19532,Q00534,unknown,Phosphorylation,0.2,SIGNOR
P19532,Q15831,unknown,Phosphorylation,1.58,PhosphoNetworks
P19544,P17612,unknown,Phosphorylation,1.0,PhosphoSitePlus
P19544,P22455,unknown,Phosphorylation,3.22,PhosphoNetworks
P19544,P22607,Y,Phosphorylation,1.0,UniProt
P19622,P17612,unknown,Phosphorylation,1.0,PhosphoSitePlus
P19634,O75116,unknown,Phosphorylation,1.0,PhosphoSitePlus
P19634,P28482,unknown,Phosphorylation,1.0,PhosphoSitePlus
P19634,P31749,unknown,Phosphorylation,1.0,PhosphoSitePlus
P19634,Q13464,unknown,Phosphorylation,1.0,PhosphoSitePlus;SIGNOR
P19634,Q15418,unknown,Phosphorylation,1.0,PhosphoSitePlus
P19634,Q16539,unknown,Phosphorylation,100.0,PhosphoNetworks;PhosphoSitePlus
P19634,Q99558,unknown,Phosphorylation,0.305,SIGNOR
P19784,P51617,unknown,Phosphorylation,1.57,PhosphoNetworks
P19793,O43318,unknown,Phosphorylation,2.7,PhosphoNetworks
P19793,P09769,unknown,Phosphorylation,2.75,PhosphoNetworks
P19793,P17612,unknown,Phosphorylation,7.87,PhosphoNetworks;PhosphoSitePlus
P19793,P27361,unknown,Phosphorylation,100.0,PhosphoNetworks;PhosphoSitePlus
P19793,P28482,unknown,Phosphorylation,100.0,PhosphoNetworks;PhosphoSitePlus
P19793,P31749,unknown,Phosphorylation,2.68,PhosphoNetworks
P19793,P43405,unknown,Phosphorylation,3.47,PhosphoNetworks
P19793,P45983,unknown,Phosphorylation,2.75,PhosphoNetworks;PhosphoSitePlus
P19793,P45984,unknown,Phosphorylation,1.0,PhosphoSitePlus
P19793,P45985,Y249,Phosphorylation,100.0,PhosphoNetworks;PhosphoSitePlus;SIGNOR;iPTMnet
P19793,P49840,unknown,Phosphorylation,1.93,PhosphoNetworks
P19793,Q9NQU5,unknown,Phosphorylation,1.93,PhosphoNetworks
P19838,O14757,unknown,Phosphorylation,1.0,PhosphoSitePlus
P19838,O14920,unknown,Phosphorylation,100.0,PhosphoNetworks;PhosphoSitePlus;Reactome
P19838,O15111,unknown,Phosphorylation,1.0,PhosphoSitePlus;Reactome
P19838,O75582,unknown,Phosphorylation,1.0,Reactome
P19838,P17612,unknown,Phosphorylation,1.0,PhosphoSitePlus;Reactome
P19838,P22612,unknown,Phosphorylation,1.0,Reactome
P19838,P22694,unknown,Phosphorylation,1.0,Reactome
P19838,P49841,unknown,Phosphorylation,100.0,PhosphoNetworks;PhosphoSitePlus
P19838,P51617,unknown,Phosphorylation,1.0,Reactome
P19838,P78527,unknown,Phosphorylation,1.0,PhosphoSitePlus
P19878,P05771,unknown,Phosphorylation,1.0,Reactome
P19878,P17252,unknown,Phosphorylation,1.0,Reactome
P19878,P27361,unknown,Phosphorylation,1.0,Reactome
P19878,P28482,unknown,Phosphorylation,1.0,PhosphoSitePlus;Reactome
P19878,Q05513,unknown,Phosphorylation,1.0,Reactome
P19878,Q05655,unknown,Phosphorylation,1.0,Reactome
P19878,Q15759,unknown,Phosphorylation,1.0,Reactome
P19878,Q16539,unknown,Phosphorylation,1.0,Reactome
P20036,P41240,unknown,Phosphorylation,1.0,Reactome
P20042,P19525,unknown,Phosphorylation,1.0,Reactome
P20042,P68400,unknown,Phosphorylation,1.0,PhosphoSitePlus
P20042,Q9BQI3,unknown,Phosphorylation,1.0,Reactome
P20042,Q9NZJ5,unknown,Phosphorylation,1.0,Reactome
P20042,Q9P2K8,unknown,Phosphorylation,1.0,Reactome
P20138,P06239,Y340,Phosphorylation,100.0,PhosphoNetworks;PhosphoSitePlus;SIGNOR;iPTMnet
P20138,P12931,Y340,Phosphorylation,1.0,iPTMnet
P20226,P50613,unknown,Phosphorylation,1.0,Reactome
P20248,P24941,unknown,Phosphorylation,1.0,PhosphoSitePlus
P20248,P50613,unknown,Phosphorylation,1.0,Reactome
P20248,Q99640,unknown,Phosphorylation,1.0,Reactome
P20265,P17612,unknown,Phosphorylation,1.0,PhosphoSitePlus
P20273,P07948,Y,Phosphorylation,1.0,SIGNOR;UniProt
P20273,P43405,Y,Phosphorylation,1.0,UniProt
P20338,P06493,unknown,Phosphorylation,1.0,PhosphoSitePlus
P20339,P27361,unknown,Phosphorylation,1.0,PhosphoSitePlus
P20339,Q02156,unknown,Phosphorylation,1.0,PhosphoSitePlus
P20393,P49841,unknown,Phosphorylation,1.0,PhosphoSitePlus
P20417,P00533,Y,Phosphorylation,1.0,UniProt
P20639,P19525,Y,Phosphorylation,1.0,UniProt
P20645,P68400,unknown,Phosphorylation,1.0,PhosphoSitePlus
P20700,P05771,unknown,Phosphorylation,1.0,PhosphoSitePlus
P20700,P06493,unknown,Phosphorylation,1.0,PhosphoSitePlus
P20700,Q00535,unknown,Phosphorylation,1.0,Reactome
P20701,O60674,unknown,Phosphorylation,0.268,SIGNOR
P20701,P12931,unknown,Phosphorylation,0.422,SIGNOR
P20701,Q05397,unknown,Phosphorylation,1.0,Reactome
P20701,Q14289,unknown,Phosphorylation,1.0,Reactome
P20702,Q05397,unknown,Phosphorylation,1.0,Reactome
P20702,Q14289,unknown,Phosphorylation,1.0,Reactome
P20749,O43318,unknown,Phosphorylation,12.84,PhosphoNetworks
P20749,O43683,unknown,Phosphorylation,35.4,PhosphoNetworks
P20749,P06239,Y,Phosphorylation,1.0,UniProt
P20749,P09769,unknown,Phosphorylation,12.84,PhosphoNetworks
P20749,P11802,unknown,Phosphorylation,2.28,PhosphoNetworks
P20749,P21802,unknown,Phosphorylation,6.22,PhosphoNetworks
P20749,P27361,unknown,Phosphorylation,1960.7,PhosphoNetworks
P20749,P29320,unknown,Phosphorylation,3.22,PhosphoNetworks
P20749,P29597,unknown,Phosphorylation,16.93,PhosphoNetworks
P20749,P30291,unknown,Phosphorylation,2.28,PhosphoNetworks
P20749,P37173,unknown,Phosphorylation,70.96,PhosphoNetworks
P20749,P43403,unknown,Phosphorylation,10.68,PhosphoNetworks
P20749,P43405,unknown,Phosphorylation,18.2,PhosphoNetworks
P20749,P45984,unknown,Phosphorylation,12.84,PhosphoNetworks
P20749,P49674,unknown,Phosphorylation,1.58,PhosphoNetworks
P20749,P49760,unknown,Phosphorylation,3.24,PhosphoNetworks
P20749,P49840,unknown,Phosphorylation,1996.19,PhosphoNetworks;PhosphoSitePlus
P20749,P49841,unknown,Phosphorylation,7035.6,PhosphoNetworks
P20749,P51813,unknown,Phosphorylation,2.25,PhosphoNetworks
P20749,P51955,unknown,Phosphorylation,2.25,PhosphoNetworks
P20749,P78362,unknown,Phosphorylation,2.25,PhosphoNetworks
P20749,Q00535,unknown,Phosphorylation,24.59,PhosphoNetworks
P20749,Q05397,unknown,Phosphorylation,12.84,PhosphoNetworks
P20749,Q06418,unknown,Phosphorylation,4.46,PhosphoNetworks
P20749,Q07912,unknown,Phosphorylation,70.96,PhosphoNetworks
P20749,Q13153,unknown,Phosphorylation,2.67,PhosphoNetworks
P20749,Q14289,unknown,Phosphorylation,13.8,PhosphoNetworks
P20749,Q15349,unknown,Phosphorylation,34.96,PhosphoNetworks
P20749,Q8IW41,unknown,Phosphorylation,34.96,PhosphoNetworks
P20749,Q8N5S9,unknown,Phosphorylation,2.25,PhosphoNetworks
P20749,Q8TAS1,unknown,Phosphorylation,2.21,PhosphoNetworks
P20749,Q8TD19,unknown,Phosphorylation,2.25,PhosphoNetworks
P20749,Q9UEE5,unknown,Phosphorylation,5.31,PhosphoNetworks
P20794,P20794,Y159,Phosphorylation,1.0,SIGNOR;iPTMnet
P20807,P22607,Y,Phosphorylation,1.0,UniProt
P20823,Q9Y463,unknown,Phosphorylation,100.0,PhosphoNetworks;PhosphoSitePlus
P20827,P29317,Y,Phosphorylation,1.0,UniProt
P20827,P54764,Y,Phosphorylation,1.0,UniProt
P20849,Q05397,unknown,Phosphorylation,1.0,Reactome
P20849,Q14289,unknown,Phosphorylation,1.0,Reactome
P20908,Q05397,unknown,Phosphorylation,1.0,Reactome
P20908,Q14289,unknown,Phosphorylation,1.0,Reactome
P20916,P06241,Y620,Phosphorylation,1.0,iPTMnet
P20929,P49841,unknown,Phosphorylation,0.308,SIGNOR
P20936,P00533,Y283;Y460,Phosphorylation,1.0,SIGNOR;UniProt;iPTMnet
P20936,P04626,Y,Phosphorylation,1.0,UniProt
P20936,P06239,Y283;Y460,Phosphorylation,1.0,iPTMnet
P20936,P08581,Y,Phosphorylation,1.0,UniProt
P20936,P09619,Y,Phosphorylation,1.0,Reactome;UniProt
P20936,P10721,Y,Phosphorylation,1.0,UniProt
P20936,P12931,unknown,Phosphorylation,0.616,SIGNOR
P20936,P16234,unknown,Phosphorylation,1.0,Reactome
P20936,P21860,Y,Phosphorylation,1.0,UniProt
P20936,P36888,Y,Phosphorylation,1.0,UniProt
P20936,Q9NYA1,unknown,Phosphorylation,1.0,Reactome
P20941,P17612,unknown,Phosphorylation,1.0,PhosphoSitePlus;Reactome
P20941,P22612,unknown,Phosphorylation,1.0,Reactome
P20941,P22694,unknown,Phosphorylation,1.0,Reactome
P20941,P25098,unknown,Phosphorylation,0.2,SIGNOR
P20941,Q05513,unknown,Phosphorylation,3.11,PhosphoNetworks
P20941,Q9UQM7,unknown,Phosphorylation,1.0,PhosphoSitePlus
P20963,P06239,Y,Phosphorylation,1.0,PhosphoSitePlus;SIGNOR;UniProt
P20963,P06241,unknown,Phosphorylation,100.0,PhosphoNetworks;Reactome
P20963,P07947,unknown,Phosphorylation,1.0,Reactome
P20963,P07948,unknown,Phosphorylation,1.0,Reactome
P20963,P08631,unknown,Phosphorylation,1.0,Reactome
P20963,P09769,unknown,Phosphorylation,1.0,Reactome
P20963,P12931,unknown,Phosphorylation,1.0,Reactome
P20963,P43403,Y,Phosphorylation,1.0,UniProt
P21127,O96017,unknown,Phosphorylation,1.0,PhosphoSitePlus;SIGNOR
P21127,P50613,unknown,Phosphorylation,1.0,PhosphoSitePlus
P21127,Q9UQ88,unknown,Phosphorylation,1.0,PhosphoSitePlus
P21145,Q06187,Y,Phosphorylation,1.0,UniProt
P21291,P17252,unknown,Phosphorylation,2.68,PhosphoNetworks
P21291,Q00535,unknown,Phosphorylation,7.87,PhosphoNetworks
P21333,P06493,unknown,Phosphorylation,1.0,PhosphoSitePlus
P21333,P17612,unknown,Phosphorylation,1.0,PhosphoSitePlus
P21333,P42345,unknown,Phosphorylation,1.0,PhosphoSitePlus
P21333,Q05397,unknown,Phosphorylation,1.0,Reactome
P21333,Q13153,unknown,Phosphorylation,100.0,PhosphoNetworks;PhosphoSitePlus
P21333,Q14289,unknown,Phosphorylation,1.0,Reactome
P21333,Q15418,unknown,Phosphorylation,1.0,PhosphoSitePlus
P21333,Q16566,unknown,Phosphorylation,100.0,PhosphoNetworks
P21333,Q9UQM7,unknown,Phosphorylation,1.0,PhosphoSitePlus
P21397,Q16539,unknown,Phosphorylation,1.0,PhosphoSitePlus
P21399,P17252,unknown,Phosphorylation,100.0,PhosphoNetworks;PhosphoSitePlus
P21453,P31749,unknown,Phosphorylation,1.0,PhosphoSitePlus
P21462,Q16539,unknown,Phosphorylation,1.0,PhosphoSitePlus
P21583,P10721,Y,Phosphorylation,1.0,UniProt
P21589,P33981,unknown,Phosphorylation,0.2,SIGNOR
P21673,P68400,unknown,Phosphorylation,1.0,PhosphoSitePlus
P21675,P50613,unknown,Phosphorylation,1.0,Reactome
P21730,P05129,unknown,Phosphorylation,1.0,PhosphoSitePlus
P21730,P05771,unknown,Phosphorylation,1.0,PhosphoSitePlus
P21730,P17252,unknown,Phosphorylation,100.0,PhosphoNetworks;PhosphoSitePlus
P21730,Q05655,unknown,Phosphorylation,1.0,PhosphoSitePlus
P21731,P17252,unknown,Phosphorylation,100.0,PhosphoNetworks;PhosphoSitePlus
P21731,P17612,unknown,Phosphorylation,1.0,PhosphoSitePlus
P21731,Q13976,unknown,Phosphorylation,1.0,PhosphoSitePlus
P21741,P08631,Y,Phosphorylation,1.0,UniProt
P21781,P21802,Y,Phosphorylation,1.0,UniProt
P21781,P27361,unknown,Phosphorylation,1.0,Reactome
P21781,P28482,unknown,Phosphorylation,1.0,Reactome
P21796,P45983,unknown,Phosphorylation,6.8,PhosphoNetworks
P21796,Q96PY6,unknown,Phosphorylation,1.0,PhosphoSitePlus
P21802,P11362,Y,Phosphorylation,1.0,UniProt
P21802,P21802,Y466;Y586;Y588;Y656;Y657;Y769,Phosphorylation,1.0,PhosphoSitePlus;SIGNOR;iPTMnet
P21802,P27361,unknown,Phosphorylation,1.0,Reactome
P21802,P28482,unknown,Phosphorylation,1.0,Reactome
P21854,P07948,Y39;Y7,Phosphorylation,1.0,iPTMnet
P21860,P00533,Y1276;Y1289,Phosphorylation,1.0,SIGNOR;UniProt;iPTMnet
P21860,P04626,Y,Phosphorylation,1.0,SIGNOR;UniProt
P21860,P08631,Y,Phosphorylation,1.0,UniProt
P21860,P12931,Y,Phosphorylation,1.0,Reactome;UniProt
P21860,P42684,Y,Phosphorylation,1.0,UniProt
P21860,P43405,Y,Phosphorylation,1.0,UniProt
P21860,Q01973,Y1307,Phosphorylation,1.0,SIGNOR;iPTMnet
P21860,Q15303,Y,Phosphorylation,1.0,UniProt
P21917,P25098,unknown,Phosphorylation,1.0,Reactome
P21917,P32298,unknown,Phosphorylation,1.0,Reactome
P21917,P34947,unknown,Phosphorylation,1.0,Reactome
P21917,P35626,unknown,Phosphorylation,1.0,Reactome
P21917,P43250,unknown,Phosphorylation,1.0,Reactome
P21917,Q15835,unknown,Phosphorylation,1.0,Reactome
P21917,Q8WTQ7,unknown,Phosphorylation,1.0,Reactome
P21953,O14874,unknown,Phosphorylation,1.0,Reactome
P21964,P22607,Y,Phosphorylation,1.0,UniProt
P21964,P29323,Y,Phosphorylation,1.0,UniProt
P21980,P17612,unknown,Phosphorylation,1.0,PhosphoSitePlus
P22001,P12931,Y187;Y499,Phosphorylation,1.0,PhosphoSitePlus;SIGNOR;iPTMnet
P22001,Q16620,Y161;Y162;Y163,Phosphorylation,1.0,PhosphoSitePlus;SIGNOR;iPTMnet
P22059,Q15139,unknown,Phosphorylation,1.0,PhosphoSitePlus
P22087,P45983,unknown,Phosphorylation,2.75,PhosphoNetworks
P22234,P06493,unknown,Phosphorylation,1.0,PhosphoSitePlus
P22234,P24941,unknown,Phosphorylation,1.0,PhosphoSitePlus
P22314,P06493,unknown,Phosphorylation,1.0,PhosphoSitePlus
P22392,P06493,unknown,Phosphorylation,1.0,PhosphoSitePlus
P22392,P22392,unknown,Phosphorylation,1.0,PhosphoSitePlus;iPTMnet
P22415,P22607,Y,Phosphorylation,1.0,UniProt
P22415,P49840,unknown,Phosphorylation,1.0,PhosphoSitePlus
P22415,P78527,unknown,Phosphorylation,1.0,PhosphoSitePlus;SIGNOR
P22415,Q16539,unknown,Phosphorylation,1.0,PhosphoSitePlus;Reactome
P22455,P07949,Y,Phosphorylation,1.0,UniProt
P22455,P11362,Y,Phosphorylation,1.0,UniProt
P22455,P22455,Y642;Y643;Y714;Y754,Phosphorylation,1.0,PhosphoSitePlus;SIGNOR;iPTMnet
P22455,P27361,unknown,Phosphorylation,1.0,Reactome
P22455,P28482,unknown,Phosphorylation,1.0,Reactome
P22459,P17612,unknown,Phosphorylation,1.0,PhosphoSitePlus
P22460,P17252,unknown,Phosphorylation,1.0,PhosphoSitePlus
P22575,P06239,Y,Phosphorylation,1.0,UniProt
P22575,P07948,Y,Phosphorylation,1.0,UniProt
P22607,P11362,unknown,Phosphorylation,1.0,PhosphoSitePlus
P22607,P22607,Y465;Y535;Y536;Y577;Y612;Y647;Y648;Y658;Y724;Y760;Y770,Phosphorylation,1.0,PhosphoSitePlus;SIGNOR;iPTMnet
P22607,P27361,unknown,Phosphorylation,1.0,Reactome
P22607,P28482,unknown,Phosphorylation,1.0,Reactome
P22626,O14757,unknown,Phosphorylation,1.0,PhosphoSitePlus
P22681,O43930,unknown,Phosphorylation,2.58,PhosphoNetworks
P22681,O75716,unknown,Phosphorylation,1.57,PhosphoNetworks
P22681,O96013,unknown,Phosphorylation,18.86,PhosphoNetworks
P22681,P00519,Y700,Phosphorylation,1.0,PhosphoSitePlus;iPTMnet
P22681,P00533,Y371;Y700;Y731;Y774,Phosphorylation,1.0,PhosphoSitePlus;SIGNOR;UniProt;iPTMnet
P22681,P04629,Y,Phosphorylation,1.0,UniProt
P22681,P06213,Y371,Phosphorylation,1.0,iPTMnet
P22681,P06239,Y,Phosphorylation,1.0,PhosphoNetworks;PhosphoSitePlus;UniProt
P22681,P06241,Y731,Phosphorylation,100.0,PhosphoNetworks;PhosphoSitePlus;SIGNOR;UniProt;iPTMnet
P22681,P07947,unknown,Phosphorylation,1.0,PhosphoNetworks
P22681,P07948,Y,Phosphorylation,1.0,PhosphoSitePlus;UniProt
P22681,P07949,Y,Phosphorylation,1.0,UniProt
P22681,P08581,Y,Phosphorylation,1.0,UniProt
P22681,P08631,Y731,Phosphorylation,100.0,PhosphoNetworks;UniProt;iPTMnet
P22681,P09769,unknown,Phosphorylation,3796.16,PhosphoNetworks
P22681,P10398,unknown,Phosphorylation,18.86,PhosphoNetworks
P22681,P10721,unknown,Phosphorylation,0.618,SIGNOR
P22681,P11802,unknown,Phosphorylation,61.74,PhosphoNetworks
P22681,P12931,Y,Phosphorylation,1.0,PhosphoSitePlus;UniProt
P22681,P17612,unknown,Phosphorylation,67.58,PhosphoNetworks
P22681,P17948,Y,Phosphorylation,1.0,UniProt
P22681,P20794,unknown,Phosphorylation,1.96,PhosphoNetworks
P22681,P21802,unknown,Phosphorylation,202.75,PhosphoNetworks
P22681,P29376,unknown,Phosphorylation,0.366,SIGNOR
P22681,P30291,unknown,Phosphorylation,47.71,PhosphoNetworks
P22681,P31749,unknown,Phosphorylation,202.75,PhosphoNetworks
P22681,P37173,unknown,Phosphorylation,674.75,PhosphoNetworks
P22681,P42684,unknown,Phosphorylation,46.65,PhosphoNetworks
P22681,P42685,unknown,Phosphorylation,5.63,PhosphoNetworks
P22681,P43403,Y,Phosphorylation,1.0,UniProt
P22681,P43405,Y700;Y731;Y774,Phosphorylation,100.0,PhosphoNetworks;PhosphoSitePlus;UniProt;iPTMnet
P22681,P49759,unknown,Phosphorylation,61.74,PhosphoNetworks
P22681,P50613,unknown,Phosphorylation,3.07,PhosphoNetworks
P22681,P51813,unknown,Phosphorylation,26.24,PhosphoNetworks
P22681,P53779,unknown,Phosphorylation,9.79,PhosphoNetworks
P22681,P57059,unknown,Phosphorylation,1.99,PhosphoNetworks
P22681,P78368,unknown,Phosphorylation,20.28,PhosphoNetworks
P22681,Q00535,unknown,Phosphorylation,67.58,PhosphoNetworks
P22681,Q04759,unknown,Phosphorylation,152.07,PhosphoNetworks
P22681,Q05513,unknown,Phosphorylation,152.07,PhosphoNetworks
P22681,Q06418,unknown,Phosphorylation,18.86,PhosphoNetworks
P22681,Q13882,unknown,Phosphorylation,1.0,Reactome;SIGNOR
P22681,Q14289,unknown,Phosphorylation,30606.5,PhosphoNetworks
P22681,Q14296,unknown,Phosphorylation,1.6,PhosphoNetworks
P22681,Q16832,unknown,Phosphorylation,13.27,PhosphoNetworks
P22681,Q59H18,unknown,Phosphorylation,10.02,PhosphoNetworks
P22681,Q8IW41,unknown,Phosphorylation,4.35,PhosphoNetworks
P22681,Q8TD08,unknown,Phosphorylation,18.86,PhosphoNetworks
P22681,Q8TD19,unknown,Phosphorylation,5.74,PhosphoNetworks
P22681,Q92630,unknown,Phosphorylation,4.35,PhosphoNetworks
P22681,Q96GD4,unknown,Phosphorylation,3.02,PhosphoNetworks
P22681,Q96Q40,unknown,Phosphorylation,1.99,PhosphoNetworks
P22681,Q9NQU5,unknown,Phosphorylation,18.86,PhosphoNetworks
P22681,Q9NR20,unknown,Phosphorylation,2.14,PhosphoNetworks
P22681,Q9UEE5,unknown,Phosphorylation,5.04,PhosphoNetworks
P22681,Q9UHD2,unknown,Phosphorylation,20.28,PhosphoNetworks
P22681,Q9Y572,unknown,Phosphorylation,20.28,PhosphoNetworks
P22681,Q9Y6M4,unknown,Phosphorylation,1.69,PhosphoNetworks
P22682,P00533,Y,Phosphorylation,1.0,UniProt
P22692,P22607,Y,Phosphorylation,1.0,UniProt
P22694,O15075,unknown,Phosphorylation,3.12,PhosphoNetworks
P22694,O75582,unknown,Phosphorylation,2.91,PhosphoNetworks
P22694,O75676,unknown,Phosphorylation,4.19,PhosphoNetworks
P22694,P27361,unknown,Phosphorylation,16.93,PhosphoNetworks
P22694,P36894,unknown,Phosphorylation,3.22,PhosphoNetworks
P22694,P49841,unknown,Phosphorylation,2.25,PhosphoNetworks
P22694,P51817,unknown,Phosphorylation,12.84,PhosphoNetworks
P22694,Q06187,unknown,Phosphorylation,1.58,PhosphoNetworks
P22694,Q8IW41,unknown,Phosphorylation,2.21,PhosphoNetworks
P22694,Q9NR20,unknown,Phosphorylation,1.6,PhosphoNetworks
P22694,Q9Y463,unknown,Phosphorylation,3.24,PhosphoNetworks
P22736,O75582,unknown,Phosphorylation,1.0,PhosphoSitePlus
P22736,P28482,unknown,Phosphorylation,1.0,PhosphoSitePlus
P22736,P31749,unknown,Phosphorylation,1.0,PhosphoSitePlus;Reactome
P22736,P45983,unknown,Phosphorylation,1.0,PhosphoSitePlus
P22736,P51812,unknown,Phosphorylation,1.0,PhosphoSitePlus
P22736,P68400,unknown,Phosphorylation,1.0,PhosphoSitePlus
P22736,Q15418,unknown,Phosphorylation,1.0,PhosphoSitePlus
P23025,O43781,unknown,Phosphorylation,1.93,PhosphoNetworks
P23025,O75582,unknown,Phosphorylation,10.19,PhosphoNetworks
P23025,P31749,unknown,Phosphorylation,2.68,PhosphoNetworks
P23025,P45983,unknown,Phosphorylation,2.7,PhosphoNetworks
P23025,P49760,unknown,Phosphorylation,1.56,PhosphoNetworks
P23025,P78527,unknown,Phosphorylation,1.0,PhosphoSitePlus
P23025,Q13315,unknown,Phosphorylation,1.0,PhosphoSitePlus
P23025,Q13535,unknown,Phosphorylation,1.0,PhosphoSitePlus
P23025,Q9UEE5,unknown,Phosphorylation,1.93,PhosphoNetworks
P23083,P07947,unknown,Phosphorylation,1.0,Reactome
P23083,P08631,unknown,Phosphorylation,1.0,Reactome
P23083,P09769,unknown,Phosphorylation,1.0,Reactome
P23083,P12931,unknown,Phosphorylation,1.0,Reactome
P23229,Q05397,unknown,Phosphorylation,1.0,Reactome
P23229,Q14289,unknown,Phosphorylation,1.0,Reactome
P23246,P12931,unknown,Phosphorylation,1.0,PhosphoSitePlus
P23246,P49840,unknown,Phosphorylation,0.2,SIGNOR
P23246,P49841,unknown,Phosphorylation,1.0,PhosphoSitePlus;SIGNOR
P23246,Q13882,Y,Phosphorylation,1.0,Reactome;SIGNOR;UniProt
P23246,Q9BUB5,unknown,Phosphorylation,1.0,PhosphoSitePlus
P23246,Q9HBH9,unknown,Phosphorylation,1.0,PhosphoSitePlus
P23246,Q9UM73,Y293,Phosphorylation,1.0,PhosphoSitePlus;SIGNOR;iPTMnet
P23258,P24941,unknown,Phosphorylation,1.0,PhosphoSitePlus
P23258,P53350,unknown,Phosphorylation,1.0,Reactome
P23258,Q8TDC3,unknown,Phosphorylation,1.0,PhosphoSitePlus
P23352,P11362,Y,Phosphorylation,1.0,UniProt
P23396,O14920,unknown,Phosphorylation,1.0,PhosphoSitePlus
P23396,P06493,unknown,Phosphorylation,1.0,PhosphoSitePlus
P23396,P24941,unknown,Phosphorylation,1.0,PhosphoSitePlus
P23396,P27361,unknown,Phosphorylation,100.0,PhosphoNetworks;PhosphoSitePlus
P23396,P28482,unknown,Phosphorylation,100.0,PhosphoNetworks;PhosphoSitePlus
P23396,P31749,unknown,Phosphorylation,1.0,PhosphoSitePlus
P23396,Q05655,unknown,Phosphorylation,1.0,PhosphoSitePlus
P23409,P68400,unknown,Phosphorylation,11.33,PhosphoNetworks
P23409,Q16539,unknown,Phosphorylation,1.0,PhosphoSitePlus
P23409,Q16644,unknown,Phosphorylation,7.87,PhosphoNetworks
P23409,Q8NEB9,unknown,Phosphorylation,1.93,PhosphoNetworks
P23443,O15530,unknown,Phosphorylation,1.0,PhosphoSitePlus
P23443,P06493,unknown,Phosphorylation,1.0,PhosphoSitePlus
P23443,P23443,unknown,Phosphorylation,1.0,PhosphoSitePlus
P23443,P27361,unknown,Phosphorylation,1.0,PhosphoSitePlus;SIGNOR
P23443,P28482,unknown,Phosphorylation,1.0,PhosphoSitePlus
P23443,P42336,unknown,Phosphorylation,1.0,PhosphoSitePlus
P23443,P42345,unknown,Phosphorylation,1.0,PhosphoSitePlus
P23443,P45983,unknown,Phosphorylation,1.0,PhosphoSitePlus
P23443,P45984,unknown,Phosphorylation,1.0,PhosphoSitePlus
P23443,Q9HC98,unknown,Phosphorylation,1.0,PhosphoSitePlus
P23458,O60674,Y,Phosphorylation,1.0,UniProt
P23458,P04626,Y,Phosphorylation,1.0,UniProt
P23458,P09619,unknown,Phosphorylation,1.0,Reactome
P23458,P16234,unknown,Phosphorylation,1.0,Reactome
P23458,P23458,Y1034;Y1035,Phosphorylation,1.0,iPTMnet
P23458,P52333,Y1034;Y1035,Phosphorylation,1.0,PhosphoSitePlus;SIGNOR;iPTMnet
P23467,P00533,Y,Phosphorylation,1.0,UniProt
P23467,P04626,Y,Phosphorylation,1.0,UniProt
P23467,P08581,Y,Phosphorylation,1.0,UniProt
P23467,Q02763,Y,Phosphorylation,1.0,UniProt
P23470,P00533,Y,Phosphorylation,1.0,UniProt
P23470,P09619,Y,Phosphorylation,1.0,UniProt
P23471,Q9UM73,Y,Phosphorylation,1.0,UniProt
P23497,P11309,unknown,Phosphorylation,3.47,PhosphoNetworks
P23497,Q92630,Y,Phosphorylation,1.0,UniProt
P23497,Q9UEE5,unknown,Phosphorylation,4.45,PhosphoNetworks
P23528,O14965,unknown,Phosphorylation,0.317,SIGNOR
P23528,P00533,Y,Phosphorylation,1.0,UniProt
P23528,P12931,Y68,Phosphorylation,1.0,PhosphoSitePlus;SIGNOR;iPTMnet
P23528,P17252,unknown,Phosphorylation,1.0,PhosphoSitePlus
P23528,P53667,unknown,Phosphorylation,1.0,PhosphoSitePlus;Reactome
P23528,P53671,unknown,Phosphorylation,100.0,PhosphoNetworks;PhosphoSitePlus
P23528,Q15139,unknown,Phosphorylation,1.0,PhosphoSitePlus
P23528,Q15569,unknown,Phosphorylation,1.0,PhosphoSitePlus
P23528,Q96S53,unknown,Phosphorylation,100.0,PhosphoNetworks
P23560,O96017,unknown,Phosphorylation,1.0,PhosphoSitePlus
P23560,P06241,Y,Phosphorylation,1.0,UniProt
P23588,O43318,unknown,Phosphorylation,1.57,PhosphoNetworks
P23588,P04049,unknown,Phosphorylation,9.14,PhosphoNetworks
P23588,P06241,unknown,Phosphorylation,12.05,PhosphoNetworks
P23588,P09769,unknown,Phosphorylation,2.03,PhosphoNetworks
P23588,P11309,unknown,Phosphorylation,1.85,PhosphoNetworks
P23588,P11802,unknown,Phosphorylation,5.79,PhosphoNetworks
P23588,P17252,unknown,Phosphorylation,22.21,PhosphoNetworks
P23588,P23443,unknown,Phosphorylation,1.0,PhosphoNetworks;PhosphoSitePlus;Reactome
P23588,P30291,unknown,Phosphorylation,5.68,PhosphoNetworks
P23588,P31749,unknown,Phosphorylation,1.0,PhosphoSitePlus
P23588,P50613,unknown,Phosphorylation,5.68,PhosphoNetworks
P23588,P51813,unknown,Phosphorylation,2.84,PhosphoNetworks
P23588,P68400,unknown,Phosphorylation,18.74,PhosphoNetworks
P23588,P78362,unknown,Phosphorylation,4.19,PhosphoNetworks
P23588,Q13043,unknown,Phosphorylation,5.62,PhosphoNetworks
P23588,Q15418,unknown,Phosphorylation,1.0,PhosphoSitePlus
P23588,Q16512,unknown,Phosphorylation,2.84,PhosphoNetworks
P23588,Q8IW41,unknown,Phosphorylation,9.81,PhosphoNetworks
P23588,Q9BUB5,unknown,Phosphorylation,9.81,PhosphoNetworks
P23588,Q9Y2H1,unknown,Phosphorylation,3.68,PhosphoNetworks
P23634,P12931,Y1176,Phosphorylation,1.0,iPTMnet
P23634,Q05397,Y1176,Phosphorylation,1.0,PhosphoSitePlus;SIGNOR;iPTMnet
P23677,P17612,unknown,Phosphorylation,1.0,PhosphoSitePlus
P23677,Q9UQM7,unknown,Phosphorylation,1.0,PhosphoSitePlus
P23727,P09619,Y,Phosphorylation,1.0,UniProt
P23727,Q9UM73,Y,Phosphorylation,1.0,UniProt
P23743,P06239,unknown,Phosphorylation,1.0,PhosphoSitePlus
P23743,P12931,Y335,Phosphorylation,1.0,PhosphoSitePlus;SIGNOR;iPTMnet
P23759,P00519,unknown,Phosphorylation,0.271,SIGNOR
P23760,P49841,unknown,Phosphorylation,1.0,PhosphoSitePlus
P23760,P68400,unknown,Phosphorylation,1.0,PhosphoSitePlus
P23769,P06493,unknown,Phosphorylation,1.0,PhosphoSitePlus
P23769,P22607,Y,Phosphorylation,1.0,UniProt
P23769,P31749,unknown,Phosphorylation,1.0,PhosphoSitePlus
P23769,Q16539,unknown,Phosphorylation,0.27,SIGNOR
P23771,P06239,Y,Phosphorylation,1.0,UniProt
P23771,P17612,unknown,Phosphorylation,1.0,PhosphoSitePlus
P23771,P22607,Y,Phosphorylation,1.0,UniProt
P23771,P24941,unknown,Phosphorylation,1.0,PhosphoSitePlus
P23771,Q9UEE5,unknown,Phosphorylation,2.5,PhosphoNetworks
P23975,Q02156,unknown,Phosphorylation,1.0,PhosphoSitePlus
P23975,Q13153,unknown,Phosphorylation,0.2,SIGNOR
P24043,Q05397,unknown,Phosphorylation,1.0,Reactome
P24043,Q14289,unknown,Phosphorylation,1.0,Reactome
P24385,O15111,unknown,Phosphorylation,1.0,PhosphoSitePlus
P24385,P17612,unknown,Phosphorylation,1.0,PhosphoSitePlus
P24385,P49840,unknown,Phosphorylation,1.0,PhosphoSitePlus
P24385,P49841,unknown,Phosphorylation,1.0,PhosphoSitePlus;Reactome
P24385,P50613,unknown,Phosphorylation,1.0,Reactome
P24385,Q13627,unknown,Phosphorylation,1.0,PhosphoSitePlus
P24385,Q16539,unknown,Phosphorylation,0.429,SIGNOR
P24385,Q9Y463,unknown,Phosphorylation,1.0,PhosphoSitePlus
P24390,P17612,unknown,Phosphorylation,1.0,PhosphoSitePlus
P24522,O95835,unknown,Phosphorylation,2.75,PhosphoNetworks
P24522,P28482,unknown,Phosphorylation,7.73,PhosphoNetworks
P24522,P31749,unknown,Phosphorylation,2.64,PhosphoNetworks
P24522,Q04771,unknown,Phosphorylation,2.7,PhosphoNetworks
P24522,Q96KB5,unknown,Phosphorylation,2.75,PhosphoNetworks
P24588,Q13554,unknown,Phosphorylation,1.0,Reactome
P24588,Q13555,unknown,Phosphorylation,1.0,Reactome
P24588,Q13557,unknown,Phosphorylation,1.0,Reactome
P24588,Q9UQM7,unknown,Phosphorylation,1.0,Reactome
P24666,P06239,Y132;Y133,Phosphorylation,1.0,PhosphoSitePlus;iPTMnet
P24666,P06241,Y132;Y133,Phosphorylation,1.0,iPTMnet
P24723,O15530,unknown,Phosphorylation,0.315,SIGNOR
P24752,P00533,unknown,Phosphorylation,0.2,SIGNOR
P24752,P11362,Y407,Phosphorylation,1.0,SIGNOR;iPTMnet
P24752,P36888,Y407,Phosphorylation,1.0,SIGNOR;iPTMnet
P24844,O14578,unknown,Phosphorylation,1.0,PhosphoSitePlus;Reactome
P24844,O43293,unknown,Phosphorylation,1.0,PhosphoSitePlus
P24844,O75116,unknown,Phosphorylation,1.0,Reactome
P24844,P17252,unknown,Phosphorylation,1.0,PhosphoSitePlus
P24844,Q05397,unknown,Phosphorylation,0.287,SIGNOR
P24844,Q13153,unknown,Phosphorylation,1.0,PhosphoSitePlus
P24844,Q13177,unknown,Phosphorylation,1.0,Reactome
P24844,Q13464,unknown,Phosphorylation,1.0,PhosphoSitePlus;Reactome
P24844,Q14012,unknown,Phosphorylation,1.0,PhosphoSitePlus
P24844,Q15746,unknown,Phosphorylation,1.0,PhosphoSitePlus;Reactome
P24844,Q5VT25,unknown,Phosphorylation,1.0,PhosphoSitePlus
P24864,P24941,unknown,Phosphorylation,1.0,PhosphoSitePlus
P24864,P49840,unknown,Phosphorylation,100.0,PhosphoNetworks;PhosphoSitePlus
P24864,P49841,unknown,Phosphorylation,100.0,PhosphoNetworks;PhosphoSitePlus
P24928,P06493,unknown,Phosphorylation,1.0,PhosphoSitePlus
P24928,P24941,unknown,Phosphorylation,1.0,PhosphoSitePlus
P24928,P27361,unknown,Phosphorylation,100.0,PhosphoNetworks
P24928,P28482,unknown,Phosphorylation,100.0,PhosphoNetworks
P24928,P42345,unknown,Phosphorylation,1.0,PhosphoSitePlus
P24928,P50613,unknown,Phosphorylation,1.0,PhosphoSitePlus
P24928,P50750,unknown,Phosphorylation,100.0,PhosphoNetworks;PhosphoSitePlus;Reactome
P24928,P78527,unknown,Phosphorylation,1.0,PhosphoSitePlus
P24928,Q13627,unknown,Phosphorylation,1.0,PhosphoSitePlus
P24928,Q14004,unknown,Phosphorylation,1.0,PhosphoSitePlus
P24928,Q9NYV4,unknown,Phosphorylation,1.0,PhosphoSitePlus
P24941,P07948,Y15,Phosphorylation,1.0,SIGNOR;iPTMnet
P24941,P22607,Y,Phosphorylation,1.0,UniProt
P24941,P24941,Y19,Phosphorylation,1.0,PhosphoSitePlus;iPTMnet
P24941,P27361,unknown,Phosphorylation,1.0,PhosphoSitePlus
P24941,P28482,unknown,Phosphorylation,1.0,PhosphoSitePlus
P24941,P30291,Y15,Phosphorylation,1.0,PhosphoSitePlus;Reactome;SIGNOR;iPTMnet
P24941,P31749,unknown,Phosphorylation,1.0,PhosphoSitePlus
P24941,P50613,unknown,Phosphorylation,1.0,PhosphoSitePlus;Reactome
P24941,Q13131,unknown,Phosphorylation,9.03,PhosphoNetworks
P24941,Q86Z02,unknown,Phosphorylation,45.24,PhosphoNetworks
P24941,Q8IZL9,unknown,Phosphorylation,1.0,PhosphoSitePlus
P25020,P09619,Y,Phosphorylation,1.0,UniProt
P25021,P25098,unknown,Phosphorylation,1.0,Reactome
P25021,P32298,unknown,Phosphorylation,1.0,Reactome
P25021,P34947,unknown,Phosphorylation,1.0,Reactome
P25021,P35626,unknown,Phosphorylation,1.0,Reactome
P25021,P43250,unknown,Phosphorylation,1.0,Reactome
P25021,Q15835,unknown,Phosphorylation,1.0,Reactome
P25021,Q8WTQ7,unknown,Phosphorylation,1.0,Reactome
P25025,P43250,unknown,Phosphorylation,0.565,SIGNOR
P25054,O60566,unknown,Phosphorylation,0.427,SIGNOR
P25054,P24941,unknown,Phosphorylation,1.0,PhosphoSitePlus
P25054,P48729,unknown,Phosphorylation,1.0,PhosphoSitePlus;Reactome
P25054,P48730,unknown,Phosphorylation,1.0,PhosphoSitePlus;Reactome
P25054,P49674,unknown,Phosphorylation,100.0,PhosphoNetworks;PhosphoSitePlus;Reactome
P25054,P49841,unknown,Phosphorylation,1.0,PhosphoSitePlus;SIGNOR
P25054,P78368,unknown,Phosphorylation,1.0,Reactome
P25054,Q05655,unknown,Phosphorylation,0.2,SIGNOR
P25054,Q9HCP0,unknown,Phosphorylation,1.0,PhosphoSitePlus
P25054,Q9Y6M4,unknown,Phosphorylation,1.0,Reactome
P25063,P07948,Y,Phosphorylation,1.0,UniProt
P25067,Q05397,unknown,Phosphorylation,1.0,Reactome
P25067,Q14289,unknown,Phosphorylation,1.0,Reactome
P25098,P00533,Y13;Y86;Y92,Phosphorylation,1.0,SIGNOR;UniProt;iPTMnet
P25098,P09619,unknown,Phosphorylation,0.2,SIGNOR
P25098,P12931,Y13;Y86;Y92,Phosphorylation,1.0,SIGNOR;iPTMnet
P25098,P21860,Y,Phosphorylation,1.0,UniProt
P25105,Q05397,Y,Phosphorylation,1.0,UniProt
P25116,P51813,Y381;Y383,Phosphorylation,0.2,SIGNOR
P25116,Q15831,unknown,Phosphorylation,0.2,SIGNOR
P25205,O00311,unknown,Phosphorylation,1.0,Reactome
P25205,O14757,unknown,Phosphorylation,1.0,PhosphoSitePlus
P25205,P06493,unknown,Phosphorylation,1.0,PhosphoSitePlus
P25205,P24941,unknown,Phosphorylation,1.0,PhosphoSitePlus;Reactome
P25205,P53355,unknown,Phosphorylation,1.0,PhosphoSitePlus
P25205,Q13315,unknown,Phosphorylation,1.0,PhosphoSitePlus
P25205,Q13535,unknown,Phosphorylation,1.0,PhosphoSitePlus;Reactome
P25391,Q05397,unknown,Phosphorylation,1.0,Reactome
P25391,Q14289,unknown,Phosphorylation,1.0,Reactome
P25440,P31749,unknown,Phosphorylation,3.52,PhosphoNetworks
P25445,P07947,Y,Phosphorylation,1.0,UniProt
P25445,P12931,Y,Phosphorylation,1.0,UniProt
P25490,P07947,unknown,Phosphorylation,0.2,SIGNOR
P25490,P07948,Y254;Y383;Y8,Phosphorylation,0.2,SIGNOR
P25490,P12931,unknown,Phosphorylation,0.284,SIGNOR
P25490,P53350,unknown,Phosphorylation,1.0,PhosphoSitePlus
P25490,P68400,unknown,Phosphorylation,1.0,PhosphoSitePlus
P25490,Q96GD4,unknown,Phosphorylation,1.0,PhosphoSitePlus
P25685,Q8IW41,unknown,Phosphorylation,1.0,PhosphoSitePlus
P25686,O00238,unknown,Phosphorylation,9.14,PhosphoNetworks
P25686,P31749,unknown,Phosphorylation,22.21,PhosphoNetworks
P25686,Q04771,unknown,Phosphorylation,1.57,PhosphoNetworks
P25940,Q05397,unknown,Phosphorylation,1.0,Reactome
P25940,Q14289,unknown,Phosphorylation,1.0,Reactome
P25962,P12931,Y,Phosphorylation,1.0,UniProt
P25963,O00141,unknown,Phosphorylation,1.0,PhosphoSitePlus
P25963,O14920,unknown,Phosphorylation,1.0,PhosphoSitePlus;Reactome
P25963,O15111,unknown,Phosphorylation,1.0,PhosphoSitePlus;Reactome
P25963,P00519,unknown,Phosphorylation,1.0,PhosphoSitePlus
P25963,P06213,unknown,Phosphorylation,1.0,PhosphoSitePlus
P25963,P06239,Y42,Phosphorylation,100.0,PhosphoNetworks;PhosphoSitePlus;iPTMnet
P25963,P12931,Y42,Phosphorylation,1.0,PhosphoSitePlus;SIGNOR;iPTMnet
P25963,P19525,unknown,Phosphorylation,100.0,PhosphoNetworks
P25963,P43405,Y42,Phosphorylation,1.0,iPTMnet
P25963,P51617,unknown,Phosphorylation,1.0,Reactome
P25963,P51812,unknown,Phosphorylation,1.0,PhosphoSitePlus
P25963,P68400,unknown,Phosphorylation,100.0,PhosphoNetworks;PhosphoSitePlus
P25963,Q06187,unknown,Phosphorylation,34.96,PhosphoNetworks
P25963,Q14164,unknown,Phosphorylation,1.0,PhosphoSitePlus;SIGNOR
P25963,Q15418,unknown,Phosphorylation,1.0,PhosphoSitePlus
P25963,Q99558,unknown,Phosphorylation,1.0,PhosphoSitePlus
P26006,Q14289,unknown,Phosphorylation,1.0,Reactome
P26010,P12931,unknown,Phosphorylation,1.0,PhosphoSitePlus
P26010,Q05397,unknown,Phosphorylation,1.0,PhosphoSitePlus
P26010,Q14289,unknown,Phosphorylation,1.0,Reactome
P26012,Q05397,unknown,Phosphorylation,1.0,Reactome
P26012,Q14289,unknown,Phosphorylation,1.0,Reactome
P26038,O75116,unknown,Phosphorylation,1.0,PhosphoSitePlus
P26038,O94804,unknown,Phosphorylation,1.0,PhosphoSitePlus
P26038,O95819,unknown,Phosphorylation,1.0,PhosphoSitePlus
P26038,P07947,unknown,Phosphorylation,12.27,PhosphoNetworks
P26038,P17612,unknown,Phosphorylation,1.0,PhosphoSitePlus
P26038,P41279,unknown,Phosphorylation,1.0,PhosphoSitePlus
P26038,Q04759,unknown,Phosphorylation,100.0,PhosphoNetworks;PhosphoSitePlus
P26038,Q13464,unknown,Phosphorylation,1.0,PhosphoSitePlus
P26038,Q5S007,unknown,Phosphorylation,1.0,PhosphoSitePlus
P26045,O43318,unknown,Phosphorylation,1.0,PhosphoSitePlus
P26045,P53778,unknown,Phosphorylation,1.0,PhosphoSitePlus
P26196,P11362,unknown,Phosphorylation,1.73,PhosphoNetworks
P26232,P52564,unknown,Phosphorylation,1.0,Reactome
P26358,P06493,unknown,Phosphorylation,1.0,PhosphoSitePlus
P26358,P24941,unknown,Phosphorylation,1.0,PhosphoSitePlus
P26358,P31749,unknown,Phosphorylation,1.0,PhosphoSitePlus
P26358,P42345,unknown,Phosphorylation,1.0,PhosphoSitePlus
P26358,P48730,unknown,Phosphorylation,1.0,PhosphoSitePlus
P26358,P49674,unknown,Phosphorylation,1.0,PhosphoSitePlus
P26358,P49841,unknown,Phosphorylation,0.273,SIGNOR
P26358,Q00535,unknown,Phosphorylation,1.0,PhosphoSitePlus
P26367,Q9H2X6,unknown,Phosphorylation,1.0,PhosphoSitePlus
P26368,P06493,unknown,Phosphorylation,1.0,PhosphoSitePlus
P26368,Q92989,unknown,Phosphorylation,1.0,Reactome
P26371,Q06418,Y,Phosphorylation,1.0,UniProt
P26373,O14757,unknown,Phosphorylation,1.0,PhosphoSitePlus
P26447,P00533,Y,Phosphorylation,1.0,UniProt
P26447,P21860,Y,Phosphorylation,1.0,UniProt
P26447,Q15303,Y,Phosphorylation,1.0,UniProt
P26599,O76039,unknown,Phosphorylation,2.55,PhosphoNetworks
P26599,P17612,unknown,Phosphorylation,1.0,PhosphoSitePlus
P26599,P27361,unknown,Phosphorylation,2.7,PhosphoNetworks
P26599,P50750,unknown,Phosphorylation,1.56,PhosphoNetworks
P26651,O43683,unknown,Phosphorylation,2.28,PhosphoNetworks
P26651,P28482,unknown,Phosphorylation,1.0,PhosphoSitePlus
P26651,P49137,unknown,Phosphorylation,1.0,PhosphoSitePlus;Reactome
P26651,P49760,unknown,Phosphorylation,50.32,PhosphoNetworks
P26651,Q15349,unknown,Phosphorylation,24.59,PhosphoNetworks
P26651,Q92630,unknown,Phosphorylation,2.25,PhosphoNetworks
P26651,Q9UEE5,unknown,Phosphorylation,5.22,PhosphoNetworks
P26678,P17612,unknown,Phosphorylation,1.0,PhosphoSitePlus;Reactome
P26678,Q09013,unknown,Phosphorylation,1.0,Reactome;SIGNOR
P26678,Q16566,unknown,Phosphorylation,100.0,PhosphoNetworks
P26678,Q9UQM7,unknown,Phosphorylation,1.0,PhosphoSitePlus
P26717,P06239,unknown,Phosphorylation,1.0,Reactome
P26717,P06241,unknown,Phosphorylation,1.0,Reactome
P26718,P06239,unknown,Phosphorylation,1.0,Reactome
P26718,P06241,unknown,Phosphorylation,1.0,Reactome
P26927,Q04912,Y,Phosphorylation,1.0,UniProt
P26951,P17612,unknown,Phosphorylation,1.0,Reactome
P27338,P22607,Y,Phosphorylation,1.0,UniProt
P27348,P00533,Y,Phosphorylation,1.0,UniProt
P27348,P11274,unknown,Phosphorylation,1.0,PhosphoSitePlus
P27348,P48729,unknown,Phosphorylation,100.0,PhosphoNetworks;PhosphoSitePlus
P27361,O60674,unknown,Phosphorylation,1.0,PhosphoSitePlus;Reactome
P27361,P06239,Y204,Phosphorylation,1.0,PhosphoSitePlus;SIGNOR;iPTMnet
P27361,P07948,unknown,Phosphorylation,1.0,Reactome
P27361,P07949,Y204,Phosphorylation,1.0,PhosphoSitePlus;SIGNOR;iPTMnet
P27361,P23458,unknown,Phosphorylation,1.0,Reactome
P27361,P27361,Y204,Phosphorylation,1.0,PhosphoSitePlus;iPTMnet
P27361,P36507,Y204,Phosphorylation,100.0,PhosphoNetworks;PhosphoSitePlus;SIGNOR;iPTMnet
P27361,P45985,unknown,Phosphorylation,1.0,Reactome
P27361,Q02750,Y204,Phosphorylation,100.0,PhosphoNetworks;PhosphoSitePlus;SIGNOR;UniProt;iPTMnet
P27448,P11309,unknown,Phosphorylation,1.0,PhosphoSitePlus
P27448,P17612,unknown,Phosphorylation,1.0,PhosphoSitePlus
P27448,P27448,unknown,Phosphorylation,1.0,PhosphoSitePlus
P27448,P41743,unknown,Phosphorylation,1.0,PhosphoSitePlus
P27448,Q05513,unknown,Phosphorylation,1.0,PhosphoSitePlus
P27448,Q15831,unknown,Phosphorylation,100.0,PhosphoNetworks;PhosphoSitePlus
P27540,P68400,unknown,Phosphorylation,1.0,PhosphoSitePlus
P27635,P12931,Y,Phosphorylation,1.0,UniProt
P27658,Q05397,unknown,Phosphorylation,1.0,Reactome
P27658,Q14289,unknown,Phosphorylation,1.0,Reactome
P27694,O15530,unknown,Phosphorylation,3.54,PhosphoNetworks
P27694,O76039,unknown,Phosphorylation,2.55,PhosphoNetworks
P27694,P45983,unknown,Phosphorylation,2.7,PhosphoNetworks
P27694,P49674,unknown,Phosphorylation,7.87,PhosphoNetworks
P27694,P49760,unknown,Phosphorylation,2.71,PhosphoNetworks
P27694,Q00535,unknown,Phosphorylation,5.54,PhosphoNetworks
P27694,Q96GD4,unknown,Phosphorylation,2.71,PhosphoNetworks
P27695,Q00535,unknown,Phosphorylation,1.0,PhosphoSitePlus
P27707,P48730,unknown,Phosphorylation,1.0,PhosphoSitePlus;SIGNOR
P27707,Q13315,unknown,Phosphorylation,1.0,PhosphoSitePlus
P27708,P17612,unknown,Phosphorylation,1.0,PhosphoSitePlus
P27708,P23443,unknown,Phosphorylation,1.0,PhosphoSitePlus
P27708,P27361,unknown,Phosphorylation,100.0,PhosphoNetworks;PhosphoSitePlus
P27708,P28482,unknown,Phosphorylation,100.0,PhosphoNetworks;PhosphoSitePlus
P27815,P17612,unknown,Phosphorylation,1.0,PhosphoSitePlus
P27816,O14757,unknown,Phosphorylation,1.0,PhosphoSitePlus
P27816,P06493,unknown,Phosphorylation,1.0,PhosphoSitePlus
P27816,Q13131,unknown,Phosphorylation,1.0,PhosphoSitePlus
P27824,P06493,unknown,Phosphorylation,1.0,PhosphoSitePlus
P27824,P27361,unknown,Phosphorylation,1.0,PhosphoSitePlus
P27824,P43405,Y,Phosphorylation,1.0,UniProt
P27958,P06241,Y,Phosphorylation,1.0,UniProt
P27958,P07948,Y,Phosphorylation,1.0,UniProt
P27958,P08631,Y,Phosphorylation,1.0,UniProt
P27986,O15111,unknown,Phosphorylation,1.0,PhosphoSitePlus
P27986,P00533,Y,Phosphorylation,1.0,UniProt
P27986,P04626,Y,Phosphorylation,1.0,UniProt
P27986,P04629,Y,Phosphorylation,1.0,UniProt
P27986,P06213,Y280;Y307;Y310;Y337;Y368;Y580;Y607;Y68;Y98,Phosphorylation,1.0,PhosphoSitePlus;UniProt;iPTMnet
P27986,P06239,Y388;Y418;Y688,Phosphorylation,1.0,iPTMnet
P27986,P07948,Y,Phosphorylation,1.0,UniProt
P27986,P07949,Y203,Phosphorylation,1.0,PhosphoSitePlus;iPTMnet
P27986,P08069,Y,Phosphorylation,1.0,UniProt
P27986,P08581,Y,Phosphorylation,1.0,UniProt
P27986,P09619,Y508,Phosphorylation,1.0,PhosphoSitePlus;UniProt;iPTMnet
P27986,P10721,Y,Phosphorylation,1.0,UniProt
P27986,P11362,Y,Phosphorylation,1.0,UniProt
P27986,P12931,Y,Phosphorylation,1.0,UniProt
P27986,P17612,unknown,Phosphorylation,1.0,PhosphoSitePlus
P27986,P17948,Y,Phosphorylation,1.0,UniProt
P27986,P21860,Y,Phosphorylation,1.0,UniProt
P27986,P29376,Y,Phosphorylation,1.0,UniProt
P27986,P30530,Y,Phosphorylation,1.0,UniProt
P27986,P36888,Y,Phosphorylation,1.0,UniProt
P27986,P42336,unknown,Phosphorylation,1.0,PhosphoSitePlus
P27986,P42681,Y,Phosphorylation,1.0,UniProt
P27986,P42684,Y,Phosphorylation,1.0,UniProt
P27986,P43405,Y,Phosphorylation,1.0,UniProt
P27986,P51451,Y,Phosphorylation,1.0,UniProt
P27986,P68400,unknown,Phosphorylation,1.0,PhosphoSitePlus
P27986,Q14289,unknown,Phosphorylation,1.0,Reactome
P27986,Q15139,unknown,Phosphorylation,1.0,PhosphoSitePlus
P27986,Q9UM73,Y,Phosphorylation,1.0,UniProt
P28067,P06239,unknown,Phosphorylation,1.0,Reactome
P28221,P25098,unknown,Phosphorylation,1.0,Reactome
P28221,P32298,unknown,Phosphorylation,1.0,Reactome
P28221,P34947,unknown,Phosphorylation,1.0,Reactome
P28221,P35626,unknown,Phosphorylation,1.0,Reactome
P28221,P43250,unknown,Phosphorylation,1.0,Reactome
P28221,Q15835,unknown,Phosphorylation,1.0,Reactome
P28221,Q8WTQ7,unknown,Phosphorylation,1.0,Reactome
P28222,P25098,unknown,Phosphorylation,1.0,Reactome
P28222,P32298,unknown,Phosphorylation,1.0,Reactome
P28222,P34947,unknown,Phosphorylation,1.0,Reactome
P28222,P35626,unknown,Phosphorylation,1.0,Reactome
P28222,P43250,unknown,Phosphorylation,1.0,Reactome
P28222,P49841,unknown,Phosphorylation,1.0,PhosphoSitePlus
P28222,Q15835,unknown,Phosphorylation,1.0,Reactome
P28222,Q8WTQ7,unknown,Phosphorylation,1.0,Reactome
P28289,Q96QT4,unknown,Phosphorylation,1.0,PhosphoSitePlus
P28324,P27361,unknown,Phosphorylation,1.0,Reactome
P28324,Q13164,unknown,Phosphorylation,1.0,Reactome
P28324,Q16659,unknown,Phosphorylation,1.0,Reactome
P28324,Q8TD08,unknown,Phosphorylation,1.0,Reactome
P28329,P05129,unknown,Phosphorylation,1.0,PhosphoSitePlus
P28329,P05771,unknown,Phosphorylation,1.0,PhosphoSitePlus
P28329,P17252,unknown,Phosphorylation,1.0,PhosphoSitePlus
P28329,Q02156,unknown,Phosphorylation,1.0,PhosphoSitePlus
P28329,Q05513,unknown,Phosphorylation,1.0,PhosphoSitePlus
P28329,Q05655,unknown,Phosphorylation,1.0,PhosphoSitePlus
P28329,Q9UQM7,unknown,Phosphorylation,1.0,PhosphoSitePlus
P28347,P17612,unknown,Phosphorylation,1.0,PhosphoSitePlus
P28347,P31749,unknown,Phosphorylation,2.64,PhosphoNetworks
P28370,Q9UIG0,Y,Phosphorylation,1.0,UniProt
P28472,P17252,unknown,Phosphorylation,1.0,PhosphoSitePlus
P28482,O00141,unknown,Phosphorylation,1.0,PhosphoSitePlus
P28482,O15075,unknown,Phosphorylation,1.75,PhosphoNetworks
P28482,O43353,unknown,Phosphorylation,0.295,SIGNOR
P28482,O60674,unknown,Phosphorylation,1.0,PhosphoSitePlus;Reactome
P28482,O75582,unknown,Phosphorylation,7035.6,PhosphoNetworks
P28482,O75716,unknown,Phosphorylation,12.84,PhosphoNetworks
P28482,P06239,Y,Phosphorylation,1.0,PhosphoSitePlus;UniProt
P28482,P07947,unknown,Phosphorylation,15.18,PhosphoNetworks
P28482,P07948,unknown,Phosphorylation,1.0,Reactome
P28482,P07949,Y187,Phosphorylation,1.0,PhosphoSitePlus;SIGNOR;iPTMnet
P28482,P09769,unknown,Phosphorylation,16.93,PhosphoNetworks
P28482,P22455,unknown,Phosphorylation,49.92,PhosphoNetworks
P28482,P23458,unknown,Phosphorylation,1.0,Reactome
P28482,P24723,unknown,Phosphorylation,0.507,SIGNOR
P28482,P28482,Y187,Phosphorylation,1.0,PhosphoSitePlus;iPTMnet
P28482,P31749,unknown,Phosphorylation,0.535,SIGNOR
P28482,P36507,Y187,Phosphorylation,1.0,SIGNOR;iPTMnet
P28482,P36896,unknown,Phosphorylation,12.84,PhosphoNetworks
P28482,P45983,unknown,Phosphorylation,1960.7,PhosphoNetworks
P28482,P46734,unknown,Phosphorylation,16.61,PhosphoNetworks
P28482,P48730,unknown,Phosphorylation,15.18,PhosphoNetworks
P28482,P68400,unknown,Phosphorylation,1.0,PhosphoSitePlus
P28482,P78362,unknown,Phosphorylation,34.96,PhosphoNetworks
P28482,Q02750,Y187,Phosphorylation,100.0,PhosphoNetworks;PhosphoSitePlus;SIGNOR;UniProt;iPTMnet
P28482,Q06187,unknown,Phosphorylation,34.33,PhosphoNetworks
P28482,Q13557,unknown,Phosphorylation,12.61,PhosphoNetworks
P28482,Q15418,unknown,Phosphorylation,1996.19,PhosphoNetworks
P28482,Q16539,unknown,Phosphorylation,7169.37,PhosphoNetworks
P28482,Q86Z02,unknown,Phosphorylation,34.96,PhosphoNetworks
P28482,Q8IW41,unknown,Phosphorylation,5436.3,PhosphoNetworks
P28482,Q96KB5,unknown,Phosphorylation,0.283,SIGNOR
P28482,Q9BYT3,unknown,Phosphorylation,0.272,SIGNOR
P28482,Q9H4A3,unknown,Phosphorylation,2.25,PhosphoNetworks
P28482,Q9UHD2,unknown,Phosphorylation,20.02,PhosphoNetworks
P28482,Q9Y463,unknown,Phosphorylation,7687.11,PhosphoNetworks
P28482,Q9Y572,unknown,Phosphorylation,20.02,PhosphoNetworks
P28562,P27361,unknown,Phosphorylation,100.0,PhosphoNetworks
P28562,P28482,unknown,Phosphorylation,100.0,PhosphoNetworks;PhosphoSitePlus
P28566,P25098,unknown,Phosphorylation,1.0,Reactome
P28566,P32298,unknown,Phosphorylation,1.0,Reactome
P28566,P34947,unknown,Phosphorylation,1.0,Reactome
P28566,P35626,unknown,Phosphorylation,1.0,Reactome
P28566,P43250,unknown,Phosphorylation,1.0,Reactome
P28566,Q15835,unknown,Phosphorylation,1.0,Reactome
P28566,Q8WTQ7,unknown,Phosphorylation,1.0,Reactome
P28698,P27361,unknown,Phosphorylation,1.0,PhosphoSitePlus
P28698,Q16539,unknown,Phosphorylation,1.0,PhosphoSitePlus
P28749,P11802,unknown,Phosphorylation,100.0,PhosphoNetworks;PhosphoSitePlus;Reactome
P28749,P24941,unknown,Phosphorylation,1.0,PhosphoSitePlus
P28749,Q00534,unknown,Phosphorylation,1.0,Reactome
P28749,Q13627,Y,Phosphorylation,1.0,UniProt
P28906,P17252,unknown,Phosphorylation,1.0,PhosphoSitePlus
P28906,P31751,unknown,Phosphorylation,1.0,PhosphoSitePlus
P29083,P31749,unknown,Phosphorylation,2.68,PhosphoNetworks
P29083,P50613,unknown,Phosphorylation,1.0,Reactome
P29084,P50613,unknown,Phosphorylation,1.0,Reactome
P29317,P12931,Y594,Phosphorylation,1.0,SIGNOR;iPTMnet
P29317,P29317,Y588;Y594;Y735;Y772,Phosphorylation,1.0,PhosphoSitePlus;SIGNOR;iPTMnet
P29317,P29320,Y,Phosphorylation,1.0,UniProt
P29317,P29376,Y,Phosphorylation,1.0,UniProt
P29317,P30530,Y,Phosphorylation,1.0,UniProt
P29317,P31749,unknown,Phosphorylation,1.0,PhosphoSitePlus
P29317,P54756,Y,Phosphorylation,1.0,UniProt
P29317,Q05397,Y,Phosphorylation,1.0,UniProt
P29317,Q15375,Y,Phosphorylation,1.0,UniProt
P29317,Q9UF33,Y,Phosphorylation,1.0,UniProt
P29320,P29317,Y,Phosphorylation,1.0,UniProt
P29320,P29320,Y596;Y602;Y701;Y779,Phosphorylation,1.0,PhosphoSitePlus;SIGNOR;iPTMnet
P29320,P68400,unknown,Phosphorylation,63.97,PhosphoNetworks
P29320,Q15375,Y,Phosphorylation,1.0,UniProt
P29322,P29322,Y616;Y839,Phosphorylation,1.0,PhosphoSitePlus;SIGNOR;iPTMnet
P29323,P00519,unknown,Phosphorylation,0.514,SIGNOR
P29323,P07333,Y,Phosphorylation,1.0,UniProt
P29323,P29323,Y596;Y602;Y603,Phosphorylation,1.0,PhosphoSitePlus;iPTMnet
P29323,P54764,Y,Phosphorylation,1.0,UniProt
P29323,Q15375,Y,Phosphorylation,1.0,UniProt
P29350,P00519,Y536;Y564,Phosphorylation,1.0,SIGNOR;iPTMnet
P29350,P06213,Y536;Y538,Phosphorylation,1.0,PhosphoSitePlus;SIGNOR;iPTMnet
P29350,P06239,Y536;Y538;Y564;Y566,Phosphorylation,100.0,PhosphoNetworks;PhosphoSitePlus;SIGNOR;UniProt;iPTMnet
P29350,P07948,Y564,Phosphorylation,1.0,PhosphoSitePlus;SIGNOR;iPTMnet
P29350,P08069,Y,Phosphorylation,1.0,UniProt
P29350,P08922,Y,Phosphorylation,1.0,UniProt
P29350,P12931,Y536;Y564,Phosphorylation,1.0,PhosphoSitePlus;SIGNOR;iPTMnet
P29350,P17252,unknown,Phosphorylation,100.0,PhosphoNetworks;PhosphoSitePlus
P29350,P24941,unknown,Phosphorylation,1.0,PhosphoSitePlus;SIGNOR
P29350,P35968,Y,Phosphorylation,1.0,UniProt
P29350,Q04759,unknown,Phosphorylation,1.0,PhosphoSitePlus
P29350,Q05397,Y,Phosphorylation,1.0,UniProt
P29353,P00533,Y239;Y240;Y317,Phosphorylation,1.0,PhosphoSitePlus;UniProt;iPTMnet
P29353,P04626,Y,Phosphorylation,1.0,UniProt
P29353,P04629,unknown,Phosphorylation,1.0,PhosphoSitePlus
P29353,P06213,Y318;Y427,Phosphorylation,1.0,UniProt;iPTMnet
P29353,P06239,Y318;Y427,Phosphorylation,100.0,PhosphoNetworks;PhosphoSitePlus;Reactome;SIGNOR;iPTMnet
P29353,P06241,Y318;Y349;Y350;Y427,Phosphorylation,100.0,PhosphoNetworks;Reactome;SIGNOR;iPTMnet
P29353,P07948,unknown,Phosphorylation,1.0,Reactome
P29353,P08069,Y,Phosphorylation,1.0,UniProt
P29353,P08581,Y427,Phosphorylation,1.0,PhosphoSitePlus;UniProt;iPTMnet
P29353,P09619,unknown,Phosphorylation,1.0,Reactome;SIGNOR
P29353,P10721,Y,Phosphorylation,1.0,UniProt
P29353,P12931,Y239;Y240;Y349;Y350,Phosphorylation,1.0,PhosphoSitePlus;SIGNOR;iPTMnet
P29353,P16234,unknown,Phosphorylation,1.0,Reactome
P29353,P17252,unknown,Phosphorylation,1.0,Reactome
P29353,P21860,Y,Phosphorylation,1.0,UniProt
P29353,P27361,unknown,Phosphorylation,1.0,PhosphoSitePlus
P29353,P28482,unknown,Phosphorylation,1.0,PhosphoSitePlus
P29353,P29376,unknown,Phosphorylation,0.422,SIGNOR
P29353,P35916,Y349;Y350;Y427,Phosphorylation,1.0,SIGNOR;iPTMnet
P29353,P35968,Y,Phosphorylation,1.0,UniProt
P29353,P36888,Y239;Y240;Y318;Y349;Y350;Y427,Phosphorylation,1.0,SIGNOR;iPTMnet
P29353,P43403,Y239;Y240;Y349;Y350;Y427,Phosphorylation,100.0,PhosphoNetworks;PhosphoSitePlus;SIGNOR;iPTMnet
P29353,P43405,Y239;Y240;Y349;Y350;Y427,Phosphorylation,100.0,PhosphoNetworks;PhosphoSitePlus;Reactome;SIGNOR;UniProt;iPTMnet
P29353,P45983,unknown,Phosphorylation,1.0,PhosphoSitePlus
P29353,P45984,unknown,Phosphorylation,1.0,PhosphoSitePlus
P29353,P52333,unknown,Phosphorylation,1.0,PhosphoSitePlus
P29353,P53779,unknown,Phosphorylation,1.0,PhosphoSitePlus
P29353,Q05397,Y315;Y427,Phosphorylation,1.0,PhosphoSitePlus;SIGNOR;iPTMnet
P29353,Q05655,unknown,Phosphorylation,1.0,PhosphoSitePlus
P29353,Q15303,Y,Phosphorylation,1.0,UniProt
P29353,Q16539,unknown,Phosphorylation,1.0,PhosphoSitePlus
P29353,Q16832,Y,Phosphorylation,1.0,UniProt
P29353,Q9UM73,Y,Phosphorylation,1.0,SIGNOR;UniProt
P29374,P24941,unknown,Phosphorylation,1.0,PhosphoSitePlus
P29376,P29317,Y,Phosphorylation,1.0,UniProt
P29400,Q05397,unknown,Phosphorylation,1.0,Reactome
P29400,Q14289,unknown,Phosphorylation,1.0,Reactome
P29401,P31749,unknown,Phosphorylation,1.0,PhosphoSitePlus
P29474,P00519,Y81,Phosphorylation,0.2,SIGNOR
P29474,P12931,Y81,Phosphorylation,0.422,SIGNOR
P29474,P17252,unknown,Phosphorylation,1.0,PhosphoSitePlus
P29474,P17612,unknown,Phosphorylation,1.0,PhosphoSitePlus;Reactome
P29474,P22612,unknown,Phosphorylation,1.0,Reactome
P29474,P22694,unknown,Phosphorylation,1.0,Reactome
P29474,P31749,unknown,Phosphorylation,1.0,PhosphoSitePlus
P29474,P54760,unknown,Phosphorylation,0.312,SIGNOR
P29474,Q00535,unknown,Phosphorylation,1.0,PhosphoSitePlus
P29474,Q13131,unknown,Phosphorylation,1.0,PhosphoSitePlus
P29474,Q13237,unknown,Phosphorylation,1.0,PhosphoSitePlus
P29474,Q14289,Y657,Phosphorylation,1.0,PhosphoSitePlus;SIGNOR;iPTMnet
P29474,Q16513,unknown,Phosphorylation,1.0,Reactome
P29590,O96017,unknown,Phosphorylation,1.0,PhosphoSitePlus
P29590,P06493,unknown,Phosphorylation,1.0,PhosphoSitePlus;SIGNOR
P29590,P24941,unknown,Phosphorylation,1.0,PhosphoSitePlus
P29590,P27361,unknown,Phosphorylation,1.0,PhosphoSitePlus
P29590,P28482,unknown,Phosphorylation,1.0,PhosphoSitePlus
P29590,P68400,unknown,Phosphorylation,1.0,PhosphoSitePlus
P29590,Q13164,unknown,Phosphorylation,1.0,PhosphoSitePlus;SIGNOR
P29590,Q9H2X6,unknown,Phosphorylation,1.0,PhosphoSitePlus
P29597,O60674,Y,Phosphorylation,1.0,UniProt
P29597,P23458,Y1054;Y1055,Phosphorylation,1.0,SIGNOR;iPTMnet
P29597,P29597,Y1054;Y1055,Phosphorylation,1.0,PhosphoSitePlus;SIGNOR;iPTMnet
P29692,O15530,unknown,Phosphorylation,4.1,PhosphoNetworks
P29692,O75716,unknown,Phosphorylation,1.57,PhosphoNetworks
P29692,O95747,unknown,Phosphorylation,2.07,PhosphoNetworks
P29692,P06493,unknown,Phosphorylation,1.0,PhosphoSitePlus
P29692,P54646,unknown,Phosphorylation,4.31,PhosphoNetworks
P29692,P68400,unknown,Phosphorylation,1.0,PhosphoSitePlus
P29728,P49761,Y,Phosphorylation,1.0,UniProt
P29803,Q15118,unknown,Phosphorylation,1.0,PhosphoSitePlus;Reactome
P29803,Q15119,unknown,Phosphorylation,1.0,PhosphoSitePlus
P29803,Q15120,unknown,Phosphorylation,1.0,PhosphoSitePlus;Reactome
P29803,Q16654,unknown,Phosphorylation,1.0,PhosphoSitePlus;Reactome
P29966,P17252,unknown,Phosphorylation,100.0,PhosphoNetworks;PhosphoSitePlus;Reactome
P29966,P17612,unknown,Phosphorylation,1.0,PhosphoSitePlus
P29966,P24941,unknown,Phosphorylation,1.0,PhosphoSitePlus
P29966,Q13464,unknown,Phosphorylation,1.0,PhosphoSitePlus
P29966,Q16512,unknown,Phosphorylation,1.0,PhosphoSitePlus
P29972,P17252,unknown,Phosphorylation,1.0,PhosphoSitePlus
P29972,Q07912,Y,Phosphorylation,1.0,UniProt
P30041,P28482,unknown,Phosphorylation,1.0,PhosphoSitePlus
P30041,Q16539,unknown,Phosphorylation,1.0,PhosphoSitePlus
P30044,P17612,unknown,Phosphorylation,1.57,PhosphoNetworks
P30050,P24941,unknown,Phosphorylation,1.0,PhosphoSitePlus
P30086,P17252,unknown,Phosphorylation,100.0,PhosphoNetworks;PhosphoSitePlus
P30086,Q05655,unknown,Phosphorylation,100.0,PhosphoNetworks;PhosphoSitePlus
P30101,P06493,unknown,Phosphorylation,1.0,PhosphoSitePlus
P30153,O95835,unknown,Phosphorylation,2.75,PhosphoNetworks
P30153,P45983,unknown,Phosphorylation,2.75,PhosphoNetworks
P30153,P51812,unknown,Phosphorylation,2.75,PhosphoNetworks
P30153,Q06187,unknown,Phosphorylation,7.73,PhosphoNetworks
P30153,Q13131,unknown,Phosphorylation,2.75,PhosphoNetworks
P30153,Q13153,unknown,Phosphorylation,2.68,PhosphoNetworks
P30153,Q9BUB5,unknown,Phosphorylation,1.0,Reactome
P30154,O60285,unknown,Phosphorylation,244.18,PhosphoNetworks
P30154,P50613,unknown,Phosphorylation,5.79,PhosphoNetworks
P30154,Q00535,unknown,Phosphorylation,3.0,PhosphoNetworks
P30154,Q13131,unknown,Phosphorylation,1.57,PhosphoNetworks
P30154,Q96KB5,unknown,Phosphorylation,3.61,PhosphoNetworks
P30154,Q9H1R3,unknown,Phosphorylation,2.0,PhosphoNetworks
P30203,P68400,unknown,Phosphorylation,1.0,PhosphoSitePlus
P30260,P06493,unknown,Phosphorylation,1.0,PhosphoSitePlus
P30260,P53350,unknown,Phosphorylation,100.0,PhosphoNetworks;PhosphoSitePlus;Reactome
P30260,P54646,unknown,Phosphorylation,1.0,PhosphoSitePlus
P30260,P68400,unknown,Phosphorylation,1.0,PhosphoSitePlus
P30273,P06241,unknown,Phosphorylation,1.0,Reactome
P30273,P07948,unknown,Phosphorylation,1.0,PhosphoSitePlus;Reactome
P30273,P43405,Y,Phosphorylation,1.0,UniProt
P30279,P49841,unknown,Phosphorylation,1.0,PhosphoSitePlus
P30279,P50613,unknown,Phosphorylation,1.0,Reactome
P30279,Q16539,unknown,Phosphorylation,1.0,PhosphoSitePlus
P30281,O15264,unknown,Phosphorylation,1.0,PhosphoSitePlus
P30281,P49841,unknown,Phosphorylation,100.0,PhosphoNetworks;PhosphoSitePlus
P30281,P50613,unknown,Phosphorylation,1.0,Reactome
P30281,P53778,unknown,Phosphorylation,1.0,PhosphoSitePlus
P30281,Q15759,unknown,Phosphorylation,1.0,PhosphoSitePlus
P30291,O14757,unknown,Phosphorylation,1.0,Reactome;SIGNOR
P30291,P06493,unknown,Phosphorylation,1.0,PhosphoSitePlus
P30291,P31749,unknown,Phosphorylation,1.0,PhosphoSitePlus
P30291,P53350,unknown,Phosphorylation,100.0,PhosphoNetworks;PhosphoSitePlus;Reactome
P30291,P68400,unknown,Phosphorylation,1.0,PhosphoSitePlus
P30291,Q13153,unknown,Phosphorylation,0.298,SIGNOR
P30291,Q8IY84,unknown,Phosphorylation,0.481,SIGNOR
P30291,Q8TDC3,unknown,Phosphorylation,1.0,PhosphoSitePlus
P30301,P17612,unknown,Phosphorylation,1.0,PhosphoSitePlus
P30304,O14757,unknown,Phosphorylation,1.0,PhosphoSitePlus;Reactome
P30304,O96017,unknown,Phosphorylation,100.0,PhosphoNetworks;PhosphoSitePlus;Reactome
P30304,P06493,unknown,Phosphorylation,1.0,PhosphoSitePlus
P30304,P11309,unknown,Phosphorylation,100.0,PhosphoNetworks
P30304,P27361,unknown,Phosphorylation,1.57,PhosphoNetworks
P30304,P37173,unknown,Phosphorylation,9.14,PhosphoNetworks
P30304,P48729,unknown,Phosphorylation,1.0,PhosphoSitePlus
P30304,P49137,unknown,Phosphorylation,0.364,SIGNOR
P30304,P49841,unknown,Phosphorylation,1.0,PhosphoSitePlus
P30304,Q00535,unknown,Phosphorylation,1.0,Reactome
P30304,Q13535,unknown,Phosphorylation,0.646,SIGNOR
P30304,Q15418,unknown,Phosphorylation,1.0,PhosphoSitePlus
P30304,Q8NG66,unknown,Phosphorylation,1.0,PhosphoSitePlus
P30304,Q9H4B4,unknown,Phosphorylation,1.0,PhosphoSitePlus
P30304,Q9P1W9,unknown,Phosphorylation,0.362,SIGNOR
P30305,O14757,unknown,Phosphorylation,1.0,PhosphoSitePlus
P30305,O14965,unknown,Phosphorylation,1.0,PhosphoSitePlus
P30305,P06493,unknown,Phosphorylation,1.0,PhosphoSitePlus
P30305,P17612,unknown,Phosphorylation,1.0,PhosphoSitePlus
P30305,P31749,unknown,Phosphorylation,1.0,PhosphoSitePlus
P30305,P45983,unknown,Phosphorylation,1.0,PhosphoSitePlus
P30305,P49137,unknown,Phosphorylation,1.0,PhosphoSitePlus
P30305,P53350,unknown,Phosphorylation,1.0,PhosphoSitePlus
P30305,P68400,unknown,Phosphorylation,100.0,PhosphoNetworks;PhosphoSitePlus
P30305,Q00535,unknown,Phosphorylation,1.0,Reactome
P30305,Q14680,unknown,Phosphorylation,1.0,PhosphoSitePlus
P30305,Q15418,unknown,Phosphorylation,1.0,PhosphoSitePlus
P30305,Q15759,unknown,Phosphorylation,1.0,PhosphoSitePlus
P30305,Q8TDC3,unknown,Phosphorylation,1.0,PhosphoSitePlus
P30307,O00444,unknown,Phosphorylation,0.463,SIGNOR
P30307,O14757,unknown,Phosphorylation,1.0,PhosphoSitePlus;Reactome
P30307,O96017,unknown,Phosphorylation,100.0,PhosphoNetworks;PhosphoSitePlus;Reactome
P30307,P06493,unknown,Phosphorylation,1.0,PhosphoSitePlus
P30307,P11309,unknown,Phosphorylation,0.349,SIGNOR
P30307,P24941,unknown,Phosphorylation,1.0,PhosphoSitePlus
P30307,P27448,unknown,Phosphorylation,1.0,PhosphoSitePlus
P30307,P45983,unknown,Phosphorylation,1.0,PhosphoSitePlus
P30307,P45984,unknown,Phosphorylation,100.0,PhosphoNetworks;PhosphoSitePlus
P30307,P49137,unknown,Phosphorylation,1.0,PhosphoSitePlus
P30307,P53350,unknown,Phosphorylation,100.0,PhosphoNetworks;PhosphoSitePlus;Reactome
P30307,P68400,unknown,Phosphorylation,1.0,PhosphoSitePlus
P30307,Q15418,unknown,Phosphorylation,1.0,PhosphoSitePlus
P30307,Q8TDC3,unknown,Phosphorylation,1.0,PhosphoSitePlus
P30307,Q9H4B4,unknown,Phosphorylation,100.0,PhosphoNetworks;PhosphoSitePlus;Reactome
P30405,P31751,unknown,Phosphorylation,1.0,PhosphoSitePlus
P30411,P12931,Y177;Y347,Phosphorylation,1.0,PhosphoSitePlus;SIGNOR;iPTMnet
P30411,P17252,unknown,Phosphorylation,100.0,PhosphoNetworks;PhosphoSitePlus
P30411,P32298,unknown,Phosphorylation,1.0,PhosphoSitePlus
P30419,P06241,Y180,Phosphorylation,100.0,PhosphoNetworks;PhosphoSitePlus;iPTMnet
P30419,P07948,Y180,Phosphorylation,100.0,PhosphoNetworks;PhosphoSitePlus;iPTMnet
P30518,P17612,unknown,Phosphorylation,1.0,PhosphoSitePlus
P30518,P25098,unknown,Phosphorylation,1.0,Reactome
P30518,P35626,unknown,Phosphorylation,1.0,Reactome
P30519,P06241,Y,Phosphorylation,1.0,UniProt
P30530,P00533,Y779,Phosphorylation,1.0,SIGNOR;UniProt;iPTMnet
P30530,P29317,Y,Phosphorylation,1.0,UniProt
P30530,P30530,Y779;Y821;Y866,Phosphorylation,1.0,iPTMnet
P30530,P51813,unknown,Phosphorylation,2.84,PhosphoNetworks
P30533,Q9NYY3,unknown,Phosphorylation,0.301,SIGNOR
P30556,P12931,unknown,Phosphorylation,1.0,PhosphoSitePlus
P30559,O15530,unknown,Phosphorylation,0.2,SIGNOR
P30622,P06493,unknown,Phosphorylation,1.0,Reactome
P30622,P42345,unknown,Phosphorylation,0.567,SIGNOR
P30622,P53350,unknown,Phosphorylation,1.0,PhosphoSitePlus;Reactome
P30622,P68400,unknown,Phosphorylation,1.0,PhosphoSitePlus
P30622,Q16512,unknown,Phosphorylation,1.0,PhosphoSitePlus
P30622,Q6P5Z2,unknown,Phosphorylation,1.0,PhosphoSitePlus
P30626,P17612,unknown,Phosphorylation,1.0,PhosphoSitePlus
P30626,P53350,unknown,Phosphorylation,1.0,PhosphoSitePlus
P30872,P25098,unknown,Phosphorylation,1.0,Reactome
P30872,P32298,unknown,Phosphorylation,1.0,Reactome
P30872,P34947,unknown,Phosphorylation,1.0,Reactome
P30872,P35626,unknown,Phosphorylation,1.0,Reactome
P30872,P43250,unknown,Phosphorylation,1.0,Reactome
P30872,Q15835,unknown,Phosphorylation,1.0,Reactome
P30872,Q8WTQ7,unknown,Phosphorylation,1.0,Reactome
P30874,P25098,unknown,Phosphorylation,1.0,Reactome
P30874,P32298,unknown,Phosphorylation,1.0,Reactome
P30874,P34947,unknown,Phosphorylation,1.0,Reactome
P30874,P35626,unknown,Phosphorylation,1.0,Reactome
P30874,P43250,unknown,Phosphorylation,1.0,Reactome
P30874,Q15835,unknown,Phosphorylation,1.0,Reactome
P30874,Q8WTQ7,unknown,Phosphorylation,1.0,Reactome
P30876,P50750,unknown,Phosphorylation,1.0,Reactome
P30939,P25098,unknown,Phosphorylation,1.0,Reactome
P30939,P32298,unknown,Phosphorylation,1.0,Reactome
P30939,P34947,unknown,Phosphorylation,1.0,Reactome
P30939,P35626,unknown,Phosphorylation,1.0,Reactome
P30939,P43250,unknown,Phosphorylation,1.0,Reactome
P30939,Q15835,unknown,Phosphorylation,1.0,Reactome
P30939,Q8WTQ7,unknown,Phosphorylation,1.0,Reactome
P30989,P25098,unknown,Phosphorylation,0.2,SIGNOR
P30989,P34947,unknown,Phosphorylation,0.596,SIGNOR
P31040,P09769,Y543;Y604,Phosphorylation,1.0,iPTMnet
P31040,P12931,Y215,Phosphorylation,1.0,PhosphoSitePlus;SIGNOR
P31146,Q00535,unknown,Phosphorylation,1.0,PhosphoSitePlus
P31152,O75914,unknown,Phosphorylation,1.0,Reactome
P31152,Q13153,unknown,Phosphorylation,1.0,Reactome
P31152,Q13177,unknown,Phosphorylation,1.0,Reactome
P31269,P17252,unknown,Phosphorylation,1.0,PhosphoSitePlus
P31323,P17612,unknown,Phosphorylation,1.0,PhosphoSitePlus
P31323,P53350,unknown,Phosphorylation,1.0,Reactome
P31350,P06493,unknown,Phosphorylation,1.0,PhosphoSitePlus
P31350,P24941,unknown,Phosphorylation,1.0,PhosphoSitePlus
P31371,P27361,unknown,Phosphorylation,1.0,Reactome
P31371,P28482,unknown,Phosphorylation,1.0,Reactome
P31391,P25098,unknown,Phosphorylation,1.0,Reactome
P31391,P32298,unknown,Phosphorylation,1.0,Reactome
P31391,P34947,unknown,Phosphorylation,1.0,Reactome
P31391,P35626,unknown,Phosphorylation,1.0,Reactome
P31391,P43250,unknown,Phosphorylation,1.0,Reactome
P31391,Q15835,unknown,Phosphorylation,1.0,Reactome
P31391,Q8WTQ7,unknown,Phosphorylation,1.0,Reactome
P31424,P06241,Y,Phosphorylation,1.0,UniProt
P31431,P12931,unknown,Phosphorylation,1.0,PhosphoSitePlus
P31483,Q14296,unknown,Phosphorylation,1996.19,PhosphoNetworks
P31483,Q9NR20,unknown,Phosphorylation,1.6,PhosphoNetworks
P31483,Q9UEE5,unknown,Phosphorylation,12.23,PhosphoNetworks
P31645,P17252,unknown,Phosphorylation,1.0,PhosphoSitePlus
P31645,P27361,unknown,Phosphorylation,1.0,PhosphoSitePlus
P31645,P28482,unknown,Phosphorylation,1.0,PhosphoSitePlus
P31645,P45984,unknown,Phosphorylation,1.0,PhosphoSitePlus
P31645,Q13976,unknown,Phosphorylation,1.0,PhosphoSitePlus
P31645,Q16539,unknown,Phosphorylation,1.0,PhosphoSitePlus
P31645,Q9UQM7,unknown,Phosphorylation,1.0,PhosphoSitePlus
P31749,O15530,unknown,Phosphorylation,1.0,PhosphoSitePlus
P31749,P00533,Y,Phosphorylation,1.0,UniProt
P31749,P04626,unknown,Phosphorylation,1.0,Reactome
P31749,P05771,unknown,Phosphorylation,1.0,PhosphoSitePlus
P31749,P06241,Y,Phosphorylation,1.0,UniProt
P31749,P07949,Y315,Phosphorylation,1.0,PhosphoSitePlus;SIGNOR;iPTMnet
P31749,P11362,unknown,Phosphorylation,1.0,Reactome
P31749,P12931,Y315;Y326,Phosphorylation,1.0,PhosphoSitePlus;SIGNOR;iPTMnet
P31749,P17252,unknown,Phosphorylation,1.0,PhosphoSitePlus
P31749,P21802,unknown,Phosphorylation,1.0,Reactome
P31749,P22455,unknown,Phosphorylation,1.0,Reactome
P31749,P22607,unknown,Phosphorylation,1.0,Reactome
P31749,P27361,unknown,Phosphorylation,1.0,PhosphoSitePlus
P31749,P31749,unknown,Phosphorylation,1.0,PhosphoSitePlus
P31749,P42336,unknown,Phosphorylation,1.0,Reactome
P31749,P42338,unknown,Phosphorylation,1.0,Reactome
P31749,P42345,unknown,Phosphorylation,1.0,PhosphoSitePlus
P31749,P48736,unknown,Phosphorylation,1.0,Reactome
P31749,P49137,unknown,Phosphorylation,1.0,PhosphoSitePlus
P31749,P49840,unknown,Phosphorylation,1.0,PhosphoSitePlus
P31749,P68400,unknown,Phosphorylation,100.0,PhosphoNetworks;PhosphoSitePlus
P31749,P78527,unknown,Phosphorylation,1.0,PhosphoSitePlus
P31749,Q07912,Y176,Phosphorylation,1.0,PhosphoSitePlus;iPTMnet
P31749,Q13882,Y315;Y326,Phosphorylation,1.0,PhosphoSitePlus;SIGNOR;iPTMnet
P31749,Q14164,unknown,Phosphorylation,1.0,PhosphoSitePlus
P31749,Q15118,unknown,Phosphorylation,0.598,SIGNOR
P31749,Q15139,unknown,Phosphorylation,1.0,PhosphoSitePlus
P31749,Q15303,unknown,Phosphorylation,1.0,Reactome
P31749,Q16513,unknown,Phosphorylation,1.0,Reactome
P31749,Q16539,unknown,Phosphorylation,1.0,PhosphoSitePlus
P31749,Q5S007,unknown,Phosphorylation,1.0,PhosphoSitePlus
P31749,Q6A1A2,unknown,Phosphorylation,0.2,SIGNOR
P31749,Q9UHD2,unknown,Phosphorylation,1.0,PhosphoSitePlus
P31749,Q9Y2I7,unknown,Phosphorylation,1.0,PhosphoSitePlus
P31751,O15530,unknown,Phosphorylation,1.0,PhosphoSitePlus;Reactome
P31751,P04626,unknown,Phosphorylation,1.0,Reactome
P31751,P11362,unknown,Phosphorylation,1.0,Reactome
P31751,P21802,unknown,Phosphorylation,1.0,Reactome
P31751,P22455,unknown,Phosphorylation,1.0,Reactome
P31751,P22607,unknown,Phosphorylation,1.0,Reactome
P31751,P42336,unknown,Phosphorylation,1.0,Reactome
P31751,P42338,unknown,Phosphorylation,1.0,Reactome
P31751,P48736,unknown,Phosphorylation,1.0,Reactome
P31751,Q15118,unknown,Phosphorylation,0.374,SIGNOR
P31751,Q15303,unknown,Phosphorylation,1.0,Reactome
P31939,Q9UM73,Y104,Phosphorylation,1.0,PhosphoSitePlus;SIGNOR
P31943,P24941,unknown,Phosphorylation,1.0,PhosphoSitePlus
P31943,P28482,unknown,Phosphorylation,1.0,PhosphoSitePlus
P31946,P08069,Y,Phosphorylation,1.0,UniProt
P31946,P30291,Y,Phosphorylation,1.0,UniProt
P31946,P45983,unknown,Phosphorylation,100.0,PhosphoNetworks;PhosphoSitePlus
P31946,Q05513,unknown,Phosphorylation,100.0,PhosphoNetworks
P31946,Q05655,unknown,Phosphorylation,100.0,PhosphoNetworks;PhosphoSitePlus
P31946,Q13627,Y,Phosphorylation,1.0,UniProt
P31946,Q15569,Y,Phosphorylation,1.0,UniProt
P31947,P00519,Y,Phosphorylation,1.0,UniProt
P31947,P00533,Y,Phosphorylation,1.0,UniProt
P31947,P16234,Y,Phosphorylation,1.0,UniProt
P31947,P30291,Y,Phosphorylation,1.0,UniProt
P31947,P45983,unknown,Phosphorylation,100.0,PhosphoNetworks;PhosphoSitePlus
P31947,Q08881,Y,Phosphorylation,1.0,UniProt
P31947,Q13470,Y,Phosphorylation,1.0,UniProt
P31947,Q16288,Y,Phosphorylation,1.0,UniProt
P31948,O43683,unknown,Phosphorylation,3.24,PhosphoNetworks
P31948,O75676,unknown,Phosphorylation,3.24,PhosphoNetworks
P31948,P00533,Y,Phosphorylation,1.0,UniProt
P31948,P04626,Y,Phosphorylation,1.0,UniProt
P31948,P06493,unknown,Phosphorylation,1.0,PhosphoSitePlus
P31948,P51955,unknown,Phosphorylation,2.97,PhosphoNetworks
P31948,P68400,unknown,Phosphorylation,1.0,PhosphoSitePlus
P31948,Q05513,unknown,Phosphorylation,9.71,PhosphoNetworks
P31948,Q12851,unknown,Phosphorylation,2.25,PhosphoNetworks
P31948,Q59H18,unknown,Phosphorylation,2.25,PhosphoNetworks
P31948,Q9NR20,unknown,Phosphorylation,2.07,PhosphoNetworks
P31949,P07947,unknown,Phosphorylation,19.64,PhosphoNetworks
P31949,P30291,unknown,Phosphorylation,2.28,PhosphoNetworks
P31949,Q14289,unknown,Phosphorylation,13.55,PhosphoNetworks
P31949,Q15349,unknown,Phosphorylation,1.58,PhosphoNetworks
P31949,Q8IW41,unknown,Phosphorylation,2.25,PhosphoNetworks
P31949,Q92630,unknown,Phosphorylation,1.58,PhosphoNetworks
P31994,P06241,unknown,Phosphorylation,1.0,PhosphoSitePlus
P31994,P07948,Y272;Y273;Y291;Y292,Phosphorylation,100.0,PhosphoNetworks;PhosphoSitePlus;iPTMnet
P31994,P51451,Y272;Y273;Y291;Y292,Phosphorylation,100.0,PhosphoNetworks;PhosphoSitePlus;iPTMnet
P31995,P06241,unknown,Phosphorylation,1.0,PhosphoSitePlus
P31995,P07948,unknown,Phosphorylation,100.0,PhosphoNetworks;PhosphoSitePlus
P31995,P43405,Y287;Y310,Phosphorylation,100.0,PhosphoNetworks;PhosphoSitePlus;iPTMnet
P31995,P51451,Y294;Y310,Phosphorylation,1.0,PhosphoSitePlus;iPTMnet
P32004,O75582,unknown,Phosphorylation,1.0,Reactome
P32004,O75676,unknown,Phosphorylation,1.0,Reactome
P32004,P12931,unknown,Phosphorylation,1.0,PhosphoSitePlus;Reactome
P32004,P17252,unknown,Phosphorylation,1.0,PhosphoSitePlus
P32004,P19784,unknown,Phosphorylation,1.0,Reactome
P32004,P28482,unknown,Phosphorylation,1.0,PhosphoSitePlus;Reactome
P32004,P29323,unknown,Phosphorylation,1.0,Reactome
P32004,P51812,unknown,Phosphorylation,1.0,Reactome
P32004,P54753,Y1229,Phosphorylation,1.0,iPTMnet
P32004,P68400,unknown,Phosphorylation,1.0,PhosphoSitePlus;Reactome
P32004,Q15349,unknown,Phosphorylation,1.0,Reactome
P32004,Q15418,unknown,Phosphorylation,1.0,Reactome
P32004,Q9UK32,unknown,Phosphorylation,1.0,Reactome
P32119,Q00535,unknown,Phosphorylation,1.0,PhosphoSitePlus;Reactome
P32121,P00533,Y,Phosphorylation,1.0,UniProt
P32121,P06213,Y,Phosphorylation,1.0,UniProt
P32121,P12931,Y,Phosphorylation,1.0,UniProt
P32121,P68400,unknown,Phosphorylation,100.0,PhosphoNetworks;PhosphoSitePlus
P32245,P17612,unknown,Phosphorylation,1.0,PhosphoSitePlus
P32314,P11802,unknown,Phosphorylation,1.93,PhosphoNetworks
P32322,P24941,unknown,Phosphorylation,1.0,PhosphoSitePlus
P32745,P25098,unknown,Phosphorylation,1.0,Reactome
P32745,P32298,unknown,Phosphorylation,1.0,Reactome
P32745,P34947,unknown,Phosphorylation,1.0,Reactome
P32745,P35626,unknown,Phosphorylation,1.0,Reactome
P32745,P43250,unknown,Phosphorylation,1.0,Reactome
P32745,Q15835,unknown,Phosphorylation,1.0,Reactome
P32745,Q8WTQ7,unknown,Phosphorylation,1.0,Reactome
P32927,O60674,Y,Phosphorylation,1.0,UniProt
P32927,P07948,unknown,Phosphorylation,1.0,PhosphoSitePlus
P32927,P12931,unknown,Phosphorylation,1.0,PhosphoSitePlus
P32927,P17612,unknown,Phosphorylation,1.0,PhosphoSitePlus;Reactome
P32929,Q13237,unknown,Phosphorylation,1.0,PhosphoSitePlus
P32942,Q04759,unknown,Phosphorylation,100.0,PhosphoNetworks;PhosphoSitePlus
P33076,P17612,unknown,Phosphorylation,1.0,PhosphoSitePlus
P33076,P27361,unknown,Phosphorylation,1.0,PhosphoSitePlus
P33076,P28482,unknown,Phosphorylation,1.0,PhosphoSitePlus
P33076,P49841,unknown,Phosphorylation,1.0,PhosphoSitePlus
P33151,O75914,unknown,Phosphorylation,1.0,Reactome
P33151,P06241,unknown,Phosphorylation,1.0,Reactome
P33151,P12931,Y658;Y685;Y731,Phosphorylation,1.0,PhosphoSitePlus;SIGNOR;iPTMnet
P33151,P35968,Y,Phosphorylation,1.0,UniProt
P33151,Q13153,unknown,Phosphorylation,1.0,Reactome
P33151,Q13177,unknown,Phosphorylation,1.0,Reactome
P33176,P53779,unknown,Phosphorylation,1.0,PhosphoSitePlus
P33240,Q92989,unknown,Phosphorylation,1.0,Reactome
P33241,P49137,unknown,Phosphorylation,1.0,PhosphoSitePlus
P33316,P06493,unknown,Phosphorylation,1.0,PhosphoSitePlus
P33316,Q9UEE5,unknown,Phosphorylation,1.93,PhosphoNetworks
P33527,P68400,unknown,Phosphorylation,1.0,PhosphoSitePlus
P33681,P06241,unknown,Phosphorylation,1.0,Reactome
P33681,P07947,unknown,Phosphorylation,1.0,Reactome
P33681,P07948,unknown,Phosphorylation,1.0,Reactome
P33681,P12931,unknown,Phosphorylation,1.0,Reactome
P33981,O96017,unknown,Phosphorylation,1.0,PhosphoSitePlus
P33981,P15056,unknown,Phosphorylation,1.0,PhosphoSitePlus
P33981,P27361,unknown,Phosphorylation,1.0,PhosphoSitePlus
P33981,P28482,unknown,Phosphorylation,1.0,PhosphoSitePlus
P33981,P33981,unknown,Phosphorylation,1.0,PhosphoSitePlus
P33981,P53350,unknown,Phosphorylation,0.382,SIGNOR
P33991,O00311,unknown,Phosphorylation,1.0,Reactome;SIGNOR
P33991,P06493,unknown,Phosphorylation,1.0,PhosphoSitePlus
P33991,P24941,unknown,Phosphorylation,1.0,PhosphoSitePlus;Reactome
P33991,Q13535,unknown,Phosphorylation,1.0,Reactome;SIGNOR
P33992,O00311,unknown,Phosphorylation,1.0,Reactome
P33992,O14757,unknown,Phosphorylation,1.0,PhosphoSitePlus
P33992,P24941,unknown,Phosphorylation,1.0,Reactome
P33992,Q04771,unknown,Phosphorylation,1.93,PhosphoNetworks
P33992,Q13535,unknown,Phosphorylation,1.0,Reactome
P33993,O00311,unknown,Phosphorylation,1.0,Reactome;SIGNOR
P33993,P06493,unknown,Phosphorylation,1.0,PhosphoSitePlus
P33993,P07948,Y600,Phosphorylation,1.0,PhosphoSitePlus;SIGNOR;UniProt
P33993,P10398,unknown,Phosphorylation,2.75,PhosphoNetworks
P33993,P11802,unknown,Phosphorylation,18.32,PhosphoNetworks
P33993,P22607,Y,Phosphorylation,1.0,UniProt
P33993,P24941,unknown,Phosphorylation,1.0,PhosphoSitePlus;Reactome
P33993,Q13535,unknown,Phosphorylation,1.0,Reactome
P33993,Q92630,unknown,Phosphorylation,7.87,PhosphoNetworks
P33993,Q9UEE5,unknown,Phosphorylation,1.9,PhosphoNetworks
P34152,P12931,Y,Phosphorylation,1.0,UniProt
P34741,P12931,unknown,Phosphorylation,1.0,PhosphoSitePlus
P34741,P22455,Y,Phosphorylation,1.0,UniProt
P34932,P00533,Y,Phosphorylation,1.0,UniProt
P34947,O00238,unknown,Phosphorylation,12.64,PhosphoNetworks
P34947,O43930,unknown,Phosphorylation,1.81,PhosphoNetworks
P34947,O60674,unknown,Phosphorylation,17.43,PhosphoNetworks
P34947,P06493,unknown,Phosphorylation,1.84,PhosphoNetworks
P34947,P09619,Y109;Y309;Y368;Y90,Phosphorylation,1.0,SIGNOR;iPTMnet
P34947,P12931,Y251;Y253,Phosphorylation,1.0,iPTMnet
P34947,P34947,unknown,Phosphorylation,1.0,PhosphoSitePlus
P34947,P41279,unknown,Phosphorylation,12.49,PhosphoNetworks
P34947,Q00534,unknown,Phosphorylation,1.88,PhosphoNetworks
P34947,Q07002,unknown,Phosphorylation,1.84,PhosphoNetworks
P34947,Q07912,unknown,Phosphorylation,12.64,PhosphoNetworks
P34947,Q13153,unknown,Phosphorylation,20.11,PhosphoNetworks
P34947,Q16539,unknown,Phosphorylation,1.88,PhosphoNetworks
P34947,Q8TD19,unknown,Phosphorylation,2.43,PhosphoNetworks
P34947,Q99558,unknown,Phosphorylation,12.49,PhosphoNetworks
P34947,Q9Y2H9,unknown,Phosphorylation,2.83,PhosphoNetworks
P34947,Q9Y6S9,unknown,Phosphorylation,1.84,PhosphoNetworks
P34969,P25098,unknown,Phosphorylation,1.0,Reactome
P34969,P32298,unknown,Phosphorylation,1.0,Reactome
P34969,P34947,unknown,Phosphorylation,1.0,Reactome
P34969,P35626,unknown,Phosphorylation,1.0,Reactome
P34969,P43250,unknown,Phosphorylation,1.0,Reactome
P34969,Q15835,unknown,Phosphorylation,1.0,Reactome
P34969,Q8WTQ7,unknown,Phosphorylation,1.0,Reactome
P34998,P17612,unknown,Phosphorylation,1.0,PhosphoSitePlus
P35221,O75914,unknown,Phosphorylation,1.0,Reactome
P35221,P52564,unknown,Phosphorylation,1.0,Reactome
P35221,P68400,unknown,Phosphorylation,1.0,PhosphoSitePlus
P35221,Q13153,unknown,Phosphorylation,1.0,Reactome
P35221,Q13177,unknown,Phosphorylation,1.0,Reactome
P35222,O15111,unknown,Phosphorylation,1.0,PhosphoSitePlus;SIGNOR
P35222,O96013,unknown,Phosphorylation,1.0,PhosphoSitePlus
P35222,P00519,Y,Phosphorylation,1.0,PhosphoSitePlus;UniProt
P35222,P00533,Y142;Y654,Phosphorylation,1.0,PhosphoSitePlus;SIGNOR;iPTMnet
P35222,P04626,Y654,Phosphorylation,1.0,PhosphoSitePlus;SIGNOR;iPTMnet
P35222,P04629,Y142,Phosphorylation,1.0,PhosphoSitePlus;SIGNOR
P35222,P06241,Y142,Phosphorylation,100.0,PhosphoNetworks;PhosphoSitePlus;Reactome;iPTMnet
P35222,P07949,Y654,Phosphorylation,1.0,iPTMnet
P35222,P08069,Y,Phosphorylation,1.0,UniProt
P35222,P10721,unknown,Phosphorylation,0.394,SIGNOR
P35222,P11362,Y,Phosphorylation,1.0,UniProt
P35222,P12931,Y333;Y654;Y86,Phosphorylation,1.0,PhosphoSitePlus;SIGNOR;UniProt;iPTMnet
P35222,P16591,Y142,Phosphorylation,1.0,PhosphoSitePlus;iPTMnet
P35222,P17612,unknown,Phosphorylation,1.0,PhosphoSitePlus;SIGNOR
P35222,P19784,unknown,Phosphorylation,1.0,PhosphoSitePlus
P35222,P21802,unknown,Phosphorylation,1.0,PhosphoSitePlus
P35222,P22607,unknown,Phosphorylation,1.0,PhosphoSitePlus
P35222,P29317,Y,Phosphorylation,1.0,UniProt
P35222,P31749,unknown,Phosphorylation,1.0,PhosphoSitePlus;Reactome
P35222,P31751,unknown,Phosphorylation,1.0,PhosphoSitePlus;Reactome
P35222,P35790,unknown,Phosphorylation,0.287,SIGNOR
P35222,P36888,Y654,Phosphorylation,1.0,SIGNOR;iPTMnet
P35222,P45983,unknown,Phosphorylation,1.0,PhosphoSitePlus
P35222,P45984,unknown,Phosphorylation,1.0,PhosphoSitePlus
P35222,P48729,unknown,Phosphorylation,1.0,PhosphoSitePlus;Reactome
P35222,P48730,unknown,Phosphorylation,1.0,PhosphoSitePlus;Reactome
P35222,P49674,unknown,Phosphorylation,1.0,PhosphoSitePlus;Reactome
P35222,P49840,unknown,Phosphorylation,1.0,PhosphoSitePlus
P35222,P49841,unknown,Phosphorylation,1.0,PhosphoSitePlus
P35222,P52333,Y30;Y64;Y86,Phosphorylation,0.445,SIGNOR
P35222,P52564,unknown,Phosphorylation,1.0,Reactome
P35222,P53350,unknown,Phosphorylation,1.0,PhosphoSitePlus
P35222,P68400,unknown,Phosphorylation,1.0,PhosphoSitePlus
P35222,P78368,unknown,Phosphorylation,1.0,Reactome
P35222,Q00535,unknown,Phosphorylation,1.0,PhosphoSitePlus
P35222,Q04912,unknown,Phosphorylation,0.327,SIGNOR
P35222,Q05513,unknown,Phosphorylation,1.0,PhosphoSitePlus
P35222,Q05655,unknown,Phosphorylation,1.0,PhosphoSitePlus
P35222,Q13153,unknown,Phosphorylation,1.0,PhosphoSitePlus
P35222,Q13882,Y142;Y331;Y333;Y64,Phosphorylation,1.0,PhosphoSitePlus;SIGNOR;iPTMnet
P35222,Q15139,unknown,Phosphorylation,1.0,PhosphoSitePlus
P35222,Q9NQU5,unknown,Phosphorylation,0.2,SIGNOR
P35222,Q9UQM7,unknown,Phosphorylation,1.0,PhosphoSitePlus
P35222,Q9Y6M4,unknown,Phosphorylation,1.0,Reactome
P35226,P17612,unknown,Phosphorylation,2.25,PhosphoNetworks
P35226,P31749,unknown,Phosphorylation,1.0,PhosphoSitePlus
P35226,Q15759,unknown,Phosphorylation,1.0,Reactome
P35226,Q16539,unknown,Phosphorylation,1.0,Reactome
P35226,Q16644,unknown,Phosphorylation,1.0,Reactome
P35228,O00141,unknown,Phosphorylation,1.0,PhosphoSitePlus
P35228,P12931,Y151,Phosphorylation,1.0,PhosphoSitePlus;SIGNOR;iPTMnet
P35228,P27361,unknown,Phosphorylation,1.0,PhosphoSitePlus
P35232,P10721,Y259,Phosphorylation,0.2,SIGNOR
P35235,P10721,Y,Phosphorylation,1.0,UniProt
P35236,P17612,unknown,Phosphorylation,1.0,PhosphoSitePlus;SIGNOR
P35236,P28482,unknown,Phosphorylation,1.0,PhosphoSitePlus
P35236,Q04759,unknown,Phosphorylation,1.0,PhosphoSitePlus
P35236,Q16539,unknown,Phosphorylation,1.0,PhosphoSitePlus
P35240,P17252,unknown,Phosphorylation,0.326,SIGNOR
P35240,P17612,unknown,Phosphorylation,1.0,PhosphoSitePlus
P35240,P31749,unknown,Phosphorylation,1.0,PhosphoSitePlus
P35240,Q13153,unknown,Phosphorylation,1.0,PhosphoSitePlus
P35240,Q13177,unknown,Phosphorylation,1.0,PhosphoSitePlus
P35241,O75116,unknown,Phosphorylation,1.0,PhosphoSitePlus
P35241,O94804,unknown,Phosphorylation,1.0,PhosphoSitePlus
P35241,O95819,unknown,Phosphorylation,1.0,PhosphoSitePlus
P35241,P41279,unknown,Phosphorylation,1.0,PhosphoSitePlus
P35241,Q04759,unknown,Phosphorylation,1.0,PhosphoSitePlus
P35241,Q13464,unknown,Phosphorylation,1.0,PhosphoSitePlus
P35241,Q5S007,unknown,Phosphorylation,1.0,PhosphoSitePlus;SIGNOR
P35251,P06493,unknown,Phosphorylation,1.0,PhosphoSitePlus
P35269,P24941,unknown,Phosphorylation,1.0,PhosphoSitePlus
P35269,P50750,unknown,Phosphorylation,1.0,Reactome
P35270,Q13237,unknown,Phosphorylation,1.0,Reactome
P35270,Q16566,unknown,Phosphorylation,100.0,PhosphoNetworks
P35270,Q9UQM7,unknown,Phosphorylation,1.0,PhosphoSitePlus
P35326,P12931,Y,Phosphorylation,1.0,UniProt
P35346,P25098,unknown,Phosphorylation,1.0,Reactome
P35346,P32298,unknown,Phosphorylation,1.0,Reactome
P35346,P34947,unknown,Phosphorylation,1.0,Reactome
P35346,P35626,unknown,Phosphorylation,1.0,Reactome
P35346,P43250,unknown,Phosphorylation,1.0,Reactome
P35346,Q15835,unknown,Phosphorylation,1.0,Reactome
P35346,Q8WTQ7,unknown,Phosphorylation,1.0,Reactome
P35354,P06241,unknown,Phosphorylation,1.0,PhosphoSitePlus
P35354,P07948,unknown,Phosphorylation,1.0,PhosphoSitePlus
P35367,P17252,unknown,Phosphorylation,100.0,PhosphoNetworks;PhosphoSitePlus
P35367,P17612,unknown,Phosphorylation,1.0,PhosphoSitePlus
P35367,Q13976,unknown,Phosphorylation,1.0,PhosphoSitePlus
P35367,Q9UQM7,unknown,Phosphorylation,1.0,PhosphoSitePlus
P35372,P05129,unknown,Phosphorylation,1.0,PhosphoSitePlus
P35372,P05771,unknown,Phosphorylation,1.0,PhosphoSitePlus
P35372,P12931,unknown,Phosphorylation,1.0,PhosphoSitePlus
P35372,P17252,unknown,Phosphorylation,1.0,PhosphoSitePlus
P35372,P25098,unknown,Phosphorylation,1.0,Reactome
P35372,P32298,unknown,Phosphorylation,1.0,Reactome
P35372,P34947,unknown,Phosphorylation,1.0,PhosphoSitePlus;Reactome
P35372,P35626,unknown,Phosphorylation,1.0,Reactome
P35372,P43250,unknown,Phosphorylation,1.0,Reactome
P35372,Q02156,unknown,Phosphorylation,1.0,PhosphoSitePlus
P35372,Q15835,unknown,Phosphorylation,1.0,Reactome
P35372,Q8WTQ7,unknown,Phosphorylation,1.0,Reactome
P35372,Q9UQM7,unknown,Phosphorylation,1.0,PhosphoSitePlus
P35398,P17252,unknown,Phosphorylation,1.0,PhosphoSitePlus
P35398,P28482,unknown,Phosphorylation,1.0,PhosphoSitePlus
P35520,P06241,Y,Phosphorylation,1.0,UniProt
P35548,P05771,unknown,Phosphorylation,1.0,PhosphoSitePlus
P35548,Q01974,Y,Phosphorylation,1.0,UniProt
P35568,O14920,unknown,Phosphorylation,1.0,PhosphoSitePlus
P35568,O15111,unknown,Phosphorylation,1.0,PhosphoSitePlus
P35568,O60674,unknown,Phosphorylation,1.0,Reactome
P35568,O75116,unknown,Phosphorylation,1.0,PhosphoSitePlus
P35568,P04626,Y,Phosphorylation,1.0,UniProt
P35568,P05771,unknown,Phosphorylation,1.0,PhosphoSitePlus
P35568,P06213,Y1229;Y896,Phosphorylation,1.0,PhosphoSitePlus;SIGNOR;UniProt;iPTMnet
P35568,P06241,Y1179;Y896,Phosphorylation,1.0,iPTMnet
P35568,P08069,Y1179;Y1229;Y465;Y612;Y632;Y896;Y941;Y989,Phosphorylation,1.0,PhosphoSitePlus;Reactome;SIGNOR;iPTMnet
P35568,P14616,unknown,Phosphorylation,1.0,Reactome
P35568,P17252,unknown,Phosphorylation,1.0,PhosphoSitePlus
P35568,P19525,unknown,Phosphorylation,1.0,PhosphoSitePlus
P35568,P23443,unknown,Phosphorylation,1.0,PhosphoSitePlus
P35568,P23458,Y612;Y632;Y662;Y732,Phosphorylation,1.0,iPTMnet
P35568,P27361,unknown,Phosphorylation,100.0,PhosphoNetworks;PhosphoSitePlus
P35568,P28482,unknown,Phosphorylation,1.0,PhosphoSitePlus
P35568,P29376,unknown,Phosphorylation,0.314,SIGNOR
P35568,P31749,unknown,Phosphorylation,1.0,PhosphoSitePlus
P35568,P42345,unknown,Phosphorylation,1.0,PhosphoSitePlus
P35568,P45983,unknown,Phosphorylation,100.0,PhosphoNetworks;PhosphoSitePlus
P35568,P45984,Y612;Y632,Phosphorylation,1.0,SIGNOR;iPTMnet
P35568,P49841,unknown,Phosphorylation,0.456,SIGNOR
P35568,P53350,unknown,Phosphorylation,100.0,PhosphoNetworks;PhosphoSitePlus
P35568,Q02156,unknown,Phosphorylation,1.0,PhosphoSitePlus
P35568,Q04759,unknown,Phosphorylation,100.0,PhosphoNetworks;PhosphoSitePlus
P35568,Q05513,unknown,Phosphorylation,100.0,PhosphoNetworks;PhosphoSitePlus
P35568,Q05655,unknown,Phosphorylation,100.0,PhosphoNetworks;PhosphoSitePlus
P35568,Q13535,unknown,Phosphorylation,1.0,PhosphoSitePlus
P35568,Q15418,unknown,Phosphorylation,0.36,SIGNOR
P35568,Q9H0K1,unknown,Phosphorylation,1.0,PhosphoSitePlus
P35570,P06213,Y,Phosphorylation,1.0,UniProt
P35579,O14578,unknown,Phosphorylation,1.0,Reactome
P35579,O75116,unknown,Phosphorylation,1.0,Reactome
P35579,P12931,unknown,Phosphorylation,1.0,PhosphoSitePlus
P35579,P17252,unknown,Phosphorylation,100.0,PhosphoNetworks;PhosphoSitePlus
P35579,P68400,unknown,Phosphorylation,1.0,PhosphoSitePlus
P35579,Q13177,unknown,Phosphorylation,1.0,Reactome
P35579,Q13464,unknown,Phosphorylation,1.0,Reactome
P35579,Q15746,unknown,Phosphorylation,1.0,Reactome
P35579,Q96QT4,unknown,Phosphorylation,1.0,PhosphoSitePlus
P35580,O14578,unknown,Phosphorylation,1.0,Reactome
P35580,O75116,unknown,Phosphorylation,1.0,Reactome
P35580,P68400,unknown,Phosphorylation,1.0,PhosphoSitePlus
P35580,Q05513,unknown,Phosphorylation,1.0,PhosphoSitePlus
P35580,Q13177,unknown,Phosphorylation,1.0,Reactome
P35580,Q13464,unknown,Phosphorylation,1.0,Reactome
P35580,Q15746,unknown,Phosphorylation,1.0,Reactome
P35590,P04629,Y,Phosphorylation,1.0,UniProt
P35590,P35590,unknown,Phosphorylation,1.0,PhosphoSitePlus
P35590,Q02763,unknown,Phosphorylation,0.346,SIGNOR
P35609,P12931,unknown,Phosphorylation,1.0,Reactome
P35609,Q05397,unknown,Phosphorylation,1.0,Reactome
P35609,Q14289,unknown,Phosphorylation,1.0,Reactome
P35611,O14757,unknown,Phosphorylation,1.0,PhosphoSitePlus
P35611,P06493,unknown,Phosphorylation,1.0,PhosphoSitePlus
P35611,P17252,unknown,Phosphorylation,100.0,PhosphoNetworks;PhosphoSitePlus
P35611,P24941,unknown,Phosphorylation,1.0,PhosphoSitePlus
P35611,Q05513,unknown,Phosphorylation,100.0,PhosphoNetworks;PhosphoSitePlus
P35611,Q05655,unknown,Phosphorylation,1.0,PhosphoSitePlus
P35611,Q13464,unknown,Phosphorylation,1.0,PhosphoSitePlus
P35612,O14757,unknown,Phosphorylation,1.0,PhosphoSitePlus
P35612,P06241,unknown,Phosphorylation,1.0,PhosphoSitePlus
P35612,P17252,unknown,Phosphorylation,100.0,PhosphoNetworks;PhosphoSitePlus
P35612,P49841,unknown,Phosphorylation,1.0,PhosphoSitePlus
P35612,Q00535,unknown,Phosphorylation,1.0,PhosphoSitePlus
P35612,Q05513,unknown,Phosphorylation,100.0,PhosphoNetworks;PhosphoSitePlus
P35613,P06241,Y140;Y183,Phosphorylation,0.269,SIGNOR
P35637,P00519,Y526,Phosphorylation,0.326,SIGNOR
P35637,P00533,unknown,Phosphorylation,0.26,SIGNOR
P35637,P05771,unknown,Phosphorylation,1.0,PhosphoSitePlus
P35637,P78527,unknown,Phosphorylation,1.0,PhosphoSitePlus
P35637,Q13315,unknown,Phosphorylation,1.0,PhosphoSitePlus
P35638,O15264,unknown,Phosphorylation,1.0,Reactome
P35638,P53778,unknown,Phosphorylation,1.0,Reactome
P35638,P68400,unknown,Phosphorylation,100.0,PhosphoNetworks;PhosphoSitePlus
P35638,Q15759,unknown,Phosphorylation,1.0,Reactome
P35638,Q16539,unknown,Phosphorylation,1.0,PhosphoSitePlus;Reactome
P35658,P06493,unknown,Phosphorylation,1.0,Reactome
P35658,P27361,unknown,Phosphorylation,1.0,PhosphoSitePlus
P35658,P28482,unknown,Phosphorylation,1.0,PhosphoSitePlus
P35658,Q8TD19,unknown,Phosphorylation,1.0,Reactome
P35658,Q9HC98,unknown,Phosphorylation,1.0,Reactome
P35659,Q96GD4,unknown,Phosphorylation,1.0,PhosphoSitePlus
P35712,Q00535,unknown,Phosphorylation,0.368,SIGNOR
P35749,O14578,unknown,Phosphorylation,1.0,Reactome
P35749,O75116,unknown,Phosphorylation,1.0,Reactome
P35749,Q13177,unknown,Phosphorylation,1.0,Reactome
P35749,Q13464,unknown,Phosphorylation,1.0,Reactome
P35749,Q15746,unknown,Phosphorylation,1.0,Reactome
P35790,P12931,Y197;Y333,Phosphorylation,1.0,PhosphoSitePlus;SIGNOR;iPTMnet
P35790,Q13535,unknown,Phosphorylation,0.249,SIGNOR
P35813,P00533,Y,Phosphorylation,1.0,UniProt
P35813,P08069,Y,Phosphorylation,1.0,UniProt
P35813,P68400,unknown,Phosphorylation,1.0,PhosphoSitePlus
P35869,P17252,unknown,Phosphorylation,100.0,PhosphoNetworks;PhosphoSitePlus
P35900,P17252,unknown,Phosphorylation,1.0,PhosphoSitePlus
P35900,P49137,unknown,Phosphorylation,1.0,PhosphoSitePlus
P35916,P06241,unknown,Phosphorylation,1.0,Reactome
P35916,P12931,Y1063;Y1333;Y1337;Y830;Y833;Y853,Phosphorylation,1.0,PhosphoSitePlus;SIGNOR;iPTMnet
P35916,P35916,Y1063;Y1068;Y1230;Y1231;Y1265;Y1333;Y1337;Y1363,Phosphorylation,1.0,SIGNOR;iPTMnet
P35916,P35968,Y1230;Y1231;Y1265;Y1333,Phosphorylation,1.0,PhosphoSitePlus;UniProt;iPTMnet
P35918,P08581,Y,Phosphorylation,1.0,UniProt
P35918,P09619,Y,Phosphorylation,1.0,UniProt
P35968,P06241,unknown,Phosphorylation,1.0,Reactome
P35968,P08581,Y,Phosphorylation,1.0,UniProt
P35968,P09619,Y,Phosphorylation,1.0,UniProt
P35968,P12931,Y1175,Phosphorylation,1.0,PhosphoSitePlus;SIGNOR;UniProt
P35968,P35790,unknown,Phosphorylation,0.25,SIGNOR
P35968,P35916,Y,Phosphorylation,1.0,UniProt
P35968,P35968,Y1054;Y1059;Y1175;Y1214;Y1305;Y1309;Y1319;Y951;Y996,Phosphorylation,1.0,PhosphoSitePlus;SIGNOR;iPTMnet
P35968,P48730,unknown,Phosphorylation,0.326,SIGNOR
P35998,Q15349,unknown,Phosphorylation,2.25,PhosphoNetworks
P36383,P48729,unknown,Phosphorylation,1.0,PhosphoSitePlus
P36383,Q9UQM7,unknown,Phosphorylation,1.0,PhosphoSitePlus
P36406,O14920,unknown,Phosphorylation,0.285,SIGNOR
P36406,P22607,Y,Phosphorylation,1.0,UniProt
P36507,O14757,unknown,Phosphorylation,1.0,PhosphoSitePlus
P36507,O15530,unknown,Phosphorylation,1.0,PhosphoSitePlus
P36507,P10398,unknown,Phosphorylation,0.752,SIGNOR
P36507,P15056,unknown,Phosphorylation,1.0,PhosphoSitePlus
P36507,P41279,unknown,Phosphorylation,100.0,PhosphoNetworks;PhosphoSitePlus
P36507,Q00535,unknown,Phosphorylation,1.0,PhosphoSitePlus
P36544,P12931,Y386;Y442,Phosphorylation,1.0,PhosphoSitePlus;SIGNOR;iPTMnet
P36871,P68400,unknown,Phosphorylation,3.69,PhosphoNetworks
P36871,Q13153,unknown,Phosphorylation,100.0,PhosphoNetworks;PhosphoSitePlus
P36873,P06493,unknown,Phosphorylation,1.0,Reactome
P36873,P51955,unknown,Phosphorylation,100.0,PhosphoNetworks;PhosphoSitePlus
P36888,P00519,Y,Phosphorylation,1.0,UniProt
P36888,P06239,Y,Phosphorylation,1.0,UniProt
P36888,P06241,Y,Phosphorylation,1.0,SIGNOR;UniProt
P36888,P11309,Y591,Phosphorylation,1.0,SIGNOR;iPTMnet
P36888,P36888,Y572;Y589;Y591;Y597;Y599;Y726;Y768;Y793;Y842;Y955;Y969,Phosphorylation,1.0,PhosphoSitePlus;SIGNOR;iPTMnet
P36888,P42684,Y,Phosphorylation,1.0,UniProt
P36888,P43405,Y768;Y955,Phosphorylation,1.0,SIGNOR;UniProt
P36894,P00519,unknown,Phosphorylation,1.0,PhosphoSitePlus
P36894,Q13873,unknown,Phosphorylation,0.631,SIGNOR
P36896,P27037,unknown,Phosphorylation,0.685,SIGNOR
P36897,P17252,unknown,Phosphorylation,1.0,PhosphoSitePlus
P36897,P37173,unknown,Phosphorylation,1.0,PhosphoSitePlus;SIGNOR
P36954,P50750,unknown,Phosphorylation,1.0,Reactome
P36955,P17612,unknown,Phosphorylation,1.0,PhosphoSitePlus
P36955,P68400,unknown,Phosphorylation,1.0,PhosphoSitePlus
P36956,P06493,unknown,Phosphorylation,1.0,PhosphoSitePlus
P36956,P17612,unknown,Phosphorylation,1.0,PhosphoSitePlus
P36956,P23443,unknown,Phosphorylation,0.427,SIGNOR
P36956,P27361,unknown,Phosphorylation,100.0,PhosphoNetworks;PhosphoSitePlus
P36956,P28482,unknown,Phosphorylation,100.0,PhosphoNetworks;PhosphoSitePlus
P36956,P45983,unknown,Phosphorylation,1.0,PhosphoSitePlus
P36956,P49841,unknown,Phosphorylation,1.0,PhosphoSitePlus
P36956,P57059,unknown,Phosphorylation,1.0,PhosphoSitePlus
P36956,Q13131,unknown,Phosphorylation,1.0,PhosphoSitePlus;SIGNOR
P36956,Q16539,unknown,Phosphorylation,1.0,PhosphoSitePlus
P37088,O00141,unknown,Phosphorylation,1.0,Reactome
P37088,P04049,unknown,Phosphorylation,1.0,Reactome
P37088,Q96BR1,unknown,Phosphorylation,1.0,Reactome
P37088,Q9HBY8,unknown,Phosphorylation,1.0,Reactome
P37173,P12931,Y284,Phosphorylation,1.0,PhosphoSitePlus;SIGNOR;iPTMnet
P37173,P37173,Y259;Y336;Y424,Phosphorylation,1.0,PhosphoSitePlus;iPTMnet
P37198,P06493,unknown,Phosphorylation,1.0,Reactome
P37198,P68400,unknown,Phosphorylation,14.31,PhosphoNetworks
P37198,Q16539,unknown,Phosphorylation,2.25,PhosphoNetworks
P37198,Q8TD19,unknown,Phosphorylation,1.0,Reactome
P37198,Q9HC98,unknown,Phosphorylation,1.0,Reactome
P37231,P00533,Y102,Phosphorylation,0.514,SIGNOR
P37231,P27361,unknown,Phosphorylation,1.0,PhosphoSitePlus
P37231,P28482,unknown,Phosphorylation,100.0,PhosphoNetworks;PhosphoSitePlus;SIGNOR
P37231,P45983,unknown,Phosphorylation,100.0,PhosphoNetworks;PhosphoSitePlus
P37231,P50750,unknown,Phosphorylation,1.0,PhosphoSitePlus
P37231,P68400,unknown,Phosphorylation,1.0,PhosphoSitePlus
P37231,Q00535,unknown,Phosphorylation,1.0,PhosphoSitePlus
P37231,Q02750,unknown,Phosphorylation,1.0,PhosphoSitePlus
P37235,P54753,Y,Phosphorylation,1.0,UniProt
P37802,O94921,unknown,Phosphorylation,1.0,PhosphoSitePlus
P37802,P17252,unknown,Phosphorylation,1.0,PhosphoSitePlus
P37802,P17612,unknown,Phosphorylation,1.0,PhosphoSitePlus
P37802,P30291,unknown,Phosphorylation,4.31,PhosphoNetworks
P37840,O60674,unknown,Phosphorylation,12.61,PhosphoNetworks
P37840,P00519,Y39,Phosphorylation,1.0,SIGNOR;UniProt
P37840,P06241,Y125,Phosphorylation,1.0,PhosphoSitePlus;Reactome;UniProt;iPTMnet
P37840,P07948,Y125,Phosphorylation,1.0,UniProt;iPTMnet
P37840,P09769,Y125,Phosphorylation,1.0,iPTMnet
P37840,P12931,unknown,Phosphorylation,1.0,PhosphoSitePlus
P37840,P19525,unknown,Phosphorylation,1.0,Reactome
P37840,P25098,unknown,Phosphorylation,1.0,Reactome
P37840,P34947,unknown,Phosphorylation,100.0,PhosphoNetworks;PhosphoSitePlus
P37840,P35626,unknown,Phosphorylation,1.0,Reactome
P37840,P43405,Y108;Y125;Y133;Y136,Phosphorylation,100.0,PhosphoNetworks;PhosphoSitePlus;SIGNOR;iPTMnet
P37840,P48729,unknown,Phosphorylation,100.0,PhosphoNetworks;PhosphoSitePlus
P37840,P53350,unknown,Phosphorylation,1.0,PhosphoSitePlus
P37840,P68400,unknown,Phosphorylation,100.0,PhosphoNetworks;PhosphoSitePlus
P37840,Q00535,unknown,Phosphorylation,34.96,PhosphoNetworks
P37840,Q13627,unknown,Phosphorylation,1.0,PhosphoSitePlus
P37840,Q14289,Y125,Phosphorylation,1.0,PhosphoSitePlus;iPTMnet
P37840,Q9H4B4,unknown,Phosphorylation,1.0,PhosphoSitePlus
P37840,Q9NYY3,unknown,Phosphorylation,1.0,PhosphoSitePlus
P37840,Q9UQM7,unknown,Phosphorylation,1.0,PhosphoSitePlus
P38159,P49761,Y,Phosphorylation,1.0,UniProt
P38159,Q96GD4,unknown,Phosphorylation,1.0,PhosphoSitePlus
P38398,O14965,unknown,Phosphorylation,1.0,PhosphoSitePlus
P38398,O96017,unknown,Phosphorylation,100.0,PhosphoNetworks;PhosphoSitePlus
P38398,P06493,unknown,Phosphorylation,1.0,PhosphoSitePlus
P38398,P11802,unknown,Phosphorylation,1.0,PhosphoSitePlus
P38398,P24941,unknown,Phosphorylation,1.0,PhosphoSitePlus
P38398,P31749,unknown,Phosphorylation,1.0,PhosphoSitePlus
P38398,P42685,Y1552,Phosphorylation,0.2,SIGNOR
P38398,P45983,unknown,Phosphorylation,12.84,PhosphoNetworks
P38398,P68400,unknown,Phosphorylation,1.0,PhosphoSitePlus
P38398,Q13315,unknown,Phosphorylation,1.0,PhosphoSitePlus;SIGNOR
P38398,Q13535,unknown,Phosphorylation,1.0,PhosphoSitePlus;SIGNOR
P38398,Q13976,unknown,Phosphorylation,4.46,PhosphoNetworks
P38398,Q9H4B4,unknown,Phosphorylation,12.84,PhosphoNetworks
P38432,Q86Y07,unknown,Phosphorylation,1.0,PhosphoSitePlus
P38432,Q99986,unknown,Phosphorylation,1.0,PhosphoSitePlus
P38484,P23458,unknown,Phosphorylation,0.664,SIGNOR
P38484,Q05655,unknown,Phosphorylation,1.0,Reactome
P38484,Q13554,unknown,Phosphorylation,1.0,Reactome
P38484,Q13555,unknown,Phosphorylation,1.0,Reactome
P38484,Q13557,unknown,Phosphorylation,1.0,Reactome
P38484,Q9UQM7,unknown,Phosphorylation,1.0,Reactome
P38570,Q05397,unknown,Phosphorylation,1.0,Reactome
P38570,Q14289,unknown,Phosphorylation,1.0,Reactome
P38606,P17612,unknown,Phosphorylation,1.0,PhosphoSitePlus
P38606,Q13131,unknown,Phosphorylation,1.0,PhosphoSitePlus
P38646,P00533,Y,Phosphorylation,1.0,UniProt
P38646,P33981,unknown,Phosphorylation,1.0,PhosphoSitePlus
P38919,O00238,unknown,Phosphorylation,4.57,PhosphoNetworks
P38919,O15530,unknown,Phosphorylation,18.2,PhosphoNetworks
P38919,O76039,unknown,Phosphorylation,7.01,PhosphoNetworks
P38919,P09769,unknown,Phosphorylation,16.61,PhosphoNetworks
P38919,P11802,unknown,Phosphorylation,3.24,PhosphoNetworks
P38919,P17252,unknown,Phosphorylation,2.67,PhosphoNetworks
P38919,P24941,unknown,Phosphorylation,1.0,PhosphoSitePlus
P38919,P30291,unknown,Phosphorylation,4.27,PhosphoNetworks
P38919,P41743,unknown,Phosphorylation,2.91,PhosphoNetworks
P38919,P49760,unknown,Phosphorylation,3.24,PhosphoNetworks
P38919,P54646,unknown,Phosphorylation,3.24,PhosphoNetworks
P38919,Q00535,unknown,Phosphorylation,1.58,PhosphoNetworks
P38919,Q05655,unknown,Phosphorylation,2.91,PhosphoNetworks
P38919,Q06187,unknown,Phosphorylation,2.91,PhosphoNetworks
P38919,Q13153,unknown,Phosphorylation,2.62,PhosphoNetworks
P38919,Q15208,unknown,Phosphorylation,2.21,PhosphoNetworks
P38919,Q92989,unknown,Phosphorylation,1.0,Reactome
P38919,Q9NR20,unknown,Phosphorylation,2.07,PhosphoNetworks
P38919,Q9UEE5,unknown,Phosphorylation,5.31,PhosphoNetworks
P38936,O14757,unknown,Phosphorylation,1.0,PhosphoSitePlus
P38936,O43293,unknown,Phosphorylation,1.0,PhosphoSitePlus
P38936,P00519,unknown,Phosphorylation,1.0,PhosphoSitePlus
P38936,P11309,unknown,Phosphorylation,1.0,PhosphoSitePlus
P38936,P17252,unknown,Phosphorylation,100.0,PhosphoNetworks;PhosphoSitePlus
P38936,P22607,Y,Phosphorylation,1.0,UniProt
P38936,P24941,unknown,Phosphorylation,1.0,PhosphoSitePlus
P38936,P28482,unknown,Phosphorylation,1.0,PhosphoSitePlus
P38936,P31749,unknown,Phosphorylation,1.0,PhosphoSitePlus;Reactome
P38936,P45983,unknown,Phosphorylation,1.0,PhosphoSitePlus
P38936,P49841,unknown,Phosphorylation,100.0,PhosphoNetworks;PhosphoSitePlus
P38936,P50613,unknown,Phosphorylation,1.0,Reactome
P38936,Q00534,unknown,Phosphorylation,1.0,PhosphoSitePlus
P38936,Q16539,unknown,Phosphorylation,1.0,PhosphoSitePlus
P38936,Q99683,unknown,Phosphorylation,1.0,PhosphoSitePlus
P38936,Q9NRM7,unknown,Phosphorylation,1.0,PhosphoSitePlus
P38936,Q9P1W9,unknown,Phosphorylation,1.0,PhosphoSitePlus
P38936,Q9Y463,unknown,Phosphorylation,100.0,PhosphoNetworks;PhosphoSitePlus
P39019,P11309,unknown,Phosphorylation,0.438,SIGNOR
P39019,P17612,unknown,Phosphorylation,1.0,PhosphoSitePlus
P39019,Q14012,unknown,Phosphorylation,1.0,PhosphoSitePlus
P39059,Q05397,unknown,Phosphorylation,1.0,Reactome
P39059,Q14289,unknown,Phosphorylation,1.0,Reactome
P39687,P68400,unknown,Phosphorylation,1.0,PhosphoSitePlus
P39748,O14757,unknown,Phosphorylation,1.0,PhosphoSitePlus
P39748,P06493,unknown,Phosphorylation,1.0,PhosphoSitePlus
P40145,P17612,unknown,Phosphorylation,1.0,PhosphoSitePlus
P40189,P23458,Y,Phosphorylation,1.0,UniProt
P40189,Q05655,unknown,Phosphorylation,100.0,PhosphoNetworks;PhosphoSitePlus
P40189,Q16566,unknown,Phosphorylation,1.0,PhosphoSitePlus
P40189,Q9UQM7,unknown,Phosphorylation,1.0,PhosphoSitePlus
P40238,O60674,Y,Phosphorylation,1.0,UniProt
P40259,P06239,Y103;Y196;Y207;Y92,Phosphorylation,1.0,iPTMnet
P40259,P06241,Y103;Y196;Y207;Y92,Phosphorylation,100.0,PhosphoNetworks;iPTMnet
P40259,P07948,Y103;Y196;Y207;Y92,Phosphorylation,100.0,PhosphoNetworks;iPTMnet
P40259,P51451,Y196;Y207,Phosphorylation,1.0,iPTMnet
P40305,O00238,unknown,Phosphorylation,6.43,PhosphoNetworks
P40337,O00506,unknown,Phosphorylation,15.18,PhosphoNetworks
P40337,O14965,unknown,Phosphorylation,1.0,PhosphoSitePlus;SIGNOR
P40337,O43930,unknown,Phosphorylation,1.75,PhosphoNetworks
P40337,O75716,unknown,Phosphorylation,1960.7,PhosphoNetworks
P40337,O96017,unknown,Phosphorylation,1.0,PhosphoSitePlus
P40337,P06239,unknown,Phosphorylation,13.8,PhosphoNetworks
P40337,P11309,unknown,Phosphorylation,2.62,PhosphoNetworks
P40337,P11802,unknown,Phosphorylation,49.43,PhosphoNetworks
P40337,P12931,Y185,Phosphorylation,0.29,SIGNOR
P40337,P17612,unknown,Phosphorylation,34.33,PhosphoNetworks
P40337,P30291,unknown,Phosphorylation,50.32,PhosphoNetworks
P40337,P37173,unknown,Phosphorylation,70.96,PhosphoNetworks
P40337,P48729,unknown,Phosphorylation,1.0,PhosphoSitePlus
P40337,P49759,unknown,Phosphorylation,3.18,PhosphoNetworks
P40337,P49841,unknown,Phosphorylation,1.0,PhosphoSitePlus
P40337,P50613,unknown,Phosphorylation,35.4,PhosphoNetworks
P40337,P51813,unknown,Phosphorylation,15.18,PhosphoNetworks
P40337,P68400,unknown,Phosphorylation,1.0,PhosphoSitePlus
P40337,Q00535,unknown,Phosphorylation,34.96,PhosphoNetworks
P40337,Q13188,unknown,Phosphorylation,2.91,PhosphoNetworks
P40337,Q14289,unknown,Phosphorylation,13.8,PhosphoNetworks
P40337,Q15349,unknown,Phosphorylation,2.25,PhosphoNetworks
P40337,Q59H18,unknown,Phosphorylation,2.97,PhosphoNetworks
P40337,Q7KZI7,unknown,Phosphorylation,6.22,PhosphoNetworks
P40337,Q8TD19,unknown,Phosphorylation,34.33,PhosphoNetworks
P40337,Q92630,unknown,Phosphorylation,2.25,PhosphoNetworks
P40337,Q99558,unknown,Phosphorylation,15.18,PhosphoNetworks
P40337,Q9H4A3,unknown,Phosphorylation,1.58,PhosphoNetworks
P40337,Q9UHD2,unknown,Phosphorylation,14.91,PhosphoNetworks
P40425,O76039,unknown,Phosphorylation,2.5,PhosphoNetworks
P40429,O43293,unknown,Phosphorylation,1.0,PhosphoSitePlus
P40429,P53355,unknown,Phosphorylation,1.0,PhosphoSitePlus
P40692,P00519,unknown,Phosphorylation,0.346,SIGNOR
P40692,Q13315,unknown,Phosphorylation,1.0,PhosphoSitePlus
P40692,Q13535,unknown,Phosphorylation,1.0,PhosphoSitePlus
P40763,O60674,Y704;Y705,Phosphorylation,100.0,PhosphoNetworks;PhosphoSitePlus;SIGNOR;iPTMnet
P40763,O75582,unknown,Phosphorylation,1.0,PhosphoSitePlus;SIGNOR
P40763,P00519,Y705,Phosphorylation,0.447,SIGNOR
P40763,P00533,Y,Phosphorylation,1.0,SIGNOR;UniProt
P40763,P04626,Y,Phosphorylation,1.0,UniProt
P40763,P04629,unknown,Phosphorylation,1.0,Reactome
P40763,P06239,unknown,Phosphorylation,0.699,SIGNOR
P40763,P07332,Y705,Phosphorylation,0.4,SIGNOR
P40763,P07948,unknown,Phosphorylation,0.661,SIGNOR
P40763,P07949,Y,Phosphorylation,100.0,PhosphoNetworks;PhosphoSitePlus;UniProt
P40763,P08581,unknown,Phosphorylation,0.707,SIGNOR
P40763,P08631,Y704;Y705,Phosphorylation,1.0,iPTMnet
P40763,P12931,Y704;Y705,Phosphorylation,1.0,PhosphoSitePlus;SIGNOR;iPTMnet
P40763,P14618,Y705,Phosphorylation,1.0,PhosphoSitePlus;SIGNOR;iPTMnet
P40763,P16591,Y705,Phosphorylation,1.0,PhosphoSitePlus;SIGNOR;iPTMnet
P40763,P19525,Y705,Phosphorylation,0.613,SIGNOR
P40763,P22455,Y704;Y705,Phosphorylation,1.0,SIGNOR;iPTMnet
P40763,P22607,Y704;Y705,Phosphorylation,1.0,SIGNOR;iPTMnet
P40763,P23458,Y704;Y705,Phosphorylation,1.0,SIGNOR;UniProt;iPTMnet
P40763,P27361,Y705,Phosphorylation,1.0,Reactome;SIGNOR;iPTMnet
P40763,P28482,unknown,Phosphorylation,0.753,SIGNOR
P40763,P29320,Y705,Phosphorylation,1.0,iPTMnet
P40763,P29597,unknown,Phosphorylation,0.692,SIGNOR
P40763,P42345,unknown,Phosphorylation,1.0,PhosphoSitePlus
P40763,P43405,Y,Phosphorylation,1.0,SIGNOR;UniProt
P40763,P45983,unknown,Phosphorylation,1.0,PhosphoSitePlus;Reactome
P40763,P45984,unknown,Phosphorylation,1.0,PhosphoSitePlus;Reactome
P40763,P49336,unknown,Phosphorylation,1.0,PhosphoSitePlus
P40763,P51451,Y,Phosphorylation,1.0,UniProt
P40763,P51617,unknown,Phosphorylation,100.0,PhosphoNetworks;PhosphoSitePlus
P40763,P51812,unknown,Phosphorylation,1.0,PhosphoSitePlus
P40763,P51813,Y,Phosphorylation,1.0,SIGNOR;UniProt
P40763,P52333,unknown,Phosphorylation,1.0,Reactome;SIGNOR
P40763,P53779,unknown,Phosphorylation,1.0,Reactome
P40763,P54762,unknown,Phosphorylation,1.0,PhosphoSitePlus;SIGNOR
P40763,Q00535,unknown,Phosphorylation,1.0,PhosphoSitePlus
P40763,Q02156,unknown,Phosphorylation,1.0,PhosphoSitePlus
P40763,Q05655,unknown,Phosphorylation,1.0,PhosphoSitePlus
P40763,Q06187,unknown,Phosphorylation,0.383,SIGNOR
P40763,Q07912,Y705,Phosphorylation,0.287,SIGNOR
P40763,Q13164,unknown,Phosphorylation,1.0,Reactome
P40763,Q13233,unknown,Phosphorylation,1.0,PhosphoSitePlus
P40763,Q13882,Y705,Phosphorylation,1.0,SIGNOR;iPTMnet
P40763,Q14289,Y,Phosphorylation,1.0,SIGNOR;UniProt
P40763,Q15300,Y705,Phosphorylation,1.0,SIGNOR;iPTMnet
P40763,Q16539,unknown,Phosphorylation,1.0,PhosphoSitePlus
P40763,Q16659,unknown,Phosphorylation,1.0,Reactome
P40763,Q8TD08,unknown,Phosphorylation,1.0,Reactome
P40763,Q99558,Y705,Phosphorylation,0.26,SIGNOR
P40763,Q9HC98,Y705,Phosphorylation,1.0,PhosphoSitePlus;SIGNOR
P40763,Q9UBE8,unknown,Phosphorylation,1.0,PhosphoSitePlus
P40763,Q9UM73,unknown,Phosphorylation,1.0,PhosphoSitePlus;SIGNOR
P40818,P00533,Y717;Y810,Phosphorylation,0.713,SIGNOR
P40818,P31749,unknown,Phosphorylation,1.0,PhosphoSitePlus;Reactome
P40937,Q8N2I9,unknown,Phosphorylation,7.87,PhosphoNetworks
P41091,P17252,unknown,Phosphorylation,1.0,PhosphoSitePlus
P41091,P19525,unknown,Phosphorylation,1.0,Reactome
P41091,Q9BQI3,unknown,Phosphorylation,1.0,Reactome
P41091,Q9NZJ5,unknown,Phosphorylation,1.0,Reactome
P41091,Q9P2K8,unknown,Phosphorylation,1.0,Reactome
P41134,P22607,Y,Phosphorylation,1.0,UniProt
P41134,P45984,unknown,Phosphorylation,1.93,PhosphoNetworks
P41143,P17252,unknown,Phosphorylation,1.0,PhosphoSitePlus
P41143,P25098,unknown,Phosphorylation,1.0,Reactome
P41143,P32298,unknown,Phosphorylation,1.0,Reactome
P41143,P34947,unknown,Phosphorylation,1.0,Reactome
P41143,P35626,unknown,Phosphorylation,1.0,Reactome
P41143,P43250,unknown,Phosphorylation,1.0,Reactome
P41143,Q15835,unknown,Phosphorylation,1.0,Reactome
P41143,Q8WTQ7,unknown,Phosphorylation,1.0,Reactome
P41145,P25098,unknown,Phosphorylation,1.0,Reactome
P41145,P32298,unknown,Phosphorylation,1.0,Reactome
P41145,P34947,unknown,Phosphorylation,1.0,Reactome
P41145,P35626,unknown,Phosphorylation,1.0,Reactome
P41145,P43250,unknown,Phosphorylation,1.0,Reactome
P41145,Q15835,unknown,Phosphorylation,1.0,PhosphoSitePlus;Reactome
P41145,Q8WTQ7,unknown,Phosphorylation,1.0,Reactome
P41146,P25098,unknown,Phosphorylation,1.0,Reactome
P41146,P32298,unknown,Phosphorylation,1.0,Reactome
P41146,P34947,unknown,Phosphorylation,1.0,Reactome
P41146,P35626,unknown,Phosphorylation,1.0,Reactome
P41146,P43250,unknown,Phosphorylation,1.0,Reactome
P41146,Q15835,unknown,Phosphorylation,1.0,Reactome
P41146,Q8WTQ7,unknown,Phosphorylation,1.0,Reactome
P41161,P17612,unknown,Phosphorylation,1.0,PhosphoSitePlus
P41161,Q9H2G2,unknown,Phosphorylation,0.2,SIGNOR
P41162,P28482,unknown,Phosphorylation,1.0,PhosphoSitePlus
P41180,P17252,unknown,Phosphorylation,100.0,PhosphoNetworks;PhosphoSitePlus
P41181,P17612,unknown,Phosphorylation,1.0,PhosphoSitePlus;Reactome
P41181,P22612,unknown,Phosphorylation,1.0,Reactome
P41181,P22694,unknown,Phosphorylation,1.0,Reactome
P41182,P27361,unknown,Phosphorylation,1.0,PhosphoSitePlus
P41182,P28482,unknown,Phosphorylation,1.0,PhosphoSitePlus
P41182,Q13153,unknown,Phosphorylation,0.2,SIGNOR
P41182,Q9BZL6,unknown,Phosphorylation,0.2,SIGNOR
P41208,O14965,unknown,Phosphorylation,1.0,PhosphoSitePlus
P41208,P53350,unknown,Phosphorylation,1.0,Reactome
P41212,P27361,unknown,Phosphorylation,100.0,PhosphoNetworks;PhosphoSitePlus
P41212,Q16539,unknown,Phosphorylation,1.0,PhosphoSitePlus
P41218,P08581,Y,Phosphorylation,1.0,UniProt
P41219,P31749,unknown,Phosphorylation,1.0,PhosphoSitePlus
P41220,Q13976,unknown,Phosphorylation,1.0,PhosphoSitePlus
P41235,P12931,Y23;Y286;Y288,Phosphorylation,1.0,PhosphoSitePlus;SIGNOR;iPTMnet
P41235,P27361,unknown,Phosphorylation,0.493,SIGNOR
P41235,Q13131,unknown,Phosphorylation,1.0,PhosphoSitePlus
P41235,Q15759,unknown,Phosphorylation,100.0,PhosphoNetworks;PhosphoSitePlus
P41235,Q16539,unknown,Phosphorylation,1.0,PhosphoSitePlus
P41236,O94921,unknown,Phosphorylation,1.0,PhosphoSitePlus
P41236,P27448,unknown,Phosphorylation,1.0,PhosphoSitePlus
P41236,P49841,unknown,Phosphorylation,100.0,PhosphoNetworks;PhosphoSitePlus
P41236,P68400,unknown,Phosphorylation,1.0,PhosphoSitePlus
P41236,Q00535,unknown,Phosphorylation,100.0,PhosphoNetworks;PhosphoSitePlus
P41236,Q13315,unknown,Phosphorylation,1.0,PhosphoSitePlus
P41240,P00533,Y,Phosphorylation,1.0,Reactome;UniProt
P41240,P08069,Y,Phosphorylation,1.0,UniProt
P41240,P17612,unknown,Phosphorylation,1.0,PhosphoSitePlus
P41240,P41240,Y304;Y416,Phosphorylation,1.0,iPTMnet
P41240,Q15349,unknown,Phosphorylation,10.13,PhosphoNetworks
P41252,P27361,unknown,Phosphorylation,1.0,Reactome
P41252,P28482,unknown,Phosphorylation,1.0,Reactome
P41271,P22607,Y,Phosphorylation,1.0,UniProt
P41271,P43405,Y,Phosphorylation,1.0,UniProt
P41279,O14920,unknown,Phosphorylation,1.0,PhosphoSitePlus;Reactome
P41279,O15111,unknown,Phosphorylation,1.0,Reactome
P41279,P29320,unknown,Phosphorylation,2.45,PhosphoNetworks
P41279,P31749,unknown,Phosphorylation,1.0,PhosphoSitePlus;Reactome
P41279,P45984,unknown,Phosphorylation,7.75,PhosphoNetworks
P41499,P09619,Y,Phosphorylation,1.0,UniProt
P41594,P17612,unknown,Phosphorylation,1.0,PhosphoSitePlus
P41597,O60674,Y139,Phosphorylation,100.0,PhosphoNetworks;PhosphoSitePlus;SIGNOR;iPTMnet
P41743,P04626,unknown,Phosphorylation,1.0,Reactome
P41743,P11362,unknown,Phosphorylation,1.0,Reactome
P41743,P12931,Y265;Y280;Y334,Phosphorylation,1.0,SIGNOR;iPTMnet
P41743,P21802,unknown,Phosphorylation,1.0,Reactome
P41743,P22455,unknown,Phosphorylation,1.0,Reactome
P41743,P22607,unknown,Phosphorylation,1.0,Reactome
P41743,P42338,unknown,Phosphorylation,1.0,Reactome
P41743,Q15303,unknown,Phosphorylation,1.0,Reactome
P41970,P45983,unknown,Phosphorylation,1.0,PhosphoSitePlus
P42081,P06241,unknown,Phosphorylation,1.0,Reactome
P42081,P07947,unknown,Phosphorylation,1.0,Reactome
P42081,P07948,unknown,Phosphorylation,1.0,Reactome
P42081,P12931,unknown,Phosphorylation,1.0,Reactome
P42167,P06493,unknown,Phosphorylation,1.0,PhosphoSitePlus
P42167,P17252,unknown,Phosphorylation,1.0,PhosphoSitePlus
P42224,O00141,unknown,Phosphorylation,0.253,SIGNOR
P42224,O15111,unknown,Phosphorylation,0.332,SIGNOR
P42224,O60674,Y701,Phosphorylation,100.0,PhosphoNetworks;PhosphoSitePlus;SIGNOR;iPTMnet
P42224,P00519,Y701,Phosphorylation,0.344,SIGNOR
P42224,P00533,Y701,Phosphorylation,1.0,SIGNOR;UniProt;iPTMnet
P42224,P04626,Y,Phosphorylation,1.0,UniProt
P42224,P06239,Y701,Phosphorylation,1.0,iPTMnet
P42224,P07949,Y701,Phosphorylation,0.275,SIGNOR
P42224,P10721,Y701,Phosphorylation,1.0,iPTMnet
P42224,P12931,Y701,Phosphorylation,1.0,PhosphoSitePlus;SIGNOR;iPTMnet
P42224,P22455,Y701,Phosphorylation,1.0,SIGNOR;iPTMnet
P42224,P22607,Y701,Phosphorylation,1.0,PhosphoSitePlus;SIGNOR;iPTMnet
P42224,P23458,Y701,Phosphorylation,1.0,PhosphoSitePlus;SIGNOR;UniProt;iPTMnet
P42224,P27361,unknown,Phosphorylation,1.0,PhosphoSitePlus
P42224,P28482,unknown,Phosphorylation,1.0,PhosphoSitePlus
P42224,P29597,Y701,Phosphorylation,1.0,iPTMnet
P42224,P45983,unknown,Phosphorylation,1.0,PhosphoSitePlus;Reactome
P42224,P45984,unknown,Phosphorylation,1.0,Reactome
P42224,P49336,unknown,Phosphorylation,1.0,PhosphoSitePlus
P42224,P52333,Y701,Phosphorylation,1.0,PhosphoSitePlus;Reactome;iPTMnet
P42224,P53779,unknown,Phosphorylation,1.0,Reactome
P42224,P68400,unknown,Phosphorylation,1.0,PhosphoSitePlus
P42224,Q02763,Y701,Phosphorylation,0.301,SIGNOR
P42224,Q05397,Y,Phosphorylation,1.0,UniProt
P42224,Q05655,unknown,Phosphorylation,1.0,PhosphoSitePlus;Reactome
P42224,Q07912,Y701,Phosphorylation,0.356,SIGNOR
P42224,Q13164,unknown,Phosphorylation,1.0,Reactome
P42224,Q13554,unknown,Phosphorylation,1.0,Reactome
P42224,Q13555,unknown,Phosphorylation,1.0,PhosphoSitePlus;Reactome
P42224,Q13557,unknown,Phosphorylation,1.0,Reactome
P42224,Q14164,unknown,Phosphorylation,1.0,PhosphoSitePlus
P42224,Q15759,unknown,Phosphorylation,1.0,PhosphoSitePlus
P42224,Q16539,unknown,Phosphorylation,1.0,PhosphoSitePlus
P42224,Q16659,unknown,Phosphorylation,1.0,Reactome
P42224,Q8TD08,unknown,Phosphorylation,1.0,Reactome
P42224,Q9UQM7,unknown,Phosphorylation,1.0,Reactome
P42226,O60674,unknown,Phosphorylation,0.674,SIGNOR
P42226,P23458,unknown,Phosphorylation,0.768,SIGNOR
P42226,P27361,unknown,Phosphorylation,1.0,Reactome
P42226,P31749,unknown,Phosphorylation,54.59,PhosphoNetworks
P42226,P45983,unknown,Phosphorylation,1.0,PhosphoSitePlus
P42226,Q13164,unknown,Phosphorylation,1.0,Reactome
P42226,Q16659,unknown,Phosphorylation,1.0,Reactome
P42226,Q8TD08,unknown,Phosphorylation,1.0,Reactome
P42226,Q9UHD2,Y641,Phosphorylation,1.0,PhosphoSitePlus;SIGNOR;iPTMnet
P42229,O60674,Y694,Phosphorylation,100.0,PhosphoNetworks;PhosphoSitePlus;SIGNOR;iPTMnet
P42229,P00533,Y,Phosphorylation,1.0,UniProt
P42229,P06213,Y694,Phosphorylation,1.0,iPTMnet
P42229,P06239,unknown,Phosphorylation,1.0,PhosphoSitePlus
P42229,P07948,Y694,Phosphorylation,100.0,PhosphoNetworks;PhosphoSitePlus;iPTMnet
P42229,P11274,unknown,Phosphorylation,1.0,Reactome
P42229,P12931,Y694,Phosphorylation,1.0,PhosphoSitePlus;SIGNOR;iPTMnet
P42229,P27361,unknown,Phosphorylation,100.0,PhosphoNetworks;PhosphoSitePlus;Reactome
P42229,P28482,unknown,Phosphorylation,100.0,PhosphoNetworks;PhosphoSitePlus
P42229,P43405,unknown,Phosphorylation,1.0,PhosphoSitePlus
P42229,P49336,unknown,Phosphorylation,1.0,PhosphoSitePlus
P42229,P52333,Y694,Phosphorylation,1.0,PhosphoSitePlus;Reactome;SIGNOR;iPTMnet
P42229,Q06187,Y694,Phosphorylation,1.0,PhosphoSitePlus;iPTMnet
P42229,Q13153,unknown,Phosphorylation,1.0,PhosphoSitePlus
P42229,Q13164,unknown,Phosphorylation,1.0,Reactome
P42229,Q13882,Y694,Phosphorylation,1.0,iPTMnet
P42229,Q15303,Y694,Phosphorylation,0.811,SIGNOR
P42229,Q16659,unknown,Phosphorylation,1.0,Reactome
P42229,Q8TD08,unknown,Phosphorylation,1.0,Reactome
P42261,P05129,unknown,Phosphorylation,1.0,Reactome
P42261,P05771,unknown,Phosphorylation,1.0,Reactome
P42261,P17252,unknown,Phosphorylation,1.0,PhosphoSitePlus;Reactome
P42261,P17612,unknown,Phosphorylation,1.0,PhosphoSitePlus
P42261,P23443,unknown,Phosphorylation,1.0,PhosphoSitePlus
P42261,P48730,unknown,Phosphorylation,1.0,Reactome
P42261,Q13555,unknown,Phosphorylation,1.0,Reactome
P42261,Q13557,unknown,Phosphorylation,1.0,Reactome
P42261,Q16566,unknown,Phosphorylation,100.0,PhosphoNetworks
P42261,Q9UQM7,unknown,Phosphorylation,1.0,PhosphoSitePlus
P42262,P05129,unknown,Phosphorylation,1.0,Reactome
P42262,P05771,unknown,Phosphorylation,1.0,Reactome
P42262,P07948,unknown,Phosphorylation,1.0,PhosphoSitePlus
P42262,P17252,unknown,Phosphorylation,1.0,PhosphoSitePlus;Reactome
P42262,Q13555,unknown,Phosphorylation,1.0,Reactome
P42262,Q13557,unknown,Phosphorylation,1.0,Reactome
P42263,P05129,unknown,Phosphorylation,1.0,Reactome
P42263,P05771,unknown,Phosphorylation,1.0,Reactome
P42263,P17252,unknown,Phosphorylation,1.0,Reactome
P42263,Q13555,unknown,Phosphorylation,1.0,Reactome
P42263,Q13557,unknown,Phosphorylation,1.0,Reactome
P42336,P21860,Y,Phosphorylation,1.0,UniProt
P42336,Q13546,unknown,Phosphorylation,1.0,Reactome
P42336,Q14289,unknown,Phosphorylation,1.0,Reactome
P42338,P42338,unknown,Phosphorylation,1.0,PhosphoSitePlus
P42338,Q05397,unknown,Phosphorylation,1.0,Reactome
P42338,Q13546,unknown,Phosphorylation,1.0,Reactome
P42338,Q14289,unknown,Phosphorylation,1.0,Reactome
P42345,O15111,unknown,Phosphorylation,0.507,SIGNOR
P42345,P00519,unknown,Phosphorylation,0.453,SIGNOR
P42345,P23443,unknown,Phosphorylation,1.0,PhosphoSitePlus
P42345,P31749,unknown,Phosphorylation,1.0,PhosphoSitePlus;SIGNOR
P42345,P31751,unknown,Phosphorylation,1.0,Reactome
P42345,P42345,unknown,Phosphorylation,1.0,PhosphoSitePlus
P42345,P54646,unknown,Phosphorylation,1.0,Reactome
P42345,Q13131,unknown,Phosphorylation,1.0,PhosphoSitePlus;Reactome
P42345,Q9Y243,unknown,Phosphorylation,1.0,Reactome
P42566,P00533,Y849,Phosphorylation,1.0,PhosphoSitePlus;SIGNOR;iPTMnet
P42566,Q16539,unknown,Phosphorylation,1.0,PhosphoSitePlus
P42568,O00141,unknown,Phosphorylation,0.51,SIGNOR
P42568,P50750,unknown,Phosphorylation,1.0,Reactome
P42574,P49137,unknown,Phosphorylation,0.312,SIGNOR
P42574,Q16539,unknown,Phosphorylation,100.0,PhosphoNetworks;PhosphoSitePlus
P42575,P68400,unknown,Phosphorylation,1.0,PhosphoSitePlus
P42575,P78527,unknown,Phosphorylation,1.0,PhosphoSitePlus
P42677,P06493,unknown,Phosphorylation,1.0,Reactome
P42677,P24941,unknown,Phosphorylation,1.0,PhosphoSitePlus
P42677,P53350,unknown,Phosphorylation,1.0,Reactome
P42677,Q16539,unknown,Phosphorylation,1.0,PhosphoSitePlus
P42679,P04626,Y,Phosphorylation,1.0,UniProt
P42680,O60674,Y519,Phosphorylation,1.0,iPTMnet
P42680,P07948,Y519,Phosphorylation,1.0,Reactome;iPTMnet
P42680,P08581,Y,Phosphorylation,1.0,UniProt
P42680,P12931,unknown,Phosphorylation,0.319,SIGNOR
P42680,P42680,Y206;Y519,Phosphorylation,1.0,PhosphoSitePlus;SIGNOR;iPTMnet
P42680,P43405,unknown,Phosphorylation,1.0,Reactome
P42680,Q06187,Y206,Phosphorylation,100.0,PhosphoNetworks;PhosphoSitePlus;SIGNOR;iPTMnet
P42680,Q08881,Y206,Phosphorylation,100.0,PhosphoNetworks;PhosphoSitePlus;SIGNOR;iPTMnet
P42681,P06241,Y420,Phosphorylation,1.0,iPTMnet
P42681,P10721,Y,Phosphorylation,1.0,UniProt
P42681,P12931,Y420,Phosphorylation,1.0,SIGNOR;iPTMnet
P42681,P42681,Y420;Y91,Phosphorylation,1.0,PhosphoSitePlus;SIGNOR;iPTMnet
P42684,P00519,Y261,Phosphorylation,1.0,PhosphoSitePlus;SIGNOR;iPTMnet
P42684,P00533,Y,Phosphorylation,1.0,UniProt
P42684,P04626,Y,Phosphorylation,1.0,UniProt
P42684,P06241,Y,Phosphorylation,1.0,UniProt
P42684,P08631,unknown,Phosphorylation,1.0,PhosphoSitePlus
P42684,P09619,unknown,Phosphorylation,1.0,PhosphoSitePlus;SIGNOR
P42684,P10721,Y,Phosphorylation,1.0,UniProt
P42684,P12931,Y,Phosphorylation,1.0,UniProt
P42684,P21860,Y,Phosphorylation,1.0,UniProt
P42684,P36888,Y,Phosphorylation,1.0,UniProt
P42684,P42684,Y261;Y272;Y439;Y568;Y683,Phosphorylation,1.0,PhosphoSitePlus;SIGNOR;iPTMnet
P42684,Q15303,Y,Phosphorylation,1.0,UniProt
P42685,P41240,Y497,Phosphorylation,1.0,iPTMnet
P42685,P42685,Y387,Phosphorylation,1.0,PhosphoSitePlus;iPTMnet
P42685,Q6J9G0,unknown,Phosphorylation,17.24,PhosphoNetworks
P42695,P06493,unknown,Phosphorylation,1.0,Reactome
P42702,P27361,unknown,Phosphorylation,100.0,PhosphoNetworks;PhosphoSitePlus
P42702,P28482,unknown,Phosphorylation,100.0,PhosphoNetworks;PhosphoSitePlus
P42768,P00519,unknown,Phosphorylation,1.0,PhosphoSitePlus
P42768,P06239,unknown,Phosphorylation,1.0,PhosphoSitePlus
P42768,P06241,Y291,Phosphorylation,1.0,PhosphoSitePlus;SIGNOR;UniProt;iPTMnet
P42768,P07948,Y291,Phosphorylation,1.0,PhosphoSitePlus;SIGNOR
P42768,P08631,Y291,Phosphorylation,100.0,PhosphoNetworks;PhosphoSitePlus;UniProt;iPTMnet
P42768,P68400,unknown,Phosphorylation,100.0,PhosphoNetworks;PhosphoSitePlus
P42768,Q05397,unknown,Phosphorylation,1.0,Reactome
P42768,Q06187,Y291,Phosphorylation,100.0,PhosphoNetworks;SIGNOR;UniProt;iPTMnet
P42768,Q07912,Y291,Phosphorylation,1.0,PhosphoSitePlus;iPTMnet
P42768,Q9UM73,Y102,Phosphorylation,1.0,iPTMnet
P42772,Q00532,unknown,Phosphorylation,0.2,SIGNOR
P42858,O00141,unknown,Phosphorylation,1.0,PhosphoSitePlus
P42858,P06241,Y,Phosphorylation,1.0,UniProt
P42858,P31749,unknown,Phosphorylation,1.0,PhosphoSitePlus
P42858,P31751,unknown,Phosphorylation,1.0,Reactome
P42858,Q00535,unknown,Phosphorylation,1.0,PhosphoSitePlus
P42858,Q13882,Y,Phosphorylation,1.0,UniProt
P42858,Q9Y243,unknown,Phosphorylation,1.0,Reactome
P42892,P48729,unknown,Phosphorylation,1.0,PhosphoSitePlus
P42892,P49760,Y,Phosphorylation,1.0,UniProt
P43034,P06493,unknown,Phosphorylation,1.0,Reactome
P43034,P53350,unknown,Phosphorylation,1.0,Reactome
P43119,P17252,unknown,Phosphorylation,100.0,PhosphoNetworks;PhosphoSitePlus
P43146,P06241,Y1420,Phosphorylation,1.0,iPTMnet
P43146,P12931,unknown,Phosphorylation,1.0,Reactome
P43243,O14757,unknown,Phosphorylation,1.0,PhosphoSitePlus
P43243,P17612,unknown,Phosphorylation,7.87,PhosphoNetworks
P43243,P49760,unknown,Phosphorylation,1.56,PhosphoNetworks
P43250,P43250,unknown,Phosphorylation,1.0,PhosphoSitePlus
P43268,Q15831,unknown,Phosphorylation,0.623,SIGNOR
P43307,P06493,unknown,Phosphorylation,1.0,PhosphoSitePlus
P43351,P00519,Y104,Phosphorylation,1.0,PhosphoSitePlus;Reactome;SIGNOR;iPTMnet
P43354,P28482,unknown,Phosphorylation,1.0,PhosphoSitePlus
P43354,Q13164,unknown,Phosphorylation,0.2,SIGNOR
P43360,O43318,unknown,Phosphorylation,2.03,PhosphoNetworks
P43360,Q00534,unknown,Phosphorylation,4.26,PhosphoNetworks
P43364,P27361,unknown,Phosphorylation,1.0,PhosphoSitePlus
P43365,P51813,unknown,Phosphorylation,2.84,PhosphoNetworks
P43403,O15530,unknown,Phosphorylation,29.65,PhosphoNetworks
P43403,O43318,unknown,Phosphorylation,10.22,PhosphoNetworks
P43403,O96013,unknown,Phosphorylation,2.69,PhosphoNetworks
P43403,P00519,Y319,Phosphorylation,1.0,PhosphoSitePlus;iPTMnet
P43403,P00533,Y,Phosphorylation,1.0,UniProt
P43403,P06239,Y12;Y167;Y178;Y185;Y186;Y319;Y474;Y492;Y493;Y69,Phosphorylation,100.0,PhosphoNetworks;PhosphoSitePlus;Reactome;SIGNOR;UniProt;iPTMnet
P43403,P06241,unknown,Phosphorylation,0.575,SIGNOR
P43403,P08581,Y,Phosphorylation,1.0,UniProt
P43403,P09769,unknown,Phosphorylation,7.75,PhosphoNetworks
P43403,P10721,Y,Phosphorylation,1.0,UniProt
P43403,P12931,unknown,Phosphorylation,0.481,SIGNOR
P43403,P29320,unknown,Phosphorylation,26.79,PhosphoNetworks
P43403,P30291,unknown,Phosphorylation,8.27,PhosphoNetworks
P43403,P36894,unknown,Phosphorylation,1.73,PhosphoNetworks
P43403,P43403,Y12;Y126;Y292;Y315;Y319;Y492;Y493;Y8,Phosphorylation,1.0,PhosphoSitePlus;SIGNOR;iPTMnet
P43403,P68400,unknown,Phosphorylation,57.27,PhosphoNetworks
P43403,Q06418,unknown,Phosphorylation,7.75,PhosphoNetworks
P43403,Q15418,unknown,Phosphorylation,7.75,PhosphoNetworks
P43403,Q16539,unknown,Phosphorylation,24.43,PhosphoNetworks
P43403,Q6P2M8,unknown,Phosphorylation,1.99,PhosphoNetworks
P43403,Q9UHD2,unknown,Phosphorylation,20.48,PhosphoNetworks
P43405,O14757,unknown,Phosphorylation,1.0,PhosphoSitePlus
P43405,P00519,Y352,Phosphorylation,0.254,SIGNOR
P43405,P00533,Y,Phosphorylation,1.0,UniProt
P43405,P04626,Y,Phosphorylation,1.0,UniProt
P43405,P06239,Y,Phosphorylation,1.0,PhosphoSitePlus;UniProt
P43405,P06241,unknown,Phosphorylation,1.0,Reactome
P43405,P07947,unknown,Phosphorylation,1.0,Reactome
P43405,P07948,Y131;Y323;Y348;Y352,Phosphorylation,1.0,PhosphoSitePlus;SIGNOR;iPTMnet
P43405,P08581,Y,Phosphorylation,1.0,UniProt
P43405,P09769,unknown,Phosphorylation,1.0,Reactome;SIGNOR
P43405,P12931,unknown,Phosphorylation,1.0,Reactome
P43405,P21860,Y,Phosphorylation,1.0,UniProt
P43405,P36888,Y,Phosphorylation,1.0,UniProt
P43405,P43405,Y131;Y323;Y348;Y352;Y525;Y526,Phosphorylation,1.0,PhosphoSitePlus;SIGNOR;iPTMnet
P43405,Q13131,unknown,Phosphorylation,1.0,PhosphoSitePlus
P43405,Q13177,unknown,Phosphorylation,0.27,SIGNOR
P43405,Q15139,unknown,Phosphorylation,1.0,PhosphoSitePlus
P43405,Q16539,unknown,Phosphorylation,29.14,PhosphoNetworks
P43487,P53350,unknown,Phosphorylation,0.361,SIGNOR
P43629,P05129,unknown,Phosphorylation,1.0,PhosphoSitePlus
P43629,P05771,unknown,Phosphorylation,1.0,PhosphoSitePlus
P43629,P17252,unknown,Phosphorylation,1.0,PhosphoSitePlus
P43629,P48730,unknown,Phosphorylation,1.0,PhosphoSitePlus
P43629,P68400,unknown,Phosphorylation,1.0,PhosphoSitePlus
P43629,Q02156,unknown,Phosphorylation,1.0,PhosphoSitePlus
P43694,P11802,unknown,Phosphorylation,1.0,PhosphoSitePlus
P43694,P17612,unknown,Phosphorylation,1.0,PhosphoSitePlus
P43694,P27361,unknown,Phosphorylation,1.0,PhosphoSitePlus
P43694,P28482,unknown,Phosphorylation,1.0,PhosphoSitePlus
P45379,P17252,unknown,Phosphorylation,1.0,PhosphoSitePlus
P45973,P68400,unknown,Phosphorylation,1.0,PhosphoSitePlus
P45973,Q96GD4,unknown,Phosphorylation,1.0,PhosphoSitePlus
P45983,O14733,Y185,Phosphorylation,100.0,PhosphoNetworks;PhosphoSitePlus;Reactome;SIGNOR;UniProt;iPTMnet
P45983,O43353,unknown,Phosphorylation,3.68,PhosphoNetworks
P45983,O95382,unknown,Phosphorylation,1.0,PhosphoSitePlus
P45983,P07949,Y185,Phosphorylation,1.0,PhosphoSitePlus;iPTMnet
P45983,P22455,unknown,Phosphorylation,9.14,PhosphoNetworks
P45983,P27361,unknown,Phosphorylation,244.18,PhosphoNetworks
P45983,P31749,unknown,Phosphorylation,21.81,PhosphoNetworks
P45983,P36896,unknown,Phosphorylation,2.03,PhosphoNetworks
P45983,P37173,unknown,Phosphorylation,9.14,PhosphoNetworks
P45983,P43250,unknown,Phosphorylation,2.03,PhosphoNetworks
P45983,P45985,Y185,Phosphorylation,100.0,PhosphoNetworks;PhosphoSitePlus;Reactome;SIGNOR;UniProt;iPTMnet
P45983,P48730,unknown,Phosphorylation,2.84,PhosphoNetworks
P45983,P53350,unknown,Phosphorylation,4.39,PhosphoNetworks
P45983,P54646,unknown,Phosphorylation,4.39,PhosphoNetworks
P45983,Q05655,unknown,Phosphorylation,1.0,PhosphoSitePlus;SIGNOR
P45983,Q06187,unknown,Phosphorylation,4.26,PhosphoNetworks
P45983,Q13131,unknown,Phosphorylation,1.57,PhosphoNetworks
P45983,Q13164,unknown,Phosphorylation,1.57,PhosphoNetworks
P45983,Q13233,unknown,Phosphorylation,1.0,Reactome
P45983,Q13464,unknown,Phosphorylation,0.296,SIGNOR
P45983,Q8IW41,unknown,Phosphorylation,4.26,PhosphoNetworks
P45983,Q96KB5,unknown,Phosphorylation,0.304,SIGNOR
P45983,Q99683,unknown,Phosphorylation,1.0,PhosphoSitePlus
P45983,Q99759,unknown,Phosphorylation,1.0,Reactome
P45983,Q9H1R3,unknown,Phosphorylation,2.84,PhosphoNetworks
P45983,Q9Y2U5,unknown,Phosphorylation,1.0,Reactome
P45983,Q9Y463,unknown,Phosphorylation,4.39,PhosphoNetworks
P45984,O14733,Y185,Phosphorylation,100.0,PhosphoNetworks;PhosphoSitePlus;Reactome;SIGNOR;iPTMnet
P45984,P05771,unknown,Phosphorylation,1.0,PhosphoSitePlus
P45984,P07949,Y185,Phosphorylation,1.0,PhosphoSitePlus;iPTMnet
P45984,P45983,unknown,Phosphorylation,0.591,SIGNOR
P45984,P45985,Y185,Phosphorylation,100.0,PhosphoNetworks;PhosphoSitePlus;Reactome;SIGNOR;UniProt;iPTMnet
P45984,P52564,unknown,Phosphorylation,0.476,SIGNOR
P45984,P68400,unknown,Phosphorylation,100.0,PhosphoNetworks;PhosphoSitePlus
P45984,Q99759,unknown,Phosphorylation,1.0,Reactome
P45984,Q9Y2U5,unknown,Phosphorylation,1.0,Reactome
P45985,O00141,unknown,Phosphorylation,1.0,PhosphoSitePlus
P45985,O43318,unknown,Phosphorylation,1.0,Reactome;SIGNOR
P45985,O43353,unknown,Phosphorylation,1.0,Reactome
P45985,P04049,unknown,Phosphorylation,1.0,Reactome
P45985,P10398,unknown,Phosphorylation,1.0,Reactome
P45985,P15056,unknown,Phosphorylation,1.0,Reactome
P45985,P31749,unknown,Phosphorylation,1.0,PhosphoSitePlus
P45985,P41279,unknown,Phosphorylation,1.0,Reactome;SIGNOR
P45985,P45985,unknown,Phosphorylation,1.0,PhosphoSitePlus
P45985,P51617,unknown,Phosphorylation,1.0,Reactome
P45985,Q02779,unknown,Phosphorylation,1.0,Reactome;SIGNOR
P45985,Q12852,unknown,Phosphorylation,1.0,PhosphoSitePlus
P45985,Q13233,unknown,Phosphorylation,1.0,Reactome;SIGNOR
P45985,Q16584,unknown,Phosphorylation,100.0,PhosphoNetworks;PhosphoSitePlus
P45985,Q99683,unknown,Phosphorylation,1.0,PhosphoSitePlus;Reactome;SIGNOR
P45985,Q9H3Y6,Y269;Y307,Phosphorylation,0.2,SIGNOR
P45985,Q9NYL2,unknown,Phosphorylation,0.2,SIGNOR
P45985,Q9Y2U5,unknown,Phosphorylation,0.611,SIGNOR
P45985,Q9Y6R4,unknown,Phosphorylation,0.569,SIGNOR
P46013,O14757,unknown,Phosphorylation,1.0,PhosphoSitePlus
P46013,P06493,unknown,Phosphorylation,1.0,PhosphoSitePlus
P46013,P24941,unknown,Phosphorylation,1.0,PhosphoSitePlus
P46013,Q96GD4,unknown,Phosphorylation,1.0,PhosphoSitePlus
P46019,P17612,unknown,Phosphorylation,1.0,Reactome;SIGNOR
P46019,P22612,unknown,Phosphorylation,1.0,Reactome;SIGNOR
P46019,P22694,unknown,Phosphorylation,1.0,Reactome;SIGNOR
P46020,P17612,unknown,Phosphorylation,1.0,Reactome;SIGNOR
P46020,P22612,unknown,Phosphorylation,1.0,Reactome;SIGNOR
P46020,P22694,unknown,Phosphorylation,1.0,Reactome;SIGNOR
P46060,P06493,unknown,Phosphorylation,1.0,PhosphoSitePlus;Reactome
P46060,P24941,unknown,Phosphorylation,1.0,PhosphoSitePlus
P46060,P53350,unknown,Phosphorylation,1.0,Reactome
P46060,P68400,unknown,Phosphorylation,1.0,PhosphoSitePlus
P46108,O43353,unknown,Phosphorylation,1.69,PhosphoNetworks
P46108,P00519,Y221,Phosphorylation,1.0,PhosphoSitePlus;SIGNOR;UniProt;iPTMnet
P46108,P00533,Y221,Phosphorylation,1.0,SIGNOR;UniProt;iPTMnet
P46108,P08069,Y221,Phosphorylation,100.0,PhosphoNetworks;PhosphoSitePlus;iPTMnet
P46108,P09769,unknown,Phosphorylation,18.53,PhosphoNetworks
P46108,P10721,Y,Phosphorylation,1.0,UniProt
P46108,P16234,Y,Phosphorylation,1.0,UniProt
P46108,P21802,unknown,Phosphorylation,199.15,PhosphoNetworks
P46108,P21860,Y,Phosphorylation,1.0,UniProt
P46108,P36888,Y,Phosphorylation,1.0,UniProt
P46108,P37173,unknown,Phosphorylation,674.75,PhosphoNetworks
P46108,P42681,Y,Phosphorylation,1.0,UniProt
P46108,P42684,Y221,Phosphorylation,1.0,PhosphoSitePlus;SIGNOR;UniProt;iPTMnet
P46108,P51813,unknown,Phosphorylation,20.28,PhosphoNetworks
P46108,P51955,unknown,Phosphorylation,3.06,PhosphoNetworks
P46108,P51956,unknown,Phosphorylation,33.56,PhosphoNetworks
P46108,P52564,unknown,Phosphorylation,0.2,SIGNOR
P46108,P53671,unknown,Phosphorylation,5.63,PhosphoNetworks
P46108,P54753,unknown,Phosphorylation,2933.23,PhosphoNetworks
P46108,P57059,unknown,Phosphorylation,1.99,PhosphoNetworks
P46108,Q00536,unknown,Phosphorylation,1.99,PhosphoNetworks
P46108,Q05397,Y,Phosphorylation,1.0,UniProt
P46108,Q13153,unknown,Phosphorylation,1.0,PhosphoSitePlus
P46108,Q14289,unknown,Phosphorylation,23228.7,PhosphoNetworks
P46108,Q15349,unknown,Phosphorylation,4.35,PhosphoNetworks
P46108,Q9BYT3,unknown,Phosphorylation,1.99,PhosphoNetworks
P46108,Q9P1W9,unknown,Phosphorylation,13.27,PhosphoNetworks
P46109,P00519,Y,Phosphorylation,1.0,PhosphoSitePlus;UniProt
P46109,P00533,Y,Phosphorylation,1.0,UniProt
P46109,P04626,Y,Phosphorylation,1.0,UniProt
P46109,P07947,Y,Phosphorylation,1.0,UniProt
P46109,P16234,Y,Phosphorylation,1.0,UniProt
P46109,P17948,Y,Phosphorylation,1.0,UniProt
P46109,P21860,Y,Phosphorylation,1.0,UniProt
P46109,P36888,Y,Phosphorylation,1.0,UniProt
P46109,P51451,Y,Phosphorylation,1.0,UniProt
P46379,P06241,Y,Phosphorylation,1.0,UniProt
P46379,Q13315,unknown,Phosphorylation,1.0,PhosphoSitePlus
P46459,P07332,unknown,Phosphorylation,1.0,PhosphoSitePlus
P46459,P16591,unknown,Phosphorylation,1.0,PhosphoSitePlus
P46459,Q00536,unknown,Phosphorylation,1.0,PhosphoSitePlus
P46459,Q02156,unknown,Phosphorylation,1.0,PhosphoSitePlus
P46527,O00141,unknown,Phosphorylation,1.0,PhosphoSitePlus
P46527,O15111,unknown,Phosphorylation,1.0,PhosphoSitePlus
P46527,O60674,Y88,Phosphorylation,1.0,PhosphoSitePlus;SIGNOR;iPTMnet
P46527,P00519,Y88,Phosphorylation,1.0,PhosphoSitePlus;SIGNOR;iPTMnet
P46527,P07947,Y74;Y88;Y89,Phosphorylation,1.0,PhosphoSitePlus;iPTMnet
P46527,P07948,Y88,Phosphorylation,1.0,PhosphoSitePlus;SIGNOR;UniProt;iPTMnet
P46527,P11309,unknown,Phosphorylation,1.0,PhosphoSitePlus
P46527,P12931,Y74;Y88;Y89,Phosphorylation,1.0,PhosphoSitePlus;SIGNOR;iPTMnet
P46527,P24941,unknown,Phosphorylation,1.0,PhosphoSitePlus
P46527,P27361,unknown,Phosphorylation,1.0,PhosphoSitePlus
P46527,P28482,unknown,Phosphorylation,100.0,PhosphoNetworks;PhosphoSitePlus
P46527,P31749,unknown,Phosphorylation,1.0,PhosphoSitePlus;Reactome;SIGNOR
P46527,P36888,unknown,Phosphorylation,1.0,Reactome
P46527,P50613,unknown,Phosphorylation,1.0,Reactome
P46527,P51812,unknown,Phosphorylation,100.0,PhosphoNetworks;PhosphoSitePlus
P46527,P68400,unknown,Phosphorylation,100.0,PhosphoNetworks;PhosphoSitePlus
P46527,Q00534,unknown,Phosphorylation,1.0,PhosphoSitePlus
P46527,Q00535,unknown,Phosphorylation,1.0,PhosphoSitePlus
P46527,Q13131,unknown,Phosphorylation,1.0,PhosphoSitePlus
P46527,Q14012,unknown,Phosphorylation,1.0,PhosphoSitePlus
P46527,Q8TAS1,unknown,Phosphorylation,100.0,PhosphoNetworks;PhosphoSitePlus;Reactome
P46527,Q9H2X6,unknown,Phosphorylation,1.0,PhosphoSitePlus
P46527,Q9UQM7,unknown,Phosphorylation,1.0,PhosphoSitePlus
P46527,Q9Y463,unknown,Phosphorylation,1.0,PhosphoSitePlus
P46531,P11309,unknown,Phosphorylation,0.27,SIGNOR
P46531,P49336,unknown,Phosphorylation,0.555,SIGNOR
P46531,P49840,unknown,Phosphorylation,0.32,SIGNOR
P46531,P49841,unknown,Phosphorylation,0.462,SIGNOR
P46531,P53350,unknown,Phosphorylation,0.401,SIGNOR
P46531,P68400,unknown,Phosphorylation,1.0,PhosphoSitePlus
P46531,Q00535,unknown,Phosphorylation,0.321,SIGNOR
P46531,Q05513,unknown,Phosphorylation,1.0,PhosphoSitePlus
P46531,Q13233,unknown,Phosphorylation,0.366,SIGNOR
P46531,Q13627,unknown,Phosphorylation,0.398,SIGNOR
P46531,Q16566,unknown,Phosphorylation,0.359,SIGNOR
P46531,Q92630,unknown,Phosphorylation,0.288,SIGNOR
P46531,Q9UBE8,unknown,Phosphorylation,0.383,SIGNOR
P46695,P28482,unknown,Phosphorylation,1.0,PhosphoSitePlus
P46695,Q16659,unknown,Phosphorylation,100.0,PhosphoNetworks
P46734,O43318,unknown,Phosphorylation,1.0,Reactome;SIGNOR
P46734,O43353,unknown,Phosphorylation,1.0,Reactome
P46734,P41279,unknown,Phosphorylation,1.0,PhosphoSitePlus
P46734,P46734,unknown,Phosphorylation,1.0,PhosphoSitePlus
P46734,P51617,unknown,Phosphorylation,1.0,Reactome
P46734,Q16584,unknown,Phosphorylation,1.0,PhosphoSitePlus;SIGNOR
P46734,Q5S007,unknown,Phosphorylation,0.392,SIGNOR
P46734,Q99683,unknown,Phosphorylation,1.0,PhosphoSitePlus;Reactome
P46734,Q99759,unknown,Phosphorylation,1.0,PhosphoSitePlus
P46734,Q9Y6R4,unknown,Phosphorylation,0.638,SIGNOR
P46736,O96017,unknown,Phosphorylation,1.0,Reactome
P46777,P53355,unknown,Phosphorylation,0.2,SIGNOR
P46778,Q96GD4,unknown,Phosphorylation,1.0,PhosphoSitePlus
P46782,P68400,unknown,Phosphorylation,1.0,PhosphoSitePlus
P46783,P11362,unknown,Phosphorylation,1.73,PhosphoNetworks
P46783,Q96GD4,unknown,Phosphorylation,1.0,PhosphoSitePlus
P46821,P28482,unknown,Phosphorylation,1.0,PhosphoSitePlus
P46821,P42345,unknown,Phosphorylation,1.0,PhosphoSitePlus
P46821,P49841,unknown,Phosphorylation,1.0,PhosphoSitePlus;SIGNOR
P46934,P00533,Y,Phosphorylation,1.0,UniProt
P46934,P11362,Y,Phosphorylation,1.0,UniProt
P46934,P12931,Y43;Y585,Phosphorylation,0.416,SIGNOR
P46937,O00506,unknown,Phosphorylation,0.265,SIGNOR
P46937,O95835,unknown,Phosphorylation,1.0,PhosphoSitePlus;Reactome
P46937,P00519,Y407,Phosphorylation,1.0,PhosphoSitePlus;SIGNOR;iPTMnet
P46937,P06493,unknown,Phosphorylation,1.0,PhosphoSitePlus
P46937,P07947,Y391;Y407,Phosphorylation,0.723,SIGNOR
P46937,P31749,unknown,Phosphorylation,1.0,PhosphoSitePlus
P46937,P42685,Y391;Y407;Y444,Phosphorylation,0.274,SIGNOR
P46937,P48730,unknown,Phosphorylation,1.0,PhosphoSitePlus
P46937,Q02750,Y,Phosphorylation,1.0,UniProt
P46937,Q05397,unknown,Phosphorylation,0.285,SIGNOR
P46937,Q05513,unknown,Phosphorylation,1.0,PhosphoSitePlus
P46937,Q13131,unknown,Phosphorylation,1.0,PhosphoSitePlus
P46937,Q13188,unknown,Phosphorylation,1.0,PhosphoSitePlus
P46937,Q15208,unknown,Phosphorylation,1.0,PhosphoSitePlus
P46937,Q15303,Y,Phosphorylation,1.0,UniProt
P46937,Q15831,unknown,Phosphorylation,0.306,SIGNOR
P46937,Q9NRM7,unknown,Phosphorylation,1.0,PhosphoSitePlus;Reactome
P46937,Q9Y2H1,unknown,Phosphorylation,1.0,PhosphoSitePlus
P46939,Q7KZI7,unknown,Phosphorylation,1.0,PhosphoSitePlus
P46940,P00533,Y,Phosphorylation,1.0,UniProt
P46940,P04626,Y,Phosphorylation,1.0,UniProt
P46940,P08581,Y1510,Phosphorylation,0.272,SIGNOR
P46940,P12931,Y1510,Phosphorylation,0.697,SIGNOR
P46940,P17252,unknown,Phosphorylation,1.0,PhosphoSitePlus
P46940,Q02156,unknown,Phosphorylation,1.0,PhosphoSitePlus
P47712,O15264,unknown,Phosphorylation,1.0,Reactome
P47712,O75582,unknown,Phosphorylation,1.0,PhosphoSitePlus
P47712,P05129,unknown,Phosphorylation,1.0,Reactome
P47712,P17252,unknown,Phosphorylation,0.565,SIGNOR
P47712,P27361,unknown,Phosphorylation,1.0,PhosphoSitePlus
P47712,P28482,unknown,Phosphorylation,100.0,PhosphoNetworks;PhosphoSitePlus;Reactome
P47712,P53778,unknown,Phosphorylation,1.0,Reactome
P47712,Q15759,unknown,Phosphorylation,1.0,Reactome
P47712,Q16539,unknown,Phosphorylation,1.0,Reactome
P47712,Q8IW41,unknown,Phosphorylation,1.0,PhosphoSitePlus
P47712,Q9BUB5,unknown,Phosphorylation,1.0,PhosphoSitePlus
P47736,P49841,unknown,Phosphorylation,100.0,PhosphoNetworks
P47736,P53350,unknown,Phosphorylation,1.0,PhosphoSitePlus
P47804,P22607,Y,Phosphorylation,1.0,UniProt
P47869,P00533,Y,Phosphorylation,1.0,UniProt
P47897,P27361,unknown,Phosphorylation,1.0,Reactome
P47897,P28482,unknown,Phosphorylation,1.0,Reactome
P47898,P25098,unknown,Phosphorylation,1.0,Reactome
P47898,P32298,unknown,Phosphorylation,1.0,Reactome
P47898,P34947,unknown,Phosphorylation,1.0,Reactome
P47898,P35626,unknown,Phosphorylation,1.0,Reactome
P47898,P43250,unknown,Phosphorylation,1.0,Reactome
P47898,Q15835,unknown,Phosphorylation,1.0,Reactome
P47898,Q8WTQ7,unknown,Phosphorylation,1.0,Reactome
P47928,P11802,unknown,Phosphorylation,12.88,PhosphoNetworks
P47989,Q00535,unknown,Phosphorylation,1.0,PhosphoSitePlus;SIGNOR
P48023,P06241,Y,Phosphorylation,1.0,UniProt
P48023,Q08881,Y,Phosphorylation,1.0,UniProt
P48048,O00141,unknown,Phosphorylation,1.0,PhosphoSitePlus
P48048,P12931,Y337,Phosphorylation,1.0,PhosphoSitePlus;SIGNOR;iPTMnet
P48048,P17252,unknown,Phosphorylation,1.0,PhosphoSitePlus
P48048,P17612,unknown,Phosphorylation,1.0,PhosphoSitePlus
P48050,P00533,unknown,Phosphorylation,1.0,PhosphoSitePlus
P48050,P17252,unknown,Phosphorylation,1.0,PhosphoSitePlus
P48050,Q05655,unknown,Phosphorylation,100.0,PhosphoNetworks
P48058,P05129,unknown,Phosphorylation,1.0,Reactome
P48058,P05771,unknown,Phosphorylation,1.0,Reactome
P48058,P17252,unknown,Phosphorylation,1.0,Reactome
P48058,Q13555,unknown,Phosphorylation,1.0,Reactome
P48058,Q13557,unknown,Phosphorylation,1.0,Reactome
P48163,Q96PY6,unknown,Phosphorylation,1.0,Reactome
P48165,P00519,Y,Phosphorylation,1.0,UniProt
P48167,P12931,Y435,Phosphorylation,1.0,PhosphoSitePlus;SIGNOR;iPTMnet
P48167,P17252,unknown,Phosphorylation,1.0,PhosphoSitePlus
P48200,P06493,unknown,Phosphorylation,1.0,PhosphoSitePlus
P48200,P24941,unknown,Phosphorylation,1.0,PhosphoSitePlus
P48357,O60674,Y1141;Y986,Phosphorylation,1.0,SIGNOR;iPTMnet
P48426,P52564,unknown,Phosphorylation,1.0,Reactome
P48426,P68400,unknown,Phosphorylation,100.0,PhosphoNetworks;PhosphoSitePlus
P48426,Q15139,unknown,Phosphorylation,1.0,PhosphoSitePlus
P48431,P00533,Y277,Phosphorylation,0.481,SIGNOR
P48431,P31749,unknown,Phosphorylation,1.0,PhosphoSitePlus
P48431,Q15349,unknown,Phosphorylation,2.97,PhosphoNetworks
P48431,Q2M2I8,unknown,Phosphorylation,1.79,PhosphoNetworks
P48431,Q99986,unknown,Phosphorylation,0.468,SIGNOR
P48431,Q9NQU5,unknown,Phosphorylation,0.2,SIGNOR
P48436,P17612,unknown,Phosphorylation,1.0,PhosphoSitePlus
P48436,P31749,unknown,Phosphorylation,2.64,PhosphoNetworks
P48436,Q13237,unknown,Phosphorylation,0.504,SIGNOR
P48436,Q13464,unknown,Phosphorylation,1.0,PhosphoSitePlus
P48443,O75582,unknown,Phosphorylation,7.73,PhosphoNetworks
P48443,P09769,unknown,Phosphorylation,2.7,PhosphoNetworks
P48443,P17252,unknown,Phosphorylation,1.89,PhosphoNetworks
P48443,Q04771,unknown,Phosphorylation,2.7,PhosphoNetworks
P48443,Q15418,unknown,Phosphorylation,2.7,PhosphoNetworks
P48544,P17612,unknown,Phosphorylation,1.0,PhosphoSitePlus
P48549,P12931,unknown,Phosphorylation,1.0,PhosphoSitePlus
P48549,P17612,unknown,Phosphorylation,1.0,PhosphoSitePlus
P48551,P23458,Y,Phosphorylation,1.0,UniProt
P48552,P28482,unknown,Phosphorylation,1.0,PhosphoSitePlus
P48552,P43405,unknown,Phosphorylation,1.0,PhosphoSitePlus
P48552,Q02156,unknown,Phosphorylation,1.0,PhosphoSitePlus
P48553,P48730,unknown,Phosphorylation,1.0,Reactome
P48634,P24941,unknown,Phosphorylation,1.0,PhosphoSitePlus
P48634,P28482,unknown,Phosphorylation,1.0,PhosphoSitePlus
P48681,P42345,unknown,Phosphorylation,1.0,PhosphoSitePlus
P48681,Q00535,unknown,Phosphorylation,1.0,PhosphoSitePlus
P48729,P17612,unknown,Phosphorylation,1.0,PhosphoSitePlus
P48730,P53350,unknown,Phosphorylation,1.0,Reactome
P48730,Q13315,unknown,Phosphorylation,0.339,SIGNOR
P48735,P36888,Y107,Phosphorylation,1.0,SIGNOR;iPTMnet
P48736,P05771,unknown,Phosphorylation,1.0,PhosphoSitePlus
P48736,P48736,unknown,Phosphorylation,1.0,PhosphoSitePlus
P48736,Q05397,unknown,Phosphorylation,1.0,Reactome
P48736,Q13546,unknown,Phosphorylation,1.0,Reactome
P48736,Q14289,unknown,Phosphorylation,1.0,Reactome
P48739,P17252,unknown,Phosphorylation,1.0,PhosphoSitePlus
P48764,P51812,unknown,Phosphorylation,1.0,PhosphoSitePlus
P48764,Q13237,unknown,Phosphorylation,0.379,SIGNOR
P48764,Q6P0Q8,unknown,Phosphorylation,0.455,SIGNOR
P48995,Q05655,unknown,Phosphorylation,0.2,SIGNOR
P49006,P45983,unknown,Phosphorylation,1.0,PhosphoSitePlus
P49006,Q13535,unknown,Phosphorylation,1.0,PhosphoSitePlus
P49023,O96013,unknown,Phosphorylation,1.0,PhosphoSitePlus
P49023,P00533,unknown,Phosphorylation,1.0,Reactome
P49023,P06241,unknown,Phosphorylation,1.0,PhosphoSitePlus
P49023,P07947,Y,Phosphorylation,1.0,UniProt
P49023,P12931,Y88,Phosphorylation,1.0,PhosphoSitePlus;SIGNOR;iPTMnet
P49023,P27361,unknown,Phosphorylation,1.0,PhosphoSitePlus
P49023,P28482,unknown,Phosphorylation,1.0,PhosphoSitePlus
P49023,P41240,Y40;Y88,Phosphorylation,1.0,UniProt;iPTMnet
P49023,P45983,unknown,Phosphorylation,1.0,PhosphoSitePlus
P49023,P49840,unknown,Phosphorylation,1.0,PhosphoSitePlus
P49023,P51451,Y,Phosphorylation,1.0,UniProt
P49023,Q00535,unknown,Phosphorylation,1.0,PhosphoSitePlus
P49023,Q05397,Y118;Y31,Phosphorylation,100.0,PhosphoNetworks;SIGNOR;UniProt;iPTMnet
P49023,Q05655,unknown,Phosphorylation,1.0,PhosphoSitePlus
P49023,Q13153,unknown,Phosphorylation,1.0,PhosphoSitePlus
P49023,Q13177,unknown,Phosphorylation,1.0,PhosphoSitePlus
P49023,Q13882,Y118;Y31,Phosphorylation,100.0,PhosphoNetworks;PhosphoSitePlus;SIGNOR;iPTMnet
P49023,Q14289,unknown,Phosphorylation,1.0,PhosphoSitePlus;SIGNOR
P49023,Q16539,unknown,Phosphorylation,1.0,PhosphoSitePlus
P49023,Q9H2G2,unknown,Phosphorylation,1.0,PhosphoSitePlus
P49023,Q9Y2U5,unknown,Phosphorylation,0.364,SIGNOR
P49069,P00533,Y,Phosphorylation,1.0,UniProt
P49116,Q13131,unknown,Phosphorylation,1.0,PhosphoSitePlus
P49137,P27361,unknown,Phosphorylation,1.0,PhosphoSitePlus;Reactome;SIGNOR
P49137,P28482,unknown,Phosphorylation,100.0,PhosphoNetworks;PhosphoSitePlus
P49137,P46734,unknown,Phosphorylation,1.0,Reactome
P49137,P49137,unknown,Phosphorylation,1.0,PhosphoSitePlus
P49137,P52564,unknown,Phosphorylation,1.0,Reactome
P49137,Q13164,unknown,Phosphorylation,1.0,Reactome
P49137,Q15759,unknown,Phosphorylation,1.0,Reactome
P49137,Q16539,unknown,Phosphorylation,100.0,PhosphoNetworks;PhosphoSitePlus;Reactome
P49137,Q16659,unknown,Phosphorylation,1.0,Reactome
P49137,Q8TD08,unknown,Phosphorylation,1.0,Reactome
P49257,P48730,unknown,Phosphorylation,1.0,Reactome
P49279,P12931,Y15,Phosphorylation,0.28,SIGNOR
P49321,O75676,unknown,Phosphorylation,2.28,PhosphoNetworks
P49321,P17612,unknown,Phosphorylation,1.58,PhosphoNetworks
P49321,Q05513,unknown,Phosphorylation,13.8,PhosphoNetworks
P49327,P04626,unknown,Phosphorylation,0.445,SIGNOR
P49327,P42345,unknown,Phosphorylation,1.0,PhosphoSitePlus
P49407,P00533,Y,Phosphorylation,1.0,UniProt
P49407,P12931,Y54,Phosphorylation,1.0,SIGNOR;UniProt;iPTMnet
P49407,P27361,unknown,Phosphorylation,1.0,PhosphoSitePlus
P49407,P28482,unknown,Phosphorylation,1.0,PhosphoSitePlus
P49411,Q96RR4,unknown,Phosphorylation,2.0,PhosphoNetworks
P49418,O76039,unknown,Phosphorylation,1.0,PhosphoSitePlus
P49418,P00533,Y,Phosphorylation,1.0,UniProt
P49418,P06493,unknown,Phosphorylation,1.0,PhosphoSitePlus
P49418,P28482,unknown,Phosphorylation,1.0,PhosphoSitePlus
P49418,P68400,unknown,Phosphorylation,1.0,PhosphoSitePlus
P49418,Q00535,unknown,Phosphorylation,1.0,PhosphoSitePlus
P49418,Q13627,unknown,Phosphorylation,1.0,PhosphoSitePlus
P49427,P68400,unknown,Phosphorylation,100.0,PhosphoNetworks;PhosphoSitePlus
P49450,O14965,unknown,Phosphorylation,1.0,PhosphoSitePlus
P49450,P06493,unknown,Phosphorylation,1.0,PhosphoSitePlus;Reactome
P49450,P53350,unknown,Phosphorylation,1.0,Reactome
P49450,Q96GD4,unknown,Phosphorylation,100.0,PhosphoNetworks;PhosphoSitePlus
P49454,P06493,unknown,Phosphorylation,1.0,Reactome
P49454,P24941,unknown,Phosphorylation,1.0,PhosphoSitePlus
P49454,P53350,unknown,Phosphorylation,1.0,Reactome
P49459,O43683,unknown,Phosphorylation,5.68,PhosphoNetworks
P49459,P06493,unknown,Phosphorylation,1.0,PhosphoSitePlus
P49459,P22607,Y,Phosphorylation,1.0,UniProt
P49459,P24941,unknown,Phosphorylation,1.0,PhosphoSitePlus
P49459,P28482,unknown,Phosphorylation,4.26,PhosphoNetworks
P49459,P37173,unknown,Phosphorylation,9.14,PhosphoNetworks
P49459,P45983,unknown,Phosphorylation,1.57,PhosphoNetworks
P49459,P49674,unknown,Phosphorylation,4.26,PhosphoNetworks
P49459,P49841,unknown,Phosphorylation,5.62,PhosphoNetworks
P49459,P51813,unknown,Phosphorylation,2.84,PhosphoNetworks
P49459,Q00535,unknown,Phosphorylation,4.26,PhosphoNetworks
P49640,P30291,unknown,Phosphorylation,1.93,PhosphoNetworks
P49674,P49674,unknown,Phosphorylation,1.0,PhosphoSitePlus
P49674,P53350,unknown,Phosphorylation,1.0,Reactome
P49674,Q13131,unknown,Phosphorylation,1.0,PhosphoSitePlus
P49675,P27361,unknown,Phosphorylation,1.0,PhosphoSitePlus
P49715,P06493,unknown,Phosphorylation,1.0,PhosphoSitePlus
P49715,P11802,unknown,Phosphorylation,1.0,PhosphoSitePlus
P49715,P27361,unknown,Phosphorylation,100.0,PhosphoNetworks;PhosphoSitePlus
P49715,P28482,unknown,Phosphorylation,100.0,PhosphoNetworks;PhosphoSitePlus
P49715,P49840,unknown,Phosphorylation,1.0,PhosphoSitePlus
P49715,Q00534,unknown,Phosphorylation,1.0,PhosphoSitePlus
P49715,Q05655,unknown,Phosphorylation,0.2,SIGNOR
P49716,P49841,unknown,Phosphorylation,1.0,PhosphoSitePlus;SIGNOR
P49716,P68400,unknown,Phosphorylation,1.0,PhosphoSitePlus
P49736,O00311,unknown,Phosphorylation,1.0,PhosphoSitePlus;Reactome
P49736,O14965,unknown,Phosphorylation,1.0,PhosphoSitePlus
P49736,O75582,unknown,Phosphorylation,7.87,PhosphoNetworks
P49736,P24941,unknown,Phosphorylation,1.0,PhosphoSitePlus;Reactome
P49736,P30291,unknown,Phosphorylation,18.32,PhosphoNetworks
P49736,P50613,unknown,Phosphorylation,1.0,PhosphoSitePlus
P49736,P68400,unknown,Phosphorylation,1.0,PhosphoSitePlus
P49736,Q13535,unknown,Phosphorylation,1.0,PhosphoSitePlus;Reactome
P49755,P48730,unknown,Phosphorylation,1.0,Reactome
P49757,P00533,Y,Phosphorylation,1.0,UniProt
P49757,P41743,unknown,Phosphorylation,0.771,SIGNOR
P49757,Q05513,unknown,Phosphorylation,1.0,PhosphoSitePlus
P49757,Q2M2I8,unknown,Phosphorylation,1.0,PhosphoSitePlus
P49759,O15264,unknown,Phosphorylation,2.7,PhosphoNetworks
P49759,P49760,Y,Phosphorylation,1.0,UniProt
P49759,Q8IW41,unknown,Phosphorylation,7.87,PhosphoNetworks
P49759,Q8N5S9,unknown,Phosphorylation,7.87,PhosphoNetworks
P49760,P31749,unknown,Phosphorylation,1.0,PhosphoSitePlus
P49760,P31751,unknown,Phosphorylation,1.0,PhosphoSitePlus
P49760,P49759,Y,Phosphorylation,1.0,UniProt
P49760,P49761,Y,Phosphorylation,1.0,UniProt
P49761,O14757,unknown,Phosphorylation,1.0,PhosphoSitePlus
P49761,P28482,unknown,Phosphorylation,2.25,PhosphoNetworks
P49761,P49760,Y,Phosphorylation,1.0,UniProt
P49763,P17948,Y,Phosphorylation,1.0,UniProt
P49767,P35916,Y,Phosphorylation,1.0,UniProt
P49767,P35968,Y,Phosphorylation,1.0,UniProt
P49768,P17252,unknown,Phosphorylation,100.0,PhosphoNetworks
P49768,P45984,unknown,Phosphorylation,1.0,PhosphoSitePlus
P49768,P49841,unknown,Phosphorylation,100.0,PhosphoNetworks;PhosphoSitePlus
P49768,Q00535,unknown,Phosphorylation,100.0,PhosphoNetworks;PhosphoSitePlus
P49768,Q13627,unknown,Phosphorylation,1.0,PhosphoSitePlus
P49789,P12931,Y114,Phosphorylation,1.0,PhosphoSitePlus;iPTMnet
P49790,O14757,unknown,Phosphorylation,1.0,PhosphoSitePlus
P49790,P06493,unknown,Phosphorylation,1.0,Reactome
P49790,P24941,unknown,Phosphorylation,1.0,PhosphoSitePlus
P49790,P27361,unknown,Phosphorylation,1.0,PhosphoSitePlus
P49790,P28482,unknown,Phosphorylation,1.0,PhosphoSitePlus
P49790,P29323,Y,Phosphorylation,1.0,UniProt
P49790,Q8TD19,unknown,Phosphorylation,1.0,Reactome
P49790,Q9HC98,unknown,Phosphorylation,1.0,Reactome
P49792,O14757,unknown,Phosphorylation,1.0,PhosphoSitePlus
P49792,P04626,Y,Phosphorylation,1.0,UniProt
P49792,P06493,unknown,Phosphorylation,1.0,PhosphoSitePlus;Reactome
P49792,P53350,unknown,Phosphorylation,1.0,Reactome
P49792,Q8TD19,unknown,Phosphorylation,1.0,Reactome
P49792,Q9HC98,unknown,Phosphorylation,1.0,Reactome
P49795,P28482,unknown,Phosphorylation,100.0,PhosphoNetworks;PhosphoSitePlus
P49795,P68400,unknown,Phosphorylation,1.0,PhosphoSitePlus
P49802,P17252,unknown,Phosphorylation,100.0,PhosphoNetworks;PhosphoSitePlus
P49810,P48730,unknown,Phosphorylation,100.0,PhosphoNetworks;PhosphoSitePlus
P49810,P68400,unknown,Phosphorylation,100.0,PhosphoNetworks;PhosphoSitePlus
P49815,O15111,unknown,Phosphorylation,0.296,SIGNOR
P49815,P27361,unknown,Phosphorylation,1.0,PhosphoSitePlus;SIGNOR
P49815,P28482,unknown,Phosphorylation,100.0,PhosphoNetworks;PhosphoSitePlus
P49815,P31749,unknown,Phosphorylation,1.0,PhosphoSitePlus;Reactome
P49815,P31751,unknown,Phosphorylation,1.0,Reactome
P49815,P49137,unknown,Phosphorylation,1.0,PhosphoSitePlus
P49815,P49840,unknown,Phosphorylation,0.363,SIGNOR
P49815,P54646,unknown,Phosphorylation,1.0,Reactome
P49815,Q13131,unknown,Phosphorylation,1.0,Reactome;SIGNOR
P49815,Q15418,unknown,Phosphorylation,1.0,PhosphoSitePlus
P49815,Q96BR1,unknown,Phosphorylation,0.435,SIGNOR
P49840,P05129,unknown,Phosphorylation,1.0,PhosphoSitePlus
P49840,P05771,unknown,Phosphorylation,1.0,PhosphoSitePlus
P49840,P17252,unknown,Phosphorylation,1.0,PhosphoSitePlus
P49840,P17612,unknown,Phosphorylation,1.0,PhosphoSitePlus;Reactome
P49840,P22612,unknown,Phosphorylation,1.0,Reactome
P49840,P22694,unknown,Phosphorylation,1.0,Reactome
P49840,P31749,unknown,Phosphorylation,1.0,PhosphoSitePlus
P49840,P31751,unknown,Phosphorylation,0.558,SIGNOR
P49840,P49840,Y279,Phosphorylation,1.0,PhosphoSitePlus;SIGNOR;iPTMnet
P49840,P51812,unknown,Phosphorylation,1.0,PhosphoSitePlus
P49840,Q05655,unknown,Phosphorylation,1.0,PhosphoSitePlus
P49840,Q14164,unknown,Phosphorylation,1.0,PhosphoSitePlus
P49841,O14965,unknown,Phosphorylation,1.0,PhosphoSitePlus
P49841,P05129,unknown,Phosphorylation,1.0,PhosphoSitePlus
P49841,P05771,unknown,Phosphorylation,1.0,PhosphoSitePlus
P49841,P08581,Y56,Phosphorylation,0.308,SIGNOR
P49841,P17252,unknown,Phosphorylation,1.0,PhosphoSitePlus
P49841,P17612,unknown,Phosphorylation,1.0,PhosphoSitePlus;Reactome
P49841,P22612,unknown,Phosphorylation,1.0,Reactome
P49841,P22694,unknown,Phosphorylation,1.0,Reactome
P49841,P23443,unknown,Phosphorylation,1.0,PhosphoSitePlus
P49841,P27361,unknown,Phosphorylation,100.0,PhosphoNetworks;PhosphoSitePlus
P49841,P28482,unknown,Phosphorylation,100.0,PhosphoNetworks;PhosphoSitePlus
P49841,P31749,unknown,Phosphorylation,1.0,PhosphoSitePlus
P49841,P31751,unknown,Phosphorylation,1.0,Reactome;SIGNOR
P49841,P49841,Y216,Phosphorylation,1.0,PhosphoSitePlus;SIGNOR;iPTMnet
P49841,P51812,unknown,Phosphorylation,1.0,PhosphoSitePlus
P49841,Q02156,unknown,Phosphorylation,0.268,SIGNOR
P49841,Q02750,Y216,Phosphorylation,100.0,PhosphoNetworks;PhosphoSitePlus;SIGNOR;iPTMnet
P49841,Q05397,unknown,Phosphorylation,0.363,SIGNOR
P49841,Q05655,unknown,Phosphorylation,1.0,PhosphoSitePlus;SIGNOR
P49841,Q13237,unknown,Phosphorylation,0.258,SIGNOR
P49841,Q13976,unknown,Phosphorylation,0.26,SIGNOR
P49841,Q15418,unknown,Phosphorylation,1.0,PhosphoSitePlus
P49841,Q15831,unknown,Phosphorylation,0.376,SIGNOR
P49841,Q16539,unknown,Phosphorylation,1.0,PhosphoSitePlus
P49841,Q6J9G0,Y,Phosphorylation,1.0,UniProt
P49841,Q96RG2,unknown,Phosphorylation,0.287,SIGNOR
P49841,Q9UBS0,unknown,Phosphorylation,1.0,PhosphoSitePlus
P49841,Q9UM73,unknown,Phosphorylation,0.248,SIGNOR
P49841,Q9Y243,unknown,Phosphorylation,1.0,PhosphoSitePlus
P49841,Q9Y4K4,unknown,Phosphorylation,1.0,PhosphoSitePlus
P49848,P50613,unknown,Phosphorylation,1.0,Reactome
P49915,P06493,unknown,Phosphorylation,1.0,PhosphoSitePlus
P49915,P24941,unknown,Phosphorylation,1.0,PhosphoSitePlus
P49916,P06493,unknown,Phosphorylation,1.0,PhosphoSitePlus
P49916,P24941,unknown,Phosphorylation,1.0,PhosphoSitePlus
P49917,P78527,unknown,Phosphorylation,1.0,PhosphoSitePlus
P49918,O14757,unknown,Phosphorylation,1.0,PhosphoSitePlus
P49918,P31749,unknown,Phosphorylation,1.0,PhosphoSitePlus
P49918,Q16539,unknown,Phosphorylation,1.0,PhosphoSitePlus;SIGNOR
P50148,P34947,unknown,Phosphorylation,1.0,Reactome
P50150,P34947,unknown,Phosphorylation,1.0,Reactome
P50151,P34947,unknown,Phosphorylation,1.0,Reactome
P50219,P49841,unknown,Phosphorylation,1.0,PhosphoSitePlus
P50221,Q9UEE5,unknown,Phosphorylation,1.93,PhosphoNetworks
P50222,Q06187,Y,Phosphorylation,1.0,UniProt
P50281,P05129,unknown,Phosphorylation,1.0,PhosphoSitePlus
P50281,P12931,Y573,Phosphorylation,1.0,PhosphoSitePlus;SIGNOR;iPTMnet
P50281,P22455,Y,Phosphorylation,1.0,UniProt
P50281,P53667,Y573,Phosphorylation,1.0,iPTMnet
P50281,Q99558,unknown,Phosphorylation,0.2,SIGNOR
P50395,Q12851,unknown,Phosphorylation,15.83,PhosphoNetworks
P50395,Q14289,unknown,Phosphorylation,1.95,PhosphoNetworks
P50402,P00519,unknown,Phosphorylation,1.0,PhosphoSitePlus
P50402,P05771,unknown,Phosphorylation,1.0,Reactome
P50402,P12931,Y59;Y74;Y95,Phosphorylation,1.0,PhosphoSitePlus;SIGNOR;iPTMnet
P50402,P17252,unknown,Phosphorylation,1.0,Reactome
P50402,P17612,unknown,Phosphorylation,1.0,PhosphoSitePlus
P50402,Q99986,unknown,Phosphorylation,1.0,Reactome
P50406,P06241,Y,Phosphorylation,1.0,UniProt
P50406,P25098,unknown,Phosphorylation,1.0,Reactome
P50406,P32298,unknown,Phosphorylation,1.0,Reactome
P50406,P34947,unknown,Phosphorylation,1.0,Reactome
P50406,P35626,unknown,Phosphorylation,1.0,Reactome
P50406,P43250,unknown,Phosphorylation,1.0,Reactome
P50406,Q15835,unknown,Phosphorylation,1.0,Reactome
P50406,Q8WTQ7,unknown,Phosphorylation,1.0,Reactome
P50461,O00238,unknown,Phosphorylation,4.49,PhosphoNetworks
P50461,O43683,unknown,Phosphorylation,2.28,PhosphoNetworks
P50461,O43781,unknown,Phosphorylation,3.74,PhosphoNetworks
P50461,O75582,unknown,Phosphorylation,1.58,PhosphoNetworks
P50461,P00540,unknown,Phosphorylation,9.03,PhosphoNetworks
P50461,P04049,unknown,Phosphorylation,3.22,PhosphoNetworks
P50461,P06241,unknown,Phosphorylation,3.22,PhosphoNetworks
P50461,P07948,unknown,Phosphorylation,1.88,PhosphoNetworks
P50461,P11309,unknown,Phosphorylation,1.88,PhosphoNetworks
P50461,P11362,unknown,Phosphorylation,4.57,PhosphoNetworks
P50461,P11802,unknown,Phosphorylation,50.32,PhosphoNetworks
P50461,P17252,unknown,Phosphorylation,29.12,PhosphoNetworks
P50461,P17612,unknown,Phosphorylation,2.25,PhosphoNetworks
P50461,P22455,unknown,Phosphorylation,3.22,PhosphoNetworks
P50461,P28482,unknown,Phosphorylation,1.58,PhosphoNetworks
P50461,P30291,unknown,Phosphorylation,2.28,PhosphoNetworks
P50461,P31749,unknown,Phosphorylation,2.62,PhosphoNetworks
P50461,P36894,unknown,Phosphorylation,3.22,PhosphoNetworks
P50461,P37173,unknown,Phosphorylation,3.22,PhosphoNetworks
P50461,P42685,unknown,Phosphorylation,1.58,PhosphoNetworks
P50461,P49759,unknown,Phosphorylation,2.28,PhosphoNetworks
P50461,P49841,unknown,Phosphorylation,1.58,PhosphoNetworks
P50461,P50613,unknown,Phosphorylation,2.28,PhosphoNetworks
P50461,P50750,unknown,Phosphorylation,2.28,PhosphoNetworks
P50461,P51957,unknown,Phosphorylation,3.74,PhosphoNetworks
P50461,P68400,unknown,Phosphorylation,4.38,PhosphoNetworks
P50461,Q00534,unknown,Phosphorylation,2.25,PhosphoNetworks
P50461,Q00535,unknown,Phosphorylation,24.59,PhosphoNetworks
P50461,Q05397,unknown,Phosphorylation,12.84,PhosphoNetworks
P50461,Q05655,unknown,Phosphorylation,1.58,PhosphoNetworks
P50461,Q08881,unknown,Phosphorylation,3.22,PhosphoNetworks
P50461,Q13153,unknown,Phosphorylation,1.88,PhosphoNetworks
P50461,Q13873,unknown,Phosphorylation,4.49,PhosphoNetworks
P50461,Q15349,unknown,Phosphorylation,1.58,PhosphoNetworks
P50461,Q16512,unknown,Phosphorylation,10.68,PhosphoNetworks
P50461,Q16539,unknown,Phosphorylation,1.58,PhosphoNetworks
P50461,Q16566,unknown,Phosphorylation,1.58,PhosphoNetworks
P50461,Q16644,unknown,Phosphorylation,2.25,PhosphoNetworks
P50461,Q6J9G0,unknown,Phosphorylation,7.49,PhosphoNetworks
P50461,Q8IW41,unknown,Phosphorylation,1.58,PhosphoNetworks
P50461,Q8N5S9,unknown,Phosphorylation,1.58,PhosphoNetworks
P50461,Q8NE63,unknown,Phosphorylation,1.6,PhosphoNetworks
P50461,Q8TAS1,unknown,Phosphorylation,1.58,PhosphoNetworks
P50461,Q99986,unknown,Phosphorylation,2.28,PhosphoNetworks
P50461,Q9HC98,unknown,Phosphorylation,1.58,PhosphoNetworks
P50461,Q9NRH2,unknown,Phosphorylation,2.28,PhosphoNetworks
P50461,Q9UBE8,unknown,Phosphorylation,1.58,PhosphoNetworks
P50461,Q9UEE5,unknown,Phosphorylation,3.74,PhosphoNetworks
P50461,Q9UQM7,unknown,Phosphorylation,9.03,PhosphoNetworks
P50479,P17612,unknown,Phosphorylation,1.0,PhosphoSitePlus
P50502,P34947,unknown,Phosphorylation,1.0,PhosphoSitePlus
P50548,P06239,unknown,Phosphorylation,2.64,PhosphoNetworks
P50548,P06493,unknown,Phosphorylation,0.2,SIGNOR
P50548,P28482,unknown,Phosphorylation,1.0,PhosphoNetworks;PhosphoSitePlus
P50548,P45983,unknown,Phosphorylation,2.75,PhosphoNetworks
P50548,Q05655,unknown,Phosphorylation,7.73,PhosphoNetworks
P50548,Q9UEE5,unknown,Phosphorylation,1.93,PhosphoNetworks
P50548,Q9Y463,unknown,Phosphorylation,17.99,PhosphoNetworks
P50549,P17612,unknown,Phosphorylation,1.0,PhosphoSitePlus
P50549,P45983,unknown,Phosphorylation,2.7,PhosphoNetworks
P50549,P49137,unknown,Phosphorylation,0.613,SIGNOR
P50549,Q13535,unknown,Phosphorylation,0.2,SIGNOR
P50549,Q15418,unknown,Phosphorylation,100.0,PhosphoNetworks
P50552,P17252,unknown,Phosphorylation,1.0,PhosphoSitePlus
P50552,P17612,unknown,Phosphorylation,1.0,PhosphoSitePlus
P50552,P54646,unknown,Phosphorylation,1.0,PhosphoSitePlus
P50552,Q13131,unknown,Phosphorylation,1.0,PhosphoSitePlus
P50552,Q13976,unknown,Phosphorylation,1.0,PhosphoSitePlus;SIGNOR
P50552,Q15139,unknown,Phosphorylation,1.0,PhosphoSitePlus
P50552,Q15418,unknown,Phosphorylation,1.0,PhosphoSitePlus
P50552,Q9UM73,unknown,Phosphorylation,1.0,PhosphoSitePlus
P50553,P68400,unknown,Phosphorylation,1.0,PhosphoSitePlus
P50570,P06241,Y,Phosphorylation,1.0,UniProt
P50570,P06493,unknown,Phosphorylation,1.0,PhosphoSitePlus
P50570,P07948,Y,Phosphorylation,1.0,UniProt
P50570,P12931,Y231;Y597,Phosphorylation,0.558,SIGNOR
P50570,P24941,unknown,Phosphorylation,1.0,PhosphoSitePlus
P50570,P49674,unknown,Phosphorylation,18.54,PhosphoNetworks
P50613,P06493,unknown,Phosphorylation,1.0,PhosphoSitePlus
P50613,P24941,unknown,Phosphorylation,1.0,PhosphoSitePlus
P50613,P41743,unknown,Phosphorylation,1.0,PhosphoSitePlus
P50613,Q9HC98,unknown,Phosphorylation,1.0,PhosphoSitePlus
P50616,P22607,Y,Phosphorylation,1.0,UniProt
P50616,P27361,unknown,Phosphorylation,1.0,PhosphoSitePlus
P50616,P28482,unknown,Phosphorylation,1.0,PhosphoSitePlus
P50616,P45984,unknown,Phosphorylation,1.0,PhosphoSitePlus
P50747,O00418,unknown,Phosphorylation,1.67,PhosphoNetworks
P50747,O00506,unknown,Phosphorylation,1.67,PhosphoNetworks
P50747,O14733,unknown,Phosphorylation,1.96,PhosphoNetworks
P50747,O15530,unknown,Phosphorylation,3.13,PhosphoNetworks
P50747,O43353,unknown,Phosphorylation,1.67,PhosphoNetworks
P50747,O75582,unknown,Phosphorylation,1.99,PhosphoNetworks
P50747,O75676,unknown,Phosphorylation,1.61,PhosphoNetworks
P50747,P04049,unknown,Phosphorylation,4.02,PhosphoNetworks
P50747,P06241,unknown,Phosphorylation,4.02,PhosphoNetworks
P50747,P07947,unknown,Phosphorylation,1.67,PhosphoNetworks
P50747,P07948,unknown,Phosphorylation,6.91,PhosphoNetworks
P50747,P08631,unknown,Phosphorylation,1.67,PhosphoNetworks
P50747,P11309,unknown,Phosphorylation,6.91,PhosphoNetworks
P50747,P11362,unknown,Phosphorylation,4.02,PhosphoNetworks
P50747,P11802,unknown,Phosphorylation,1.61,PhosphoNetworks
P50747,P17612,unknown,Phosphorylation,1.99,PhosphoNetworks
P50747,P22694,unknown,Phosphorylation,1.96,PhosphoNetworks
P50747,P23443,unknown,Phosphorylation,2.16,PhosphoNetworks
P50747,P28482,unknown,Phosphorylation,1.96,PhosphoNetworks
P50747,P29320,unknown,Phosphorylation,5.2,PhosphoNetworks
P50747,P34947,unknown,Phosphorylation,2.38,PhosphoNetworks
P50747,P36894,unknown,Phosphorylation,5.2,PhosphoNetworks
P50747,P37173,unknown,Phosphorylation,4.02,PhosphoNetworks
P50747,P42679,unknown,Phosphorylation,1.64,PhosphoNetworks
P50747,P42684,unknown,Phosphorylation,1.67,PhosphoNetworks
P50747,P43403,unknown,Phosphorylation,1.64,PhosphoNetworks
P50747,P43405,unknown,Phosphorylation,2.38,PhosphoNetworks
P50747,P49760,unknown,Phosphorylation,1.61,PhosphoNetworks
P50747,P49761,unknown,Phosphorylation,1.99,PhosphoNetworks
P50747,P49841,unknown,Phosphorylation,1.96,PhosphoNetworks
P50747,P51813,unknown,Phosphorylation,2.16,PhosphoNetworks
P50747,P51955,unknown,Phosphorylation,1.99,PhosphoNetworks
P50747,P53671,unknown,Phosphorylation,1.99,PhosphoNetworks
P50747,P53778,unknown,Phosphorylation,2.16,PhosphoNetworks
P50747,P53779,unknown,Phosphorylation,2.42,PhosphoNetworks
P50747,P54762,unknown,Phosphorylation,4.02,PhosphoNetworks
P50747,P78368,unknown,Phosphorylation,2.16,PhosphoNetworks
P50747,Q00534,unknown,Phosphorylation,2.58,PhosphoNetworks
P50747,Q05513,unknown,Phosphorylation,2.42,PhosphoNetworks
P50747,Q05655,unknown,Phosphorylation,1.96,PhosphoNetworks
P50747,Q08881,unknown,Phosphorylation,3.95,PhosphoNetworks
P50747,Q12851,unknown,Phosphorylation,2.16,PhosphoNetworks
P50747,Q13188,unknown,Phosphorylation,1.99,PhosphoNetworks
P50747,Q14289,unknown,Phosphorylation,2.38,PhosphoNetworks
P50747,Q15208,unknown,Phosphorylation,1.96,PhosphoNetworks
P50747,Q16512,unknown,Phosphorylation,2.2,PhosphoNetworks
P50747,Q16539,unknown,Phosphorylation,1.96,PhosphoNetworks
P50747,Q16644,unknown,Phosphorylation,1.96,PhosphoNetworks
P50747,Q59H18,unknown,Phosphorylation,1.99,PhosphoNetworks
P50747,Q6P2M8,unknown,Phosphorylation,1.99,PhosphoNetworks
P50747,Q6P5Z2,unknown,Phosphorylation,1.99,PhosphoNetworks
P50747,Q8N2I9,unknown,Phosphorylation,1.99,PhosphoNetworks
P50747,Q8N5S9,unknown,Phosphorylation,1.99,PhosphoNetworks
P50747,Q8NEV4,unknown,Phosphorylation,1.64,PhosphoNetworks
P50747,Q8NG66,unknown,Phosphorylation,1.64,PhosphoNetworks
P50747,Q8TAS1,unknown,Phosphorylation,1.96,PhosphoNetworks
P50747,Q8TDX7,unknown,Phosphorylation,2.16,PhosphoNetworks
P50747,Q92630,unknown,Phosphorylation,1.96,PhosphoNetworks
P50747,Q96PF2,unknown,Phosphorylation,1.67,PhosphoNetworks
P50747,Q96SB4,unknown,Phosphorylation,1.99,PhosphoNetworks
P50747,Q99558,unknown,Phosphorylation,1.64,PhosphoNetworks
P50747,Q9BQI3,unknown,Phosphorylation,1.64,PhosphoNetworks
P50747,Q9BUB5,unknown,Phosphorylation,1.99,PhosphoNetworks
P50747,Q9H4A3,unknown,Phosphorylation,1.96,PhosphoNetworks
P50747,Q9HC98,unknown,Phosphorylation,2.58,PhosphoNetworks
P50747,Q9NRP7,unknown,Phosphorylation,1.99,PhosphoNetworks
P50747,Q9UBE8,unknown,Phosphorylation,1.96,PhosphoNetworks
P50747,Q9UHD2,unknown,Phosphorylation,1.67,PhosphoNetworks
P50747,Q9Y2H9,unknown,Phosphorylation,2.38,PhosphoNetworks
P50747,Q9Y572,unknown,Phosphorylation,1.67,PhosphoNetworks
P50747,Q9Y6E0,unknown,Phosphorylation,1.67,PhosphoNetworks
P50748,P06493,unknown,Phosphorylation,1.0,Reactome
P50748,P53350,unknown,Phosphorylation,1.0,Reactome
P50750,O76039,unknown,Phosphorylation,2.55,PhosphoNetworks
P50750,P27361,unknown,Phosphorylation,2.75,PhosphoNetworks
P50750,P31749,unknown,Phosphorylation,2.68,PhosphoNetworks
P50750,P49840,unknown,Phosphorylation,2.75,PhosphoNetworks
P50750,P50750,unknown,Phosphorylation,1.0,PhosphoSitePlus
P50750,Q05397,unknown,Phosphorylation,2.75,PhosphoNetworks
P50750,Q05655,unknown,Phosphorylation,10.19,PhosphoNetworks
P50750,Q06187,unknown,Phosphorylation,7.87,PhosphoNetworks
P50750,Q13164,unknown,Phosphorylation,2.75,PhosphoNetworks
P50895,P17612,unknown,Phosphorylation,1.0,PhosphoSitePlus
P50895,P49841,unknown,Phosphorylation,1.0,PhosphoSitePlus
P50895,P68400,unknown,Phosphorylation,1.0,PhosphoSitePlus
P50995,P11802,unknown,Phosphorylation,3.24,PhosphoNetworks
P51003,P27361,unknown,Phosphorylation,1.0,PhosphoSitePlus
P51003,P28482,unknown,Phosphorylation,1.0,PhosphoSitePlus
P51003,Q92989,unknown,Phosphorylation,1.0,Reactome
P51114,P07947,Y,Phosphorylation,1.0,UniProt
P51114,P51451,Y,Phosphorylation,1.0,UniProt
P51114,Q13153,unknown,Phosphorylation,1.0,PhosphoSitePlus
P51116,P07947,Y,Phosphorylation,1.0,UniProt
P51116,P51451,Y,Phosphorylation,1.0,UniProt
P51168,O00141,unknown,Phosphorylation,1.0,Reactome
P51168,P04049,unknown,Phosphorylation,1.0,Reactome
P51168,Q96BR1,unknown,Phosphorylation,1.0,Reactome
P51168,Q9HBY8,unknown,Phosphorylation,1.0,Reactome
P51170,O00141,unknown,Phosphorylation,1.0,Reactome
P51170,P04049,unknown,Phosphorylation,1.0,Reactome
P51170,Q96BR1,unknown,Phosphorylation,1.0,Reactome
P51170,Q9HBY8,unknown,Phosphorylation,1.0,Reactome
P51172,O00141,unknown,Phosphorylation,1.0,Reactome
P51172,P04049,unknown,Phosphorylation,1.0,Reactome
P51172,Q96BR1,unknown,Phosphorylation,1.0,Reactome
P51172,Q9HBY8,unknown,Phosphorylation,1.0,Reactome
P51397,P42345,unknown,Phosphorylation,1.0,PhosphoSitePlus
P51398,P17612,unknown,Phosphorylation,1.0,PhosphoSitePlus
P51398,Q05655,unknown,Phosphorylation,1.0,PhosphoSitePlus
P51451,P00533,Y,Phosphorylation,1.0,UniProt
P51451,P10721,Y,Phosphorylation,1.0,UniProt
P51452,P29597,Y138,Phosphorylation,1.0,SIGNOR;iPTMnet
P51452,P43403,Y138;Y38,Phosphorylation,100.0,PhosphoNetworks;PhosphoSitePlus;SIGNOR;iPTMnet
P51452,P43405,unknown,Phosphorylation,100.0,PhosphoNetworks;PhosphoSitePlus
P51508,P51956,unknown,Phosphorylation,1.93,PhosphoNetworks
P51530,O96017,unknown,Phosphorylation,0.528,SIGNOR
P51532,O43683,unknown,Phosphorylation,24.16,PhosphoNetworks
P51532,P52333,Y,Phosphorylation,1.0,UniProt
P51532,Q13315,unknown,Phosphorylation,1.0,PhosphoSitePlus
P51587,O14757,unknown,Phosphorylation,1.0,Reactome
P51587,P53350,unknown,Phosphorylation,100.0,PhosphoNetworks;PhosphoSitePlus
P51608,P07948,Y,Phosphorylation,1.0,UniProt
P51608,Q96GD4,unknown,Phosphorylation,1.0,Reactome
P51608,Q9H2X6,unknown,Phosphorylation,1.0,PhosphoSitePlus;Reactome
P51617,P06239,unknown,Phosphorylation,1.91,PhosphoNetworks
P51617,P31749,unknown,Phosphorylation,1.0,PhosphoSitePlus
P51617,P41743,unknown,Phosphorylation,1.0,PhosphoSitePlus
P51617,P51617,unknown,Phosphorylation,1.0,PhosphoSitePlus
P51617,Q9NWZ3,unknown,Phosphorylation,1.0,PhosphoSitePlus;SIGNOR
P51636,P00533,Y,Phosphorylation,1.0,UniProt
P51636,P12931,Y19;Y27,Phosphorylation,1.0,PhosphoSitePlus;SIGNOR;iPTMnet
P51636,P68400,unknown,Phosphorylation,1.0,PhosphoSitePlus
P51649,P24941,unknown,Phosphorylation,1.0,PhosphoSitePlus
P51668,O60674,unknown,Phosphorylation,1.0,Reactome
P51668,P07948,unknown,Phosphorylation,1.0,Reactome
P51668,P08631,unknown,Phosphorylation,1.0,Reactome
P51668,P23458,unknown,Phosphorylation,1.0,Reactome
P51668,P29597,unknown,Phosphorylation,1.0,Reactome
P51668,P43405,unknown,Phosphorylation,1.0,Reactome
P51668,P53350,unknown,Phosphorylation,1.0,Reactome
P51674,P17252,unknown,Phosphorylation,100.0,PhosphoNetworks
P51692,O60674,Y699,Phosphorylation,1.0,PhosphoSitePlus;SIGNOR;iPTMnet
P51692,P00519,Y,Phosphorylation,1.0,UniProt
P51692,P00533,Y699;Y725;Y740;Y743,Phosphorylation,1.0,SIGNOR;UniProt;iPTMnet
P51692,P06213,Y699,Phosphorylation,1.0,PhosphoSitePlus;iPTMnet
P51692,P06239,unknown,Phosphorylation,0.647,SIGNOR
P51692,P08631,unknown,Phosphorylation,100.0,PhosphoNetworks;PhosphoSitePlus
P51692,P11274,unknown,Phosphorylation,1.0,Reactome
P51692,P12931,Y679;Y699,Phosphorylation,1.0,PhosphoSitePlus;SIGNOR;iPTMnet
P51692,P27361,unknown,Phosphorylation,1.0,Reactome
P51692,P52333,unknown,Phosphorylation,1.0,Reactome
P51692,P54764,unknown,Phosphorylation,0.376,SIGNOR
P51692,Q06187,unknown,Phosphorylation,34.33,PhosphoNetworks
P51692,Q13164,unknown,Phosphorylation,1.0,Reactome
P51692,Q13882,Y699,Phosphorylation,1.0,PhosphoSitePlus;SIGNOR;iPTMnet
P51692,Q16659,unknown,Phosphorylation,1.0,Reactome
P51692,Q8TD08,unknown,Phosphorylation,1.0,Reactome
P51693,P17252,unknown,Phosphorylation,1.0,PhosphoSitePlus
P51787,P17612,unknown,Phosphorylation,1.0,PhosphoSitePlus
P51790,Q9UQM7,unknown,Phosphorylation,1.0,PhosphoSitePlus
P51805,P07332,unknown,Phosphorylation,1.0,Reactome
P51805,P49841,unknown,Phosphorylation,1.0,Reactome
P51809,P12931,unknown,Phosphorylation,1.0,PhosphoSitePlus
P51812,O15530,unknown,Phosphorylation,1.0,PhosphoSitePlus
P51812,P06241,Y529,Phosphorylation,1.0,PhosphoSitePlus;SIGNOR;iPTMnet
P51812,P11362,unknown,Phosphorylation,100.0,PhosphoNetworks
P51812,P12931,Y488;Y529,Phosphorylation,1.0,PhosphoSitePlus;SIGNOR;iPTMnet
P51812,P22607,Y529;Y707,Phosphorylation,1.0,PhosphoSitePlus;iPTMnet
P51812,P27361,unknown,Phosphorylation,100.0,PhosphoNetworks;PhosphoSitePlus;Reactome;SIGNOR
P51812,P28482,unknown,Phosphorylation,1.0,PhosphoSitePlus;Reactome;SIGNOR
P51812,P35916,Y707,Phosphorylation,1.0,SIGNOR;iPTMnet
P51812,P49137,unknown,Phosphorylation,1.0,PhosphoSitePlus
P51812,P51812,unknown,Phosphorylation,1.0,PhosphoSitePlus
P51812,Q13164,unknown,Phosphorylation,1.0,Reactome;SIGNOR
P51813,O15530,unknown,Phosphorylation,22.91,PhosphoNetworks
P51813,O75582,unknown,Phosphorylation,18.88,PhosphoNetworks
P51813,P12931,Y566,Phosphorylation,1.0,PhosphoSitePlus;SIGNOR;iPTMnet
P51813,P22455,unknown,Phosphorylation,38.08,PhosphoNetworks
P51813,P27361,unknown,Phosphorylation,10.03,PhosphoNetworks
P51813,P31749,unknown,Phosphorylation,66.64,PhosphoNetworks
P51813,P34947,unknown,Phosphorylation,22.91,PhosphoNetworks
P51813,P36894,unknown,Phosphorylation,2.45,PhosphoNetworks
P51813,P37173,unknown,Phosphorylation,49.28,PhosphoNetworks
P51813,P41743,unknown,Phosphorylation,18.88,PhosphoNetworks
P51813,P42680,Y216;Y224,Phosphorylation,1.0,PhosphoSitePlus;SIGNOR;iPTMnet
P51813,P48730,unknown,Phosphorylation,20.48,PhosphoNetworks
P51813,P51813,Y216;Y224;Y566,Phosphorylation,1.0,iPTMnet
P51813,P53350,unknown,Phosphorylation,11.55,PhosphoNetworks
P51813,Q05397,Y40,Phosphorylation,1.0,PhosphoNetworks;iPTMnet
P51813,Q06187,Y216;Y224,Phosphorylation,1.0,PhosphoNetworks;PhosphoSitePlus;SIGNOR;iPTMnet
P51813,Q06418,unknown,Phosphorylation,7.75,PhosphoNetworks
P51813,Q08881,Y216;Y224,Phosphorylation,1.0,PhosphoSitePlus;iPTMnet
P51813,Q13557,unknown,Phosphorylation,7.75,PhosphoNetworks
P51813,Q86Z02,unknown,Phosphorylation,18.88,PhosphoNetworks
P51813,Q9NR20,unknown,Phosphorylation,1.67,PhosphoNetworks
P51828,Q05655,unknown,Phosphorylation,0.555,SIGNOR
P51911,P06241,Y182;Y261,Phosphorylation,1.0,iPTMnet
P51946,P19784,unknown,Phosphorylation,1.0,PhosphoSitePlus
P51946,P49336,unknown,Phosphorylation,1.0,PhosphoSitePlus
P51946,P68400,unknown,Phosphorylation,1.0,PhosphoSitePlus
P51955,P51955,unknown,Phosphorylation,1.0,PhosphoSitePlus
P51955,P53350,unknown,Phosphorylation,1.0,Reactome
P51955,Q13188,unknown,Phosphorylation,1.0,PhosphoSitePlus
P51956,Q02750,unknown,Phosphorylation,1.93,PhosphoNetworks
P51965,P53350,unknown,Phosphorylation,1.0,Reactome
P52209,P06241,Y481,Phosphorylation,1.0,SIGNOR;iPTMnet
P52272,O14757,unknown,Phosphorylation,1.0,PhosphoSitePlus
P52292,O14757,unknown,Phosphorylation,1.0,PhosphoSitePlus
P52292,Q13131,unknown,Phosphorylation,1.0,PhosphoSitePlus
P52294,O14757,unknown,Phosphorylation,1.0,PhosphoSitePlus
P52294,Q9HAZ1,Y,Phosphorylation,1.0,UniProt
P52298,O75716,unknown,Phosphorylation,6.32,PhosphoNetworks
P52298,P23443,unknown,Phosphorylation,2.47,PhosphoNetworks
P52298,P49760,unknown,Phosphorylation,2.71,PhosphoNetworks
P52298,P50613,unknown,Phosphorylation,2.71,PhosphoNetworks
P52298,P50750,unknown,Phosphorylation,1.0,Reactome
P52298,Q92989,unknown,Phosphorylation,1.0,Reactome
P52298,Q9UEE5,unknown,Phosphorylation,2.55,PhosphoNetworks
P52333,P23458,unknown,Phosphorylation,0.536,SIGNOR
P52333,P52333,Y785;Y904;Y939;Y980;Y981,Phosphorylation,1.0,PhosphoSitePlus;SIGNOR;iPTMnet
P52434,P50750,unknown,Phosphorylation,1.0,Reactome
P52435,P50750,unknown,Phosphorylation,1.0,Reactome
P52564,O43318,unknown,Phosphorylation,1.0,PhosphoSitePlus;Reactome;SIGNOR
P52564,O43353,unknown,Phosphorylation,1.0,Reactome
P52564,P19525,unknown,Phosphorylation,1.0,Reactome;SIGNOR
P52564,P41279,unknown,Phosphorylation,1.0,PhosphoSitePlus
P52564,P51617,unknown,Phosphorylation,1.0,Reactome
P52564,P52564,unknown,Phosphorylation,1.0,PhosphoSitePlus;SIGNOR
P52564,Q99683,unknown,Phosphorylation,1.0,PhosphoSitePlus;Reactome;SIGNOR
P52564,Q9Y6R4,unknown,Phosphorylation,0.656,SIGNOR
P52565,P12931,Y156,Phosphorylation,1.0,PhosphoSitePlus;SIGNOR;iPTMnet
P52565,P16591,unknown,Phosphorylation,0.2,SIGNOR
P52565,P17252,unknown,Phosphorylation,1.0,PhosphoSitePlus
P52565,P17612,unknown,Phosphorylation,1.0,PhosphoSitePlus
P52565,Q05513,unknown,Phosphorylation,0.247,SIGNOR
P52565,Q13153,unknown,Phosphorylation,100.0,PhosphoNetworks;PhosphoSitePlus
P52566,P12931,Y153;Y24,Phosphorylation,1.0,PhosphoSitePlus;SIGNOR;iPTMnet
P52566,P17252,unknown,Phosphorylation,1.0,PhosphoSitePlus
P52566,P43405,unknown,Phosphorylation,1.0,PhosphoSitePlus
P52566,Q14289,unknown,Phosphorylation,30.21,PhosphoNetworks
P52566,Q9NYL2,unknown,Phosphorylation,0.2,SIGNOR
P52630,P06239,unknown,Phosphorylation,1.0,PhosphoSitePlus
P52630,P23458,Y690,Phosphorylation,1.0,SIGNOR;iPTMnet
P52630,P29597,Y,Phosphorylation,1.0,SIGNOR;UniProt
P52655,P21675,unknown,Phosphorylation,1.0,PhosphoSitePlus
P52655,P22607,Y,Phosphorylation,1.0,UniProt
P52655,P50613,unknown,Phosphorylation,1.0,Reactome
P52657,P50613,unknown,Phosphorylation,1.0,Reactome
P52732,P06493,unknown,Phosphorylation,1.0,PhosphoSitePlus
P52735,O75914,unknown,Phosphorylation,1.0,Reactome
P52735,P00533,Y142;Y159;Y172,Phosphorylation,1.0,PhosphoSitePlus;SIGNOR;iPTMnet
P52735,P04626,Y,Phosphorylation,1.0,UniProt
P52735,P06239,unknown,Phosphorylation,100.0,PhosphoNetworks;Reactome
P52735,P06241,unknown,Phosphorylation,1.0,Reactome
P52735,P07948,unknown,Phosphorylation,1.0,Reactome
P52735,P12931,unknown,Phosphorylation,1.0,Reactome;SIGNOR
P52735,P35968,unknown,Phosphorylation,1.0,Reactome
P52735,P43405,unknown,Phosphorylation,1.0,Reactome
P52735,Q05397,unknown,Phosphorylation,1.0,Reactome
P52735,Q13153,unknown,Phosphorylation,1.0,Reactome
P52735,Q13177,unknown,Phosphorylation,1.0,Reactome
P52735,Q16620,unknown,Phosphorylation,0.302,SIGNOR
P52737,P49760,Y,Phosphorylation,1.0,UniProt
P52757,P06239,Y153,Phosphorylation,1.0,PhosphoSitePlus;SIGNOR
P52757,P06241,Y21,Phosphorylation,1.0,PhosphoSitePlus;SIGNOR;iPTMnet
P52757,P12931,Y21,Phosphorylation,1.0,PhosphoSitePlus;SIGNOR;iPTMnet
P52757,Q05655,unknown,Phosphorylation,1.0,PhosphoSitePlus
P52789,P12931,unknown,Phosphorylation,0.364,SIGNOR
P52789,P31749,unknown,Phosphorylation,1.0,PhosphoSitePlus
P52793,Q15375,Y,Phosphorylation,1.0,UniProt
P52798,P54764,Y,Phosphorylation,1.0,UniProt
P52799,P54760,Y,Phosphorylation,1.0,UniProt
P52799,P54764,Y,Phosphorylation,1.0,UniProt
P52800,P12931,Y,Phosphorylation,1.0,UniProt
P52803,P29317,Y,Phosphorylation,1.0,UniProt
P52803,P54764,Y,Phosphorylation,1.0,UniProt
P52803,Q15375,Y,Phosphorylation,1.0,UniProt
P52907,P68400,unknown,Phosphorylation,1.0,PhosphoSitePlus
P52926,P06493,unknown,Phosphorylation,1.0,PhosphoSitePlus
P52926,P68400,unknown,Phosphorylation,1.0,PhosphoSitePlus
P52943,P17612,unknown,Phosphorylation,4.26,PhosphoNetworks
P52945,P28482,unknown,Phosphorylation,1.0,PhosphoSitePlus
P52945,P45984,unknown,Phosphorylation,1.0,PhosphoSitePlus
P52945,P49841,unknown,Phosphorylation,1.0,PhosphoSitePlus
P52945,P68400,unknown,Phosphorylation,1.0,PhosphoSitePlus
P52945,P78527,unknown,Phosphorylation,1.0,PhosphoSitePlus
P52945,Q16539,unknown,Phosphorylation,1.0,PhosphoSitePlus
P52945,Q96RG2,unknown,Phosphorylation,1.0,PhosphoSitePlus
P52945,Q9H2X6,unknown,Phosphorylation,1.0,PhosphoSitePlus
P52948,P06493,unknown,Phosphorylation,1.0,PhosphoSitePlus;Reactome
P52948,P24941,unknown,Phosphorylation,1.0,PhosphoSitePlus
P52948,P53350,unknown,Phosphorylation,1.0,Reactome
P52948,Q8TD19,unknown,Phosphorylation,1.0,Reactome
P52948,Q9HC98,unknown,Phosphorylation,1.0,PhosphoSitePlus;Reactome
P52952,P68400,unknown,Phosphorylation,1.0,PhosphoSitePlus
P53004,P06213,unknown,Phosphorylation,1.0,PhosphoSitePlus
P53004,P17252,unknown,Phosphorylation,1.0,PhosphoSitePlus
P53004,P27361,unknown,Phosphorylation,1.0,PhosphoSitePlus
P53004,Q05655,unknown,Phosphorylation,1.0,PhosphoSitePlus
P53041,P29320,unknown,Phosphorylation,4.57,PhosphoNetworks
P53041,P49760,unknown,Phosphorylation,4.27,PhosphoNetworks
P53041,Q14289,unknown,Phosphorylation,17.86,PhosphoNetworks
P53041,Q8N5S9,unknown,Phosphorylation,1.58,PhosphoNetworks
P53350,O14965,unknown,Phosphorylation,1.0,PhosphoSitePlus
P53350,O15530,unknown,Phosphorylation,0.2,SIGNOR
P53350,O94804,unknown,Phosphorylation,1.0,PhosphoSitePlus
P53350,P00519,Y425,Phosphorylation,1.0,SIGNOR;iPTMnet
P53350,P19525,unknown,Phosphorylation,2.75,PhosphoNetworks
P53350,P30291,Y,Phosphorylation,1.0,UniProt
P53350,P41279,unknown,Phosphorylation,1.0,PhosphoSitePlus
P53350,P49137,unknown,Phosphorylation,1.0,PhosphoSitePlus
P53350,P78527,unknown,Phosphorylation,0.428,SIGNOR
P53350,Q13153,unknown,Phosphorylation,1.0,PhosphoSitePlus
P53350,Q13315,unknown,Phosphorylation,0.432,SIGNOR
P53350,Q8TD19,unknown,Phosphorylation,7.87,PhosphoNetworks
P53355,P12931,Y490;Y491,Phosphorylation,1.0,SIGNOR;iPTMnet
P53355,P28482,unknown,Phosphorylation,100.0,PhosphoNetworks;PhosphoSitePlus
P53355,P51812,unknown,Phosphorylation,100.0,PhosphoNetworks;PhosphoSitePlus
P53355,P53355,unknown,Phosphorylation,1.0,PhosphoSitePlus
P53355,Q15418,unknown,Phosphorylation,1.0,PhosphoSitePlus
P53365,P31749,unknown,Phosphorylation,1.0,PhosphoSitePlus
P53367,Q15139,unknown,Phosphorylation,1.0,PhosphoSitePlus
P53396,O14874,unknown,Phosphorylation,0.2,SIGNOR
P53396,P07948,Y227;Y252;Y682,Phosphorylation,0.2,SIGNOR
P53396,P12931,Y1006;Y227;Y252;Y682,Phosphorylation,0.265,SIGNOR
P53396,P31749,unknown,Phosphorylation,1.0,PhosphoSitePlus
P53420,Q05397,unknown,Phosphorylation,1.0,Reactome
P53420,Q14289,unknown,Phosphorylation,1.0,Reactome
P53539,P68400,unknown,Phosphorylation,1.0,PhosphoSitePlus
P53539,Q01974,Y,Phosphorylation,1.0,UniProt
P53539,Q9UQM7,unknown,Phosphorylation,1.0,PhosphoSitePlus
P53634,P48730,unknown,Phosphorylation,1.0,Reactome
P53667,O14965,unknown,Phosphorylation,0.262,SIGNOR
P53667,O75116,unknown,Phosphorylation,1.0,Reactome
P53667,O75914,unknown,Phosphorylation,1.0,Reactome
P53667,P06241,unknown,Phosphorylation,1.0,Reactome
P53667,P07332,unknown,Phosphorylation,1.0,Reactome
P53667,P49137,unknown,Phosphorylation,1.0,PhosphoSitePlus
P53667,Q13153,unknown,Phosphorylation,100.0,PhosphoNetworks;PhosphoSitePlus;Reactome
P53667,Q13177,unknown,Phosphorylation,1.0,Reactome
P53667,Q13464,unknown,Phosphorylation,1.0,PhosphoSitePlus;Reactome
P53667,Q16539,unknown,Phosphorylation,1.0,PhosphoSitePlus
P53667,Q9NQU5,unknown,Phosphorylation,1.0,PhosphoSitePlus
P53671,O14965,unknown,Phosphorylation,1.0,PhosphoSitePlus
P53671,O75116,unknown,Phosphorylation,1.0,PhosphoSitePlus
P53671,Q05655,unknown,Phosphorylation,100.0,PhosphoNetworks;PhosphoSitePlus
P53671,Q13464,unknown,Phosphorylation,1.0,PhosphoSitePlus
P53677,P22607,Y,Phosphorylation,1.0,UniProt
P53680,O75582,unknown,Phosphorylation,1.0,Reactome
P53680,O75676,unknown,Phosphorylation,1.0,Reactome
P53680,P05129,unknown,Phosphorylation,1.0,Reactome
P53680,P05771,unknown,Phosphorylation,1.0,Reactome
P53680,P17252,unknown,Phosphorylation,1.0,Reactome
P53680,P28482,unknown,Phosphorylation,1.0,Reactome
P53680,P51812,unknown,Phosphorylation,1.0,Reactome
P53680,Q15349,unknown,Phosphorylation,1.0,Reactome
P53680,Q15418,unknown,Phosphorylation,1.0,Reactome
P53680,Q9UK32,unknown,Phosphorylation,1.0,Reactome
P53708,Q05397,unknown,Phosphorylation,1.0,Reactome
P53708,Q14289,unknown,Phosphorylation,1.0,Reactome
P53778,O15530,unknown,Phosphorylation,16.11,PhosphoNetworks
P53778,O60674,unknown,Phosphorylation,5.45,PhosphoNetworks
P53778,O76039,unknown,Phosphorylation,1.61,PhosphoNetworks
P53778,O96013,unknown,Phosphorylation,7.75,PhosphoNetworks
P53778,P06239,unknown,Phosphorylation,16.11,PhosphoNetworks
P53778,P06241,unknown,Phosphorylation,1.0,Reactome
P53778,P12931,unknown,Phosphorylation,1.0,Reactome
P53778,P22455,unknown,Phosphorylation,2.41,PhosphoNetworks
P53778,P35968,unknown,Phosphorylation,1.0,Reactome
P53778,P43405,unknown,Phosphorylation,16.11,PhosphoNetworks
P53778,P45983,unknown,Phosphorylation,10.03,PhosphoNetworks
P53778,P45985,Y185,Phosphorylation,100.0,PhosphoNetworks;Reactome;iPTMnet
P53778,P46734,Y185,Phosphorylation,100.0,PhosphoNetworks;SIGNOR;iPTMnet
P53778,P52564,Y185,Phosphorylation,100.0,PhosphoNetworks;PhosphoSitePlus;Reactome;SIGNOR;iPTMnet
P53778,P53778,unknown,Phosphorylation,1.0,PhosphoSitePlus
P53778,Q00535,unknown,Phosphorylation,18.88,PhosphoNetworks
P53778,Q05397,unknown,Phosphorylation,5.45,PhosphoNetworks
P53778,Q06187,unknown,Phosphorylation,18.54,PhosphoNetworks
P53778,Q12851,unknown,Phosphorylation,20.48,PhosphoNetworks
P53778,Q13131,unknown,Phosphorylation,5.45,PhosphoNetworks
P53778,Q13153,unknown,Phosphorylation,65.45,PhosphoNetworks
P53778,Q13177,unknown,Phosphorylation,1.0,Reactome
P53778,Q14289,unknown,Phosphorylation,22.5,PhosphoNetworks
P53778,Q8IW41,unknown,Phosphorylation,2884.1,PhosphoNetworks
P53778,Q9NR20,unknown,Phosphorylation,1.67,PhosphoNetworks
P53779,O14733,unknown,Phosphorylation,100.0,PhosphoNetworks;PhosphoSitePlus;Reactome;SIGNOR
P53779,P45985,Y185;Y223,Phosphorylation,100.0,PhosphoNetworks;PhosphoSitePlus;Reactome;SIGNOR;iPTMnet
P53779,P52564,unknown,Phosphorylation,0.467,SIGNOR
P53801,P12931,unknown,Phosphorylation,1.0,PhosphoSitePlus
P53803,P50750,unknown,Phosphorylation,1.0,Reactome
P53804,P31749,unknown,Phosphorylation,1.0,PhosphoSitePlus
P53805,O43318,unknown,Phosphorylation,0.2,SIGNOR
P53805,P17612,unknown,Phosphorylation,1.0,PhosphoSitePlus
P53805,P27361,unknown,Phosphorylation,1.0,PhosphoSitePlus
P53805,P28482,unknown,Phosphorylation,1.0,PhosphoSitePlus
P53805,P49841,unknown,Phosphorylation,1.0,PhosphoSitePlus
P53805,Q13627,unknown,Phosphorylation,1.0,PhosphoSitePlus
P53805,Q16539,unknown,Phosphorylation,1.0,PhosphoSitePlus
P53805,Q5S007,unknown,Phosphorylation,0.373,SIGNOR
P53805,Q99759,unknown,Phosphorylation,1.0,PhosphoSitePlus
P53990,Q6PHR2,unknown,Phosphorylation,0.62,SIGNOR
P53992,P48730,unknown,Phosphorylation,1.0,Reactome
P53999,P49760,unknown,Phosphorylation,2.71,PhosphoNetworks
P54132,O14757,unknown,Phosphorylation,1.0,PhosphoSitePlus
P54132,P06493,unknown,Phosphorylation,1.0,PhosphoSitePlus
P54132,P33981,unknown,Phosphorylation,1.0,PhosphoSitePlus;SIGNOR
P54132,Q13315,unknown,Phosphorylation,1.0,PhosphoSitePlus
P54132,Q13535,unknown,Phosphorylation,1.0,PhosphoSitePlus;SIGNOR
P54132,Q8NG66,unknown,Phosphorylation,1.0,PhosphoSitePlus
P54136,P27361,unknown,Phosphorylation,1.0,Reactome
P54136,P28482,unknown,Phosphorylation,1.0,Reactome
P54198,P24941,unknown,Phosphorylation,1.0,PhosphoSitePlus
P54198,P31749,unknown,Phosphorylation,0.2,SIGNOR
P54252,P06241,Y,Phosphorylation,1.0,UniProt
P54252,P49841,unknown,Phosphorylation,1.0,PhosphoSitePlus
P54252,P51813,unknown,Phosphorylation,2.84,PhosphoNetworks
P54252,P68400,unknown,Phosphorylation,1.0,PhosphoSitePlus
P54253,O75582,unknown,Phosphorylation,1.0,PhosphoSitePlus;SIGNOR
P54253,P06241,Y,Phosphorylation,1.0,UniProt
P54253,P17612,unknown,Phosphorylation,1.0,PhosphoSitePlus
P54253,P31749,unknown,Phosphorylation,1.0,PhosphoSitePlus
P54259,P45983,unknown,Phosphorylation,100.0,PhosphoNetworks;PhosphoSitePlus
P54259,P53779,unknown,Phosphorylation,100.0,PhosphoNetworks;PhosphoSitePlus
P54274,P06493,unknown,Phosphorylation,1.0,PhosphoSitePlus
P54274,P07332,Y,Phosphorylation,1.0,UniProt
P54274,P22607,Y,Phosphorylation,1.0,UniProt
P54274,P31749,unknown,Phosphorylation,1.0,PhosphoSitePlus
P54274,P43405,Y,Phosphorylation,1.0,UniProt
P54274,P53350,unknown,Phosphorylation,1.0,PhosphoSitePlus
P54274,P68400,unknown,Phosphorylation,1.0,PhosphoSitePlus
P54274,Q05397,unknown,Phosphorylation,2.75,PhosphoNetworks
P54274,Q13315,unknown,Phosphorylation,1.0,PhosphoSitePlus
P54296,P17612,unknown,Phosphorylation,1.0,PhosphoSitePlus
P54578,P06493,unknown,Phosphorylation,1.0,PhosphoSitePlus
P54619,Q15831,unknown,Phosphorylation,1.0,Reactome
P54619,Q96RR4,unknown,Phosphorylation,1.0,Reactome
P54646,O43318,unknown,Phosphorylation,1.0,PhosphoSitePlus
P54646,O75385,unknown,Phosphorylation,0.506,SIGNOR
P54646,P12931,Y179,Phosphorylation,0.257,SIGNOR
P54646,Q00535,unknown,Phosphorylation,0.216,SIGNOR
P54646,Q15831,unknown,Phosphorylation,1.0,Reactome
P54646,Q8IYT8,unknown,Phosphorylation,0.304,SIGNOR
P54646,Q96RR4,unknown,Phosphorylation,1.0,Reactome
P54652,P07948,unknown,Phosphorylation,22.21,PhosphoNetworks
P54652,P37173,unknown,Phosphorylation,3.18,PhosphoNetworks
P54652,P50613,unknown,Phosphorylation,4.39,PhosphoNetworks
P54652,Q14289,unknown,Phosphorylation,3.11,PhosphoNetworks
P54687,P22607,Y,Phosphorylation,1.0,UniProt
P54727,P11309,unknown,Phosphorylation,2.67,PhosphoNetworks
P54727,P28482,unknown,Phosphorylation,2.91,PhosphoNetworks
P54727,P37173,unknown,Phosphorylation,4.49,PhosphoNetworks
P54727,Q06187,unknown,Phosphorylation,2.25,PhosphoNetworks
P54727,Q15208,unknown,Phosphorylation,2.21,PhosphoNetworks
P54727,Q15349,unknown,Phosphorylation,1.58,PhosphoNetworks
P54727,Q8IW41,unknown,Phosphorylation,2.25,PhosphoNetworks
P54727,Q9NR20,unknown,Phosphorylation,1.57,PhosphoNetworks
P54727,Q9UEE5,unknown,Phosphorylation,6.88,PhosphoNetworks
P54753,P43403,unknown,Phosphorylation,2.84,PhosphoNetworks
P54753,P54753,Y614,Phosphorylation,1.0,PhosphoSitePlus;iPTMnet
P54756,P29317,Y,Phosphorylation,1.0,UniProt
P54756,P54760,Y,Phosphorylation,1.0,UniProt
P54760,P54756,Y,Phosphorylation,1.0,UniProt
P54760,Q15375,Y,Phosphorylation,1.0,UniProt
P54760,Q9UF33,Y,Phosphorylation,1.0,UniProt
P54762,P54762,Y594;Y928,Phosphorylation,1.0,iPTMnet
P54764,P29323,Y,Phosphorylation,1.0,UniProt
P54764,P54764,Y596;Y602,Phosphorylation,1.0,PhosphoSitePlus;iPTMnet
P54793,Q96SB4,unknown,Phosphorylation,0.2,SIGNOR
P54819,O14733,unknown,Phosphorylation,4.19,PhosphoNetworks
P54819,P43405,unknown,Phosphorylation,4.02,PhosphoNetworks
P54819,P49674,unknown,Phosphorylation,4.26,PhosphoNetworks
P54829,P17612,unknown,Phosphorylation,1.0,PhosphoSitePlus
P54840,P49840,unknown,Phosphorylation,1.0,Reactome
P54840,P49841,unknown,Phosphorylation,1.0,Reactome
P54845,P45983,unknown,Phosphorylation,1.0,PhosphoSitePlus
P55008,P22607,Y,Phosphorylation,1.0,UniProt
P55010,P68400,unknown,Phosphorylation,100.0,PhosphoNetworks;PhosphoSitePlus
P55011,O95747,unknown,Phosphorylation,1.0,PhosphoSitePlus
P55011,Q9UEW8,unknown,Phosphorylation,1.0,PhosphoSitePlus
P55017,O95747,unknown,Phosphorylation,1.0,PhosphoSitePlus
P55017,Q96J92,unknown,Phosphorylation,1.0,PhosphoSitePlus
P55017,Q9UEW8,unknown,Phosphorylation,1.0,PhosphoSitePlus
P55039,O14757,unknown,Phosphorylation,1.0,PhosphoSitePlus
P55040,Q05513,unknown,Phosphorylation,100.0,PhosphoNetworks;PhosphoSitePlus
P55042,P17252,unknown,Phosphorylation,1.0,PhosphoSitePlus
P55042,P17612,unknown,Phosphorylation,1.0,PhosphoSitePlus
P55042,P68400,unknown,Phosphorylation,1.0,PhosphoSitePlus
P55042,Q9UQM7,unknown,Phosphorylation,1.0,PhosphoSitePlus
P55055,Q9UQM7,unknown,Phosphorylation,1.0,PhosphoSitePlus
P55064,P17612,unknown,Phosphorylation,1.0,PhosphoSitePlus
P55072,P31749,unknown,Phosphorylation,1.0,PhosphoSitePlus
P55072,P78527,unknown,Phosphorylation,1.0,PhosphoSitePlus
P55072,Q13315,unknown,Phosphorylation,1.0,PhosphoSitePlus
P55072,Q13535,unknown,Phosphorylation,1.0,PhosphoSitePlus
P55075,P27361,unknown,Phosphorylation,1.0,Reactome
P55075,P28482,unknown,Phosphorylation,1.0,Reactome
P55081,Q13523,unknown,Phosphorylation,1.0,Reactome
P55084,Q9UHD2,unknown,Phosphorylation,2.84,PhosphoNetworks
P55087,P17252,unknown,Phosphorylation,1.0,PhosphoSitePlus
P55160,P00519,unknown,Phosphorylation,1.0,Reactome
P55160,P27361,unknown,Phosphorylation,1.0,Reactome
P55160,P28482,unknown,Phosphorylation,1.0,Reactome
P55196,P12931,Y,Phosphorylation,1.0,UniProt
P55199,P42345,unknown,Phosphorylation,1.0,PhosphoSitePlus
P55199,P50750,unknown,Phosphorylation,1.0,Reactome
P55209,O43318,unknown,Phosphorylation,2.75,PhosphoNetworks
P55209,P43405,unknown,Phosphorylation,3.47,PhosphoNetworks
P55209,P45985,unknown,Phosphorylation,2.75,PhosphoNetworks
P55209,P52333,Y,Phosphorylation,1.0,UniProt
P55209,Q15349,unknown,Phosphorylation,7.87,PhosphoNetworks
P55210,P12931,unknown,Phosphorylation,0.397,SIGNOR
P55210,Q13177,unknown,Phosphorylation,1.0,PhosphoSitePlus
P55211,P00519,Y153,Phosphorylation,1.0,PhosphoSitePlus;SIGNOR;iPTMnet
P55211,P06493,unknown,Phosphorylation,1.0,PhosphoSitePlus
P55211,P17612,unknown,Phosphorylation,1.0,PhosphoSitePlus
P55211,P27361,unknown,Phosphorylation,100.0,PhosphoNetworks;PhosphoSitePlus;Reactome
P55211,P28482,unknown,Phosphorylation,100.0,PhosphoNetworks;PhosphoSitePlus;Reactome
P55211,P31749,unknown,Phosphorylation,1.0,PhosphoSitePlus
P55211,P68400,unknown,Phosphorylation,1.0,PhosphoSitePlus
P55211,Q05513,unknown,Phosphorylation,100.0,PhosphoNetworks;PhosphoSitePlus
P55211,Q13627,unknown,Phosphorylation,1.0,PhosphoSitePlus
P55212,O60285,unknown,Phosphorylation,100.0,PhosphoNetworks;PhosphoSitePlus
P55268,Q05397,unknown,Phosphorylation,1.0,Reactome
P55268,Q14289,unknown,Phosphorylation,1.0,Reactome
P55273,P17612,unknown,Phosphorylation,1.0,PhosphoSitePlus
P55273,P24941,unknown,Phosphorylation,1.0,PhosphoSitePlus
P55291,P52564,unknown,Phosphorylation,1.0,Reactome
P55316,P31749,unknown,Phosphorylation,1.0,PhosphoSitePlus
P55316,P48729,unknown,Phosphorylation,1.0,PhosphoSitePlus
P55318,P22607,Y,Phosphorylation,1.0,UniProt
P55327,Q13557,unknown,Phosphorylation,1.0,PhosphoSitePlus
P55347,P11802,unknown,Phosphorylation,3.24,PhosphoNetworks
P55347,P37173,unknown,Phosphorylation,4.49,PhosphoNetworks
P55347,Q00534,unknown,Phosphorylation,2.91,PhosphoNetworks
P55347,Q8NE63,unknown,Phosphorylation,1.6,PhosphoNetworks
P55347,Q96GD4,unknown,Phosphorylation,3.18,PhosphoNetworks
P55735,P06493,unknown,Phosphorylation,1.0,Reactome
P55735,P48730,unknown,Phosphorylation,1.0,Reactome
P55735,P53350,unknown,Phosphorylation,1.0,Reactome
P55735,Q8TD19,unknown,Phosphorylation,1.0,Reactome
P55735,Q9HC98,unknown,Phosphorylation,1.0,Reactome
P55795,P24941,unknown,Phosphorylation,1.0,PhosphoSitePlus
P55795,P28482,unknown,Phosphorylation,1.0,PhosphoSitePlus
P55854,P45983,unknown,Phosphorylation,12.84,PhosphoNetworks
P55895,P78527,unknown,Phosphorylation,1.0,PhosphoSitePlus
P55957,P48729,unknown,Phosphorylation,1.0,PhosphoSitePlus
P55957,P68400,unknown,Phosphorylation,1.0,PhosphoSitePlus
P55957,Q13315,unknown,Phosphorylation,0.466,SIGNOR
P56178,P31749,unknown,Phosphorylation,0.265,SIGNOR
P56178,Q16539,unknown,Phosphorylation,1.0,PhosphoSitePlus
P56192,P27361,unknown,Phosphorylation,1.0,Reactome
P56192,P28482,unknown,Phosphorylation,1.0,Reactome
P56199,Q05397,unknown,Phosphorylation,1.0,Reactome
P56199,Q14289,unknown,Phosphorylation,1.0,Reactome
P56211,Q96GX5,unknown,Phosphorylation,1.0,Reactome
P56270,P27361,unknown,Phosphorylation,100.0,PhosphoNetworks;PhosphoSitePlus
P56270,P68400,unknown,Phosphorylation,1.0,PhosphoSitePlus
P56278,Q14289,unknown,Phosphorylation,3.11,PhosphoNetworks
P56524,O43318,unknown,Phosphorylation,1.0,PhosphoSitePlus
P56524,P49841,unknown,Phosphorylation,1.0,PhosphoSitePlus
P56524,Q13131,unknown,Phosphorylation,0.271,SIGNOR
P56524,Q13557,unknown,Phosphorylation,1.0,PhosphoSitePlus
P56524,Q16566,unknown,Phosphorylation,0.621,SIGNOR
P56524,Q7KZI7,unknown,Phosphorylation,1.0,PhosphoSitePlus
P56524,Q9Y2K2,unknown,Phosphorylation,0.412,SIGNOR
P56537,P17252,unknown,Phosphorylation,100.0,PhosphoNetworks;PhosphoSitePlus
P56537,P19525,Y,Phosphorylation,1.0,UniProt
P56537,P48729,unknown,Phosphorylation,1.0,PhosphoSitePlus
P56545,Q9H2X6,unknown,Phosphorylation,1.0,PhosphoSitePlus
P56645,Q06187,unknown,Phosphorylation,1.58,PhosphoNetworks
P56693,O96017,unknown,Phosphorylation,2.28,PhosphoNetworks
P56693,P04049,unknown,Phosphorylation,4.57,PhosphoNetworks
P56693,P06241,unknown,Phosphorylation,3.22,PhosphoNetworks
P56693,P11309,unknown,Phosphorylation,2.67,PhosphoNetworks
P56693,P19784,unknown,Phosphorylation,4.46,PhosphoNetworks
P56693,P22455,unknown,Phosphorylation,4.57,PhosphoNetworks
P56693,P28482,unknown,Phosphorylation,34.96,PhosphoNetworks;Reactome
P56693,P37173,unknown,Phosphorylation,1.59,PhosphoNetworks
P56693,P41743,unknown,Phosphorylation,2.25,PhosphoNetworks
P56693,P45984,unknown,Phosphorylation,12.84,PhosphoNetworks
P56693,P49674,unknown,Phosphorylation,2.25,PhosphoNetworks
P56693,P49841,unknown,Phosphorylation,0.405,SIGNOR
P56693,P50613,unknown,Phosphorylation,3.24,PhosphoNetworks
P56693,P51957,unknown,Phosphorylation,5.31,PhosphoNetworks
P56693,P78362,unknown,Phosphorylation,2.25,PhosphoNetworks
P56693,Q00535,unknown,Phosphorylation,2.25,PhosphoNetworks
P56693,Q08345,unknown,Phosphorylation,3.24,PhosphoNetworks
P56693,Q13153,unknown,Phosphorylation,1.88,PhosphoNetworks
P56693,Q16566,unknown,Phosphorylation,2.25,PhosphoNetworks
P56693,Q8NE63,unknown,Phosphorylation,1.6,PhosphoNetworks
P56693,Q96GD4,unknown,Phosphorylation,3.24,PhosphoNetworks
P56693,Q9NRH2,unknown,Phosphorylation,50.32,PhosphoNetworks
P56704,P78368,unknown,Phosphorylation,1.0,Reactome
P56817,O75116,unknown,Phosphorylation,1.0,PhosphoSitePlus
P56817,P48729,unknown,Phosphorylation,100.0,PhosphoNetworks;PhosphoSitePlus
P56817,P48730,unknown,Phosphorylation,100.0,PhosphoNetworks;PhosphoSitePlus
P56945,P00519,unknown,Phosphorylation,0.462,SIGNOR
P56945,P06241,Y,Phosphorylation,1.0,SIGNOR;UniProt
P56945,P07947,Y,Phosphorylation,1.0,UniProt
P56945,P11362,Y128;Y249;Y306;Y327;Y410,Phosphorylation,100.0,PhosphoNetworks;SIGNOR;iPTMnet
P56945,P12931,Y115;Y128;Y165;Y179;Y192;Y234;Y249;Y267;Y287;Y362;Y387;Y653;Y664;Y666,Phosphorylation,1.0,PhosphoSitePlus;SIGNOR;UniProt;iPTMnet
P56945,P51813,unknown,Phosphorylation,1.0,PhosphoSitePlus
P56945,Q05397,Y664;Y666,Phosphorylation,1.0,PhosphoSitePlus;Reactome;UniProt;iPTMnet
P56945,Q07912,Y165;Y249;Y410,Phosphorylation,1.0,UniProt;iPTMnet
P56945,Q13882,Y165;Y224;Y234;Y249;Y262;Y267;Y287;Y306;Y327;Y362;Y387;Y664,Phosphorylation,1.0,PhosphoSitePlus;SIGNOR;iPTMnet
P56945,Q14289,unknown,Phosphorylation,1.0,Reactome;SIGNOR
P56962,P00519,unknown,Phosphorylation,1.0,PhosphoSitePlus
P57059,P17252,unknown,Phosphorylation,1.0,PhosphoSitePlus
P57059,P17612,unknown,Phosphorylation,1.0,PhosphoSitePlus
P57059,P49841,unknown,Phosphorylation,0.2,SIGNOR
P57059,Q15831,unknown,Phosphorylation,1.0,PhosphoSitePlus
P57073,O14965,unknown,Phosphorylation,0.2,SIGNOR
P57078,Q99759,unknown,Phosphorylation,1.0,PhosphoSitePlus
P57078,Q9Y2U5,unknown,Phosphorylation,1.0,PhosphoSitePlus
P57682,P22607,Y,Phosphorylation,1.0,UniProt
P57682,Q9H2X6,unknown,Phosphorylation,1.0,PhosphoSitePlus
P57721,P31749,unknown,Phosphorylation,2.67,PhosphoNetworks
P57737,P12931,unknown,Phosphorylation,1.0,PhosphoSitePlus
P57740,P06493,unknown,Phosphorylation,1.0,Reactome
P57740,P24941,unknown,Phosphorylation,1.0,PhosphoSitePlus
P57740,P30291,unknown,Phosphorylation,2.71,PhosphoNetworks
P57740,P53350,unknown,Phosphorylation,1.0,Reactome
P57740,Q8TD19,unknown,Phosphorylation,1.0,Reactome
P57740,Q9HC98,unknown,Phosphorylation,1.0,Reactome
P57796,Q05513,unknown,Phosphorylation,1.0,PhosphoSitePlus
P58012,O95835,unknown,Phosphorylation,0.452,SIGNOR
P58012,P49841,unknown,Phosphorylation,1.0,PhosphoSitePlus
P58012,Q13153,unknown,Phosphorylation,100.0,PhosphoNetworks
P58753,Q06187,Y106;Y187;Y86,Phosphorylation,1.0,PhosphoSitePlus;iPTMnet
P59046,P08631,Y,Phosphorylation,1.0,UniProt
P60006,P53350,unknown,Phosphorylation,1.0,Reactome
P60174,P12931,unknown,Phosphorylation,0.2,SIGNOR
P60328,P09619,Y,Phosphorylation,1.0,UniProt
P60371,P49759,Y,Phosphorylation,1.0,UniProt
P60371,Q9HAZ1,Y,Phosphorylation,1.0,UniProt
P60409,P08631,Y,Phosphorylation,1.0,UniProt
P60409,P49759,Y,Phosphorylation,1.0,UniProt
P60409,Q06418,Y,Phosphorylation,1.0,UniProt
P60409,Q9HAZ1,Y,Phosphorylation,1.0,UniProt
P60410,P08631,Y,Phosphorylation,1.0,UniProt
P60410,P35590,Y,Phosphorylation,1.0,UniProt
P60410,Q06418,Y,Phosphorylation,1.0,UniProt
P60410,Q9HAZ1,Y,Phosphorylation,1.0,UniProt
P60411,P08631,Y,Phosphorylation,1.0,UniProt
P60411,P09619,Y,Phosphorylation,1.0,UniProt
P60411,Q06418,Y,Phosphorylation,1.0,UniProt
P60411,Q9HAZ1,Y,Phosphorylation,1.0,UniProt
P60484,O60307,unknown,Phosphorylation,0.568,SIGNOR
P60484,P06213,unknown,Phosphorylation,1.0,PhosphoSitePlus
P60484,P06239,Y240;Y315,Phosphorylation,100.0,PhosphoNetworks;PhosphoSitePlus;SIGNOR;iPTMnet
P60484,P07948,unknown,Phosphorylation,1.0,PhosphoSitePlus
P60484,P09619,Y,Phosphorylation,1.0,UniProt
P60484,P12931,Y240;Y315,Phosphorylation,1.0,PhosphoSitePlus;SIGNOR
P60484,P19784,unknown,Phosphorylation,1.0,Reactome
P60484,P21802,Y240,Phosphorylation,1.0,PhosphoSitePlus;SIGNOR;iPTMnet
P60484,P22607,Y240,Phosphorylation,1.0,PhosphoSitePlus;SIGNOR;iPTMnet
P60484,P42685,Y336,Phosphorylation,1.0,PhosphoSitePlus;SIGNOR;UniProt;iPTMnet
P60484,P49841,unknown,Phosphorylation,100.0,PhosphoNetworks;PhosphoSitePlus
P60484,P53350,unknown,Phosphorylation,1.0,PhosphoSitePlus;SIGNOR
P60484,P53671,unknown,Phosphorylation,0.274,SIGNOR
P60484,P68400,unknown,Phosphorylation,100.0,PhosphoNetworks;PhosphoSitePlus;Reactome
P60484,Q05513,unknown,Phosphorylation,1.0,PhosphoSitePlus
P60484,Q13315,unknown,Phosphorylation,1.0,PhosphoSitePlus
P60484,Q13464,unknown,Phosphorylation,1.0,PhosphoSitePlus
P60484,Q15831,unknown,Phosphorylation,1.0,PhosphoSitePlus
P60484,Q6P0Q8,unknown,Phosphorylation,0.663,SIGNOR
P60484,Q9H4B4,unknown,Phosphorylation,1.0,PhosphoSitePlus
P60484,Q9Y2H9,unknown,Phosphorylation,0.514,SIGNOR
P60520,P00533,Y,Phosphorylation,1.0,UniProt
P60660,O14578,unknown,Phosphorylation,1.0,Reactome
P60660,O75116,unknown,Phosphorylation,1.0,Reactome
P60660,Q13177,unknown,Phosphorylation,1.0,Reactome
P60660,Q13464,unknown,Phosphorylation,1.0,Reactome
P60660,Q15746,unknown,Phosphorylation,1.0,Reactome
P60709,P04626,Y,Phosphorylation,1.0,UniProt
P60709,Q05397,unknown,Phosphorylation,1.0,Reactome
P60709,Q14289,unknown,Phosphorylation,1.0,Reactome
P60763,O75962,unknown,Phosphorylation,1.0,Reactome
P60866,P31749,unknown,Phosphorylation,28.74,PhosphoNetworks
P60866,P45985,unknown,Phosphorylation,1.57,PhosphoNetworks
P60880,P17252,unknown,Phosphorylation,1.0,PhosphoSitePlus
P60880,P17612,unknown,Phosphorylation,1.0,PhosphoSitePlus
P60900,O75676,unknown,Phosphorylation,3.24,PhosphoNetworks
P60900,O75716,unknown,Phosphorylation,12.84,PhosphoNetworks
P60900,P37173,unknown,Phosphorylation,4.57,PhosphoNetworks
P60900,P43405,unknown,Phosphorylation,13.8,PhosphoNetworks
P60900,P49674,unknown,Phosphorylation,34.96,PhosphoNetworks
P60900,P51955,unknown,Phosphorylation,2.25,PhosphoNetworks
P60900,P54646,unknown,Phosphorylation,50.32,PhosphoNetworks
P60900,Q05513,unknown,Phosphorylation,13.8,PhosphoNetworks
P60900,Q59H18,unknown,Phosphorylation,2.25,PhosphoNetworks
P60900,Q8IW41,unknown,Phosphorylation,2.25,PhosphoNetworks
P60900,Q8N2I9,unknown,Phosphorylation,2.25,PhosphoNetworks
P60900,Q8N5S9,unknown,Phosphorylation,2.25,PhosphoNetworks
P60900,Q92630,unknown,Phosphorylation,2.25,PhosphoNetworks
P60900,Q9UEE5,unknown,Phosphorylation,5.31,PhosphoNetworks
P60953,O75962,unknown,Phosphorylation,1.0,Reactome
P60953,P06239,unknown,Phosphorylation,1.0,Reactome
P60953,P06241,unknown,Phosphorylation,1.0,Reactome
P60953,P12931,Y64,Phosphorylation,1.0,PhosphoSitePlus;Reactome;SIGNOR;iPTMnet
P60953,P52564,unknown,Phosphorylation,1.0,Reactome
P60953,Q05397,unknown,Phosphorylation,1.0,Reactome
P60953,Q07912,Y,Phosphorylation,1.0,UniProt
P60981,P53667,unknown,Phosphorylation,1.0,PhosphoSitePlus
P60981,P53671,unknown,Phosphorylation,1.0,PhosphoSitePlus
P60983,P17252,unknown,Phosphorylation,100.0,PhosphoNetworks;PhosphoSitePlus
P60983,P17612,unknown,Phosphorylation,1.0,PhosphoSitePlus
P60983,P68400,unknown,Phosphorylation,100.0,PhosphoNetworks;PhosphoSitePlus
P60983,Q15418,unknown,Phosphorylation,1.0,PhosphoSitePlus
P61006,O00444,unknown,Phosphorylation,1.0,Reactome
P61006,P06493,unknown,Phosphorylation,1.0,Reactome
P61006,P17612,unknown,Phosphorylation,1.0,Reactome
P61006,P48730,unknown,Phosphorylation,1.0,Reactome
P61006,P49674,unknown,Phosphorylation,1.0,Reactome
P61006,P51955,unknown,Phosphorylation,1.0,Reactome
P61006,P53350,unknown,Phosphorylation,1.0,Reactome
P61006,Q6IQ55,unknown,Phosphorylation,1.0,Reactome
P61006,Q96L34,unknown,Phosphorylation,1.0,Reactome
P61020,P06493,unknown,Phosphorylation,1.0,PhosphoSitePlus
P61020,P23443,unknown,Phosphorylation,4.57,PhosphoNetworks
P61020,Q14289,unknown,Phosphorylation,2.72,PhosphoNetworks
P61020,Q5S007,unknown,Phosphorylation,1.0,PhosphoSitePlus
P61073,P11309,unknown,Phosphorylation,1.0,PhosphoSitePlus
P61073,P43250,unknown,Phosphorylation,1.0,PhosphoSitePlus
P61073,Q05655,unknown,Phosphorylation,1.0,PhosphoSitePlus
P61077,O60674,unknown,Phosphorylation,1.0,Reactome
P61077,P07948,unknown,Phosphorylation,1.0,Reactome
P61077,P08631,unknown,Phosphorylation,1.0,Reactome
P61077,P23458,unknown,Phosphorylation,1.0,Reactome
P61077,P29597,unknown,Phosphorylation,1.0,Reactome
P61077,P43405,unknown,Phosphorylation,1.0,Reactome
P61081,O15111,unknown,Phosphorylation,1.0,Reactome
P61081,P37173,unknown,Phosphorylation,1.0,Reactome
P61081,Q99558,unknown,Phosphorylation,1.0,Reactome
P61088,O15530,unknown,Phosphorylation,1.0,Reactome
P61088,O43318,unknown,Phosphorylation,12.84,PhosphoNetworks
P61088,O96017,unknown,Phosphorylation,1.0,Reactome
P61088,Q04759,unknown,Phosphorylation,1.0,Reactome
P61088,Q8IW41,unknown,Phosphorylation,2.25,PhosphoNetworks
P61088,Q96QP1,unknown,Phosphorylation,1.0,Reactome
P61088,Q9NWZ3,unknown,Phosphorylation,1.0,Reactome
P61106,P37173,unknown,Phosphorylation,52.22,PhosphoNetworks
P61106,Q05513,unknown,Phosphorylation,2.06,PhosphoNetworks
P61106,Q14289,unknown,Phosphorylation,2.72,PhosphoNetworks
P61106,Q9HC98,unknown,Phosphorylation,7.18,PhosphoNetworks
P61160,Q99558,unknown,Phosphorylation,1.0,PhosphoSitePlus
P61163,P53350,unknown,Phosphorylation,1.0,Reactome
P61218,P50750,unknown,Phosphorylation,1.0,Reactome
P61224,P08581,unknown,Phosphorylation,1.0,Reactome
P61224,P12931,unknown,Phosphorylation,1.0,Reactome
P61224,P17612,unknown,Phosphorylation,1.0,PhosphoSitePlus
P61224,Q13976,unknown,Phosphorylation,1.0,PhosphoSitePlus
P61244,O15264,unknown,Phosphorylation,2.7,PhosphoNetworks;Reactome
P61244,P53778,unknown,Phosphorylation,1.0,Reactome
P61244,P68400,unknown,Phosphorylation,100.0,PhosphoNetworks;PhosphoSitePlus
P61244,Q13153,unknown,Phosphorylation,3.47,PhosphoNetworks
P61244,Q15759,unknown,Phosphorylation,1.0,Reactome
P61244,Q16539,unknown,Phosphorylation,1.0,Reactome;SIGNOR
P61244,Q86Z02,unknown,Phosphorylation,18.12,PhosphoNetworks
P61326,Q92989,unknown,Phosphorylation,1.0,Reactome
P61457,Q8N5S9,unknown,Phosphorylation,2.25,PhosphoNetworks
P61457,Q92630,unknown,Phosphorylation,1.58,PhosphoNetworks
P61457,Q9UEE5,unknown,Phosphorylation,3.74,PhosphoNetworks
P61586,O60229,unknown,Phosphorylation,1.0,Reactome
P61586,O75962,unknown,Phosphorylation,1.0,Reactome
P61586,P04626,unknown,Phosphorylation,1.0,Reactome
P61586,P07947,unknown,Phosphorylation,1.0,Reactome
P61586,P07948,unknown,Phosphorylation,1.0,Reactome
P61586,P08581,unknown,Phosphorylation,1.0,Reactome
P61586,P12931,Y34;Y66,Phosphorylation,1.0,SIGNOR;iPTMnet
P61586,P17612,unknown,Phosphorylation,1.0,PhosphoSitePlus
P61586,Q13976,unknown,Phosphorylation,1.0,PhosphoSitePlus
P61586,Q5VST9,unknown,Phosphorylation,1.0,Reactome
P61586,Q9Y6E0,unknown,Phosphorylation,1.0,PhosphoSitePlus
P61587,P17252,unknown,Phosphorylation,0.2,SIGNOR
P61587,Q05513,unknown,Phosphorylation,1.0,PhosphoSitePlus
P61587,Q13464,unknown,Phosphorylation,1.0,PhosphoSitePlus
P61619,P00533,Y,Phosphorylation,1.0,UniProt
P61619,Q16288,Y,Phosphorylation,1.0,UniProt
P61764,Q02156,unknown,Phosphorylation,0.273,SIGNOR
P61769,P06239,unknown,Phosphorylation,1.0,Reactome
P61769,P06241,unknown,Phosphorylation,1.0,Reactome
P61925,P00533,Y8,Phosphorylation,1.0,SIGNOR;iPTMnet
P61952,P34947,unknown,Phosphorylation,1.0,Reactome
P61956,Q13315,unknown,Phosphorylation,1.0,Reactome
P61962,Q13627,Y,Phosphorylation,1.0,UniProt
P61978,P06493,unknown,Phosphorylation,1.0,PhosphoSitePlus
P61978,P12931,Y225;Y230;Y234;Y236;Y380;Y72,Phosphorylation,1.0,PhosphoSitePlus;SIGNOR;UniProt;iPTMnet
P61978,P24941,unknown,Phosphorylation,1.0,PhosphoSitePlus
P61978,P27361,unknown,Phosphorylation,1.0,PhosphoSitePlus
P61978,P29597,Y,Phosphorylation,1.0,UniProt
P61978,P36507,Y,Phosphorylation,1.0,UniProt
P61978,P45983,unknown,Phosphorylation,1.0,PhosphoSitePlus
P61978,Q05655,unknown,Phosphorylation,1.0,PhosphoSitePlus
P61980,P06241,Y,Phosphorylation,1.0,UniProt
P61980,P07948,Y,Phosphorylation,1.0,UniProt
P61981,P00519,Y,Phosphorylation,1.0,UniProt
P61981,P08069,Y,Phosphorylation,1.0,UniProt
P61981,P30291,Y,Phosphorylation,1.0,UniProt
P61981,P49759,Y,Phosphorylation,1.0,UniProt
P61981,P49760,Y,Phosphorylation,1.0,UniProt
P61981,P49761,Y,Phosphorylation,1.0,UniProt
P61981,P53350,unknown,Phosphorylation,1.0,Reactome
P61981,Q13627,Y,Phosphorylation,1.0,UniProt
P61981,Q9NRM7,unknown,Phosphorylation,1.0,PhosphoSitePlus
P62136,P06493,unknown,Phosphorylation,1.0,PhosphoSitePlus
P62136,P24941,unknown,Phosphorylation,1.0,PhosphoSitePlus
P62136,P31749,unknown,Phosphorylation,1.0,PhosphoSitePlus
P62136,P43405,Y,Phosphorylation,1.0,UniProt
P62136,Q00535,unknown,Phosphorylation,1.0,PhosphoSitePlus
P62136,Q8IWU2,unknown,Phosphorylation,1.0,PhosphoSitePlus
P62140,O75116,unknown,Phosphorylation,1.0,Reactome
P62140,Q13464,unknown,Phosphorylation,1.0,Reactome
P62158,P00533,Y,Phosphorylation,1.0,UniProt
P62161,P00533,Y,Phosphorylation,1.0,UniProt
P62195,P17612,unknown,Phosphorylation,1.0,PhosphoSitePlus
P62244,P22607,Y,Phosphorylation,1.0,UniProt
P62258,O14733,Y,Phosphorylation,1.0,UniProt
P62258,O15146,Y,Phosphorylation,1.0,UniProt
P62258,P00519,Y,Phosphorylation,1.0,UniProt
P62258,P04626,Y,Phosphorylation,1.0,UniProt
P62258,P06239,Y,Phosphorylation,1.0,UniProt
P62258,P08069,Y,Phosphorylation,1.0,UniProt
P62258,P16234,Y,Phosphorylation,1.0,UniProt
P62258,P17612,unknown,Phosphorylation,24.43,PhosphoNetworks
P62258,P23443,unknown,Phosphorylation,11.13,PhosphoNetworks
P62258,P29597,unknown,Phosphorylation,7.75,PhosphoNetworks
P62258,P30291,Y,Phosphorylation,1.0,UniProt
P62258,P42679,Y,Phosphorylation,1.0,UniProt
P62258,P45983,unknown,Phosphorylation,7.75,PhosphoNetworks
P62258,P49761,Y,Phosphorylation,1.0,UniProt
P62258,P51813,Y,Phosphorylation,1.0,UniProt
P62258,P53350,unknown,Phosphorylation,1.0,Reactome
P62258,Q08881,Y,Phosphorylation,1.0,UniProt
P62258,Q13470,Y,Phosphorylation,1.0,UniProt
P62258,Q13627,Y,Phosphorylation,1.0,UniProt
P62258,Q14289,Y,Phosphorylation,1.0,UniProt
P62258,Q15303,Y,Phosphorylation,1.0,UniProt
P62258,Q15569,Y,Phosphorylation,1.0,UniProt
P62258,Q16288,Y,Phosphorylation,1.0,UniProt
P62258,Q6XUX3,Y,Phosphorylation,1.0,UniProt
P62258,Q92630,Y,Phosphorylation,1.0,UniProt
P62258,Q96S53,Y,Phosphorylation,1.0,UniProt
P62258,Q9H4B4,unknown,Phosphorylation,1.0,PhosphoSitePlus
P62258,Q9NR20,Y,Phosphorylation,1.0,UniProt
P62258,Q9NYY3,unknown,Phosphorylation,1.0,PhosphoSitePlus
P62258,Q9UHD2,unknown,Phosphorylation,15.54,PhosphoNetworks
P62280,Q5S007,unknown,Phosphorylation,1.0,PhosphoSitePlus
P62304,P10398,unknown,Phosphorylation,2.75,PhosphoNetworks
P62324,P24941,unknown,Phosphorylation,1.0,PhosphoSitePlus
P62333,P22607,Y,Phosphorylation,1.0,UniProt
P62380,O96017,unknown,Phosphorylation,0.292,SIGNOR
P62487,P50750,unknown,Phosphorylation,1.0,Reactome
P62491,P05771,unknown,Phosphorylation,1.0,PhosphoSitePlus
P62491,Q02156,unknown,Phosphorylation,1.0,PhosphoSitePlus
P62495,P11802,unknown,Phosphorylation,1.74,PhosphoNetworks
P62495,P29320,unknown,Phosphorylation,2.41,PhosphoNetworks
P62495,P37173,unknown,Phosphorylation,2.41,PhosphoNetworks
P62495,P43405,unknown,Phosphorylation,29.65,PhosphoNetworks
P62495,Q8IW41,unknown,Phosphorylation,1.6,PhosphoNetworks
P62495,Q9NR20,unknown,Phosphorylation,1.64,PhosphoNetworks
P62508,P31749,unknown,Phosphorylation,1.0,PhosphoSitePlus
P62701,P22607,Y,Phosphorylation,1.0,UniProt
P62714,P48729,unknown,Phosphorylation,1.0,Reactome
P62714,P48730,unknown,Phosphorylation,1.0,Reactome
P62714,P49674,unknown,Phosphorylation,1.0,Reactome
P62714,P49841,unknown,Phosphorylation,1.0,Reactome
P62714,P78368,unknown,Phosphorylation,1.0,Reactome
P62714,Q9BUB5,unknown,Phosphorylation,1.0,Reactome
P62714,Q9Y6M4,unknown,Phosphorylation,1.0,Reactome
P62745,O60229,unknown,Phosphorylation,1.0,Reactome
P62745,O75962,unknown,Phosphorylation,1.0,Reactome
P62745,P04626,unknown,Phosphorylation,1.0,Reactome
P62745,P48729,unknown,Phosphorylation,1.0,PhosphoSitePlus
P62745,Q5VST9,unknown,Phosphorylation,1.0,Reactome
P62753,P23443,unknown,Phosphorylation,1.0,PhosphoSitePlus;Reactome
P62753,P31749,unknown,Phosphorylation,1.0,PhosphoSitePlus
P62753,P51812,unknown,Phosphorylation,1.0,PhosphoSitePlus
P62753,Q05655,unknown,Phosphorylation,100.0,PhosphoNetworks;PhosphoSitePlus
P62753,Q15418,unknown,Phosphorylation,1.0,PhosphoSitePlus
P62753,Q9UBS0,unknown,Phosphorylation,1.0,PhosphoSitePlus
P62820,P06493,unknown,Phosphorylation,1.0,Reactome;SIGNOR
P62820,P48730,unknown,Phosphorylation,1.0,Reactome
P62826,O75716,unknown,Phosphorylation,29.53,PhosphoNetworks
P62826,O96013,unknown,Phosphorylation,1.0,PhosphoSitePlus
P62826,P06241,Y,Phosphorylation,1.0,UniProt
P62826,P53350,unknown,Phosphorylation,1.0,PhosphoSitePlus
P62826,Q00535,unknown,Phosphorylation,34.96,PhosphoNetworks
P62826,Q9UEE5,unknown,Phosphorylation,6.88,PhosphoNetworks
P62834,O43318,unknown,Phosphorylation,6.8,PhosphoNetworks
P62834,O75716,unknown,Phosphorylation,6.68,PhosphoNetworks
P62834,O95747,unknown,Phosphorylation,8.8,PhosphoNetworks
P62834,P04629,unknown,Phosphorylation,1.0,Reactome
P62834,P07947,unknown,Phosphorylation,4.57,PhosphoNetworks
P62834,P08581,unknown,Phosphorylation,1.0,Reactome
P62834,P11309,unknown,Phosphorylation,134.63,PhosphoNetworks
P62834,P12931,unknown,Phosphorylation,1.0,Reactome
P62834,P17612,unknown,Phosphorylation,1.0,PhosphoSitePlus
P62834,P22455,unknown,Phosphorylation,3.36,PhosphoNetworks
P62834,Q13164,unknown,Phosphorylation,8.8,PhosphoNetworks
P62834,Q96RR4,unknown,Phosphorylation,4.57,PhosphoNetworks
P62837,O60674,unknown,Phosphorylation,1.0,Reactome
P62837,P07948,unknown,Phosphorylation,1.0,Reactome
P62837,P08631,unknown,Phosphorylation,1.0,Reactome
P62837,P23458,unknown,Phosphorylation,1.0,Reactome
P62837,P29597,unknown,Phosphorylation,1.0,Reactome
P62837,P43405,unknown,Phosphorylation,1.0,Reactome
P62841,Q5S007,unknown,Phosphorylation,1.0,PhosphoSitePlus
P62861,P07949,Y,Phosphorylation,1.0,UniProt
P62873,P34947,unknown,Phosphorylation,1.0,Reactome
P62875,P50750,unknown,Phosphorylation,1.0,Reactome
P62877,P28482,unknown,Phosphorylation,1.0,Reactome
P62879,P34947,unknown,Phosphorylation,1.0,Reactome
P62899,P22607,Y,Phosphorylation,1.0,UniProt
P62913,P24941,unknown,Phosphorylation,1.0,PhosphoSitePlus
P62917,Q96GD4,unknown,Phosphorylation,1.0,PhosphoSitePlus
P62979,O00141,unknown,Phosphorylation,1.0,Reactome
P62979,O14965,unknown,Phosphorylation,1.0,Reactome
P62979,O43318,unknown,Phosphorylation,1.0,Reactome
P62979,O60566,unknown,Phosphorylation,1.0,Reactome
P62979,O60674,unknown,Phosphorylation,1.0,Reactome
P62979,P04049,unknown,Phosphorylation,1.0,Reactome
P62979,P04626,unknown,Phosphorylation,1.0,Reactome
P62979,P06241,unknown,Phosphorylation,1.0,Reactome
P62979,P06493,unknown,Phosphorylation,1.0,Reactome
P62979,P07333,unknown,Phosphorylation,1.0,Reactome
P62979,P07947,unknown,Phosphorylation,1.0,Reactome
P62979,P07948,unknown,Phosphorylation,1.0,Reactome
P62979,P08581,unknown,Phosphorylation,1.0,Reactome
P62979,P08631,unknown,Phosphorylation,1.0,Reactome
P62979,P11362,unknown,Phosphorylation,1.0,Reactome
P62979,P12931,unknown,Phosphorylation,1.0,Reactome
P62979,P21802,unknown,Phosphorylation,1.0,Reactome
P62979,P21860,unknown,Phosphorylation,1.0,Reactome
P62979,P22455,unknown,Phosphorylation,1.0,Reactome
P62979,P22607,unknown,Phosphorylation,1.0,Reactome
P62979,P24941,unknown,Phosphorylation,1.0,Reactome
P62979,P36888,unknown,Phosphorylation,1.0,Reactome
P62979,P36897,unknown,Phosphorylation,1.0,Reactome
P62979,P37173,unknown,Phosphorylation,1.0,Reactome
P62979,P41279,unknown,Phosphorylation,1.0,Reactome
P62979,P43405,unknown,Phosphorylation,1.0,Reactome
P62979,P50613,unknown,Phosphorylation,1.0,Reactome
P62979,P51617,unknown,Phosphorylation,1.0,Reactome
P62979,P51955,unknown,Phosphorylation,1.0,Reactome
P62979,P53350,unknown,Phosphorylation,1.0,Reactome
P62979,Q13315,unknown,Phosphorylation,1.0,Reactome
P62979,Q15303,unknown,Phosphorylation,1.0,Reactome
P62979,Q96BR1,unknown,Phosphorylation,1.0,Reactome
P62979,Q96GD4,unknown,Phosphorylation,1.0,Reactome
P62979,Q96QP1,unknown,Phosphorylation,1.0,Reactome
P62979,Q99558,unknown,Phosphorylation,1.0,Reactome
P62979,Q9HBY8,unknown,Phosphorylation,1.0,Reactome
P62979,Q9UHD2,unknown,Phosphorylation,1.0,Reactome
P62979,Q9Y572,unknown,Phosphorylation,1.0,Reactome
P62987,O00141,unknown,Phosphorylation,1.0,Reactome
P62987,O14965,unknown,Phosphorylation,1.0,Reactome
P62987,O43318,unknown,Phosphorylation,1.0,Reactome
P62987,O60566,unknown,Phosphorylation,1.0,Reactome
P62987,O60674,unknown,Phosphorylation,1.0,Reactome
P62987,P04049,unknown,Phosphorylation,1.0,Reactome
P62987,P04626,unknown,Phosphorylation,1.0,Reactome
P62987,P06241,unknown,Phosphorylation,1.0,Reactome
P62987,P06493,unknown,Phosphorylation,1.0,Reactome
P62987,P07333,unknown,Phosphorylation,1.0,Reactome
P62987,P07947,unknown,Phosphorylation,1.0,Reactome
P62987,P07948,unknown,Phosphorylation,1.0,Reactome
P62987,P08581,unknown,Phosphorylation,1.0,Reactome
P62987,P08631,unknown,Phosphorylation,1.0,Reactome
P62987,P11362,unknown,Phosphorylation,1.0,Reactome
P62987,P12931,unknown,Phosphorylation,1.0,Reactome
P62987,P21802,unknown,Phosphorylation,1.0,Reactome
P62987,P21860,unknown,Phosphorylation,1.0,Reactome
P62987,P22455,unknown,Phosphorylation,1.0,Reactome
P62987,P22607,unknown,Phosphorylation,1.0,Reactome
P62987,P24941,unknown,Phosphorylation,1.0,Reactome
P62987,P36888,unknown,Phosphorylation,1.0,Reactome
P62987,P36897,unknown,Phosphorylation,1.0,Reactome
P62987,P37173,unknown,Phosphorylation,1.0,Reactome
P62987,P41279,unknown,Phosphorylation,1.0,Reactome
P62987,P43405,unknown,Phosphorylation,1.0,Reactome
P62987,P50613,unknown,Phosphorylation,1.0,Reactome
P62987,P51617,unknown,Phosphorylation,1.0,Reactome
P62987,P51955,unknown,Phosphorylation,1.0,Reactome
P62987,P53350,unknown,Phosphorylation,1.0,Reactome
P62987,Q13315,unknown,Phosphorylation,1.0,Reactome
P62987,Q15303,unknown,Phosphorylation,1.0,Reactome
P62987,Q96BR1,unknown,Phosphorylation,1.0,Reactome
P62987,Q96GD4,unknown,Phosphorylation,1.0,Reactome
P62987,Q96QP1,unknown,Phosphorylation,1.0,Reactome
P62987,Q99558,unknown,Phosphorylation,1.0,Reactome
P62987,Q9HBY8,unknown,Phosphorylation,1.0,Reactome
P62987,Q9UHD2,unknown,Phosphorylation,1.0,Reactome
P62987,Q9Y572,unknown,Phosphorylation,1.0,Reactome
P62993,O60674,unknown,Phosphorylation,1.0,PhosphoSitePlus
P62993,P00519,unknown,Phosphorylation,1.0,PhosphoSitePlus
P62993,P00533,Y168;Y209,Phosphorylation,1.0,SIGNOR;UniProt;iPTMnet
P62993,P04626,Y,Phosphorylation,1.0,UniProt
P62993,P06239,unknown,Phosphorylation,1.0,Reactome
P62993,P06241,unknown,Phosphorylation,1.0,Reactome
P62993,P07948,unknown,Phosphorylation,1.0,Reactome
P62993,P10721,Y,Phosphorylation,1.0,UniProt
P62993,P12931,Y119;Y160,Phosphorylation,1.0,PhosphoSitePlus;SIGNOR;iPTMnet
P62993,P21802,Y209,Phosphorylation,1.0,SIGNOR;UniProt;iPTMnet
P62993,P21860,Y,Phosphorylation,1.0,UniProt
P62993,P30530,Y,Phosphorylation,1.0,UniProt
P62993,P42681,Y,Phosphorylation,1.0,UniProt
P62993,P42684,Y,Phosphorylation,1.0,UniProt
P62993,P54762,Y,Phosphorylation,1.0,UniProt
P62993,Q05397,Y,Phosphorylation,1.0,Reactome;UniProt
P62993,Q06418,Y,Phosphorylation,1.0,UniProt
P62993,Q07912,Y,Phosphorylation,1.0,UniProt
P62993,Q13163,Y,Phosphorylation,1.0,UniProt
P62993,Q15303,Y,Phosphorylation,1.0,UniProt
P62993,Q9UM73,Y160,Phosphorylation,1.0,PhosphoSitePlus;SIGNOR;iPTMnet
P62994,P00533,Y,Phosphorylation,1.0,UniProt
P62995,P49759,Y,Phosphorylation,1.0,UniProt
P62995,P49761,Y,Phosphorylation,1.0,UniProt
P63000,O60229,unknown,Phosphorylation,1.0,Reactome
P63000,O75962,unknown,Phosphorylation,1.0,Reactome
P63000,P00519,unknown,Phosphorylation,1.0,Reactome
P63000,P06239,unknown,Phosphorylation,1.0,Reactome
P63000,P06241,unknown,Phosphorylation,1.0,Reactome
P63000,P07947,unknown,Phosphorylation,1.0,Reactome
P63000,P07948,unknown,Phosphorylation,1.0,Reactome
P63000,P08581,unknown,Phosphorylation,1.0,Reactome
P63000,P12931,Y64,Phosphorylation,1.0,PhosphoSitePlus;Reactome;SIGNOR
P63000,P27361,unknown,Phosphorylation,1.0,PhosphoSitePlus;Reactome
P63000,P28482,unknown,Phosphorylation,1.0,Reactome
P63000,P31749,unknown,Phosphorylation,1.0,PhosphoSitePlus
P63000,P35968,unknown,Phosphorylation,1.0,Reactome
P63000,P43405,Y,Phosphorylation,1.0,Reactome;UniProt
P63000,P54760,unknown,Phosphorylation,1.0,Reactome
P63000,Q05397,unknown,Phosphorylation,1.0,PhosphoSitePlus;Reactome;SIGNOR
P63000,Q06187,unknown,Phosphorylation,1.0,Reactome
P63000,Q13153,unknown,Phosphorylation,1.0,Reactome
P63000,Q16620,unknown,Phosphorylation,1.0,Reactome
P63000,Q38SD2,unknown,Phosphorylation,0.291,SIGNOR
P63000,Q5VST9,unknown,Phosphorylation,1.0,Reactome
P63010,O75582,unknown,Phosphorylation,1.0,Reactome
P63010,O75676,unknown,Phosphorylation,1.0,Reactome
P63010,P05129,unknown,Phosphorylation,1.0,Reactome
P63010,P05771,unknown,Phosphorylation,1.0,Reactome
P63010,P12931,Y737,Phosphorylation,1.0,PhosphoSitePlus;SIGNOR;iPTMnet
P63010,P17252,unknown,Phosphorylation,1.0,Reactome
P63010,P28482,unknown,Phosphorylation,1.0,Reactome
P63010,P51812,unknown,Phosphorylation,1.0,Reactome
P63010,Q15349,unknown,Phosphorylation,1.0,Reactome
P63010,Q15418,unknown,Phosphorylation,1.0,Reactome
P63010,Q9UK32,unknown,Phosphorylation,1.0,Reactome
P63027,Q13535,unknown,Phosphorylation,1.0,PhosphoSitePlus
P63103,P08069,Y,Phosphorylation,1.0,UniProt
P63104,P00519,Y,Phosphorylation,1.0,UniProt
P63104,P00533,Y,Phosphorylation,1.0,UniProt
P63104,P07947,unknown,Phosphorylation,15.54,PhosphoNetworks
P63104,P07948,unknown,Phosphorylation,66.64,PhosphoNetworks
P63104,P11274,unknown,Phosphorylation,1.0,PhosphoSitePlus
P63104,P12931,unknown,Phosphorylation,1.0,PhosphoSitePlus
P63104,P17612,unknown,Phosphorylation,1.0,PhosphoSitePlus
P63104,P30291,Y,Phosphorylation,1.0,UniProt
P63104,P31749,unknown,Phosphorylation,1.0,PhosphoSitePlus
P63104,P45983,unknown,Phosphorylation,100.0,PhosphoNetworks;PhosphoSitePlus
P63104,P48729,unknown,Phosphorylation,100.0,PhosphoNetworks;PhosphoSitePlus
P63104,P49137,unknown,Phosphorylation,1.0,PhosphoSitePlus
P63104,P51956,unknown,Phosphorylation,11.76,PhosphoNetworks
P63104,Q05655,unknown,Phosphorylation,1.0,PhosphoSitePlus
P63146,Q05655,unknown,Phosphorylation,2.6,PhosphoNetworks
P63165,P45983,unknown,Phosphorylation,12.84,PhosphoNetworks
P63165,Q13315,unknown,Phosphorylation,1.0,Reactome
P63167,O75385,unknown,Phosphorylation,1.0,Reactome
P63167,P06493,unknown,Phosphorylation,1.0,Reactome
P63167,P45983,unknown,Phosphorylation,1.0,Reactome
P63167,P53350,unknown,Phosphorylation,1.0,Reactome
P63167,P54646,unknown,Phosphorylation,1.0,Reactome
P63167,Q00535,unknown,Phosphorylation,0.2,SIGNOR
P63167,Q13131,unknown,Phosphorylation,1.0,Reactome
P63167,Q13153,unknown,Phosphorylation,1.0,PhosphoSitePlus
P63167,Q13627,Y,Phosphorylation,1.0,UniProt
P63167,Q15139,unknown,Phosphorylation,0.2,SIGNOR
P63208,P28482,unknown,Phosphorylation,1.0,Reactome
P63215,P34947,unknown,Phosphorylation,1.0,Reactome
P63244,P00519,Y52,Phosphorylation,1.0,SIGNOR;iPTMnet
P63244,P07948,Y,Phosphorylation,1.0,UniProt
P63244,P12931,Y228;Y246,Phosphorylation,1.0,SIGNOR;iPTMnet
P63252,P17612,unknown,Phosphorylation,1.0,PhosphoSitePlus
P63261,Q05397,unknown,Phosphorylation,1.0,Reactome
P63261,Q14289,unknown,Phosphorylation,1.0,Reactome
P63279,P06493,unknown,Phosphorylation,1.0,PhosphoSitePlus;SIGNOR
P63279,P45985,unknown,Phosphorylation,2.75,PhosphoNetworks
P63279,Q13315,unknown,Phosphorylation,1.0,Reactome
P63279,Q8IW41,unknown,Phosphorylation,7.87,PhosphoNetworks
P63279,Q92630,unknown,Phosphorylation,7.87,PhosphoNetworks
P63279,Q9UEE5,unknown,Phosphorylation,2.55,PhosphoNetworks
P67775,P00533,Y307,Phosphorylation,1.0,PhosphoSitePlus;iPTMnet
P67775,P06213,unknown,Phosphorylation,1.0,PhosphoSitePlus
P67775,P06239,unknown,Phosphorylation,1.0,PhosphoSitePlus
P67775,P12931,Y307,Phosphorylation,1.0,PhosphoSitePlus;SIGNOR;iPTMnet
P67775,Q00526,unknown,Phosphorylation,1.57,PhosphoNetworks
P67775,Q9BUB5,unknown,Phosphorylation,1.0,Reactome
P67809,O14757,unknown,Phosphorylation,1.0,PhosphoSitePlus
P67809,P27361,unknown,Phosphorylation,1.0,Reactome
P67809,P28482,unknown,Phosphorylation,1.0,Reactome;SIGNOR
P67809,P31749,unknown,Phosphorylation,1.0,PhosphoSitePlus
P67809,P51812,unknown,Phosphorylation,1.0,PhosphoSitePlus
P67809,Q15418,unknown,Phosphorylation,1.0,PhosphoSitePlus
P67870,O14757,unknown,Phosphorylation,1.0,PhosphoSitePlus
P67870,P06493,unknown,Phosphorylation,1.0,PhosphoSitePlus
P67870,P19784,unknown,Phosphorylation,1.0,PhosphoSitePlus
P67870,P68400,unknown,Phosphorylation,1.0,PhosphoSitePlus
P68036,O43318,unknown,Phosphorylation,1.57,PhosphoNetworks
P68036,P06241,unknown,Phosphorylation,9.14,PhosphoNetworks
P68036,P08581,unknown,Phosphorylation,1.57,PhosphoNetworks
P68036,P17252,unknown,Phosphorylation,15.62,PhosphoNetworks
P68036,Q6P0Q8,unknown,Phosphorylation,3.11,PhosphoNetworks
P68104,O75116,unknown,Phosphorylation,1.0,PhosphoSitePlus
P68104,P15056,unknown,Phosphorylation,1.0,PhosphoSitePlus
P68104,P36897,unknown,Phosphorylation,1.0,PhosphoSitePlus
P68104,Q96RG2,unknown,Phosphorylation,1.0,PhosphoSitePlus;SIGNOR
P68366,P43405,Y432,Phosphorylation,1.0,SIGNOR;iPTMnet
P68366,P53350,unknown,Phosphorylation,1.0,Reactome
P68371,P53350,unknown,Phosphorylation,1.0,Reactome
P68400,P06493,unknown,Phosphorylation,1.0,PhosphoSitePlus
P68400,P07948,unknown,Phosphorylation,100.0,PhosphoNetworks
P68400,P09769,Y255,Phosphorylation,100.0,PhosphoNetworks;iPTMnet
P68400,P12931,Y,Phosphorylation,1.0,UniProt
P68400,P28482,unknown,Phosphorylation,1.0,PhosphoSitePlus
P68400,P31749,unknown,Phosphorylation,1.0,PhosphoSitePlus
P68400,P68400,unknown,Phosphorylation,1.0,PhosphoSitePlus
P78314,P10721,Y,Phosphorylation,1.0,UniProt
P78314,P17252,unknown,Phosphorylation,100.0,PhosphoNetworks
P78314,P43405,Y174;Y183;Y448,Phosphorylation,1.0,PhosphoSitePlus;iPTMnet
P78317,Q15349,unknown,Phosphorylation,2.25,PhosphoNetworks
P78317,Q15831,unknown,Phosphorylation,2.21,PhosphoNetworks
P78324,O60674,Y496,Phosphorylation,1.0,iPTMnet
P78324,P08069,unknown,Phosphorylation,1.0,PhosphoSitePlus
P78324,P12931,unknown,Phosphorylation,1.0,Reactome
P78324,P42679,Y429;Y453;Y470;Y496,Phosphorylation,1.0,PhosphoSitePlus;iPTMnet
P78325,P42680,Y,Phosphorylation,1.0,UniProt
P78337,P00519,unknown,Phosphorylation,0.2,SIGNOR
P78337,Q01974,Y,Phosphorylation,1.0,UniProt
P78337,Q13882,Y,Phosphorylation,1.0,UniProt
P78337,Q14296,unknown,Phosphorylation,1.93,PhosphoNetworks
P78347,O60674,Y248,Phosphorylation,1.0,PhosphoSitePlus;iPTMnet
P78347,P12931,Y248;Y611;Y631;Y632;Y652,Phosphorylation,1.0,PhosphoSitePlus;iPTMnet
P78347,P24941,unknown,Phosphorylation,1.0,PhosphoSitePlus
P78347,P27361,unknown,Phosphorylation,1.0,PhosphoSitePlus
P78347,P28482,unknown,Phosphorylation,1.0,PhosphoSitePlus
P78347,P42685,unknown,Phosphorylation,2.25,PhosphoNetworks
P78347,Q06187,Y248;Y357;Y377;Y378;Y398;Y462;Y482;Y483;Y503,Phosphorylation,100.0,PhosphoNetworks;PhosphoSitePlus;SIGNOR;UniProt;iPTMnet
P78347,Q13976,unknown,Phosphorylation,1.0,PhosphoSitePlus
P78348,P17612,unknown,Phosphorylation,1.0,PhosphoSitePlus
P78352,P00519,Y533,Phosphorylation,0.443,SIGNOR
P78352,P06241,Y523,Phosphorylation,1.0,PhosphoSitePlus;SIGNOR;iPTMnet
P78352,P12931,Y523,Phosphorylation,1.0,PhosphoSitePlus;Reactome;SIGNOR;iPTMnet
P78352,Q02156,unknown,Phosphorylation,0.285,SIGNOR
P78352,Q13554,unknown,Phosphorylation,1.0,Reactome
P78352,Q13555,unknown,Phosphorylation,1.0,Reactome
P78352,Q13557,unknown,Phosphorylation,1.0,Reactome
P78352,Q15303,Y,Phosphorylation,1.0,UniProt
P78352,Q7KZI7,unknown,Phosphorylation,1.0,PhosphoSitePlus
P78352,Q9UQM7,unknown,Phosphorylation,1.0,Reactome
P78356,P52564,unknown,Phosphorylation,1.0,Reactome
P78356,Q16539,unknown,Phosphorylation,1.0,PhosphoSitePlus
P78357,P12931,unknown,Phosphorylation,0.335,SIGNOR
P78357,Q05655,unknown,Phosphorylation,0.2,SIGNOR
P78357,Q13882,unknown,Phosphorylation,0.2,SIGNOR
P78358,P08631,Y,Phosphorylation,1.0,UniProt
P78362,P23443,unknown,Phosphorylation,0.357,SIGNOR
P78362,P31749,unknown,Phosphorylation,1.0,PhosphoSitePlus
P78362,P49760,Y,Phosphorylation,1.0,UniProt
P78362,P49761,Y,Phosphorylation,1.0,UniProt
P78364,Q15759,unknown,Phosphorylation,1.0,Reactome
P78364,Q16539,unknown,Phosphorylation,1.0,Reactome
P78364,Q16644,unknown,Phosphorylation,1.0,Reactome
P78368,O00238,unknown,Phosphorylation,2.45,PhosphoNetworks
P78368,P22455,unknown,Phosphorylation,2.45,PhosphoNetworks
P78368,P28482,unknown,Phosphorylation,1.6,PhosphoNetworks
P78368,P31749,unknown,Phosphorylation,5.66,PhosphoNetworks
P78368,P43405,unknown,Phosphorylation,3.39,PhosphoNetworks
P78368,Q05397,unknown,Phosphorylation,7.75,PhosphoNetworks
P78368,Q07912,unknown,Phosphorylation,50.22,PhosphoNetworks
P78368,Q08881,unknown,Phosphorylation,3.23,PhosphoNetworks
P78368,Q13153,unknown,Phosphorylation,86.24,PhosphoNetworks
P78371,P23443,unknown,Phosphorylation,1.0,PhosphoSitePlus
P78371,P31749,unknown,Phosphorylation,1.0,PhosphoSitePlus
P78371,Q15418,unknown,Phosphorylation,1.0,PhosphoSitePlus
P78406,P06493,unknown,Phosphorylation,1.0,Reactome
P78406,Q8TD19,unknown,Phosphorylation,1.0,Reactome
P78406,Q9HC98,unknown,Phosphorylation,1.0,Reactome
P78509,P06241,unknown,Phosphorylation,1.0,Reactome
P78527,P07948,unknown,Phosphorylation,0.465,SIGNOR
P78527,P78527,unknown,Phosphorylation,1.0,PhosphoSitePlus
P78527,Q13315,unknown,Phosphorylation,1.0,PhosphoSitePlus
P78527,Q13535,unknown,Phosphorylation,1.0,PhosphoSitePlus
P78527,Q96GD4,unknown,Phosphorylation,1.0,PhosphoSitePlus
P78536,P05129,unknown,Phosphorylation,1.0,Reactome
P78536,P05771,unknown,Phosphorylation,1.0,Reactome
P78536,P12931,unknown,Phosphorylation,0.458,SIGNOR
P78536,P17252,unknown,Phosphorylation,1.0,PhosphoSitePlus;Reactome
P78536,P27361,unknown,Phosphorylation,100.0,PhosphoNetworks;PhosphoSitePlus
P78536,P28482,unknown,Phosphorylation,1.0,PhosphoSitePlus
P78536,P41743,unknown,Phosphorylation,1.0,Reactome
P78536,Q02156,unknown,Phosphorylation,1.0,PhosphoSitePlus;Reactome
P78536,Q04759,unknown,Phosphorylation,1.0,Reactome
P78536,Q05513,unknown,Phosphorylation,1.0,Reactome
P78536,Q05655,unknown,Phosphorylation,1.0,PhosphoSitePlus;Reactome
P78536,Q16512,unknown,Phosphorylation,1.0,Reactome
P78536,Q16513,unknown,Phosphorylation,1.0,Reactome
P78536,Q16539,unknown,Phosphorylation,1.0,PhosphoSitePlus;Reactome
P78536,Q6P5Z2,unknown,Phosphorylation,1.0,Reactome
P78536,Q9NYY3,unknown,Phosphorylation,1.0,PhosphoSitePlus;Reactome
P78543,P27361,unknown,Phosphorylation,1.0,PhosphoSitePlus
P78543,P28482,unknown,Phosphorylation,1.0,PhosphoSitePlus
P78543,Q16539,unknown,Phosphorylation,1.0,PhosphoSitePlus
P78545,P41743,unknown,Phosphorylation,1.0,Reactome
P78545,Q13153,unknown,Phosphorylation,1.0,PhosphoSitePlus
P78549,P06493,unknown,Phosphorylation,0.332,SIGNOR
P78552,P29597,unknown,Phosphorylation,1.0,PhosphoSitePlus
P78559,P28482,unknown,Phosphorylation,1.0,PhosphoSitePlus
P78559,Q13627,unknown,Phosphorylation,0.2,SIGNOR
P78563,P19525,Y,Phosphorylation,1.0,UniProt
P79483,P41240,unknown,Phosphorylation,1.0,Reactome
P80748,P07947,unknown,Phosphorylation,1.0,Reactome
P80748,P08631,unknown,Phosphorylation,1.0,Reactome
P80748,P09769,unknown,Phosphorylation,1.0,Reactome
P80748,P12931,unknown,Phosphorylation,1.0,Reactome
P81122,P06213,Y,Phosphorylation,1.0,UniProt
P81274,P17252,unknown,Phosphorylation,1.0,PhosphoSitePlus
P81274,Q96KB5,unknown,Phosphorylation,1.0,PhosphoSitePlus
P82970,P06493,unknown,Phosphorylation,1.0,PhosphoSitePlus
P82970,P24941,unknown,Phosphorylation,1.0,PhosphoSitePlus
P82970,Q96GD4,unknown,Phosphorylation,1.0,PhosphoSitePlus
P82979,Q92989,unknown,Phosphorylation,1.0,Reactome
P83916,P06241,Y,Phosphorylation,1.0,UniProt
P83916,P68400,unknown,Phosphorylation,1.0,PhosphoSitePlus
P83916,Q92630,unknown,Phosphorylation,7.73,PhosphoNetworks
P84022,O00238,unknown,Phosphorylation,366.74,PhosphoNetworks
P84022,O43930,unknown,Phosphorylation,2.63,PhosphoNetworks
P84022,O60674,unknown,Phosphorylation,18.53,PhosphoNetworks
P84022,P11802,unknown,Phosphorylation,100.0,PhosphoNetworks;PhosphoSitePlus
P84022,P12931,unknown,Phosphorylation,0.378,SIGNOR
P84022,P24941,unknown,Phosphorylation,1.0,PhosphoSitePlus
P84022,P27037,unknown,Phosphorylation,1.0,Reactome
P84022,P27361,unknown,Phosphorylation,0.626,SIGNOR
P84022,P28482,unknown,Phosphorylation,100.0,PhosphoNetworks;PhosphoSitePlus;SIGNOR
P84022,P31749,unknown,Phosphorylation,31532.24,PhosphoNetworks
P84022,P36896,unknown,Phosphorylation,1.0,Reactome
P84022,P36897,unknown,Phosphorylation,0.814,SIGNOR
P84022,P45983,unknown,Phosphorylation,2881.08,PhosphoNetworks
P84022,P49336,unknown,Phosphorylation,1.0,PhosphoSitePlus;Reactome
P84022,P50750,unknown,Phosphorylation,1.0,PhosphoSitePlus;Reactome
P84022,Q00535,unknown,Phosphorylation,47.54,PhosphoNetworks
P84022,Q04771,unknown,Phosphorylation,18.86,PhosphoNetworks
P84022,Q06187,unknown,Phosphorylation,5.63,PhosphoNetworks
P84022,Q07002,unknown,Phosphorylation,1.99,PhosphoNetworks
P84022,Q13153,unknown,Phosphorylation,202.75,PhosphoNetworks
P84022,Q13705,unknown,Phosphorylation,1.0,Reactome
P84022,Q14680,unknown,Phosphorylation,1.0,PhosphoSitePlus
P84022,Q15349,unknown,Phosphorylation,67.58,PhosphoNetworks
P84022,Q86SG6,unknown,Phosphorylation,20.28,PhosphoNetworks
P84022,Q8IU85,unknown,Phosphorylation,4.35,PhosphoNetworks
P84022,Q8NER5,unknown,Phosphorylation,1.0,Reactome
P84022,Q9Y463,unknown,Phosphorylation,46.86,PhosphoNetworks
P84074,P17252,unknown,Phosphorylation,1.85,PhosphoNetworks
P84095,O60229,unknown,Phosphorylation,1.0,Reactome
P84095,O75962,unknown,Phosphorylation,1.0,Reactome
P84098,O14757,unknown,Phosphorylation,1.0,PhosphoSitePlus
P84103,P49759,Y,Phosphorylation,1.0,UniProt
P84103,P49760,Y,Phosphorylation,1.0,UniProt
P84103,P49761,Y,Phosphorylation,1.0,UniProt
P84103,Q92989,unknown,Phosphorylation,1.0,Reactome
P84243,O60674,Y42,Phosphorylation,1.0,iPTMnet
P84243,Q16539,unknown,Phosphorylation,0.2,SIGNOR
P85037,P42345,unknown,Phosphorylation,1.0,PhosphoSitePlus
P85299,O14757,unknown,Phosphorylation,1.0,PhosphoSitePlus
P86480,Q01974,Y,Phosphorylation,1.0,UniProt
P97288,P12931,Y,Phosphorylation,1.0,UniProt
P97313,P00533,Y,Phosphorylation,1.0,UniProt
P98077,P00533,Y,Phosphorylation,1.0,UniProt
P98077,P04626,Y,Phosphorylation,1.0,UniProt
P98077,P08581,Y,Phosphorylation,1.0,UniProt
P98077,P10721,Y,Phosphorylation,1.0,UniProt
P98077,P35968,unknown,Phosphorylation,1.0,Reactome
P98082,P05129,unknown,Phosphorylation,1.0,PhosphoSitePlus
P98082,P05771,unknown,Phosphorylation,1.0,PhosphoSitePlus
P98082,P17252,unknown,Phosphorylation,100.0,PhosphoNetworks
P98082,Q05655,unknown,Phosphorylation,1.0,PhosphoSitePlus
P98155,P06241,unknown,Phosphorylation,1.0,Reactome
P98160,P35968,Y,Phosphorylation,1.0,UniProt
P98161,P12931,unknown,Phosphorylation,1.0,PhosphoSitePlus
P98161,P17612,unknown,Phosphorylation,1.0,PhosphoSitePlus
P98161,P51817,unknown,Phosphorylation,1.0,PhosphoSitePlus
P98161,P53355,unknown,Phosphorylation,0.2,SIGNOR
P98170,P04049,unknown,Phosphorylation,0.502,SIGNOR
P98170,P31749,unknown,Phosphorylation,1.0,PhosphoSitePlus
P98170,P31751,unknown,Phosphorylation,1.0,PhosphoSitePlus
P98170,Q14164,unknown,Phosphorylation,1.0,PhosphoSitePlus
P98172,P04626,Y,Phosphorylation,1.0,UniProt
P98172,P12931,unknown,Phosphorylation,1.0,PhosphoSitePlus
P98172,P29317,Y,Phosphorylation,1.0,UniProt
P98172,P29323,Y,Phosphorylation,1.0,UniProt
P98172,P54764,Y,Phosphorylation,1.0,UniProt
P98177,P24941,unknown,Phosphorylation,0.52,SIGNOR
P98177,P31749,unknown,Phosphorylation,1.0,PhosphoSitePlus;Reactome;SIGNOR
P98177,P31751,unknown,Phosphorylation,0.606,SIGNOR
P98177,P45983,unknown,Phosphorylation,100.0,PhosphoNetworks;PhosphoSitePlus
P98177,P45984,unknown,Phosphorylation,100.0,PhosphoNetworks;PhosphoSitePlus
P98177,P48729,unknown,Phosphorylation,0.2,SIGNOR
P98177,Q13043,unknown,Phosphorylation,0.429,SIGNOR
P98177,Q13131,unknown,Phosphorylation,0.371,SIGNOR
P98177,Q13627,unknown,Phosphorylation,0.316,SIGNOR
P98179,Q96GD4,unknown,Phosphorylation,1.0,PhosphoSitePlus
P99999,P06241,Y,Phosphorylation,1.0,UniProt
P99999,P27361,unknown,Phosphorylation,1.0,Reactome
P99999,P28482,unknown,Phosphorylation,1.0,Reactome
Q00013,P22607,Y,Phosphorylation,1.0,UniProt
Q00059,P17612,unknown,Phosphorylation,1.0,PhosphoSitePlus;Reactome
Q00059,P24941,unknown,Phosphorylation,1.0,PhosphoSitePlus
Q00059,P48730,unknown,Phosphorylation,2.84,PhosphoNetworks
Q00059,P49674,unknown,Phosphorylation,3.0,PhosphoNetworks
Q00059,Q9Y6E0,unknown,Phosphorylation,3.75,PhosphoNetworks
Q00169,P17252,unknown,Phosphorylation,100.0,PhosphoNetworks
Q00341,O14757,unknown,Phosphorylation,1.0,PhosphoSitePlus
Q00341,O15530,unknown,Phosphorylation,149.36,PhosphoNetworks
Q00341,Q15831,unknown,Phosphorylation,4.35,PhosphoNetworks
Q00403,P31749,unknown,Phosphorylation,2.68,PhosphoNetworks
Q00403,P50613,unknown,Phosphorylation,1.0,Reactome
Q00403,P51957,unknown,Phosphorylation,1.93,PhosphoNetworks
Q00526,Q00526,Y15;Y19,Phosphorylation,1.0,iPTMnet
Q00534,P50613,unknown,Phosphorylation,1.0,PhosphoSitePlus;Reactome
Q00534,Q92630,unknown,Phosphorylation,2.21,PhosphoNetworks
Q00535,P00519,Y15,Phosphorylation,1.0,PhosphoSitePlus;iPTMnet
Q00535,P06241,Y15,Phosphorylation,1.0,PhosphoSitePlus;Reactome;SIGNOR;iPTMnet
Q00535,P48729,unknown,Phosphorylation,1.0,PhosphoSitePlus
Q00535,P49841,unknown,Phosphorylation,1.0,Reactome
Q00535,P54764,Y15,Phosphorylation,1.0,iPTMnet
Q00535,Q16620,Y15,Phosphorylation,1.0,iPTMnet
Q00536,P17612,unknown,Phosphorylation,1.0,PhosphoSitePlus
Q00536,P24941,unknown,Phosphorylation,1.0,PhosphoSitePlus
Q00536,Q00535,unknown,Phosphorylation,1.0,PhosphoSitePlus;SIGNOR
Q00536,Q8IWQ3,unknown,Phosphorylation,1.0,PhosphoSitePlus
Q00587,P28482,unknown,Phosphorylation,1.0,PhosphoSitePlus
Q00610,O75582,unknown,Phosphorylation,1.0,Reactome
Q00610,O75676,unknown,Phosphorylation,1.0,Reactome
Q00610,P12931,Y1477,Phosphorylation,1.0,PhosphoSitePlus;SIGNOR;iPTMnet
Q00610,P28482,unknown,Phosphorylation,1.0,Reactome
Q00610,P51812,unknown,Phosphorylation,1.0,Reactome
Q00610,Q07912,Y,Phosphorylation,1.0,UniProt
Q00610,Q15349,unknown,Phosphorylation,1.0,Reactome
Q00610,Q15418,unknown,Phosphorylation,1.0,Reactome
Q00610,Q9UK32,unknown,Phosphorylation,1.0,Reactome
Q00613,P17612,unknown,Phosphorylation,1.0,PhosphoSitePlus
Q00613,P19784,unknown,Phosphorylation,1.0,PhosphoSitePlus
Q00613,P23443,unknown,Phosphorylation,15.18,PhosphoNetworks
Q00613,P27361,unknown,Phosphorylation,1.0,PhosphoSitePlus;Reactome
Q00613,P28482,unknown,Phosphorylation,1.0,Reactome
Q00613,P36507,unknown,Phosphorylation,12.84,PhosphoNetworks
Q00613,P37173,unknown,Phosphorylation,69.7,PhosphoNetworks
Q00613,P42345,unknown,Phosphorylation,1.0,PhosphoSitePlus;Reactome
Q00613,P45983,unknown,Phosphorylation,1996.19,PhosphoNetworks
Q00613,P49137,unknown,Phosphorylation,1.0,PhosphoSitePlus;Reactome
Q00613,P49841,unknown,Phosphorylation,1.0,PhosphoSitePlus;Reactome
Q00613,P53350,unknown,Phosphorylation,1.0,PhosphoSitePlus
Q00613,P53355,unknown,Phosphorylation,1.0,PhosphoSitePlus
Q00613,P68400,unknown,Phosphorylation,100.0,PhosphoNetworks;PhosphoSitePlus
Q00613,Q02750,unknown,Phosphorylation,1.0,PhosphoSitePlus
Q00613,Q04759,unknown,Phosphorylation,0.348,SIGNOR
Q00613,Q13554,unknown,Phosphorylation,1.0,Reactome
Q00613,Q13555,unknown,Phosphorylation,1.0,Reactome
Q00613,Q13557,unknown,Phosphorylation,100.0,PhosphoNetworks;Reactome
Q00613,Q16566,unknown,Phosphorylation,100.0,PhosphoNetworks
Q00613,Q92630,unknown,Phosphorylation,2.25,PhosphoNetworks
Q00613,Q9H422,unknown,Phosphorylation,0.335,SIGNOR
Q00613,Q9HC98,unknown,Phosphorylation,2.97,PhosphoNetworks
Q00613,Q9UQM7,unknown,Phosphorylation,1.0,PhosphoSitePlus;Reactome
Q00653,O14920,unknown,Phosphorylation,1.0,Reactome
Q00653,O15111,unknown,Phosphorylation,1.0,PhosphoSitePlus;Reactome
Q00653,P49841,unknown,Phosphorylation,1.0,PhosphoSitePlus
Q00653,Q99558,unknown,Phosphorylation,100.0,PhosphoNetworks;PhosphoSitePlus
Q00839,P78527,unknown,Phosphorylation,1.0,PhosphoSitePlus
Q00872,P17252,unknown,Phosphorylation,1.0,PhosphoSitePlus
Q00872,P17612,unknown,Phosphorylation,1.0,PhosphoSitePlus
Q00944,P08581,Y,Phosphorylation,1.0,UniProt
Q00987,O00141,unknown,Phosphorylation,1.0,Reactome
Q00987,O15530,unknown,Phosphorylation,9.71,PhosphoNetworks
Q00987,O43293,unknown,Phosphorylation,1.0,PhosphoSitePlus
Q00987,O43683,unknown,Phosphorylation,50.32,PhosphoNetworks
Q00987,O75676,unknown,Phosphorylation,3.24,PhosphoNetworks
Q00987,O96017,unknown,Phosphorylation,50.32,PhosphoNetworks;Reactome
Q00987,P00519,Y276;Y394;Y400;Y405,Phosphorylation,1.0,PhosphoSitePlus;SIGNOR;iPTMnet
Q00987,P06493,unknown,Phosphorylation,1.0,Reactome
Q00987,P11309,unknown,Phosphorylation,1.0,PhosphoSitePlus
Q00987,P12931,unknown,Phosphorylation,1.0,PhosphoSitePlus
Q00987,P23443,unknown,Phosphorylation,15.18,PhosphoNetworks;PhosphoSitePlus
Q00987,P24941,unknown,Phosphorylation,1.0,PhosphoSitePlus;Reactome
Q00987,P28482,unknown,Phosphorylation,34.96,PhosphoNetworks
Q00987,P30291,unknown,Phosphorylation,35.4,PhosphoNetworks
Q00987,P31749,unknown,Phosphorylation,1.0,PhosphoSitePlus;Reactome
Q00987,P31751,unknown,Phosphorylation,1.0,Reactome
Q00987,P35790,unknown,Phosphorylation,0.275,SIGNOR
Q00987,P37173,unknown,Phosphorylation,49.92,PhosphoNetworks
Q00987,P41240,Y281;Y302,Phosphorylation,0.2,SIGNOR
Q00987,P41743,unknown,Phosphorylation,34.96,PhosphoNetworks
Q00987,P43405,unknown,Phosphorylation,9.71,PhosphoNetworks
Q00987,P45984,unknown,Phosphorylation,4.46,PhosphoNetworks
Q00987,P48729,unknown,Phosphorylation,15.18,PhosphoNetworks
Q00987,P48730,unknown,Phosphorylation,100.0,PhosphoNetworks;PhosphoSitePlus;SIGNOR
Q00987,P49137,unknown,Phosphorylation,1.0,PhosphoSitePlus
Q00987,P49760,unknown,Phosphorylation,2.28,PhosphoNetworks
Q00987,P49841,unknown,Phosphorylation,1.0,PhosphoSitePlus
Q00987,P51956,unknown,Phosphorylation,4.19,PhosphoNetworks
Q00987,P53350,unknown,Phosphorylation,1.0,PhosphoSitePlus
Q00987,P53779,unknown,Phosphorylation,13.8,PhosphoNetworks
Q00987,P54646,unknown,Phosphorylation,7.46,PhosphoNetworks
Q00987,P68400,unknown,Phosphorylation,1.0,PhosphoSitePlus
Q00987,P78362,unknown,Phosphorylation,12.15,PhosphoNetworks
Q00987,Q00535,unknown,Phosphorylation,34.96,PhosphoNetworks
Q00987,Q04771,unknown,Phosphorylation,12.84,PhosphoNetworks
Q00987,Q06187,unknown,Phosphorylation,34.96,PhosphoNetworks;SIGNOR
Q00987,Q07912,unknown,Phosphorylation,4.57,PhosphoNetworks
Q00987,Q13315,unknown,Phosphorylation,1.0,PhosphoSitePlus
Q00987,Q13535,unknown,Phosphorylation,1.0,PhosphoSitePlus;Reactome
Q00987,Q13554,unknown,Phosphorylation,1.0,Reactome
Q00987,Q13555,unknown,Phosphorylation,1.0,Reactome
Q00987,Q13557,unknown,Phosphorylation,1.0,Reactome
Q00987,Q15208,unknown,Phosphorylation,24.59,PhosphoNetworks
Q00987,Q15349,unknown,Phosphorylation,34.96,PhosphoNetworks
Q00987,Q59H18,unknown,Phosphorylation,2.25,PhosphoNetworks
Q00987,Q6P2M8,unknown,Phosphorylation,3.69,PhosphoNetworks
Q00987,Q8IW41,unknown,Phosphorylation,1.58,PhosphoNetworks
Q00987,Q8TD19,unknown,Phosphorylation,2.25,PhosphoNetworks
Q00987,Q92630,unknown,Phosphorylation,1.58,PhosphoNetworks
Q00987,Q96SB4,unknown,Phosphorylation,2.25,PhosphoNetworks
Q00987,Q9H2X6,unknown,Phosphorylation,0.537,SIGNOR
Q00987,Q9NQU5,unknown,Phosphorylation,12.84,PhosphoNetworks;PhosphoSitePlus
Q00987,Q9UEE5,unknown,Phosphorylation,3.74,PhosphoNetworks
Q00987,Q9UHD2,unknown,Phosphorylation,10.68,PhosphoNetworks
Q00987,Q9UQM7,unknown,Phosphorylation,1.0,Reactome
Q00987,Q9Y243,unknown,Phosphorylation,1.0,Reactome
Q00994,P22607,Y,Phosphorylation,1.0,UniProt
Q01081,P49760,Y,Phosphorylation,1.56,PhosphoNetworks;UniProt
Q01081,Q92989,unknown,Phosphorylation,1.0,Reactome
Q01082,P12931,unknown,Phosphorylation,1.0,Reactome
Q01082,P17612,unknown,Phosphorylation,1.0,PhosphoSitePlus
Q01082,P36897,unknown,Phosphorylation,0.522,SIGNOR
Q01082,P68400,unknown,Phosphorylation,1.0,PhosphoSitePlus
Q01082,Q05397,unknown,Phosphorylation,1.0,Reactome
Q01094,O96017,unknown,Phosphorylation,100.0,PhosphoNetworks;PhosphoSitePlus
Q01094,P06493,unknown,Phosphorylation,1.0,PhosphoSitePlus
Q01094,P27361,unknown,Phosphorylation,0.293,SIGNOR
Q01094,P45983,unknown,Phosphorylation,0.278,SIGNOR
Q01094,P48730,unknown,Phosphorylation,15.18,PhosphoNetworks
Q01094,P49336,unknown,Phosphorylation,1.0,PhosphoSitePlus
Q01094,P49841,unknown,Phosphorylation,1.0,PhosphoSitePlus
Q01094,P50613,unknown,Phosphorylation,100.0,PhosphoNetworks;PhosphoSitePlus
Q01094,Q13315,unknown,Phosphorylation,1.0,PhosphoSitePlus
Q01094,Q13535,unknown,Phosphorylation,1.0,PhosphoSitePlus
Q01094,Q15759,unknown,Phosphorylation,1.0,PhosphoSitePlus
Q01105,P48736,unknown,Phosphorylation,1.0,PhosphoSitePlus;SIGNOR
Q01105,P50613,unknown,Phosphorylation,3.24,PhosphoNetworks
Q01105,P68400,unknown,Phosphorylation,1.0,PhosphoSitePlus
Q01105,Q00534,unknown,Phosphorylation,46.1,PhosphoNetworks
Q01105,Q9BZL6,unknown,Phosphorylation,1.0,PhosphoSitePlus
Q01130,P17612,unknown,Phosphorylation,1.0,PhosphoSitePlus
Q01130,Q13627,unknown,Phosphorylation,0.411,SIGNOR
Q01130,Q92989,unknown,Phosphorylation,1.0,Reactome
Q01167,P06493,unknown,Phosphorylation,1.0,PhosphoSitePlus
Q01167,P24941,unknown,Phosphorylation,1.0,PhosphoSitePlus
Q01167,P42345,unknown,Phosphorylation,1.0,PhosphoSitePlus
Q01196,P06493,unknown,Phosphorylation,1.0,PhosphoSitePlus
Q01196,P11309,unknown,Phosphorylation,0.27,SIGNOR
Q01196,P12931,unknown,Phosphorylation,0.414,SIGNOR
Q01196,P24941,unknown,Phosphorylation,1.0,PhosphoSitePlus
Q01196,P27361,unknown,Phosphorylation,1.0,PhosphoSitePlus
Q01196,P28482,unknown,Phosphorylation,1.0,PhosphoSitePlus
Q01196,Q00534,unknown,Phosphorylation,1.0,PhosphoSitePlus
Q01196,Q9H2X6,unknown,Phosphorylation,1.0,PhosphoSitePlus;Reactome
Q01201,O14920,unknown,Phosphorylation,1.0,PhosphoSitePlus
Q01201,O15111,unknown,Phosphorylation,1.0,PhosphoSitePlus
Q01201,P49841,unknown,Phosphorylation,1.0,PhosphoSitePlus
Q01344,O60674,Y,Phosphorylation,1.0,UniProt
Q01344,P07948,unknown,Phosphorylation,0.477,SIGNOR
Q01344,P17612,unknown,Phosphorylation,1.0,Reactome
Q01449,Q15746,unknown,Phosphorylation,1.0,Reactome
Q01449,Q9H1R3,unknown,Phosphorylation,1.0,PhosphoSitePlus
Q01534,P68400,unknown,Phosphorylation,1.0,PhosphoSitePlus
Q01538,Q02750,unknown,Phosphorylation,0.262,SIGNOR
Q01543,Q05655,unknown,Phosphorylation,1.0,PhosphoSitePlus
Q01581,P06493,unknown,Phosphorylation,1.0,PhosphoSitePlus
Q01628,P06241,Y20,Phosphorylation,1.0,PhosphoSitePlus;iPTMnet
Q01638,P30530,Y,Phosphorylation,1.0,UniProt
Q01638,P49841,unknown,Phosphorylation,1.0,PhosphoSitePlus
Q01726,P43250,unknown,Phosphorylation,0.313,SIGNOR
Q01813,P31749,unknown,Phosphorylation,0.568,SIGNOR
Q01826,Q13627,Y,Phosphorylation,1.0,UniProt
Q01844,P12931,unknown,Phosphorylation,1.0,PhosphoSitePlus
Q01844,P17252,unknown,Phosphorylation,1.0,PhosphoSitePlus
Q01844,P27361,unknown,Phosphorylation,1.0,PhosphoSitePlus
Q01844,P28482,unknown,Phosphorylation,1.0,PhosphoSitePlus
Q01844,P45983,unknown,Phosphorylation,1.0,PhosphoSitePlus
Q01844,Q13315,unknown,Phosphorylation,1.0,PhosphoSitePlus
Q01844,Q13535,unknown,Phosphorylation,1.0,PhosphoSitePlus
Q01844,Q15759,unknown,Phosphorylation,1.0,PhosphoSitePlus
Q01844,Q16539,unknown,Phosphorylation,1.0,PhosphoSitePlus
Q01860,P11309,unknown,Phosphorylation,1.0,PhosphoSitePlus
Q01860,P17612,unknown,Phosphorylation,1.0,PhosphoSitePlus
Q01860,P27361,unknown,Phosphorylation,1.0,PhosphoSitePlus
Q01860,P28482,unknown,Phosphorylation,1.0,PhosphoSitePlus
Q01860,Q96GD4,unknown,Phosphorylation,0.382,SIGNOR
Q01892,P27361,unknown,Phosphorylation,100.0,PhosphoNetworks
Q01954,P17252,unknown,Phosphorylation,100.0,PhosphoNetworks;PhosphoSitePlus
Q01954,Q8IVW4,unknown,Phosphorylation,1.6,PhosphoNetworks
Q01955,Q14289,unknown,Phosphorylation,1.0,Reactome
Q01959,Q9UQM7,unknown,Phosphorylation,1.0,PhosphoSitePlus
Q01970,P17252,unknown,Phosphorylation,100.0,PhosphoNetworks;PhosphoSitePlus
Q01970,P17612,unknown,Phosphorylation,1.0,PhosphoSitePlus
Q01970,P41279,unknown,Phosphorylation,1.0,PhosphoSitePlus
Q01970,Q16566,unknown,Phosphorylation,100.0,PhosphoNetworks
Q01970,Q9UQM7,unknown,Phosphorylation,1.0,PhosphoSitePlus
Q01973,P00533,Y,Phosphorylation,1.0,UniProt
Q01973,P12931,Y,Phosphorylation,1.0,UniProt
Q01974,P49674,unknown,Phosphorylation,0.268,SIGNOR
Q01995,P08069,Y,Phosphorylation,1.0,UniProt
Q01995,P17252,unknown,Phosphorylation,1.0,PhosphoSitePlus
Q02045,Q15746,unknown,Phosphorylation,1.0,Reactome
Q02078,P45984,unknown,Phosphorylation,3.62,PhosphoNetworks
Q02078,P53778,unknown,Phosphorylation,1.0,Reactome
Q02078,P53779,unknown,Phosphorylation,2.68,PhosphoNetworks
Q02078,P68400,unknown,Phosphorylation,100.0,PhosphoNetworks;PhosphoSitePlus
Q02078,Q00535,unknown,Phosphorylation,100.0,PhosphoNetworks;PhosphoSitePlus
Q02078,Q13164,unknown,Phosphorylation,100.0,PhosphoNetworks;PhosphoSitePlus;Reactome
Q02078,Q15759,unknown,Phosphorylation,1.0,Reactome;SIGNOR
Q02078,Q16539,unknown,Phosphorylation,100.0,PhosphoNetworks;PhosphoSitePlus;Reactome
Q02086,P22607,Y,Phosphorylation,1.0,UniProt
Q02156,O15530,unknown,Phosphorylation,1.0,PhosphoSitePlus
Q02156,P04626,unknown,Phosphorylation,1.0,Reactome
Q02156,P11362,unknown,Phosphorylation,1.0,Reactome
Q02156,P17252,unknown,Phosphorylation,1.0,PhosphoSitePlus
Q02156,P21802,unknown,Phosphorylation,1.0,Reactome
Q02156,P22455,unknown,Phosphorylation,1.0,Reactome
Q02156,P22607,unknown,Phosphorylation,1.0,Reactome
Q02156,P42338,unknown,Phosphorylation,1.0,Reactome
Q02156,P49841,unknown,Phosphorylation,1.0,PhosphoSitePlus
Q02156,Q02156,unknown,Phosphorylation,1.0,PhosphoSitePlus
Q02156,Q13546,unknown,Phosphorylation,1.0,Reactome
Q02156,Q15303,unknown,Phosphorylation,1.0,Reactome
Q02156,Q15759,unknown,Phosphorylation,1.0,PhosphoSitePlus
Q02156,Q16539,unknown,Phosphorylation,1.0,PhosphoSitePlus
Q02224,O14965,unknown,Phosphorylation,0.481,SIGNOR
Q02224,P06493,unknown,Phosphorylation,1.0,Reactome
Q02224,P28482,unknown,Phosphorylation,1.0,PhosphoSitePlus
Q02224,P33981,unknown,Phosphorylation,0.432,SIGNOR
Q02224,P53350,unknown,Phosphorylation,1.0,Reactome
Q02241,O95835,unknown,Phosphorylation,1.0,PhosphoSitePlus
Q02241,P53350,unknown,Phosphorylation,1.0,PhosphoSitePlus;Reactome
Q02241,Q15208,unknown,Phosphorylation,1.0,PhosphoSitePlus
Q02241,Q96GD4,unknown,Phosphorylation,1.0,PhosphoSitePlus;SIGNOR
Q02241,Q9NRM7,unknown,Phosphorylation,1.0,PhosphoSitePlus
Q02297,P04626,Y,Phosphorylation,1.0,UniProt
Q02297,P21860,Y,Phosphorylation,1.0,UniProt
Q02297,Q15303,Y,Phosphorylation,1.0,UniProt
Q02363,P11362,Y,Phosphorylation,1.0,UniProt
Q02363,P17612,unknown,Phosphorylation,34.96,PhosphoNetworks
Q02363,P31749,unknown,Phosphorylation,3.52,PhosphoNetworks
Q02388,P48730,unknown,Phosphorylation,1.0,Reactome
Q02447,P27361,unknown,Phosphorylation,1.0,PhosphoSitePlus
Q02447,P28482,unknown,Phosphorylation,1.0,PhosphoSitePlus
Q02535,P24941,unknown,Phosphorylation,1.0,PhosphoSitePlus
Q02535,Q14289,unknown,Phosphorylation,0.2,SIGNOR
Q02548,P43405,unknown,Phosphorylation,0.424,SIGNOR
Q02750,O14757,unknown,Phosphorylation,1.0,PhosphoSitePlus
Q02750,O15530,unknown,Phosphorylation,1.0,PhosphoSitePlus
Q02750,P00540,unknown,Phosphorylation,1.0,PhosphoSitePlus
Q02750,P04049,unknown,Phosphorylation,100.0,PhosphoNetworks;PhosphoSitePlus
Q02750,P06493,unknown,Phosphorylation,1.0,PhosphoSitePlus;Reactome
Q02750,P10398,unknown,Phosphorylation,1.0,PhosphoSitePlus
Q02750,P15056,unknown,Phosphorylation,1.0,PhosphoSitePlus
Q02750,P27361,unknown,Phosphorylation,1.0,PhosphoSitePlus
Q02750,P28482,unknown,Phosphorylation,100.0,PhosphoNetworks;PhosphoSitePlus
Q02750,P41279,unknown,Phosphorylation,100.0,PhosphoNetworks;PhosphoSitePlus;Reactome
Q02750,Q00535,unknown,Phosphorylation,1.0,PhosphoSitePlus
Q02750,Q02750,Y300,Phosphorylation,1.0,iPTMnet
Q02750,Q13153,unknown,Phosphorylation,100.0,PhosphoNetworks;PhosphoSitePlus
Q02750,Q13233,unknown,Phosphorylation,1.0,PhosphoSitePlus
Q02750,Q16584,unknown,Phosphorylation,0.334,SIGNOR
Q02750,Q9Y2U5,unknown,Phosphorylation,0.413,SIGNOR
Q02763,Q02763,Y1102;Y1108;Y860;Y897;Y992,Phosphorylation,1.0,PhosphoSitePlus;SIGNOR;iPTMnet
Q02790,Q9H3Y6,unknown,Phosphorylation,0.267,SIGNOR
Q02880,P06493,unknown,Phosphorylation,1.0,PhosphoSitePlus
Q02952,P00533,Y,Phosphorylation,1.0,UniProt
Q02952,P06493,unknown,Phosphorylation,1.0,PhosphoSitePlus
Q02952,P17612,unknown,Phosphorylation,1.0,PhosphoSitePlus
Q02952,P28482,unknown,Phosphorylation,1.0,PhosphoSitePlus
Q03014,P68400,unknown,Phosphorylation,1.0,PhosphoSitePlus
Q03060,P06493,unknown,Phosphorylation,1.0,PhosphoSitePlus
Q03060,P17252,unknown,Phosphorylation,1.0,PhosphoSitePlus
Q03060,P17612,unknown,Phosphorylation,1.0,PhosphoSitePlus
Q03060,P22607,Y,Phosphorylation,1.0,UniProt
Q03060,P23443,unknown,Phosphorylation,1.0,PhosphoSitePlus
Q03060,P27361,unknown,Phosphorylation,1.0,PhosphoSitePlus
Q03060,P48729,unknown,Phosphorylation,1.0,PhosphoSitePlus
Q03060,P68400,unknown,Phosphorylation,1.0,PhosphoSitePlus
Q03060,Q01974,Y,Phosphorylation,1.0,UniProt
Q03060,Q9UQM7,unknown,Phosphorylation,1.0,PhosphoSitePlus
Q03111,P50750,unknown,Phosphorylation,1.0,Reactome
Q03111,Q13315,unknown,Phosphorylation,1.0,PhosphoSitePlus
Q03112,P68400,unknown,Phosphorylation,1.0,PhosphoSitePlus
Q03113,O60285,unknown,Phosphorylation,4.78,PhosphoNetworks
Q03113,P22455,unknown,Phosphorylation,52.22,PhosphoNetworks
Q03113,P27037,unknown,Phosphorylation,2.06,PhosphoNetworks
Q03113,P34947,unknown,Phosphorylation,41.39,PhosphoNetworks
Q03113,P41240,unknown,Phosphorylation,2.67,PhosphoNetworks
Q03113,P48729,unknown,Phosphorylation,5.91,PhosphoNetworks
Q03113,P51617,unknown,Phosphorylation,8.8,PhosphoNetworks
Q03113,Q07912,unknown,Phosphorylation,4.35,PhosphoNetworks
Q03113,Q13873,unknown,Phosphorylation,52.22,PhosphoNetworks
Q03113,Q13976,unknown,Phosphorylation,6.8,PhosphoNetworks
Q03113,Q6J9G0,unknown,Phosphorylation,5.51,PhosphoNetworks
Q03113,Q9UBS0,unknown,Phosphorylation,6.8,PhosphoNetworks
Q03113,Q9UHD2,unknown,Phosphorylation,5.91,PhosphoNetworks
Q03113,Q9Y243,unknown,Phosphorylation,4.57,PhosphoNetworks
Q03114,Q16620,Y,Phosphorylation,1.0,UniProt
Q03135,P00519,Y14,Phosphorylation,1.0,PhosphoSitePlus;iPTMnet
Q03135,P00533,Y,Phosphorylation,1.0,UniProt
Q03135,P06213,unknown,Phosphorylation,1.0,PhosphoSitePlus
Q03135,P06241,Y14,Phosphorylation,100.0,PhosphoNetworks;PhosphoSitePlus;SIGNOR;iPTMnet
Q03135,P08581,unknown,Phosphorylation,0.426,SIGNOR
Q03135,P12931,Y14,Phosphorylation,1.0,PhosphoSitePlus;SIGNOR;iPTMnet
Q03135,P54762,Y14,Phosphorylation,0.2,SIGNOR
Q03164,Q13535,unknown,Phosphorylation,1.0,PhosphoSitePlus
Q03167,P22455,Y,Phosphorylation,1.0,UniProt
Q03167,P36897,unknown,Phosphorylation,1.0,PhosphoSitePlus
Q03188,P06493,unknown,Phosphorylation,1.0,Reactome
Q03188,P53350,unknown,Phosphorylation,1.0,Reactome
Q03252,P24941,unknown,Phosphorylation,1.0,PhosphoSitePlus
Q03393,Q13237,unknown,Phosphorylation,1.0,PhosphoSitePlus;Reactome
Q03393,Q13976,unknown,Phosphorylation,1.0,PhosphoSitePlus
Q03468,P00519,Y932,Phosphorylation,1.0,PhosphoSitePlus;SIGNOR;UniProt;iPTMnet
Q03692,Q05397,unknown,Phosphorylation,1.0,Reactome
Q03692,Q14289,unknown,Phosphorylation,1.0,Reactome
Q03721,P05129,unknown,Phosphorylation,1.0,PhosphoSitePlus
Q03721,P05771,unknown,Phosphorylation,1.0,PhosphoSitePlus
Q03721,P17252,unknown,Phosphorylation,100.0,PhosphoNetworks;PhosphoSitePlus
Q03989,Q01974,Y,Phosphorylation,1.0,UniProt
Q04206,O14920,unknown,Phosphorylation,100.0,PhosphoNetworks;PhosphoSitePlus;Reactome
Q04206,O15111,unknown,Phosphorylation,1.0,PhosphoSitePlus;Reactome
Q04206,O75582,unknown,Phosphorylation,1.0,PhosphoSitePlus;Reactome
Q04206,O75676,unknown,Phosphorylation,1.0,PhosphoSitePlus
Q04206,P07947,unknown,Phosphorylation,14.91,PhosphoNetworks
Q04206,P11309,unknown,Phosphorylation,1.0,PhosphoSitePlus
Q04206,P17612,unknown,Phosphorylation,1.0,PhosphoSitePlus;Reactome
Q04206,P22455,unknown,Phosphorylation,91.84,PhosphoNetworks
Q04206,P22607,Y,Phosphorylation,1.0,UniProt
Q04206,P22612,unknown,Phosphorylation,1.0,Reactome
Q04206,P22694,unknown,Phosphorylation,1.0,Reactome
Q04206,P28482,unknown,Phosphorylation,100.0,PhosphoNetworks
Q04206,P49841,unknown,Phosphorylation,100.0,PhosphoNetworks;PhosphoSitePlus
Q04206,P51617,unknown,Phosphorylation,1.0,Reactome
Q04206,P68400,unknown,Phosphorylation,100.0,PhosphoNetworks;PhosphoSitePlus
Q04206,Q05513,unknown,Phosphorylation,100.0,PhosphoNetworks;PhosphoSitePlus
Q04206,Q06187,unknown,Phosphorylation,0.402,SIGNOR
Q04206,Q14164,unknown,Phosphorylation,1.0,PhosphoSitePlus
Q04206,Q15349,unknown,Phosphorylation,34.96,PhosphoNetworks
Q04206,Q16539,unknown,Phosphorylation,100.0,PhosphoNetworks
Q04206,Q16566,unknown,Phosphorylation,1.0,PhosphoSitePlus
Q04206,Q9HCP0,unknown,Phosphorylation,1.0,PhosphoSitePlus
Q04206,Q9P286,unknown,Phosphorylation,0.2,SIGNOR
Q04206,Q9UHD2,unknown,Phosphorylation,100.0,PhosphoNetworks;PhosphoSitePlus
Q04323,P24941,unknown,Phosphorylation,1.0,PhosphoSitePlus
Q04637,P06493,unknown,Phosphorylation,1.0,PhosphoSitePlus
Q04637,P17252,unknown,Phosphorylation,1.0,PhosphoSitePlus
Q04637,P23443,unknown,Phosphorylation,1.0,Reactome
Q04637,P24941,unknown,Phosphorylation,1.0,PhosphoSitePlus
Q04637,P27361,unknown,Phosphorylation,1.0,PhosphoSitePlus
Q04637,P28482,unknown,Phosphorylation,1.0,PhosphoSitePlus
Q04637,P41279,unknown,Phosphorylation,1.0,PhosphoSitePlus
Q04637,P42345,unknown,Phosphorylation,1.0,PhosphoSitePlus
Q04637,P68400,unknown,Phosphorylation,1.0,PhosphoSitePlus
Q04637,Q13177,unknown,Phosphorylation,1.0,PhosphoSitePlus
Q04695,Q15418,unknown,Phosphorylation,1.0,PhosphoSitePlus
Q04724,P68400,unknown,Phosphorylation,100.0,PhosphoNetworks;PhosphoSitePlus
Q04759,O15530,unknown,Phosphorylation,0.571,SIGNOR
Q04759,P04626,unknown,Phosphorylation,1.0,Reactome
Q04759,P06239,Y90,Phosphorylation,100.0,PhosphoNetworks;PhosphoSitePlus;Reactome;SIGNOR;UniProt;iPTMnet
Q04759,P06241,Y,Phosphorylation,1.0,SIGNOR;UniProt
Q04759,P07948,unknown,Phosphorylation,1.0,Reactome
Q04759,P11362,unknown,Phosphorylation,1.0,Reactome
Q04759,P21802,unknown,Phosphorylation,1.0,Reactome
Q04759,P22455,unknown,Phosphorylation,1.0,Reactome
Q04759,P22607,unknown,Phosphorylation,1.0,Reactome
Q04759,P42338,unknown,Phosphorylation,1.0,Reactome
Q04759,Q04759,unknown,Phosphorylation,1.0,PhosphoSitePlus
Q04759,Q06187,Y,Phosphorylation,1.0,UniProt
Q04759,Q15303,unknown,Phosphorylation,1.0,Reactome
Q04759,Q8IVH8,unknown,Phosphorylation,1.0,PhosphoSitePlus
Q04760,Q9UQM7,unknown,Phosphorylation,1.0,PhosphoSitePlus
Q04771,P36897,unknown,Phosphorylation,0.362,SIGNOR
Q04771,Q9UF33,Y,Phosphorylation,1.0,UniProt
Q04837,O14757,unknown,Phosphorylation,1.0,PhosphoSitePlus
Q04864,O14920,unknown,Phosphorylation,1.0,PhosphoSitePlus;Reactome;SIGNOR
Q04864,O15111,unknown,Phosphorylation,1.0,PhosphoSitePlus;Reactome
Q04864,Q13882,Y,Phosphorylation,1.0,UniProt
Q04864,Q14164,unknown,Phosphorylation,0.355,SIGNOR
Q04864,Q9UHD2,unknown,Phosphorylation,0.581,SIGNOR
Q04912,P00533,unknown,Phosphorylation,0.334,SIGNOR
Q04912,P08581,unknown,Phosphorylation,1.0,PhosphoSitePlus
Q04912,P31749,unknown,Phosphorylation,1.0,PhosphoSitePlus
Q04912,Q04912,Y1238;Y1239;Y1353;Y1360,Phosphorylation,1.0,PhosphoSitePlus;iPTMnet
Q04917,O15530,unknown,Phosphorylation,2505.91,PhosphoNetworks
Q04917,P07947,unknown,Phosphorylation,15.83,PhosphoNetworks
Q04917,P09769,unknown,Phosphorylation,7.75,PhosphoNetworks
Q04917,P10398,unknown,Phosphorylation,418.82,PhosphoNetworks
Q04917,P17612,unknown,Phosphorylation,18.54,PhosphoNetworks
Q04917,P45983,unknown,Phosphorylation,7.75,PhosphoNetworks
Q04917,P49760,unknown,Phosphorylation,11.76,PhosphoNetworks
Q04917,P51813,unknown,Phosphorylation,11.13,PhosphoNetworks
Q04917,P51955,unknown,Phosphorylation,18.88,PhosphoNetworks
Q04917,Q05513,unknown,Phosphorylation,30.21,PhosphoNetworks
Q04917,Q14289,unknown,Phosphorylation,22.91,PhosphoNetworks
Q04917,Q15349,unknown,Phosphorylation,18.88,PhosphoNetworks
Q04917,Q16512,unknown,Phosphorylation,15.83,PhosphoNetworks
Q04917,Q92630,unknown,Phosphorylation,18.88,PhosphoNetworks
Q04917,Q96PY6,Y,Phosphorylation,1.0,UniProt
Q04917,Q9BRS2,unknown,Phosphorylation,5.45,PhosphoNetworks
Q04917,Q9NR20,unknown,Phosphorylation,1.67,PhosphoNetworks
Q04917,Q9UHD2,unknown,Phosphorylation,15.83,PhosphoNetworks
Q05048,Q92989,unknown,Phosphorylation,1.0,Reactome
Q05086,P00519,Y659,Phosphorylation,1.0,SIGNOR;iPTMnet
Q05193,P12931,Y231;Y597,Phosphorylation,1.0,SIGNOR;UniProt;iPTMnet
Q05193,P17252,unknown,Phosphorylation,1.0,PhosphoSitePlus
Q05193,Q00535,unknown,Phosphorylation,1.0,PhosphoSitePlus
Q05193,Q13627,unknown,Phosphorylation,1.0,PhosphoSitePlus
Q05195,P06239,unknown,Phosphorylation,2.68,PhosphoNetworks
Q05195,P23443,unknown,Phosphorylation,1.0,PhosphoSitePlus
Q05195,P27361,unknown,Phosphorylation,2.7,PhosphoNetworks
Q05195,P31749,unknown,Phosphorylation,1.0,PhosphoSitePlus
Q05195,P50613,unknown,Phosphorylation,12.88,PhosphoNetworks
Q05195,P51957,unknown,Phosphorylation,1.93,PhosphoNetworks
Q05195,Q15418,unknown,Phosphorylation,1.0,PhosphoSitePlus
Q05209,P00533,Y,Phosphorylation,1.0,UniProt
Q05209,P04626,Y,Phosphorylation,1.0,UniProt
Q05209,P09619,Y,Phosphorylation,1.0,UniProt
Q05209,P17252,unknown,Phosphorylation,100.0,PhosphoNetworks;PhosphoSitePlus
Q05209,P17612,unknown,Phosphorylation,1.0,PhosphoSitePlus
Q05209,P27361,unknown,Phosphorylation,1.0,PhosphoSitePlus
Q05209,P28482,unknown,Phosphorylation,1.0,PhosphoSitePlus
Q05209,Q02763,Y,Phosphorylation,1.0,UniProt
Q05209,Q9Y6E0,unknown,Phosphorylation,0.272,SIGNOR
Q05397,O14965,unknown,Phosphorylation,0.255,SIGNOR
Q05397,P00533,Y194;Y5,Phosphorylation,1.0,PhosphoSitePlus;SIGNOR;UniProt;iPTMnet
Q05397,P04626,Y397,Phosphorylation,0.655,SIGNOR
Q05397,P06213,Y576;Y577,Phosphorylation,1.0,iPTMnet
Q05397,P06241,Y397;Y576,Phosphorylation,1.0,SIGNOR;UniProt;iPTMnet
Q05397,P07947,Y576,Phosphorylation,1.0,PhosphoSitePlus;iPTMnet
Q05397,P07948,Y,Phosphorylation,1.0,UniProt
Q05397,P07949,Y576;Y577;Y861;Y925,Phosphorylation,1.0,PhosphoSitePlus;SIGNOR;iPTMnet
Q05397,P08581,Y194;Y397;Y407;Y5;Y576;Y577;Y861;Y925,Phosphorylation,1.0,PhosphoSitePlus;SIGNOR;iPTMnet
Q05397,P08631,Y,Phosphorylation,1.0,UniProt
Q05397,P09619,Y194;Y5,Phosphorylation,1.0,PhosphoSitePlus;SIGNOR;iPTMnet
Q05397,P09769,Y397;Y576;Y925,Phosphorylation,1.0,PhosphoSitePlus;SIGNOR;iPTMnet
Q05397,P12931,Y397;Y407;Y576;Y577;Y742;Y861;Y925,Phosphorylation,1.0,PhosphoSitePlus;SIGNOR;UniProt;iPTMnet
Q05397,P16234,Y194,Phosphorylation,1.0,SIGNOR;iPTMnet
Q05397,P16591,Y577;Y861;Y925,Phosphorylation,1.0,SIGNOR;iPTMnet
Q05397,P27361,unknown,Phosphorylation,1.0,PhosphoSitePlus
Q05397,P28482,unknown,Phosphorylation,1.0,PhosphoSitePlus
Q05397,P29317,Y,Phosphorylation,1.0,UniProt
Q05397,P31749,unknown,Phosphorylation,1.0,PhosphoSitePlus
Q05397,P51813,Y577,Phosphorylation,1.0,PhosphoSitePlus;SIGNOR;iPTMnet
Q05397,Q00535,unknown,Phosphorylation,1.0,PhosphoSitePlus
Q05397,Q05397,Y397;Y407;Y576;Y577;Y861;Y925,Phosphorylation,1.0,PhosphoSitePlus;SIGNOR;iPTMnet
Q05397,Q13164,Y397,Phosphorylation,0.291,SIGNOR
Q05397,Q13464,unknown,Phosphorylation,1.0,PhosphoSitePlus
Q05397,Q13882,Y861,Phosphorylation,1.0,SIGNOR;iPTMnet
Q05397,Q14289,Y407,Phosphorylation,1.0,PhosphoSitePlus;SIGNOR;iPTMnet
Q05397,Q14680,unknown,Phosphorylation,0.2,SIGNOR
Q05397,Q9UQM7,unknown,Phosphorylation,1.0,PhosphoSitePlus
Q05469,P17612,unknown,Phosphorylation,1.0,PhosphoSitePlus;Reactome
Q05469,P22612,unknown,Phosphorylation,1.0,Reactome
Q05469,P22694,unknown,Phosphorylation,1.0,Reactome
Q05469,Q13131,unknown,Phosphorylation,1.0,PhosphoSitePlus
Q05469,Q13976,unknown,Phosphorylation,1.0,PhosphoSitePlus
Q05469,Q14012,unknown,Phosphorylation,1.0,PhosphoSitePlus
Q05513,O15530,unknown,Phosphorylation,1.0,PhosphoSitePlus;Reactome
Q05513,Q05513,unknown,Phosphorylation,1.0,PhosphoSitePlus
Q05516,P24941,unknown,Phosphorylation,1.0,PhosphoSitePlus
Q05516,P45983,unknown,Phosphorylation,1.93,PhosphoNetworks
Q05519,P24941,unknown,Phosphorylation,1.0,PhosphoSitePlus
Q05519,Q92989,unknown,Phosphorylation,1.0,Reactome
Q05586,P05129,unknown,Phosphorylation,1.0,Reactome
Q05586,P05771,unknown,Phosphorylation,1.0,Reactome
Q05586,P12931,unknown,Phosphorylation,1.0,PhosphoSitePlus;Reactome
Q05586,P17252,unknown,Phosphorylation,1.0,Reactome
Q05586,P41743,unknown,Phosphorylation,1.0,Reactome
Q05586,Q02156,unknown,Phosphorylation,1.0,Reactome
Q05586,Q04759,unknown,Phosphorylation,1.0,Reactome
Q05586,Q05513,unknown,Phosphorylation,1.0,Reactome
Q05586,Q05655,unknown,Phosphorylation,1.0,Reactome
Q05586,Q16512,unknown,Phosphorylation,1.0,Reactome
Q05586,Q16513,unknown,Phosphorylation,1.0,Reactome
Q05586,Q6P5Z2,unknown,Phosphorylation,1.0,Reactome
Q05586,Q9HC98,unknown,Phosphorylation,1.0,PhosphoSitePlus
Q05639,P04049,unknown,Phosphorylation,1.0,PhosphoSitePlus
Q05639,P15056,unknown,Phosphorylation,1.0,PhosphoSitePlus
Q05639,P45983,unknown,Phosphorylation,1.0,PhosphoSitePlus
Q05655,O00506,unknown,Phosphorylation,15.18,PhosphoNetworks
Q05655,O15530,unknown,Phosphorylation,1.0,Reactome
Q05655,O43318,unknown,Phosphorylation,16.61,PhosphoNetworks
Q05655,O43353,unknown,Phosphorylation,2.25,PhosphoNetworks
Q05655,O75582,unknown,Phosphorylation,34.96,PhosphoNetworks
Q05655,O76039,unknown,Phosphorylation,5.31,PhosphoNetworks
Q05655,P00519,Y155;Y313,Phosphorylation,1.0,PhosphoSitePlus;SIGNOR;iPTMnet
Q05655,P00533,Y313;Y334,Phosphorylation,1.0,iPTMnet
Q05655,P06239,Y313;Y334;Y514,Phosphorylation,1.0,iPTMnet
Q05655,P06241,Y313;Y334,Phosphorylation,1.0,PhosphoSitePlus;SIGNOR;UniProt;iPTMnet
Q05655,P07947,Y313;Y334,Phosphorylation,1.0,PhosphoSitePlus;iPTMnet
Q05655,P07948,Y155;Y187;Y313;Y334;Y52;Y567;Y64,Phosphorylation,1.0,PhosphoSitePlus;iPTMnet
Q05655,P08631,Y313,Phosphorylation,1.0,iPTMnet
Q05655,P09619,Y313;Y334,Phosphorylation,1.0,PhosphoSitePlus;iPTMnet
Q05655,P12931,Y313;Y334,Phosphorylation,1.0,PhosphoSitePlus;SIGNOR;UniProt;iPTMnet
Q05655,P16591,Y374,Phosphorylation,0.2,SIGNOR
Q05655,P19525,unknown,Phosphorylation,12.84,PhosphoNetworks
Q05655,P31749,unknown,Phosphorylation,53.57,PhosphoNetworks;SIGNOR
Q05655,P36894,unknown,Phosphorylation,3.22,PhosphoNetworks
Q05655,P43250,unknown,Phosphorylation,16.93,PhosphoNetworks
Q05655,P49761,unknown,Phosphorylation,34.96,PhosphoNetworks
Q05655,P51955,unknown,Phosphorylation,24.59,PhosphoNetworks
Q05655,P52564,unknown,Phosphorylation,1.9,PhosphoNetworks
Q05655,P53671,unknown,Phosphorylation,2.21,PhosphoNetworks
Q05655,P53779,unknown,Phosphorylation,13.8,PhosphoNetworks
Q05655,P54753,unknown,Phosphorylation,9.03,PhosphoNetworks
Q05655,P78362,unknown,Phosphorylation,2.21,PhosphoNetworks
Q05655,Q02750,unknown,Phosphorylation,16.93,PhosphoNetworks
Q05655,Q05655,unknown,Phosphorylation,14.16,PhosphoNetworks;PhosphoSitePlus
Q05655,Q06418,unknown,Phosphorylation,12.84,PhosphoNetworks
Q05655,Q13546,unknown,Phosphorylation,1.0,Reactome
Q05655,Q13557,unknown,Phosphorylation,9.03,PhosphoNetworks
Q05655,Q16288,unknown,Phosphorylation,12.84,PhosphoNetworks
Q05655,Q16832,unknown,Phosphorylation,9.03,PhosphoNetworks
Q05655,Q86Z02,unknown,Phosphorylation,2.25,PhosphoNetworks
Q05655,Q99570,unknown,Phosphorylation,12.61,PhosphoNetworks
Q05655,Q9H4A3,unknown,Phosphorylation,34.96,PhosphoNetworks
Q05655,Q9UQM7,unknown,Phosphorylation,9.03,PhosphoNetworks
Q05655,Q9Y2H1,unknown,Phosphorylation,15.18,PhosphoNetworks
Q05682,P24941,unknown,Phosphorylation,1.0,PhosphoSitePlus
Q05682,P27361,unknown,Phosphorylation,100.0,PhosphoNetworks;PhosphoSitePlus
Q05682,P28482,unknown,Phosphorylation,1.0,PhosphoSitePlus
Q05682,Q13177,unknown,Phosphorylation,1.0,PhosphoSitePlus
Q05707,Q05397,unknown,Phosphorylation,1.0,Reactome
Q05707,Q14289,unknown,Phosphorylation,1.0,Reactome
Q05923,P31152,unknown,Phosphorylation,0.353,SIGNOR
Q05940,P17252,unknown,Phosphorylation,1.0,PhosphoSitePlus
Q05947,P49760,Y,Phosphorylation,1.0,UniProt
Q05BL1,P29597,Y,Phosphorylation,1.0,UniProt
Q06124,O60674,unknown,Phosphorylation,1.0,PhosphoSitePlus
Q06124,P00519,Y580,Phosphorylation,1.0,PhosphoSitePlus;SIGNOR
Q06124,P00533,Y542,Phosphorylation,1.0,SIGNOR;UniProt
Q06124,P04626,Y,Phosphorylation,1.0,UniProt
Q06124,P05771,unknown,Phosphorylation,1.0,PhosphoSitePlus
Q06124,P06213,Y,Phosphorylation,1.0,UniProt
Q06124,P06241,unknown,Phosphorylation,1.0,PhosphoSitePlus
Q06124,P08069,Y,Phosphorylation,1.0,UniProt
Q06124,P08581,Y,Phosphorylation,1.0,UniProt
Q06124,P09619,Y542,Phosphorylation,100.0,PhosphoNetworks;PhosphoSitePlus;UniProt;iPTMnet
Q06124,P10721,Y,Phosphorylation,1.0,UniProt
Q06124,P17252,unknown,Phosphorylation,1.0,PhosphoSitePlus
Q06124,P23458,unknown,Phosphorylation,1.0,PhosphoSitePlus
Q06124,P29317,Y,Phosphorylation,1.0,UniProt
Q06124,P42684,unknown,Phosphorylation,1.0,PhosphoSitePlus
Q06124,Q05397,Y,Phosphorylation,1.0,UniProt
Q06124,Q08345,Y,Phosphorylation,1.0,UniProt
Q06124,Q15303,Y,Phosphorylation,1.0,UniProt
Q06124,Q9UM73,unknown,Phosphorylation,1.0,PhosphoSitePlus
Q06187,O00329,unknown,Phosphorylation,1.0,PhosphoSitePlus
Q06187,O60674,unknown,Phosphorylation,0.45,SIGNOR
Q06187,P00519,Y223,Phosphorylation,1.0,PhosphoSitePlus;SIGNOR;iPTMnet
Q06187,P05771,unknown,Phosphorylation,1.0,PhosphoSitePlus
Q06187,P06239,unknown,Phosphorylation,1.0,Reactome
Q06187,P06241,unknown,Phosphorylation,1.0,Reactome
Q06187,P07948,Y551,Phosphorylation,100.0,PhosphoNetworks;PhosphoSitePlus;SIGNOR;iPTMnet
Q06187,P12931,Y551,Phosphorylation,1.0,SIGNOR;iPTMnet
Q06187,P31749,unknown,Phosphorylation,1.0,PhosphoSitePlus
Q06187,P42680,Y223,Phosphorylation,1.0,PhosphoSitePlus;SIGNOR;iPTMnet
Q06187,P43405,Y551,Phosphorylation,1.0,PhosphoSitePlus;SIGNOR;iPTMnet
Q06187,Q06187,Y223;Y551,Phosphorylation,1.0,PhosphoSitePlus;SIGNOR;iPTMnet
Q06187,Q08881,Y223,Phosphorylation,1.0,PhosphoSitePlus;iPTMnet
Q06210,P17612,unknown,Phosphorylation,1.0,PhosphoSitePlus
Q06210,Q13131,unknown,Phosphorylation,1.0,PhosphoSitePlus
Q06210,Q9UQM7,unknown,Phosphorylation,1.0,PhosphoSitePlus
Q06265,P68400,unknown,Phosphorylation,1.0,PhosphoSitePlus
Q06323,P22607,Y,Phosphorylation,1.0,UniProt
Q06330,Q16539,unknown,Phosphorylation,1.0,PhosphoSitePlus
Q06413,O15264,unknown,Phosphorylation,1.0,Reactome
Q06413,P06493,unknown,Phosphorylation,1.0,PhosphoSitePlus
Q06413,P17612,unknown,Phosphorylation,1.0,PhosphoSitePlus
Q06413,P31749,unknown,Phosphorylation,1.89,PhosphoNetworks
Q06413,P53778,unknown,Phosphorylation,1.0,Reactome
Q06413,P68400,unknown,Phosphorylation,1.0,PhosphoSitePlus
Q06413,Q13164,unknown,Phosphorylation,100.0,PhosphoNetworks;PhosphoSitePlus;Reactome
Q06413,Q15759,unknown,Phosphorylation,1.0,Reactome;SIGNOR
Q06413,Q16539,unknown,Phosphorylation,100.0,PhosphoNetworks;PhosphoSitePlus;Reactome;SIGNOR
Q06413,Q9H1R3,unknown,Phosphorylation,1.0,PhosphoSitePlus
Q06413,Q9H2X6,unknown,Phosphorylation,0.397,SIGNOR
Q06455,P17612,unknown,Phosphorylation,7.87,PhosphoNetworks
Q06455,P31749,unknown,Phosphorylation,1.89,PhosphoNetworks
Q06455,Q13153,unknown,Phosphorylation,1.89,PhosphoNetworks
Q06481,P06241,Y,Phosphorylation,1.0,UniProt
Q06481,P06493,unknown,Phosphorylation,1.0,PhosphoSitePlus
Q06481,P17252,unknown,Phosphorylation,1.0,PhosphoSitePlus
Q06481,P43405,Y,Phosphorylation,1.0,UniProt
Q06481,P45983,unknown,Phosphorylation,100.0,PhosphoNetworks;PhosphoSitePlus
Q06481,P45984,unknown,Phosphorylation,1.0,PhosphoSitePlus
Q06481,P53779,unknown,Phosphorylation,1.0,PhosphoSitePlus
Q06546,Q15349,unknown,Phosphorylation,5.54,PhosphoNetworks
Q06547,P22607,Y,Phosphorylation,1.0,UniProt
Q06587,Q15759,unknown,Phosphorylation,1.0,Reactome
Q06587,Q16539,unknown,Phosphorylation,1.0,Reactome
Q06587,Q16644,unknown,Phosphorylation,1.0,Reactome
Q06609,O14757,unknown,Phosphorylation,1.0,Reactome
Q06609,O76039,unknown,Phosphorylation,1.93,PhosphoNetworks
Q06609,P00519,Y315;Y54,Phosphorylation,1.0,PhosphoSitePlus;SIGNOR;iPTMnet
Q06609,P24941,unknown,Phosphorylation,0.597,SIGNOR
Q06609,P28482,unknown,Phosphorylation,7.87,PhosphoNetworks
Q06609,P53350,unknown,Phosphorylation,1.0,PhosphoSitePlus
Q06609,P68400,unknown,Phosphorylation,1.0,PhosphoSitePlus
Q06609,Q00535,unknown,Phosphorylation,7.87,PhosphoNetworks
Q06609,Q06187,unknown,Phosphorylation,7.87,PhosphoNetworks
Q06609,Q13043,unknown,Phosphorylation,5.54,PhosphoNetworks
Q06609,Q13131,unknown,Phosphorylation,2.75,PhosphoNetworks
Q06787,P23443,unknown,Phosphorylation,1.0,PhosphoSitePlus
Q06787,P68400,unknown,Phosphorylation,1.0,PhosphoSitePlus
Q06787,Q13627,Y,Phosphorylation,1.0,UniProt
Q06830,P04049,unknown,Phosphorylation,37.4,PhosphoNetworks
Q06830,P06239,unknown,Phosphorylation,1.0,PhosphoSitePlus
Q06830,P06493,unknown,Phosphorylation,1.0,PhosphoSitePlus
Q06830,P11802,unknown,Phosphorylation,15.51,PhosphoNetworks
Q06830,P12931,unknown,Phosphorylation,1.0,PhosphoSitePlus
Q06830,Q00535,unknown,Phosphorylation,1.0,Reactome
Q06830,Q13043,unknown,Phosphorylation,1.0,PhosphoSitePlus
Q06830,Q96KB5,unknown,Phosphorylation,1.0,PhosphoSitePlus
Q07021,Q13315,unknown,Phosphorylation,1.0,PhosphoSitePlus
Q07092,Q05397,unknown,Phosphorylation,1.0,Reactome
Q07092,Q14289,unknown,Phosphorylation,1.0,Reactome
Q07157,Q02156,unknown,Phosphorylation,1.0,PhosphoSitePlus
Q07343,P17612,unknown,Phosphorylation,1.0,PhosphoSitePlus;Reactome
Q07343,P22612,unknown,Phosphorylation,1.0,Reactome
Q07343,P22694,unknown,Phosphorylation,1.0,Reactome
Q07343,P28482,unknown,Phosphorylation,1.0,PhosphoSitePlus
Q07352,P31749,unknown,Phosphorylation,1.0,PhosphoSitePlus;Reactome
Q07352,P49137,unknown,Phosphorylation,1.0,PhosphoSitePlus;Reactome
Q07352,Q15418,unknown,Phosphorylation,0.2,SIGNOR
Q07627,P08631,Y,Phosphorylation,1.0,UniProt
Q07666,O15111,unknown,Phosphorylation,0.2,SIGNOR
Q07666,O96013,unknown,Phosphorylation,2.75,PhosphoNetworks
Q07666,P06213,unknown,Phosphorylation,0.361,SIGNOR
Q07666,P06239,Y,Phosphorylation,1.0,UniProt
Q07666,P06241,Y,Phosphorylation,1.0,SIGNOR;UniProt
Q07666,P07948,Y,Phosphorylation,1.0,UniProt
Q07666,P08631,Y,Phosphorylation,1.0,UniProt
Q07666,P09769,unknown,Phosphorylation,2.75,PhosphoNetworks
Q07666,P10398,unknown,Phosphorylation,2.75,PhosphoNetworks
Q07666,P11802,unknown,Phosphorylation,42.14,PhosphoNetworks
Q07666,P12931,Y,Phosphorylation,1.0,SIGNOR;UniProt
Q07666,P21802,unknown,Phosphorylation,5.6,PhosphoNetworks
Q07666,P28482,unknown,Phosphorylation,1.0,PhosphoSitePlus
Q07666,P30291,unknown,Phosphorylation,24.16,PhosphoNetworks
Q07666,P49760,unknown,Phosphorylation,2.71,PhosphoNetworks
Q07666,P51451,unknown,Phosphorylation,2.75,PhosphoNetworks
Q07666,P52333,Y,Phosphorylation,1.0,UniProt
Q07666,Q04759,unknown,Phosphorylation,2.68,PhosphoNetworks
Q07666,Q13882,Y435;Y440;Y443,Phosphorylation,1.0,PhosphoSitePlus;SIGNOR;iPTMnet
Q07666,Q16539,unknown,Phosphorylation,100.0,PhosphoNetworks
Q07666,Q9UEE5,unknown,Phosphorylation,1.93,PhosphoNetworks
Q07812,P23443,unknown,Phosphorylation,2.35,PhosphoNetworks
Q07812,P49841,unknown,Phosphorylation,1.0,PhosphoSitePlus
Q07812,P51451,unknown,Phosphorylation,7.75,PhosphoNetworks
Q07812,Q05513,unknown,Phosphorylation,1.0,PhosphoSitePlus
Q07812,Q59H18,unknown,Phosphorylation,1.6,PhosphoNetworks
Q07812,Q92630,unknown,Phosphorylation,1.57,PhosphoNetworks
Q07817,O14920,unknown,Phosphorylation,0.341,SIGNOR
Q07817,P06493,unknown,Phosphorylation,0.538,SIGNOR
Q07817,P45983,unknown,Phosphorylation,100.0,PhosphoNetworks;PhosphoSitePlus
Q07817,P45984,unknown,Phosphorylation,1.0,PhosphoSitePlus
Q07817,P49137,unknown,Phosphorylation,1.0,PhosphoSitePlus
Q07817,P49840,unknown,Phosphorylation,1.0,PhosphoSitePlus
Q07817,P49841,unknown,Phosphorylation,1.0,PhosphoSitePlus
Q07817,P53350,unknown,Phosphorylation,1.0,PhosphoSitePlus
Q07817,Q16539,unknown,Phosphorylation,1.0,PhosphoSitePlus
Q07817,Q9H4B4,unknown,Phosphorylation,1.0,PhosphoSitePlus
Q07820,P06493,unknown,Phosphorylation,1.0,PhosphoSitePlus
Q07820,P24941,unknown,Phosphorylation,1.0,PhosphoSitePlus
Q07820,P27361,unknown,Phosphorylation,100.0,PhosphoNetworks;PhosphoSitePlus
Q07820,P28482,unknown,Phosphorylation,100.0,PhosphoNetworks;PhosphoSitePlus
Q07820,P42345,unknown,Phosphorylation,1.0,PhosphoSitePlus
Q07820,P45983,unknown,Phosphorylation,1.0,PhosphoSitePlus
Q07820,P49841,unknown,Phosphorylation,1.0,PhosphoSitePlus
Q07820,P53779,unknown,Phosphorylation,1.0,PhosphoSitePlus
Q07866,P27361,unknown,Phosphorylation,1.0,PhosphoSitePlus
Q07866,P28482,unknown,Phosphorylation,1.0,PhosphoSitePlus
Q07866,Q13131,unknown,Phosphorylation,1.0,PhosphoSitePlus
Q07869,P05771,unknown,Phosphorylation,1.0,PhosphoSitePlus
Q07869,P17252,unknown,Phosphorylation,1.0,PhosphoSitePlus
Q07869,P22607,Y,Phosphorylation,1.0,UniProt
Q07869,P45983,unknown,Phosphorylation,2.75,PhosphoNetworks
Q07889,P00533,Y,Phosphorylation,1.0,UniProt
Q07889,P06239,unknown,Phosphorylation,1.0,Reactome
Q07889,P06241,unknown,Phosphorylation,1.0,Reactome
Q07889,P07948,unknown,Phosphorylation,1.0,Reactome
Q07889,P08631,Y,Phosphorylation,1.0,UniProt
Q07889,P27361,unknown,Phosphorylation,0.639,SIGNOR
Q07889,P28482,unknown,Phosphorylation,100.0,PhosphoNetworks;PhosphoSitePlus;SIGNOR
Q07889,Q15418,unknown,Phosphorylation,1.0,PhosphoSitePlus
Q07890,P00519,Y,Phosphorylation,1.0,UniProt
Q07912,P06241,Y284,Phosphorylation,1.0,iPTMnet
Q07912,P09619,Y635,Phosphorylation,0.357,SIGNOR
Q07912,P12931,Y284,Phosphorylation,1.0,SIGNOR;iPTMnet
Q07912,P51813,unknown,Phosphorylation,1.0,PhosphoSitePlus
Q07912,Q07912,Y284;Y518;Y827;Y859;Y872,Phosphorylation,1.0,PhosphoSitePlus;SIGNOR;iPTMnet
Q07954,P12931,Y4473;Y4507,Phosphorylation,1.0,PhosphoSitePlus;SIGNOR;iPTMnet
Q07954,P17252,unknown,Phosphorylation,1.0,PhosphoSitePlus
Q07954,P17612,unknown,Phosphorylation,1.0,PhosphoSitePlus
Q07954,P43405,Y,Phosphorylation,1.0,UniProt
Q07955,P17612,unknown,Phosphorylation,1.0,PhosphoSitePlus
Q07955,P21127,unknown,Phosphorylation,0.283,SIGNOR
Q07955,P49759,Y,Phosphorylation,1.0,SIGNOR;UniProt
Q07955,P51955,unknown,Phosphorylation,0.387,SIGNOR
Q07955,P78362,unknown,Phosphorylation,0.616,SIGNOR
Q07955,Q92989,unknown,Phosphorylation,1.0,Reactome
Q07955,Q96SB4,unknown,Phosphorylation,1.0,PhosphoSitePlus;SIGNOR
Q08043,Q13882,Y,Phosphorylation,1.0,UniProt
Q08048,P08581,Y,Phosphorylation,1.0,UniProt
Q08050,O14757,unknown,Phosphorylation,0.372,SIGNOR
Q08050,O96017,unknown,Phosphorylation,1.0,PhosphoSitePlus
Q08050,P06493,unknown,Phosphorylation,1.0,PhosphoSitePlus;Reactome
Q08050,P11802,unknown,Phosphorylation,1.0,PhosphoSitePlus;SIGNOR
Q08050,P12931,unknown,Phosphorylation,0.325,SIGNOR
Q08050,P24941,unknown,Phosphorylation,1.0,PhosphoSitePlus;Reactome
Q08050,Q00534,unknown,Phosphorylation,1.0,PhosphoSitePlus
Q08050,Q14680,unknown,Phosphorylation,0.503,SIGNOR
Q08050,Q9H2X6,unknown,Phosphorylation,0.2,SIGNOR
Q08170,Q92989,unknown,Phosphorylation,1.0,Reactome
Q08209,Q9NZJ5,unknown,Phosphorylation,0.2,SIGNOR
Q08211,P19525,Y,Phosphorylation,1.0,Reactome;UniProt
Q08289,Q13557,unknown,Phosphorylation,1.0,PhosphoSitePlus
Q08345,Q08345,Y484;Y513;Y520;Y740;Y792;Y796;Y797,Phosphorylation,1.0,SIGNOR;iPTMnet
Q08345,Q16832,Y,Phosphorylation,1.0,UniProt
Q08345,Q9HC98,unknown,Phosphorylation,1.0,PhosphoSitePlus
Q08378,P31749,unknown,Phosphorylation,1.0,PhosphoSitePlus
Q08378,Q16584,unknown,Phosphorylation,0.363,SIGNOR
Q08379,P06493,unknown,Phosphorylation,1.0,Reactome
Q08379,P48730,unknown,Phosphorylation,1.0,Reactome
Q08379,Q00535,unknown,Phosphorylation,1.0,Reactome
Q08426,P49760,Y,Phosphorylation,1.0,UniProt
Q08493,P17612,unknown,Phosphorylation,1.0,PhosphoSitePlus
Q08493,P28482,unknown,Phosphorylation,1.0,PhosphoSitePlus
Q08495,P17612,unknown,Phosphorylation,1.0,PhosphoSitePlus
Q08499,P17612,unknown,Phosphorylation,1.0,PhosphoSitePlus;SIGNOR
Q08499,P27361,unknown,Phosphorylation,1.0,PhosphoSitePlus
Q08499,P28482,unknown,Phosphorylation,1.0,PhosphoSitePlus;SIGNOR
Q08722,P12931,unknown,Phosphorylation,1.0,Reactome
Q08752,P27361,unknown,Phosphorylation,1.0,Reactome
Q08752,P28482,unknown,Phosphorylation,1.0,Reactome
Q08857,P07948,Y,Phosphorylation,1.0,UniProt
Q08881,P04626,Y,Phosphorylation,1.0,UniProt
Q08881,P06239,Y512,Phosphorylation,100.0,PhosphoNetworks;PhosphoSitePlus;iPTMnet
Q08881,P07948,unknown,Phosphorylation,1.0,Reactome
Q08881,P42680,unknown,Phosphorylation,1.0,PhosphoSitePlus
Q08881,P43405,unknown,Phosphorylation,1.0,Reactome
Q08881,Q06187,Y180,Phosphorylation,100.0,PhosphoNetworks;PhosphoSitePlus;SIGNOR;iPTMnet
Q08881,Q08881,Y180,Phosphorylation,1.0,PhosphoSitePlus;SIGNOR;iPTMnet
Q08945,P68400,unknown,Phosphorylation,100.0,PhosphoNetworks;PhosphoSitePlus
Q08999,P11802,unknown,Phosphorylation,100.0,PhosphoNetworks;PhosphoSitePlus;Reactome
Q08999,P24941,unknown,Phosphorylation,1.0,PhosphoSitePlus
Q08999,Q00534,unknown,Phosphorylation,100.0,PhosphoNetworks;PhosphoSitePlus;Reactome
Q08999,Q9HC98,unknown,Phosphorylation,1.0,PhosphoSitePlus
Q08AD1,O14757,unknown,Phosphorylation,1.0,PhosphoSitePlus
Q08J23,Q96GD4,unknown,Phosphorylation,1.0,PhosphoSitePlus
Q09028,Q13627,unknown,Phosphorylation,1.0,Reactome
Q09161,P23443,unknown,Phosphorylation,1.0,PhosphoSitePlus
Q09161,P50750,unknown,Phosphorylation,1.0,Reactome
Q09161,Q92989,unknown,Phosphorylation,1.0,Reactome
Q09470,P17612,unknown,Phosphorylation,1.0,PhosphoSitePlus
Q09472,O75116,unknown,Phosphorylation,0.297,SIGNOR
Q09472,P17252,unknown,Phosphorylation,100.0,PhosphoNetworks;PhosphoSitePlus
Q09472,P28482,unknown,Phosphorylation,1.0,PhosphoSitePlus
Q09472,P31749,unknown,Phosphorylation,1.0,PhosphoSitePlus;SIGNOR
Q09472,P31751,unknown,Phosphorylation,0.327,SIGNOR
Q09472,P50750,unknown,Phosphorylation,0.377,SIGNOR
Q09472,Q05655,unknown,Phosphorylation,100.0,PhosphoNetworks;PhosphoSitePlus
Q09472,Q13131,unknown,Phosphorylation,1.0,PhosphoSitePlus
Q09472,Q13315,unknown,Phosphorylation,1.0,PhosphoSitePlus
Q09472,Q9H2X6,unknown,Phosphorylation,1.0,Reactome;SIGNOR
Q09666,P00533,Y,Phosphorylation,1.0,UniProt
Q09666,P06493,unknown,Phosphorylation,1.0,PhosphoSitePlus
Q09666,P28482,unknown,Phosphorylation,1.0,PhosphoSitePlus
Q09666,P42345,unknown,Phosphorylation,1.0,PhosphoSitePlus
Q09666,Q16539,unknown,Phosphorylation,1.0,PhosphoSitePlus
Q09666,Q96GD4,unknown,Phosphorylation,1.0,PhosphoSitePlus
Q0VD86,P08631,Y,Phosphorylation,1.0,UniProt
Q0VD86,P24941,unknown,Phosphorylation,1.0,PhosphoSitePlus
Q0VD86,P49761,Y,Phosphorylation,1.0,UniProt
Q0VGL1,P31749,unknown,Phosphorylation,1.0,Reactome
Q0VGL1,P54646,unknown,Phosphorylation,1.0,Reactome
Q0VGL1,Q13131,unknown,Phosphorylation,1.0,Reactome
Q10567,P00533,Y,Phosphorylation,1.0,UniProt
Q10570,Q92989,unknown,Phosphorylation,1.0,Reactome
Q12380,P49760,Y,Phosphorylation,1.0,UniProt
Q12769,P06493,unknown,Phosphorylation,1.0,Reactome
Q12769,P53350,unknown,Phosphorylation,1.0,Reactome
Q12769,Q8TD19,unknown,Phosphorylation,1.0,Reactome
Q12769,Q9HC98,unknown,Phosphorylation,1.0,Reactome
Q12772,P27361,unknown,Phosphorylation,100.0,PhosphoNetworks;PhosphoSitePlus
Q12772,P28482,unknown,Phosphorylation,100.0,PhosphoNetworks;PhosphoSitePlus
Q12774,P12931,unknown,Phosphorylation,0.467,SIGNOR
Q12778,O15021,unknown,Phosphorylation,0.336,SIGNOR
Q12778,P06493,unknown,Phosphorylation,1.0,PhosphoSitePlus
Q12778,P11802,unknown,Phosphorylation,1.0,PhosphoSitePlus
Q12778,P24941,unknown,Phosphorylation,1.0,PhosphoSitePlus
Q12778,P28482,unknown,Phosphorylation,1.0,PhosphoSitePlus
Q12778,P31749,unknown,Phosphorylation,1.0,PhosphoSitePlus;Reactome;SIGNOR
Q12778,P48729,unknown,Phosphorylation,100.0,PhosphoNetworks;PhosphoSitePlus;SIGNOR
Q12778,P53350,unknown,Phosphorylation,0.316,SIGNOR
Q12778,Q00535,unknown,Phosphorylation,1.0,PhosphoSitePlus
Q12778,Q13131,unknown,Phosphorylation,0.448,SIGNOR
Q12778,Q13153,unknown,Phosphorylation,0.357,SIGNOR
Q12778,Q13627,unknown,Phosphorylation,1.0,PhosphoSitePlus;SIGNOR
Q12778,Q14680,unknown,Phosphorylation,0.257,SIGNOR
Q12778,Q16539,unknown,Phosphorylation,1.0,PhosphoSitePlus
Q12778,Q8IW41,unknown,Phosphorylation,1.0,Reactome;SIGNOR
Q12778,Q9UBE8,unknown,Phosphorylation,1.0,PhosphoSitePlus
Q12789,O14757,unknown,Phosphorylation,1.0,PhosphoSitePlus
Q12791,P17252,unknown,Phosphorylation,1.0,PhosphoSitePlus
Q12791,Q13131,unknown,Phosphorylation,1.0,PhosphoSitePlus
Q12791,Q13237,unknown,Phosphorylation,1.0,Reactome
Q12791,Q13976,unknown,Phosphorylation,1.0,Reactome
Q12800,P24941,unknown,Phosphorylation,1.0,PhosphoSitePlus
Q12800,Q00526,unknown,Phosphorylation,1.0,PhosphoSitePlus
Q12800,Q5JZY3,Y,Phosphorylation,1.0,UniProt
Q12802,P17612,unknown,Phosphorylation,1.0,PhosphoSitePlus
Q12809,P17252,unknown,Phosphorylation,1.0,PhosphoSitePlus
Q12809,P17612,unknown,Phosphorylation,1.0,PhosphoSitePlus
Q12809,P31749,unknown,Phosphorylation,1.0,PhosphoSitePlus
Q12815,Q13627,Y,Phosphorylation,1.0,UniProt
Q12815,Q15303,Y,Phosphorylation,1.0,UniProt
Q12824,P22607,Y,Phosphorylation,1.0,UniProt
Q12824,P51617,unknown,Phosphorylation,3.62,PhosphoNetworks
Q12834,O43683,unknown,Phosphorylation,1.0,PhosphoSitePlus
Q12834,O60566,unknown,Phosphorylation,0.993,SIGNOR
Q12834,P06493,unknown,Phosphorylation,0.936,SIGNOR
Q12834,P24941,unknown,Phosphorylation,0.682,SIGNOR
Q12834,P51955,unknown,Phosphorylation,0.944,SIGNOR
Q12834,P53350,unknown,Phosphorylation,1.0,Reactome
Q12834,Q96GD4,unknown,Phosphorylation,0.769,SIGNOR
Q12834,Q9UHD2,unknown,Phosphorylation,0.2,SIGNOR
Q12846,P05129,unknown,Phosphorylation,1.0,Reactome
Q12846,P05771,unknown,Phosphorylation,1.0,Reactome
Q12846,P17252,unknown,Phosphorylation,1.0,Reactome
Q12851,P68400,unknown,Phosphorylation,4.95,PhosphoNetworks
Q12851,Q16539,unknown,Phosphorylation,18.88,PhosphoNetworks
Q12852,P00533,Y,Phosphorylation,1.0,UniProt
Q12852,P31749,unknown,Phosphorylation,1.0,PhosphoSitePlus
Q12852,P45983,unknown,Phosphorylation,1.0,PhosphoSitePlus
Q12866,Q12866,Y749;Y753;Y754;Y872,Phosphorylation,1.0,PhosphoSitePlus;SIGNOR;iPTMnet
Q12879,P05129,unknown,Phosphorylation,1.0,Reactome
Q12879,P05771,unknown,Phosphorylation,1.0,Reactome
Q12879,P06241,Y1325,Phosphorylation,1.0,PhosphoSitePlus;SIGNOR;iPTMnet
Q12879,P12931,Y1105;Y1267;Y1325;Y1387,Phosphorylation,1.0,PhosphoSitePlus;Reactome;SIGNOR;iPTMnet
Q12879,P17252,unknown,Phosphorylation,1.0,Reactome
Q12879,P41743,unknown,Phosphorylation,1.0,Reactome
Q12879,Q02156,unknown,Phosphorylation,1.0,Reactome
Q12879,Q04759,unknown,Phosphorylation,1.0,Reactome
Q12879,Q05513,unknown,Phosphorylation,1.0,Reactome
Q12879,Q05655,unknown,Phosphorylation,1.0,Reactome
Q12879,Q16512,unknown,Phosphorylation,1.0,Reactome
Q12879,Q16513,unknown,Phosphorylation,1.0,Reactome
Q12879,Q6P5Z2,unknown,Phosphorylation,1.0,Reactome
Q12888,O14757,unknown,Phosphorylation,1.0,PhosphoSitePlus
Q12888,P06493,unknown,Phosphorylation,1.0,PhosphoSitePlus
Q12888,P24941,unknown,Phosphorylation,1.0,PhosphoSitePlus
Q12888,P53350,unknown,Phosphorylation,1.0,PhosphoSitePlus
Q12888,Q13315,unknown,Phosphorylation,1.0,PhosphoSitePlus;SIGNOR
Q12888,Q99986,unknown,Phosphorylation,0.398,SIGNOR
Q12899,P78368,unknown,Phosphorylation,1.67,PhosphoNetworks
Q12899,Q04759,unknown,Phosphorylation,2.38,PhosphoNetworks
Q12899,Q13705,unknown,Phosphorylation,2.38,PhosphoNetworks
Q12899,Q13882,unknown,Phosphorylation,1.99,PhosphoNetworks
Q12899,Q92630,unknown,Phosphorylation,2.58,PhosphoNetworks
Q12899,Q9NR20,unknown,Phosphorylation,1.67,PhosphoNetworks
Q12904,P27361,unknown,Phosphorylation,1.0,Reactome
Q12904,P28482,unknown,Phosphorylation,1.0,Reactome
Q12904,P45983,unknown,Phosphorylation,1.0,PhosphoSitePlus
Q12905,P19525,unknown,Phosphorylation,1.0,Reactome
Q12906,P05771,unknown,Phosphorylation,1.0,PhosphoSitePlus
Q12906,P19525,unknown,Phosphorylation,1.0,PhosphoSitePlus
Q12906,P24941,unknown,Phosphorylation,1.0,PhosphoSitePlus
Q12906,P31749,unknown,Phosphorylation,1.0,PhosphoSitePlus
Q12913,P04626,Y,Phosphorylation,1.0,UniProt
Q12913,P06241,Y1311;Y1320,Phosphorylation,1.0,PhosphoSitePlus;SIGNOR
Q12913,P08581,Y,Phosphorylation,1.0,UniProt
Q12913,P09619,Y,Phosphorylation,1.0,UniProt
Q12913,P12931,Y1311;Y1320,Phosphorylation,1.0,PhosphoSitePlus;SIGNOR
Q12913,P17948,Y,Phosphorylation,1.0,UniProt
Q12913,P35968,Y,Phosphorylation,1.0,UniProt
Q12913,Q02763,Y,Phosphorylation,1.0,UniProt
Q12923,P42345,unknown,Phosphorylation,1.0,PhosphoSitePlus
Q12926,Q13627,Y,Phosphorylation,1.0,UniProt
Q12929,P00533,Y,Phosphorylation,1.0,UniProt
Q12929,P27361,unknown,Phosphorylation,1.0,PhosphoSitePlus
Q12929,Q13882,Y498;Y525;Y535,Phosphorylation,1.0,SIGNOR;iPTMnet
Q12931,Q9BXM7,unknown,Phosphorylation,0.612,SIGNOR
Q12933,O75385,unknown,Phosphorylation,1.0,Reactome
Q12933,P00533,Y,Phosphorylation,1.0,UniProt
Q12933,P07947,Y,Phosphorylation,1.0,UniProt
Q12933,P17252,unknown,Phosphorylation,1.0,PhosphoSitePlus
Q12933,P49137,unknown,Phosphorylation,1.0,Reactome
Q12933,Q05513,unknown,Phosphorylation,1.0,PhosphoSitePlus
Q12933,Q13627,Y,Phosphorylation,1.0,UniProt
Q12946,P11802,unknown,Phosphorylation,1.93,PhosphoNetworks
Q12948,P24941,unknown,Phosphorylation,1.0,PhosphoSitePlus
Q12959,P06239,Y,Phosphorylation,1.0,UniProt
Q12959,P06493,unknown,Phosphorylation,1.0,PhosphoSitePlus
Q12959,P12931,unknown,Phosphorylation,1.0,Reactome
Q12959,P17252,unknown,Phosphorylation,1.0,PhosphoSitePlus
Q12959,P24941,unknown,Phosphorylation,1.0,PhosphoSitePlus
Q12959,P36507,Y,Phosphorylation,1.0,UniProt
Q12959,P53778,Y447,Phosphorylation,1.0,PhosphoSitePlus;iPTMnet
Q12959,Q13164,unknown,Phosphorylation,1.0,PhosphoSitePlus
Q12959,Q13554,unknown,Phosphorylation,1.0,Reactome
Q12959,Q13555,unknown,Phosphorylation,1.0,Reactome
Q12959,Q13557,unknown,Phosphorylation,1.0,Reactome
Q12959,Q15303,Y,Phosphorylation,1.0,UniProt
Q12959,Q16566,unknown,Phosphorylation,100.0,PhosphoNetworks
Q12959,Q9UQM7,unknown,Phosphorylation,1.0,Reactome
Q12962,P17612,unknown,Phosphorylation,45.24,PhosphoNetworks
Q12962,P50613,unknown,Phosphorylation,1.0,Reactome
Q12962,Q15831,unknown,Phosphorylation,2.25,PhosphoNetworks
Q12962,Q59H18,unknown,Phosphorylation,2.97,PhosphoNetworks
Q12968,O43930,unknown,Phosphorylation,1.75,PhosphoNetworks
Q12968,P11802,unknown,Phosphorylation,3.18,PhosphoNetworks
Q12968,P17612,unknown,Phosphorylation,34.96,PhosphoNetworks
Q12968,P23443,unknown,Phosphorylation,15.18,PhosphoNetworks
Q12968,P31749,unknown,Phosphorylation,3.45,PhosphoNetworks
Q12968,P45983,unknown,Phosphorylation,0.836,SIGNOR
Q12968,P45984,unknown,Phosphorylation,1.0,PhosphoNetworks;PhosphoSitePlus
Q12968,P48729,unknown,Phosphorylation,1.0,PhosphoSitePlus
Q12968,P48730,unknown,Phosphorylation,100.0,PhosphoNetworks
Q12968,Q06187,unknown,Phosphorylation,2.25,PhosphoNetworks
Q12968,Q59H18,unknown,Phosphorylation,2.91,PhosphoNetworks
Q12968,Q9HCP0,unknown,Phosphorylation,100.0,PhosphoNetworks
Q12968,Q9Y572,unknown,Phosphorylation,2.25,PhosphoNetworks
Q12972,O00418,unknown,Phosphorylation,14.91,PhosphoNetworks
Q12972,O43683,unknown,Phosphorylation,4.27,PhosphoNetworks
Q12972,O75716,unknown,Phosphorylation,16.93,PhosphoNetworks
Q12972,P04049,unknown,Phosphorylation,70.96,PhosphoNetworks
Q12972,P07948,Y111;Y122;Y193;Y264;Y335;Y40,Phosphorylation,100.0,PhosphoNetworks;PhosphoSitePlus;iPTMnet
Q12972,P17612,unknown,Phosphorylation,1.0,PhosphoNetworks
Q12972,P23443,unknown,Phosphorylation,34.92,PhosphoNetworks
Q12972,P29597,unknown,Phosphorylation,12.84,PhosphoNetworks
Q12972,P30291,unknown,Phosphorylation,50.32,PhosphoNetworks
Q12972,P42685,unknown,Phosphorylation,2.91,PhosphoNetworks
Q12972,P43405,unknown,Phosphorylation,18.2,PhosphoNetworks
Q12972,P49674,unknown,Phosphorylation,2.25,PhosphoNetworks
Q12972,P49760,unknown,Phosphorylation,3.24,PhosphoNetworks
Q12972,Q15349,unknown,Phosphorylation,2.25,PhosphoNetworks
Q12972,Q59H18,unknown,Phosphorylation,2.25,PhosphoNetworks
Q12972,Q8N5S9,unknown,Phosphorylation,2.25,PhosphoNetworks
Q12972,Q92630,unknown,Phosphorylation,2.25,PhosphoNetworks
Q12972,Q9BRS2,unknown,Phosphorylation,1.9,PhosphoNetworks
Q12972,Q9UEE5,unknown,Phosphorylation,5.31,PhosphoNetworks
Q12982,P42685,Y,Phosphorylation,1.0,UniProt
Q12982,P52564,unknown,Phosphorylation,1.0,Reactome
Q12996,Q92989,unknown,Phosphorylation,1.0,Reactome
Q13002,P12931,Y590,Phosphorylation,1.0,PhosphoSitePlus;SIGNOR
Q13002,P17252,unknown,Phosphorylation,1.0,PhosphoSitePlus
Q13009,P12931,Y384,Phosphorylation,1.0,PhosphoSitePlus;SIGNOR
Q13009,P31749,unknown,Phosphorylation,1.0,PhosphoSitePlus
Q13009,Q15835,unknown,Phosphorylation,0.2,SIGNOR
Q13009,Q16620,Y829,Phosphorylation,1.0,PhosphoSitePlus;iPTMnet
Q13017,P06213,unknown,Phosphorylation,1.0,PhosphoSitePlus
Q13017,P12931,unknown,Phosphorylation,1.0,PhosphoSitePlus;SIGNOR
Q13017,Q13882,Y1109,Phosphorylation,1.0,PhosphoSitePlus;SIGNOR;iPTMnet
Q13042,P06493,unknown,Phosphorylation,1.0,PhosphoSitePlus
Q13042,P53350,unknown,Phosphorylation,1.0,PhosphoSitePlus;Reactome
Q13043,O14757,unknown,Phosphorylation,1.0,PhosphoSitePlus
Q13043,P00519,unknown,Phosphorylation,1.0,PhosphoSitePlus
Q13043,P22455,unknown,Phosphorylation,0.2,SIGNOR
Q13043,P31749,unknown,Phosphorylation,1.0,PhosphoSitePlus
Q13043,P42345,unknown,Phosphorylation,1.0,PhosphoSitePlus
Q13043,P45983,unknown,Phosphorylation,1.0,PhosphoSitePlus
Q13043,Q13043,unknown,Phosphorylation,1.0,PhosphoSitePlus
Q13043,Q7L7X3,unknown,Phosphorylation,0.366,SIGNOR
Q13043,Q9H2K8,unknown,Phosphorylation,0.283,SIGNOR
Q13043,Q9UL54,unknown,Phosphorylation,0.279,SIGNOR
Q13045,Q96BR1,unknown,Phosphorylation,1.0,PhosphoSitePlus
Q13064,P08631,Y,Phosphorylation,1.0,UniProt
Q13064,Q13882,Y,Phosphorylation,1.0,UniProt
Q13077,Q16512,unknown,Phosphorylation,1.0,PhosphoSitePlus
Q13085,P17612,unknown,Phosphorylation,100.0,PhosphoNetworks
Q13085,P54646,unknown,Phosphorylation,1.0,PhosphoSitePlus
Q13085,Q13131,unknown,Phosphorylation,1.0,PhosphoSitePlus
Q13094,P00533,Y,Phosphorylation,1.0,UniProt
Q13094,P06239,Y423;Y426,Phosphorylation,1.0,PhosphoSitePlus;Reactome;UniProt;iPTMnet
Q13094,P06241,unknown,Phosphorylation,1.0,Reactome;SIGNOR
Q13094,P07948,unknown,Phosphorylation,1.0,Reactome
Q13094,P42681,Y113;Y128;Y145,Phosphorylation,1.0,SIGNOR;iPTMnet
Q13094,P43403,Y113;Y128;Y145;Y423;Y426,Phosphorylation,100.0,PhosphoNetworks;PhosphoSitePlus;Reactome;SIGNOR;iPTMnet
Q13094,P43405,Y113;Y128,Phosphorylation,100.0,PhosphoNetworks;PhosphoSitePlus;Reactome;iPTMnet
Q13094,Q08881,Y,Phosphorylation,1.0,PhosphoSitePlus;UniProt
Q13094,Q92918,unknown,Phosphorylation,1.0,PhosphoSitePlus
Q13098,Q13535,unknown,Phosphorylation,1.0,PhosphoSitePlus
Q13107,P31749,unknown,Phosphorylation,1.0,PhosphoSitePlus
Q13112,O75716,unknown,Phosphorylation,1.9,PhosphoNetworks
Q13112,P17612,unknown,Phosphorylation,2.25,PhosphoNetworks
Q13112,Q9UEE5,unknown,Phosphorylation,5.31,PhosphoNetworks
Q13114,P49674,Y116;Y446,Phosphorylation,0.305,SIGNOR
Q13118,P04049,unknown,Phosphorylation,1.0,PhosphoSitePlus
Q13118,P29597,unknown,Phosphorylation,1.0,PhosphoSitePlus;SIGNOR
Q13131,O00418,unknown,Phosphorylation,310.99,PhosphoNetworks
Q13131,O75385,unknown,Phosphorylation,0.571,SIGNOR
Q13131,P49841,unknown,Phosphorylation,1.0,PhosphoSitePlus
Q13131,Q13131,unknown,Phosphorylation,1.0,PhosphoSitePlus
Q13131,Q13554,unknown,Phosphorylation,1.0,PhosphoSitePlus
Q13131,Q15831,unknown,Phosphorylation,100.0,PhosphoNetworks;PhosphoSitePlus;Reactome
Q13131,Q16584,unknown,Phosphorylation,1.0,PhosphoSitePlus
Q13131,Q8IWQ3,unknown,Phosphorylation,1.0,PhosphoSitePlus
Q13131,Q8N5S9,unknown,Phosphorylation,1.0,PhosphoSitePlus
Q13131,Q8TDC3,unknown,Phosphorylation,1.0,PhosphoSitePlus
Q13131,Q96RR4,unknown,Phosphorylation,1.0,PhosphoSitePlus;Reactome
Q13133,P68400,unknown,Phosphorylation,1.0,PhosphoSitePlus
Q13137,Q9UHD2,unknown,Phosphorylation,0.794,SIGNOR
Q13144,P17252,unknown,Phosphorylation,29.12,PhosphoNetworks
Q13144,P49760,unknown,Phosphorylation,3.24,PhosphoNetworks
Q13144,P68400,unknown,Phosphorylation,1.0,PhosphoNetworks
Q13148,P00519,Y43,Phosphorylation,0.2,SIGNOR
Q13148,P29323,Y,Phosphorylation,1.0,UniProt
Q13148,P48729,unknown,Phosphorylation,1.0,PhosphoSitePlus
Q13148,P68400,unknown,Phosphorylation,1.0,PhosphoSitePlus
Q13151,P49137,unknown,Phosphorylation,1.0,PhosphoSitePlus
Q13153,O15530,unknown,Phosphorylation,1.0,PhosphoSitePlus
Q13153,O60674,Y153;Y201;Y285,Phosphorylation,1.0,PhosphoSitePlus;iPTMnet
Q13153,P06493,unknown,Phosphorylation,1.0,PhosphoSitePlus
Q13153,P28482,unknown,Phosphorylation,100.0,PhosphoNetworks
Q13153,P29320,Y153,Phosphorylation,0.277,SIGNOR
Q13153,P31749,unknown,Phosphorylation,1.0,PhosphoSitePlus
Q13153,P68400,unknown,Phosphorylation,1.0,PhosphoSitePlus
Q13153,Q00535,unknown,Phosphorylation,1.0,PhosphoSitePlus
Q13153,Q13153,unknown,Phosphorylation,1.0,PhosphoSitePlus
Q13153,Q13976,unknown,Phosphorylation,1.0,PhosphoSitePlus
Q13153,Q15831,unknown,Phosphorylation,1.0,PhosphoSitePlus
Q13153,Q9BWU1,unknown,Phosphorylation,1.0,PhosphoSitePlus
Q13155,P27361,unknown,Phosphorylation,1.0,Reactome
Q13155,P28482,unknown,Phosphorylation,1.0,Reactome
Q13156,P11802,unknown,Phosphorylation,1.56,PhosphoNetworks
Q13156,Q9UEE5,unknown,Phosphorylation,1.93,PhosphoNetworks
Q13158,O14733,unknown,Phosphorylation,1.0,PhosphoSitePlus
Q13158,O14965,unknown,Phosphorylation,1.0,PhosphoSitePlus
Q13158,P48729,unknown,Phosphorylation,1.0,PhosphoSitePlus
Q13158,P53350,unknown,Phosphorylation,1.0,PhosphoSitePlus
Q13158,Q13233,unknown,Phosphorylation,1.0,PhosphoSitePlus
Q13163,Q13164,unknown,Phosphorylation,100.0,PhosphoNetworks;PhosphoSitePlus
Q13163,Q99759,unknown,Phosphorylation,0.718,SIGNOR
Q13163,Q9Y2U5,unknown,Phosphorylation,0.76,SIGNOR
Q13164,O15530,unknown,Phosphorylation,3.11,PhosphoNetworks
Q13164,O60674,unknown,Phosphorylation,2.03,PhosphoNetworks
Q13164,P06241,unknown,Phosphorylation,9.14,PhosphoNetworks
Q13164,P15056,Y221,Phosphorylation,0.291,SIGNOR
Q13164,P27361,unknown,Phosphorylation,1.0,PhosphoSitePlus
Q13164,P28482,unknown,Phosphorylation,1.0,PhosphoSitePlus
Q13164,Q00535,unknown,Phosphorylation,4.26,PhosphoNetworks
Q13164,Q05513,unknown,Phosphorylation,1.0,PhosphoSitePlus;SIGNOR
Q13164,Q13153,unknown,Phosphorylation,22.21,PhosphoNetworks
Q13164,Q13163,Y221,Phosphorylation,1.0,PhosphoSitePlus;Reactome;SIGNOR;UniProt;iPTMnet
Q13164,Q13164,unknown,Phosphorylation,1.0,PhosphoSitePlus
Q13164,Q13554,unknown,Phosphorylation,1.57,PhosphoNetworks
Q13164,Q13976,unknown,Phosphorylation,1.57,PhosphoNetworks
Q13164,Q15208,unknown,Phosphorylation,5.62,PhosphoNetworks
Q13164,Q15418,unknown,Phosphorylation,1.0,PhosphoSitePlus
Q13164,Q96SB4,unknown,Phosphorylation,4.26,PhosphoNetworks
Q13177,P08631,Y,Phosphorylation,1.0,UniProt
Q13177,P12931,Y130,Phosphorylation,1.0,SIGNOR;UniProt;iPTMnet
Q13177,P54646,unknown,Phosphorylation,1.0,PhosphoSitePlus
Q13177,Q13177,unknown,Phosphorylation,1.0,PhosphoSitePlus;SIGNOR
Q13185,O14965,unknown,Phosphorylation,0.361,SIGNOR
Q13185,P17612,unknown,Phosphorylation,1.0,PhosphoSitePlus
Q13188,P00519,Y81,Phosphorylation,1.0,PhosphoSitePlus;SIGNOR;iPTMnet
Q13188,P31749,unknown,Phosphorylation,1.0,PhosphoSitePlus
Q13188,P53350,unknown,Phosphorylation,0.329,SIGNOR
Q13188,Q13188,unknown,Phosphorylation,1.0,PhosphoSitePlus
Q13188,Q7L7X3,unknown,Phosphorylation,0.297,SIGNOR
Q13188,Q9H2K8,unknown,Phosphorylation,0.29,SIGNOR
Q13188,Q9UL54,unknown,Phosphorylation,0.274,SIGNOR
Q13190,P48730,unknown,Phosphorylation,1.0,Reactome
Q13191,P06241,Y,Phosphorylation,1.0,UniProt
Q13191,P07947,Y,Phosphorylation,1.0,UniProt
Q13191,Q04759,unknown,Phosphorylation,1.0,PhosphoSitePlus
Q13191,Q06418,Y133;Y363,Phosphorylation,0.35,SIGNOR
Q13191,Q13882,Y,Phosphorylation,1.0,UniProt
Q13202,P45983,unknown,Phosphorylation,1.0,PhosphoSitePlus
Q13224,P05129,unknown,Phosphorylation,1.0,Reactome
Q13224,P05771,unknown,Phosphorylation,1.0,Reactome
Q13224,P06241,Y1039;Y1070;Y1109;Y1252;Y1336;Y1474;Y932,Phosphorylation,1.0,PhosphoSitePlus;SIGNOR;iPTMnet
Q13224,P12931,Y1474,Phosphorylation,1.0,PhosphoSitePlus;Reactome;iPTMnet
Q13224,P17252,unknown,Phosphorylation,100.0,PhosphoNetworks;Reactome
Q13224,P29323,Y1474,Phosphorylation,1.0,SIGNOR;iPTMnet
Q13224,P41743,unknown,Phosphorylation,1.0,Reactome
Q13224,P53355,unknown,Phosphorylation,1.0,PhosphoSitePlus
Q13224,Q02156,unknown,Phosphorylation,1.0,Reactome
Q13224,Q04759,unknown,Phosphorylation,1.0,Reactome
Q13224,Q05513,unknown,Phosphorylation,1.0,Reactome
Q13224,Q05655,unknown,Phosphorylation,1.0,Reactome
Q13224,Q16512,unknown,Phosphorylation,1.0,Reactome
Q13224,Q16513,unknown,Phosphorylation,1.0,Reactome
Q13224,Q6P5Z2,unknown,Phosphorylation,1.0,Reactome
Q13224,Q9UQM7,unknown,Phosphorylation,1.0,PhosphoSitePlus
Q13233,O95819,unknown,Phosphorylation,0.558,SIGNOR
Q13233,P00519,unknown,Phosphorylation,0.258,SIGNOR
Q13233,P45985,Y,Phosphorylation,1.0,UniProt
Q13233,Q13153,unknown,Phosphorylation,1.0,PhosphoSitePlus
Q13233,Q13233,unknown,Phosphorylation,1.0,PhosphoSitePlus
Q13233,Q13546,unknown,Phosphorylation,0.457,SIGNOR
Q13233,Q8IVH8,unknown,Phosphorylation,0.455,SIGNOR
Q13233,Q92918,unknown,Phosphorylation,0.457,SIGNOR
Q13237,Q13237,unknown,Phosphorylation,1.0,PhosphoSitePlus
Q13239,P00533,Y,Phosphorylation,1.0,UniProt
Q13239,P09619,Y,Phosphorylation,1.0,UniProt
Q13239,P51451,Y,Phosphorylation,1.0,UniProt
Q13239,Q13882,Y,Phosphorylation,1.0,UniProt
Q13241,P06239,unknown,Phosphorylation,1.0,Reactome
Q13241,P06241,unknown,Phosphorylation,1.0,Reactome
Q13242,P24941,unknown,Phosphorylation,1.0,PhosphoSitePlus
Q13242,Q92989,unknown,Phosphorylation,1.0,Reactome
Q13243,Q92989,unknown,Phosphorylation,1.0,Reactome
Q13247,Q13627,unknown,Phosphorylation,0.433,SIGNOR
Q13247,Q92989,unknown,Phosphorylation,1.0,Reactome
Q13257,O14757,unknown,Phosphorylation,1.0,PhosphoSitePlus
Q13257,P06213,Y,Phosphorylation,1.0,UniProt
Q13257,P51955,unknown,Phosphorylation,0.843,SIGNOR
Q13257,P53350,unknown,Phosphorylation,1.0,Reactome
Q13261,P43405,Y227,Phosphorylation,1.0,SIGNOR;iPTMnet
Q13263,O14757,unknown,Phosphorylation,1.0,PhosphoSitePlus
Q13263,O43318,unknown,Phosphorylation,3.62,PhosphoNetworks
Q13263,O75582,unknown,Phosphorylation,1.0,PhosphoSitePlus
Q13263,O75716,unknown,Phosphorylation,3.62,PhosphoNetworks
Q13263,O96017,unknown,Phosphorylation,1.0,PhosphoSitePlus
Q13263,P07948,unknown,Phosphorylation,1.0,PhosphoSitePlus
Q13263,P12931,unknown,Phosphorylation,0.2,SIGNOR
Q13263,P17612,unknown,Phosphorylation,7.87,PhosphoNetworks
Q13263,P27361,unknown,Phosphorylation,2.7,PhosphoNetworks
Q13263,P43405,unknown,Phosphorylation,2.68,PhosphoNetworks
Q13263,P45983,unknown,Phosphorylation,2.75,PhosphoNetworks
Q13263,P49137,unknown,Phosphorylation,1.0,PhosphoSitePlus
Q13263,P49759,unknown,Phosphorylation,17.99,PhosphoNetworks
Q13263,P49760,unknown,Phosphorylation,1.56,PhosphoNetworks
Q13263,Q05513,unknown,Phosphorylation,1.89,PhosphoNetworks
Q13263,Q05655,unknown,Phosphorylation,1.0,PhosphoSitePlus
Q13263,Q13164,unknown,Phosphorylation,3.55,PhosphoNetworks
Q13263,Q13315,unknown,Phosphorylation,1.0,PhosphoSitePlus
Q13263,Q9HBH9,unknown,Phosphorylation,3.62,PhosphoNetworks
Q13283,P06239,Y,Phosphorylation,1.0,PhosphoSitePlus;UniProt
Q13283,P07947,unknown,Phosphorylation,20.28,PhosphoNetworks
Q13283,P12931,unknown,Phosphorylation,1.0,PhosphoSitePlus
Q13283,P41240,Y,Phosphorylation,1.0,UniProt
Q13285,P27361,unknown,Phosphorylation,1.0,PhosphoSitePlus
Q13285,P28482,unknown,Phosphorylation,1.0,PhosphoSitePlus
Q13285,P50613,unknown,Phosphorylation,1.0,PhosphoSitePlus
Q13286,P06493,unknown,Phosphorylation,0.258,SIGNOR
Q13287,P19784,unknown,Phosphorylation,7.75,PhosphoNetworks
Q13287,P22455,unknown,Phosphorylation,26.79,PhosphoNetworks
Q13291,P06239,unknown,Phosphorylation,100.0,PhosphoNetworks;PhosphoSitePlus
Q13291,P06241,Y281;Y307;Y327,Phosphorylation,100.0,PhosphoNetworks;PhosphoSitePlus;iPTMnet
Q13291,P07948,Y327,Phosphorylation,100.0,PhosphoNetworks;PhosphoSitePlus;SIGNOR;iPTMnet
Q13303,P17252,unknown,Phosphorylation,1.0,PhosphoSitePlus
Q13304,P25098,unknown,Phosphorylation,0.2,SIGNOR
Q13308,P12931,unknown,Phosphorylation,0.28,SIGNOR
Q13309,P11309,unknown,Phosphorylation,1.0,PhosphoSitePlus
Q13309,P24941,unknown,Phosphorylation,1.0,PhosphoSitePlus
Q13315,P00519,Y,Phosphorylation,1.0,UniProt
Q13315,P00533,unknown,Phosphorylation,1.0,PhosphoSitePlus
Q13315,Q00535,unknown,Phosphorylation,1.0,PhosphoSitePlus
Q13315,Q13315,unknown,Phosphorylation,1.0,PhosphoSitePlus
Q13315,Q13535,unknown,Phosphorylation,1.0,PhosphoSitePlus
Q13315,Q96GD4,unknown,Phosphorylation,1.0,PhosphoSitePlus
Q13316,Q8IXL6,unknown,Phosphorylation,0.662,SIGNOR
Q13319,Q00535,unknown,Phosphorylation,1.0,PhosphoSitePlus
Q13322,P00533,Y,Phosphorylation,1.0,UniProt
Q13322,P06213,Y,Phosphorylation,1.0,UniProt
Q13322,P06241,Y67;Y9,Phosphorylation,100.0,PhosphoNetworks;PhosphoSitePlus;SIGNOR;iPTMnet
Q13322,P08069,Y,Phosphorylation,1.0,UniProt
Q13322,P12931,Y67;Y9,Phosphorylation,1.0,PhosphoSitePlus;SIGNOR;UniProt;iPTMnet
Q13322,P27361,unknown,Phosphorylation,100.0,PhosphoNetworks
Q13322,P28482,unknown,Phosphorylation,100.0,PhosphoNetworks;PhosphoSitePlus
Q13322,P31749,unknown,Phosphorylation,1.0,PhosphoSitePlus
Q13322,P36888,Y,Phosphorylation,1.0,UniProt
Q13322,P42345,unknown,Phosphorylation,1.0,PhosphoSitePlus;SIGNOR
Q13322,P42680,Y67,Phosphorylation,1.0,iPTMnet
Q13322,P42681,Y,Phosphorylation,1.0,UniProt
Q13322,P51451,Y,Phosphorylation,1.0,UniProt
Q13322,P54762,Y,Phosphorylation,1.0,UniProt
Q13322,Q13470,Y,Phosphorylation,1.0,UniProt
Q13323,P27361,unknown,Phosphorylation,1.0,PhosphoSitePlus
Q13323,P28482,unknown,Phosphorylation,1.0,PhosphoSitePlus
Q13323,P68400,unknown,Phosphorylation,100.0,PhosphoNetworks;PhosphoSitePlus
Q13330,O00141,unknown,Phosphorylation,1.58,PhosphoNetworks
Q13330,O00238,unknown,Phosphorylation,4.57,PhosphoNetworks
Q13330,O14733,unknown,Phosphorylation,2.21,PhosphoNetworks
Q13330,O60674,unknown,Phosphorylation,12.84,PhosphoNetworks
Q13330,O75582,unknown,Phosphorylation,2.21,PhosphoNetworks
Q13330,O75676,unknown,Phosphorylation,3.24,PhosphoNetworks
Q13330,O96013,unknown,Phosphorylation,12.84,PhosphoNetworks
Q13330,O96017,unknown,Phosphorylation,50.32,PhosphoNetworks
Q13330,P04049,unknown,Phosphorylation,91.84,PhosphoNetworks
Q13330,P06239,unknown,Phosphorylation,13.8,PhosphoNetworks
Q13330,P06241,unknown,Phosphorylation,11036.1,PhosphoNetworks
Q13330,P07948,unknown,Phosphorylation,2.67,PhosphoNetworks
Q13330,P08069,unknown,Phosphorylation,12.84,PhosphoNetworks
Q13330,P08581,unknown,Phosphorylation,12.84,PhosphoNetworks
Q13330,P09619,unknown,Phosphorylation,12.84,PhosphoNetworks
Q13330,P10398,unknown,Phosphorylation,16.61,PhosphoNetworks
Q13330,P10721,unknown,Phosphorylation,12.84,PhosphoNetworks
Q13330,P11309,unknown,Phosphorylation,2.62,PhosphoNetworks
Q13330,P11362,unknown,Phosphorylation,49.92,PhosphoNetworks
Q13330,P11802,unknown,Phosphorylation,3.24,PhosphoNetworks
Q13330,P17252,unknown,Phosphorylation,29.12,PhosphoNetworks
Q13330,P19784,unknown,Phosphorylation,16.61,PhosphoNetworks
Q13330,P21802,unknown,Phosphorylation,6.22,PhosphoNetworks
Q13330,P22694,unknown,Phosphorylation,1.58,PhosphoNetworks
Q13330,P24941,unknown,Phosphorylation,1.0,PhosphoSitePlus
Q13330,P28482,unknown,Phosphorylation,34.33,PhosphoNetworks
Q13330,P29597,unknown,Phosphorylation,12.84,PhosphoNetworks
Q13330,P30291,unknown,Phosphorylation,4.27,PhosphoNetworks
Q13330,P30530,unknown,Phosphorylation,9.03,PhosphoNetworks
Q13330,P31749,unknown,Phosphorylation,41.39,PhosphoNetworks
Q13330,P36507,unknown,Phosphorylation,1.9,PhosphoNetworks
Q13330,P41240,unknown,Phosphorylation,18.2,PhosphoNetworks
Q13330,P41743,unknown,Phosphorylation,2.91,PhosphoNetworks
Q13330,P43403,unknown,Phosphorylation,14.91,PhosphoNetworks
Q13330,P43405,unknown,Phosphorylation,13.8,PhosphoNetworks
Q13330,P45984,unknown,Phosphorylation,16.61,PhosphoNetworks
Q13330,P49674,unknown,Phosphorylation,46.1,PhosphoNetworks
Q13330,P49760,unknown,Phosphorylation,4.27,PhosphoNetworks
Q13330,P49841,unknown,Phosphorylation,45.24,PhosphoNetworks
Q13330,P51812,unknown,Phosphorylation,12.84,PhosphoNetworks
Q13330,P51813,unknown,Phosphorylation,15.18,PhosphoNetworks
Q13330,P51955,unknown,Phosphorylation,2.25,PhosphoNetworks
Q13330,P51956,unknown,Phosphorylation,3.24,PhosphoNetworks
Q13330,P51957,unknown,Phosphorylation,5.31,PhosphoNetworks
Q13330,P53778,unknown,Phosphorylation,15.18,PhosphoNetworks
Q13330,P53779,unknown,Phosphorylation,13.8,PhosphoNetworks
Q13330,P54753,unknown,Phosphorylation,12.61,PhosphoNetworks
Q13330,P78362,unknown,Phosphorylation,2.21,PhosphoNetworks
Q13330,P78368,unknown,Phosphorylation,0.342,SIGNOR
Q13330,Q00535,unknown,Phosphorylation,34.96,PhosphoNetworks
Q13330,Q04759,unknown,Phosphorylation,13.8,PhosphoNetworks
Q13330,Q05513,unknown,Phosphorylation,9.71,PhosphoNetworks
Q13330,Q07912,unknown,Phosphorylation,91.84,PhosphoNetworks
Q13330,Q08345,unknown,Phosphorylation,2.28,PhosphoNetworks
Q13330,Q13043,unknown,Phosphorylation,34.33,PhosphoNetworks
Q13330,Q13153,unknown,Phosphorylation,40.66,PhosphoNetworks
Q13330,Q13873,unknown,Phosphorylation,4.57,PhosphoNetworks
Q13330,Q13882,unknown,Phosphorylation,2.25,PhosphoNetworks
Q13330,Q14289,unknown,Phosphorylation,17.86,PhosphoNetworks
Q13330,Q15208,unknown,Phosphorylation,2.21,PhosphoNetworks
Q13330,Q6J9G0,unknown,Phosphorylation,5.27,PhosphoNetworks
Q13330,Q6P0Q8,unknown,Phosphorylation,13.8,PhosphoNetworks
Q13330,Q86Z02,unknown,Phosphorylation,34.96,PhosphoNetworks
Q13330,Q8N2I9,unknown,Phosphorylation,2.25,PhosphoNetworks
Q13330,Q96GD4,unknown,Phosphorylation,4.27,PhosphoNetworks
Q13330,Q96KB5,unknown,Phosphorylation,16.61,PhosphoNetworks
Q13330,Q96SB4,unknown,Phosphorylation,2.97,PhosphoNetworks
Q13330,Q9BUB5,unknown,Phosphorylation,2.91,PhosphoNetworks
Q13330,Q9H4B4,unknown,Phosphorylation,12.84,PhosphoNetworks
Q13330,Q9HBH9,unknown,Phosphorylation,16.93,PhosphoNetworks
Q13330,Q9NRH2,unknown,Phosphorylation,3.18,PhosphoNetworks
Q13330,Q9UEE5,unknown,Phosphorylation,6.88,PhosphoNetworks
Q13330,Q9UHD2,unknown,Phosphorylation,19.64,PhosphoNetworks
Q13330,Q9Y2H9,unknown,Phosphorylation,13.8,PhosphoNetworks
Q13330,Q9Y463,unknown,Phosphorylation,3.24,PhosphoNetworks
Q13332,Q16288,Y,Phosphorylation,1.0,UniProt
Q13349,Q05397,unknown,Phosphorylation,1.0,Reactome
Q13349,Q14289,unknown,Phosphorylation,1.0,Reactome
Q13351,P68400,unknown,Phosphorylation,1.0,PhosphoSitePlus
Q13352,P06493,unknown,Phosphorylation,1.0,Reactome
Q13352,P22607,Y,Phosphorylation,1.0,UniProt
Q13352,P24941,unknown,Phosphorylation,1.0,PhosphoSitePlus
Q13352,P53350,unknown,Phosphorylation,1.0,Reactome
Q13352,Q13153,unknown,Phosphorylation,1.0,PhosphoSitePlus
Q13362,O96017,unknown,Phosphorylation,0.32,SIGNOR
Q13362,P48729,unknown,Phosphorylation,1.0,Reactome
Q13362,P48730,unknown,Phosphorylation,1.0,Reactome
Q13362,P49674,unknown,Phosphorylation,7.87,PhosphoNetworks;Reactome
Q13362,P49841,unknown,Phosphorylation,1.0,Reactome
Q13362,P78368,unknown,Phosphorylation,1.0,Reactome
Q13362,Q13131,unknown,Phosphorylation,1.0,PhosphoSitePlus
Q13362,Q13315,unknown,Phosphorylation,1.0,PhosphoSitePlus;SIGNOR
Q13362,Q9Y6M4,unknown,Phosphorylation,1.0,Reactome
Q13363,O75716,unknown,Phosphorylation,16.61,PhosphoNetworks
Q13363,P11802,unknown,Phosphorylation,65.13,PhosphoNetworks
Q13363,P31749,unknown,Phosphorylation,0.483,SIGNOR
Q13363,P45983,unknown,Phosphorylation,1.0,PhosphoSitePlus
Q13363,Q13131,unknown,Phosphorylation,1.0,PhosphoSitePlus
Q13363,Q13153,unknown,Phosphorylation,1.0,PhosphoSitePlus
Q13363,Q13882,unknown,Phosphorylation,1.58,PhosphoNetworks
Q13363,Q15349,unknown,Phosphorylation,34.96,PhosphoNetworks
Q13363,Q9H2X6,unknown,Phosphorylation,1.0,PhosphoSitePlus
Q13370,P17612,unknown,Phosphorylation,1.0,PhosphoSitePlus
Q13370,P31749,unknown,Phosphorylation,1.0,PhosphoSitePlus
Q13370,P31751,unknown,Phosphorylation,1.0,Reactome
Q13370,Q14164,unknown,Phosphorylation,0.2,SIGNOR
Q13371,P19784,unknown,Phosphorylation,1.0,Reactome
Q13371,P25098,unknown,Phosphorylation,0.2,SIGNOR
Q13371,P68400,unknown,Phosphorylation,1.0,PhosphoSitePlus;Reactome
Q13387,P00533,Y,Phosphorylation,1.0,UniProt
Q13387,P04626,Y,Phosphorylation,1.0,UniProt
Q13393,P05129,unknown,Phosphorylation,1.0,Reactome
Q13393,P54646,unknown,Phosphorylation,1.0,PhosphoSitePlus
Q13393,P68400,unknown,Phosphorylation,1.0,PhosphoSitePlus
Q13404,O15530,unknown,Phosphorylation,1.0,Reactome
Q13404,P22607,Y,Phosphorylation,1.0,UniProt
Q13404,Q04759,unknown,Phosphorylation,1.0,Reactome
Q13404,Q15349,unknown,Phosphorylation,2.25,PhosphoNetworks
Q13404,Q96QP1,unknown,Phosphorylation,1.0,Reactome
Q13404,Q9NWZ3,unknown,Phosphorylation,1.0,Reactome
Q13409,P06493,unknown,Phosphorylation,1.0,Reactome
Q13409,P28482,unknown,Phosphorylation,1.0,PhosphoSitePlus
Q13409,P53350,unknown,Phosphorylation,1.0,Reactome
Q13415,P24941,unknown,Phosphorylation,1.0,PhosphoSitePlus;Reactome
Q13415,Q13535,unknown,Phosphorylation,1.0,Reactome
Q13416,P24941,unknown,Phosphorylation,1.0,PhosphoSitePlus;Reactome
Q13416,P53350,unknown,Phosphorylation,1.0,PhosphoSitePlus
Q13416,Q13535,unknown,Phosphorylation,1.0,Reactome
Q13418,P17252,unknown,Phosphorylation,1.0,PhosphoSitePlus
Q13418,Q13153,unknown,Phosphorylation,1.0,PhosphoSitePlus
Q13422,P42681,Y,Phosphorylation,1.0,UniProt
Q13422,P43405,unknown,Phosphorylation,1.0,PhosphoSitePlus
Q13422,P68400,unknown,Phosphorylation,1.0,PhosphoSitePlus
Q13422,Q06187,unknown,Phosphorylation,1.0,PhosphoSitePlus
Q13422,Q92630,Y,Phosphorylation,1.0,UniProt
Q13424,P53778,unknown,Phosphorylation,100.0,PhosphoNetworks
Q13425,Q00535,unknown,Phosphorylation,1.0,PhosphoSitePlus
Q13426,P17612,unknown,Phosphorylation,7.87,PhosphoNetworks
Q13426,P30291,unknown,Phosphorylation,17.99,PhosphoNetworks
Q13426,P45983,unknown,Phosphorylation,2.7,PhosphoNetworks
Q13426,P68400,unknown,Phosphorylation,1.0,PhosphoSitePlus
Q13426,P78527,unknown,Phosphorylation,1.0,PhosphoSitePlus
Q13426,Q00535,unknown,Phosphorylation,5.54,PhosphoNetworks
Q13426,Q05397,unknown,Phosphorylation,2.75,PhosphoNetworks
Q13426,Q9UEE5,unknown,Phosphorylation,1.93,PhosphoNetworks
Q13428,P06493,unknown,Phosphorylation,1.0,PhosphoSitePlus
Q13428,P24941,unknown,Phosphorylation,1.0,PhosphoSitePlus
Q13433,P43403,unknown,Phosphorylation,0.2,SIGNOR
Q13435,P12931,unknown,Phosphorylation,1.0,PhosphoSitePlus
Q13435,P22607,Y,Phosphorylation,1.0,UniProt
Q13438,P00533,Y,Phosphorylation,1.0,UniProt
Q13439,O14757,unknown,Phosphorylation,1.0,PhosphoSitePlus
Q13444,P06239,Y715;Y735,Phosphorylation,1.0,PhosphoSitePlus;SIGNOR;UniProt;iPTMnet
Q13444,P06241,Y,Phosphorylation,1.0,UniProt
Q13444,P07948,Y,Phosphorylation,1.0,UniProt
Q13444,P08631,Y715;Y735,Phosphorylation,100.0,PhosphoNetworks;PhosphoSitePlus;SIGNOR;UniProt;iPTMnet
Q13444,P12931,Y,Phosphorylation,1.0,UniProt
Q13444,Q06187,Y,Phosphorylation,1.0,UniProt
Q13451,P00533,Y,Phosphorylation,1.0,UniProt
Q13451,Q9H3Y6,Y54,Phosphorylation,0.267,SIGNOR
Q13459,P28482,unknown,Phosphorylation,1.0,PhosphoSitePlus
Q13469,P45983,unknown,Phosphorylation,1.0,PhosphoSitePlus;SIGNOR
Q13469,P45984,unknown,Phosphorylation,0.54,SIGNOR
Q13469,P49841,unknown,Phosphorylation,0.564,SIGNOR
Q13470,O14757,unknown,Phosphorylation,1.0,PhosphoSitePlus
Q13480,P00533,Y285;Y307;Y373;Y406;Y447;Y472;Y589;Y619;Y627;Y657;Y659;Y689,Phosphorylation,1.0,PhosphoSitePlus;SIGNOR;UniProt;iPTMnet
Q13480,P06213,Y242;Y285;Y373;Y447;Y472;Y589;Y619;Y627;Y657;Y659;Y689,Phosphorylation,1.0,PhosphoSitePlus;iPTMnet
Q13480,P06239,Y,Phosphorylation,1.0,UniProt
Q13480,P07332,Y,Phosphorylation,1.0,UniProt
Q13480,P07947,Y,Phosphorylation,1.0,UniProt
Q13480,P07948,Y,Phosphorylation,1.0,UniProt
Q13480,P08581,Y285;Y307;Y373;Y406;Y447;Y472;Y589;Y619;Y627;Y657;Y659;Y689,Phosphorylation,100.0,PhosphoNetworks;PhosphoSitePlus;SIGNOR;iPTMnet
Q13480,P09619,Y627;Y659,Phosphorylation,1.0,iPTMnet
Q13480,P12931,Y242;Y259;Y317;Y373;Y627,Phosphorylation,1.0,PhosphoSitePlus;SIGNOR;UniProt;iPTMnet
Q13480,P28482,unknown,Phosphorylation,100.0,PhosphoNetworks;PhosphoSitePlus
Q13480,P42680,Y,Phosphorylation,1.0,UniProt
Q13480,P43405,Y,Phosphorylation,1.0,UniProt
Q13480,P51451,Y,Phosphorylation,1.0,UniProt
Q13480,Q13882,Y,Phosphorylation,1.0,UniProt
Q13485,O15530,unknown,Phosphorylation,18.2,PhosphoNetworks
Q13485,O43930,unknown,Phosphorylation,1.75,PhosphoNetworks
Q13485,P06239,unknown,Phosphorylation,17.86,PhosphoNetworks
Q13485,P07947,unknown,Phosphorylation,14.91,PhosphoNetworks
Q13485,P10398,unknown,Phosphorylation,16.93,PhosphoNetworks
Q13485,P11802,unknown,Phosphorylation,65.13,PhosphoNetworks
Q13485,P21802,unknown,Phosphorylation,4.38,PhosphoNetworks
Q13485,P21860,Y,Phosphorylation,1.0,UniProt
Q13485,P23458,Y,Phosphorylation,1.0,UniProt
Q13485,P27361,unknown,Phosphorylation,100.0,PhosphoNetworks
Q13485,P28482,unknown,Phosphorylation,1.0,PhosphoSitePlus
Q13485,P29320,Y,Phosphorylation,1.0,UniProt
Q13485,P30291,unknown,Phosphorylation,50.32,PhosphoNetworks
Q13485,P36896,unknown,Phosphorylation,1996.19,PhosphoNetworks
Q13485,P37173,unknown,Phosphorylation,11036.1,PhosphoNetworks
Q13485,P45983,unknown,Phosphorylation,12.84,PhosphoNetworks
Q13485,P45984,unknown,Phosphorylation,16.61,PhosphoNetworks
Q13485,P49336,unknown,Phosphorylation,1.0,Reactome
Q13485,P49674,unknown,Phosphorylation,34.33,PhosphoNetworks
Q13485,P49760,unknown,Phosphorylation,4.27,PhosphoNetworks
Q13485,P50613,unknown,Phosphorylation,49.43,PhosphoNetworks
Q13485,P50750,unknown,Phosphorylation,1.0,Reactome
Q13485,P52333,Y,Phosphorylation,1.0,UniProt
Q13485,P78362,unknown,Phosphorylation,34.96,PhosphoNetworks
Q13485,Q00535,unknown,Phosphorylation,34.96,PhosphoNetworks
Q13485,Q05397,unknown,Phosphorylation,12.84,PhosphoNetworks
Q13485,Q13043,unknown,Phosphorylation,34.96,PhosphoNetworks
Q13485,Q14680,unknown,Phosphorylation,1.0,PhosphoSitePlus
Q13485,Q15349,unknown,Phosphorylation,34.96,PhosphoNetworks
Q13485,Q15831,unknown,Phosphorylation,1.0,PhosphoSitePlus
Q13485,Q16584,unknown,Phosphorylation,16.61,PhosphoNetworks
Q13485,Q16620,Y,Phosphorylation,1.0,UniProt
Q13485,Q8IW41,unknown,Phosphorylation,46.1,PhosphoNetworks
Q13485,Q92630,unknown,Phosphorylation,2.25,PhosphoNetworks
Q13485,Q9NR20,unknown,Phosphorylation,1.6,PhosphoNetworks
Q13485,Q9UBE8,unknown,Phosphorylation,1.0,PhosphoSitePlus
Q13490,P51451,Y,Phosphorylation,1.0,UniProt
Q13490,P51813,Y,Phosphorylation,1.0,UniProt
Q13501,O75385,unknown,Phosphorylation,1.0,PhosphoSitePlus
Q13501,P00533,Y433,Phosphorylation,0.332,SIGNOR
Q13501,P04629,Y,Phosphorylation,1.0,UniProt
Q13501,P06493,unknown,Phosphorylation,1.0,PhosphoSitePlus
Q13501,P42345,unknown,Phosphorylation,1.0,PhosphoSitePlus
Q13501,Q13163,Y,Phosphorylation,1.0,UniProt
Q13501,Q14680,unknown,Phosphorylation,0.2,SIGNOR
Q13501,Q8NEV4,unknown,Phosphorylation,10.68,PhosphoNetworks
Q13501,Q9UHD2,unknown,Phosphorylation,1.0,PhosphoSitePlus
Q13507,P17252,unknown,Phosphorylation,100.0,PhosphoNetworks;PhosphoSitePlus
Q13507,Q13976,unknown,Phosphorylation,1.0,PhosphoSitePlus;SIGNOR
Q13522,P06493,unknown,Phosphorylation,1.0,PhosphoSitePlus
Q13522,P17252,unknown,Phosphorylation,1.0,PhosphoSitePlus
Q13522,P17612,unknown,Phosphorylation,1.0,PhosphoSitePlus
Q13522,P27361,unknown,Phosphorylation,1.0,PhosphoSitePlus
Q13522,Q00535,unknown,Phosphorylation,1.0,PhosphoSitePlus
Q13526,O14965,unknown,Phosphorylation,1.0,PhosphoSitePlus
Q13526,P05771,unknown,Phosphorylation,1.0,Reactome
Q13526,P17252,unknown,Phosphorylation,1.0,Reactome
Q13526,P17612,unknown,Phosphorylation,1.0,PhosphoSitePlus
Q13526,P53350,unknown,Phosphorylation,100.0,PhosphoNetworks;PhosphoSitePlus
Q13526,P53355,unknown,Phosphorylation,1.0,PhosphoSitePlus
Q13526,Q02750,Y,Phosphorylation,1.0,UniProt
Q13526,Q05513,unknown,Phosphorylation,1.0,PhosphoSitePlus;Reactome
Q13526,Q05655,unknown,Phosphorylation,1.0,Reactome
Q13526,Q16584,unknown,Phosphorylation,1.0,PhosphoSitePlus
Q13535,P00519,Y291;Y310,Phosphorylation,1.0,PhosphoSitePlus;SIGNOR;iPTMnet
Q13535,Q13535,unknown,Phosphorylation,1.0,PhosphoSitePlus
Q13541,O75582,unknown,Phosphorylation,1.0,PhosphoSitePlus;Reactome
Q13541,P06493,unknown,Phosphorylation,1.0,PhosphoSitePlus
Q13541,P27361,unknown,Phosphorylation,1.0,PhosphoSitePlus
Q13541,P28482,unknown,Phosphorylation,1.0,PhosphoSitePlus
Q13541,P41279,unknown,Phosphorylation,1.0,PhosphoSitePlus
Q13541,P42345,unknown,Phosphorylation,1.0,PhosphoSitePlus
Q13541,P49674,unknown,Phosphorylation,1.0,PhosphoSitePlus
Q13541,P49841,unknown,Phosphorylation,1.0,PhosphoSitePlus
Q13541,P68400,unknown,Phosphorylation,1.0,PhosphoSitePlus
Q13541,Q05655,unknown,Phosphorylation,0.2,SIGNOR
Q13541,Q13315,unknown,Phosphorylation,1.0,PhosphoSitePlus
Q13541,Q16539,unknown,Phosphorylation,1.0,PhosphoSitePlus
Q13541,Q92630,unknown,Phosphorylation,1.0,PhosphoSitePlus
Q13541,Q9P1W9,unknown,Phosphorylation,0.416,SIGNOR
Q13542,P42345,unknown,Phosphorylation,1.0,PhosphoSitePlus;SIGNOR
Q13546,O15111,unknown,Phosphorylation,0.541,SIGNOR
Q13546,O75385,unknown,Phosphorylation,1.0,Reactome
Q13546,P23458,Y384,Phosphorylation,0.2,SIGNOR
Q13546,P49137,unknown,Phosphorylation,1.0,Reactome
Q13546,Q13546,unknown,Phosphorylation,1.0,PhosphoSitePlus
Q13546,Q9Y572,unknown,Phosphorylation,0.752,SIGNOR
Q13547,P00519,unknown,Phosphorylation,0.509,SIGNOR
Q13547,P68400,unknown,Phosphorylation,100.0,PhosphoNetworks;PhosphoSitePlus
Q13547,Q96KB5,unknown,Phosphorylation,0.245,SIGNOR
Q13554,P12931,unknown,Phosphorylation,1.0,Reactome
Q13555,Q13555,unknown,Phosphorylation,1.0,PhosphoSitePlus
Q13557,Q13557,unknown,Phosphorylation,0.2,SIGNOR
Q13557,Q5JZY3,Y,Phosphorylation,1.0,UniProt
Q13561,P53350,unknown,Phosphorylation,1.0,Reactome
Q13562,O00238,unknown,Phosphorylation,4.57,PhosphoNetworks
Q13562,O43353,unknown,Phosphorylation,10.68,PhosphoNetworks
Q13562,O75582,unknown,Phosphorylation,24.59,PhosphoNetworks
Q13562,O75676,unknown,Phosphorylation,3.24,PhosphoNetworks
Q13562,O96017,unknown,Phosphorylation,2.28,PhosphoNetworks
Q13562,P04049,unknown,Phosphorylation,3.22,PhosphoNetworks
Q13562,P07948,unknown,Phosphorylation,1.88,PhosphoNetworks
Q13562,P11309,unknown,Phosphorylation,1.88,PhosphoNetworks
Q13562,P11362,unknown,Phosphorylation,5.92,PhosphoNetworks
Q13562,P11802,unknown,Phosphorylation,35.4,PhosphoNetworks
Q13562,P17612,unknown,Phosphorylation,34.96,PhosphoNetworks
Q13562,P28482,unknown,Phosphorylation,1.0,PhosphoSitePlus
Q13562,P29320,unknown,Phosphorylation,3.22,PhosphoNetworks
Q13562,P31749,unknown,Phosphorylation,29.12,PhosphoNetworks
Q13562,P36894,unknown,Phosphorylation,3.22,PhosphoNetworks
Q13562,P37173,unknown,Phosphorylation,4.57,PhosphoNetworks
Q13562,P41279,unknown,Phosphorylation,10.68,PhosphoNetworks
Q13562,P45985,unknown,Phosphorylation,9.03,PhosphoNetworks
Q13562,P49674,unknown,Phosphorylation,2.25,PhosphoNetworks
Q13562,P49759,unknown,Phosphorylation,2.28,PhosphoNetworks
Q13562,P49841,unknown,Phosphorylation,24.59,PhosphoNetworks
Q13562,P50613,unknown,Phosphorylation,2.28,PhosphoNetworks
Q13562,P50750,unknown,Phosphorylation,2.28,PhosphoNetworks
Q13562,Q05655,unknown,Phosphorylation,24.59,PhosphoNetworks
Q13562,Q08345,unknown,Phosphorylation,3.24,PhosphoNetworks
Q13562,Q08881,unknown,Phosphorylation,3.22,PhosphoNetworks
Q13562,Q13043,unknown,Phosphorylation,1.58,PhosphoNetworks
Q13562,Q13188,unknown,Phosphorylation,1.58,PhosphoNetworks
Q13562,Q15746,unknown,Phosphorylation,9.03,PhosphoNetworks
Q13562,Q16566,unknown,Phosphorylation,2.21,PhosphoNetworks
Q13562,Q16644,unknown,Phosphorylation,1.58,PhosphoNetworks
Q13562,Q8IU85,unknown,Phosphorylation,1.58,PhosphoNetworks
Q13562,Q8IW41,unknown,Phosphorylation,1.58,PhosphoNetworks
Q13562,Q8N165,unknown,Phosphorylation,3.24,PhosphoNetworks
Q13562,Q8N2I9,unknown,Phosphorylation,2.25,PhosphoNetworks
Q13562,Q8N5S9,unknown,Phosphorylation,34.96,PhosphoNetworks
Q13562,Q8TAS1,unknown,Phosphorylation,1.58,PhosphoNetworks
Q13562,Q96RR4,unknown,Phosphorylation,34.92,PhosphoNetworks
Q13562,Q99558,unknown,Phosphorylation,10.68,PhosphoNetworks
Q13562,Q99986,unknown,Phosphorylation,2.28,PhosphoNetworks
Q13562,Q9H4A3,unknown,Phosphorylation,1.58,PhosphoNetworks
Q13562,Q9NRP7,unknown,Phosphorylation,1.58,PhosphoNetworks
Q13562,Q9UHD2,unknown,Phosphorylation,10.68,PhosphoNetworks
Q13562,Q9UQM7,unknown,Phosphorylation,9.03,PhosphoNetworks
Q13562,Q9Y572,unknown,Phosphorylation,10.68,PhosphoNetworks
Q13563,P17612,unknown,Phosphorylation,1.0,PhosphoSitePlus
Q13563,P49840,unknown,Phosphorylation,1.0,PhosphoSitePlus
Q13563,P68400,unknown,Phosphorylation,100.0,PhosphoNetworks;PhosphoSitePlus
Q13563,Q9BZL6,unknown,Phosphorylation,1.0,PhosphoSitePlus
Q13568,O14920,unknown,Phosphorylation,1.0,PhosphoSitePlus;Reactome
Q13568,O15111,unknown,Phosphorylation,1.0,Reactome;SIGNOR
Q13568,O75716,unknown,Phosphorylation,3.62,PhosphoNetworks
Q13568,P07948,Y313;Y335,Phosphorylation,0.33,SIGNOR
Q13568,Q9UEE5,unknown,Phosphorylation,1.9,PhosphoNetworks
Q13568,Q9UHD2,unknown,Phosphorylation,220.23,PhosphoNetworks;PhosphoSitePlus
Q13569,P17252,unknown,Phosphorylation,1.0,PhosphoSitePlus
Q13573,P22607,Y,Phosphorylation,1.0,UniProt
Q13573,P24941,unknown,Phosphorylation,1.0,PhosphoSitePlus
Q13576,P17612,unknown,Phosphorylation,1.0,PhosphoSitePlus
Q13586,P06493,unknown,Phosphorylation,1.0,PhosphoSitePlus
Q13586,P22607,Y,Phosphorylation,1.0,UniProt
Q13586,P27361,unknown,Phosphorylation,1.0,PhosphoSitePlus
Q13586,P28482,unknown,Phosphorylation,1.0,PhosphoSitePlus
Q13586,Q13153,unknown,Phosphorylation,0.355,SIGNOR
Q13614,P27361,unknown,Phosphorylation,1.0,PhosphoSitePlus
Q13614,P28482,unknown,Phosphorylation,1.0,PhosphoSitePlus
Q13616,P28482,unknown,Phosphorylation,1.0,Reactome
Q13621,O95747,unknown,Phosphorylation,1.0,PhosphoSitePlus
Q13621,Q13131,unknown,Phosphorylation,1.0,PhosphoSitePlus
Q13621,Q9UEW8,unknown,Phosphorylation,1.0,PhosphoSitePlus
Q13625,P28482,unknown,Phosphorylation,1.0,PhosphoSitePlus
Q13627,Q13627,Y104;Y111;Y140;Y159;Y177;Y319;Y321;Y449,Phosphorylation,1.0,PhosphoSitePlus;SIGNOR;iPTMnet
Q13639,P25098,unknown,Phosphorylation,1.0,Reactome
Q13639,P32298,unknown,Phosphorylation,1.0,Reactome
Q13639,P34947,unknown,Phosphorylation,1.0,Reactome
Q13639,P35626,unknown,Phosphorylation,1.0,Reactome
Q13639,P43250,unknown,Phosphorylation,1.0,Reactome
Q13639,Q15835,unknown,Phosphorylation,1.0,Reactome
Q13639,Q8WTQ7,unknown,Phosphorylation,1.0,Reactome
Q13642,P12931,Y149,Phosphorylation,0.26,SIGNOR
Q13642,P37173,unknown,Phosphorylation,4.57,PhosphoNetworks
Q13643,P29597,Y,Phosphorylation,1.0,UniProt
Q13643,Q5JZY3,Y,Phosphorylation,1.0,UniProt
Q13651,P23458,Y446;Y496,Phosphorylation,1.0,iPTMnet
Q13651,P29597,unknown,Phosphorylation,100.0,PhosphoNetworks
Q13671,P00519,Y,Phosphorylation,1.0,PhosphoSitePlus;SIGNOR;UniProt
Q13671,P00533,Y,Phosphorylation,1.0,UniProt
Q13671,P21860,Y,Phosphorylation,1.0,UniProt
Q13671,P42684,Y36,Phosphorylation,1.0,PhosphoSitePlus;SIGNOR;UniProt;iPTMnet
Q13671,Q15139,unknown,Phosphorylation,1.0,PhosphoSitePlus
Q13671,Q9BZL6,unknown,Phosphorylation,1.0,PhosphoSitePlus
Q13683,Q05397,unknown,Phosphorylation,1.0,Reactome
Q13683,Q14289,unknown,Phosphorylation,1.0,Reactome
Q13705,Q00536,unknown,Phosphorylation,1.84,PhosphoNetworks
Q13751,Q05397,unknown,Phosphorylation,1.0,Reactome
Q13751,Q14289,unknown,Phosphorylation,1.0,Reactome
Q13753,Q05397,unknown,Phosphorylation,1.0,Reactome
Q13753,Q14289,unknown,Phosphorylation,1.0,Reactome
Q13761,P11309,unknown,Phosphorylation,1.0,PhosphoSitePlus;SIGNOR
Q13761,P11802,unknown,Phosphorylation,1.0,PhosphoSitePlus
Q13761,P12931,unknown,Phosphorylation,0.584,SIGNOR
Q13769,P09619,unknown,Phosphorylation,1.0,PhosphoSitePlus
Q13769,P17252,unknown,Phosphorylation,100.0,PhosphoNetworks;PhosphoSitePlus
Q13769,Q92989,unknown,Phosphorylation,1.0,Reactome
Q13772,P17612,unknown,Phosphorylation,7.73,PhosphoNetworks
Q13772,P31749,unknown,Phosphorylation,3.47,PhosphoNetworks
Q13772,P45983,unknown,Phosphorylation,2.75,PhosphoNetworks
Q13772,Q9UEE5,unknown,Phosphorylation,1.93,PhosphoNetworks
Q13794,Q00535,unknown,Phosphorylation,1.0,PhosphoSitePlus
Q13797,Q05397,unknown,Phosphorylation,1.0,Reactome
Q13797,Q14289,unknown,Phosphorylation,1.0,Reactome
Q13813,P06239,unknown,Phosphorylation,100.0,PhosphoNetworks
Q13813,P12931,Y1176,Phosphorylation,1.0,PhosphoSitePlus;Reactome;SIGNOR;iPTMnet
Q13813,P68400,unknown,Phosphorylation,1.0,PhosphoSitePlus
Q13813,Q05397,unknown,Phosphorylation,1.0,Reactome
Q13829,P12931,Y,Phosphorylation,1.0,UniProt
Q13829,P68400,unknown,Phosphorylation,1.0,PhosphoSitePlus
Q13838,Q92989,unknown,Phosphorylation,1.0,Reactome
Q13867,P43405,Y,Phosphorylation,1.0,UniProt
Q13882,P00533,Y,Phosphorylation,1.0,UniProt
Q13882,P04626,Y,Phosphorylation,1.0,UniProt
Q13882,P10721,Y,Phosphorylation,1.0,UniProt
Q13882,Q13882,Y114;Y13;Y342;Y351;Y447;Y61;Y66,Phosphorylation,1.0,PhosphoSitePlus;SIGNOR;iPTMnet
Q13882,Q9H3Y6,unknown,Phosphorylation,1.0,PhosphoSitePlus;Reactome
Q13885,P00533,Y,Phosphorylation,1.0,UniProt
Q13887,P49841,unknown,Phosphorylation,1.0,PhosphoSitePlus
Q13895,Q15303,Y,Phosphorylation,1.0,UniProt
Q13905,P00519,Y504,Phosphorylation,1.0,PhosphoSitePlus;SIGNOR;UniProt;iPTMnet
Q13905,P06241,Y,Phosphorylation,1.0,UniProt
Q13905,P08631,Y504;Y522,Phosphorylation,100.0,PhosphoNetworks;PhosphoSitePlus;SIGNOR;iPTMnet
Q13905,P12931,Y504,Phosphorylation,1.0,PhosphoSitePlus;SIGNOR;UniProt;iPTMnet
Q13907,O14757,unknown,Phosphorylation,1.0,PhosphoSitePlus
Q13936,P12931,Y2217,Phosphorylation,1.0,PhosphoSitePlus;SIGNOR
Q13936,P17252,unknown,Phosphorylation,1.0,PhosphoSitePlus
Q13936,P17612,unknown,Phosphorylation,1.0,PhosphoSitePlus
Q13936,Q00535,unknown,Phosphorylation,1.0,PhosphoSitePlus
Q13936,Q15139,unknown,Phosphorylation,1.0,PhosphoSitePlus
Q13936,Q9UQM7,unknown,Phosphorylation,1.0,PhosphoSitePlus
Q13948,P06493,unknown,Phosphorylation,1.0,PhosphoSitePlus
Q13948,P17612,unknown,Phosphorylation,1.0,PhosphoSitePlus
Q13948,P42345,unknown,Phosphorylation,1.0,PhosphoSitePlus
Q13948,P68400,unknown,Phosphorylation,1.0,PhosphoSitePlus
Q13948,Q13535,unknown,Phosphorylation,1.0,PhosphoSitePlus
Q13950,P06493,unknown,Phosphorylation,1.0,PhosphoSitePlus;Reactome
Q13950,P11802,unknown,Phosphorylation,1.0,Reactome
Q13950,P27361,unknown,Phosphorylation,1.0,PhosphoSitePlus;Reactome
Q13950,P28482,unknown,Phosphorylation,1.0,PhosphoSitePlus;Reactome
Q13950,P31749,unknown,Phosphorylation,1.0,PhosphoSitePlus;Reactome;SIGNOR
Q13950,P45983,unknown,Phosphorylation,1.0,PhosphoSitePlus
Q13950,P49841,unknown,Phosphorylation,0.303,SIGNOR
Q13950,Q05655,unknown,Phosphorylation,1.0,PhosphoSitePlus
Q13950,Q16539,unknown,Phosphorylation,1.0,PhosphoSitePlus
Q13950,Q9H422,unknown,Phosphorylation,1.0,PhosphoSitePlus
Q13951,P06493,unknown,Phosphorylation,1.0,Reactome
Q13951,P11802,unknown,Phosphorylation,1.0,Reactome
Q13951,P27361,unknown,Phosphorylation,1.0,Reactome
Q13951,P28482,unknown,Phosphorylation,1.0,Reactome
Q13951,P31749,unknown,Phosphorylation,1.0,Reactome
Q13951,Q9H2X6,unknown,Phosphorylation,1.0,Reactome
Q13956,P22607,Y,Phosphorylation,1.0,UniProt
Q13972,P12931,unknown,Phosphorylation,0.47,SIGNOR
Q13972,P17612,unknown,Phosphorylation,1.0,PhosphoSitePlus
Q13972,Q00535,unknown,Phosphorylation,1.0,PhosphoSitePlus
Q13976,P17252,unknown,Phosphorylation,100.0,PhosphoNetworks;PhosphoSitePlus
Q13976,Q13976,unknown,Phosphorylation,1.0,PhosphoSitePlus
Q14004,O14757,unknown,Phosphorylation,1.0,PhosphoSitePlus
Q14005,P06493,unknown,Phosphorylation,1.0,PhosphoSitePlus
Q14005,P27361,unknown,Phosphorylation,100.0,PhosphoNetworks
Q14005,P28482,unknown,Phosphorylation,100.0,PhosphoNetworks
Q14005,P68400,unknown,Phosphorylation,1.0,PhosphoSitePlus
Q14008,P06493,unknown,Phosphorylation,1.0,Reactome
Q14008,P53350,unknown,Phosphorylation,1.0,Reactome
Q14012,Q16566,unknown,Phosphorylation,100.0,PhosphoNetworks
Q14012,Q8N5S9,unknown,Phosphorylation,1.0,PhosphoSitePlus;Reactome
Q14012,Q96RR4,unknown,Phosphorylation,1.0,Reactome
Q14031,Q05397,unknown,Phosphorylation,1.0,Reactome
Q14031,Q14289,unknown,Phosphorylation,1.0,Reactome
Q14050,Q05397,unknown,Phosphorylation,1.0,Reactome
Q14050,Q14289,unknown,Phosphorylation,1.0,Reactome
Q14055,Q05397,unknown,Phosphorylation,1.0,Reactome
Q14055,Q14289,unknown,Phosphorylation,1.0,Reactome
Q14103,P17612,unknown,Phosphorylation,1.0,PhosphoSitePlus
Q14103,P24941,unknown,Phosphorylation,1.0,PhosphoSitePlus
Q14103,P49841,unknown,Phosphorylation,1.0,PhosphoSitePlus
Q14106,Q8NE63,unknown,Phosphorylation,1.6,PhosphoNetworks
Q14114,P06241,unknown,Phosphorylation,0.64,SIGNOR
Q14117,P22607,Y,Phosphorylation,1.0,UniProt
Q14118,P12931,Y892,Phosphorylation,1.0,PhosphoSitePlus;SIGNOR;iPTMnet
Q14118,Q9H5K3,unknown,Phosphorylation,1.0,Reactome
Q14134,P07947,unknown,Phosphorylation,15.83,PhosphoNetworks
Q14134,P49137,unknown,Phosphorylation,1.0,PhosphoSitePlus
Q14142,Q15831,unknown,Phosphorylation,1.99,PhosphoNetworks
Q14145,Q02156,unknown,Phosphorylation,1.0,PhosphoSitePlus
Q14151,O14733,unknown,Phosphorylation,2.25,PhosphoNetworks
Q14151,O75676,unknown,Phosphorylation,3.24,PhosphoNetworks
Q14151,P10398,unknown,Phosphorylation,1.9,PhosphoNetworks
Q14151,P17612,unknown,Phosphorylation,34.33,PhosphoNetworks
Q14151,P23443,unknown,Phosphorylation,2.25,PhosphoNetworks
Q14151,P28482,unknown,Phosphorylation,1.0,PhosphoSitePlus
Q14151,P37173,unknown,Phosphorylation,6.03,PhosphoNetworks
Q14151,P49760,unknown,Phosphorylation,3.24,PhosphoNetworks
Q14151,P51955,unknown,Phosphorylation,2.21,PhosphoNetworks
Q14151,Q15349,unknown,Phosphorylation,1.58,PhosphoNetworks
Q14151,Q15831,unknown,Phosphorylation,2.21,PhosphoNetworks
Q14151,Q8IW41,unknown,Phosphorylation,5.18,PhosphoNetworks
Q14151,Q9NR20,unknown,Phosphorylation,1.57,PhosphoNetworks
Q14151,Q9UEE5,unknown,Phosphorylation,5.31,PhosphoNetworks
Q14155,P05129,unknown,Phosphorylation,1.0,PhosphoSitePlus
Q14155,Q05397,unknown,Phosphorylation,1.0,PhosphoSitePlus
Q14155,Q14012,unknown,Phosphorylation,1.0,Reactome
Q14157,P06493,unknown,Phosphorylation,1.0,PhosphoSitePlus
Q14157,P28482,unknown,Phosphorylation,1.0,PhosphoSitePlus
Q14161,Q13315,unknown,Phosphorylation,1.0,PhosphoSitePlus
Q14161,Q96GD4,unknown,Phosphorylation,3.09,PhosphoNetworks
Q14164,P00533,Y153;Y179,Phosphorylation,0.257,SIGNOR
Q14164,Q14164,unknown,Phosphorylation,1.0,PhosphoSitePlus
Q14185,P28482,unknown,Phosphorylation,1.0,PhosphoSitePlus
Q14186,O14757,unknown,Phosphorylation,1.0,PhosphoSitePlus
Q14191,P00519,unknown,Phosphorylation,0.413,SIGNOR
Q14191,P78527,unknown,Phosphorylation,1.0,PhosphoSitePlus
Q14191,Q13315,unknown,Phosphorylation,1.0,PhosphoSitePlus
Q14192,P37173,unknown,Phosphorylation,70.96,PhosphoNetworks
Q14192,P43405,unknown,Phosphorylation,9.71,PhosphoNetworks
Q14192,P49760,unknown,Phosphorylation,2.28,PhosphoNetworks
Q14192,Q14289,unknown,Phosphorylation,13.8,PhosphoNetworks
Q14192,Q59H18,unknown,Phosphorylation,2.25,PhosphoNetworks
Q14192,Q8N5S9,unknown,Phosphorylation,2.25,PhosphoNetworks
Q14192,Q9Y463,unknown,Phosphorylation,50.32,PhosphoNetworks
Q14194,O14965,unknown,Phosphorylation,1.0,PhosphoSitePlus
Q14194,P06241,unknown,Phosphorylation,1.0,PhosphoSitePlus;Reactome
Q14194,P07332,unknown,Phosphorylation,1.0,Reactome
Q14194,P24941,unknown,Phosphorylation,1.0,PhosphoSitePlus
Q14194,P49841,unknown,Phosphorylation,1.0,Reactome
Q14194,Q00535,unknown,Phosphorylation,1.0,PhosphoSitePlus;Reactome
Q14194,Q92630,unknown,Phosphorylation,1.0,PhosphoSitePlus
Q14195,P06241,unknown,Phosphorylation,1.0,Reactome
Q14195,P07332,unknown,Phosphorylation,1.0,Reactome
Q14195,P24941,unknown,Phosphorylation,1.0,PhosphoSitePlus
Q14195,P42345,unknown,Phosphorylation,1.0,PhosphoSitePlus
Q14195,P49841,unknown,Phosphorylation,100.0,PhosphoNetworks;PhosphoSitePlus;Reactome
Q14195,Q00535,unknown,Phosphorylation,1.0,PhosphoSitePlus;Reactome
Q14195,Q92630,unknown,Phosphorylation,100.0,PhosphoNetworks;PhosphoSitePlus
Q14202,O75676,unknown,Phosphorylation,1.9,PhosphoNetworks
Q14202,P06493,unknown,Phosphorylation,1.0,PhosphoSitePlus
Q14202,P11802,unknown,Phosphorylation,2.55,PhosphoNetworks
Q14202,P24941,unknown,Phosphorylation,1.0,PhosphoSitePlus
Q14202,P30291,unknown,Phosphorylation,2.5,PhosphoNetworks
Q14202,P49760,unknown,Phosphorylation,4.45,PhosphoNetworks
Q14202,P54646,unknown,Phosphorylation,1.9,PhosphoNetworks
Q14202,Q9UEE5,unknown,Phosphorylation,1.93,PhosphoNetworks
Q14202,Q9Y463,unknown,Phosphorylation,1.9,PhosphoNetworks
Q14203,O14965,unknown,Phosphorylation,1.0,PhosphoSitePlus
Q14203,P06493,unknown,Phosphorylation,1.0,PhosphoSitePlus
Q14203,P53350,unknown,Phosphorylation,1.0,PhosphoSitePlus;Reactome
Q14204,P06493,unknown,Phosphorylation,1.0,Reactome
Q14204,P53350,unknown,Phosphorylation,1.0,Reactome
Q14207,P24941,unknown,Phosphorylation,1.0,PhosphoSitePlus
Q14232,P68400,unknown,Phosphorylation,62.44,PhosphoNetworks
Q14240,P45983,unknown,Phosphorylation,1.57,PhosphoNetworks
Q14240,P45985,unknown,Phosphorylation,3.61,PhosphoNetworks
Q14240,Q8IW41,unknown,Phosphorylation,4.19,PhosphoNetworks
Q14240,Q9BUB5,unknown,Phosphorylation,4.19,PhosphoNetworks
Q14244,P06493,unknown,Phosphorylation,1.0,PhosphoSitePlus
Q14247,O00238,unknown,Phosphorylation,1.73,PhosphoNetworks
Q14247,O14757,unknown,Phosphorylation,1.0,PhosphoSitePlus
Q14247,O15530,unknown,Phosphorylation,22.91,PhosphoNetworks
Q14247,O43318,unknown,Phosphorylation,5.45,PhosphoNetworks
Q14247,O60674,unknown,Phosphorylation,2.69,PhosphoNetworks
Q14247,O75914,unknown,Phosphorylation,1.0,PhosphoSitePlus;Reactome
Q14247,O96013,unknown,Phosphorylation,7.75,PhosphoNetworks
Q14247,P00519,Y421;Y470;Y486,Phosphorylation,1.0,PhosphoSitePlus;SIGNOR;iPTMnet
Q14247,P00533,Y,Phosphorylation,1.0,UniProt
Q14247,P06239,unknown,Phosphorylation,7.96,PhosphoNetworks
Q14247,P06241,unknown,Phosphorylation,13.23,PhosphoNetworks
Q14247,P06493,unknown,Phosphorylation,1.0,PhosphoSitePlus
Q14247,P07947,unknown,Phosphorylation,15.83,PhosphoNetworks
Q14247,P07948,unknown,Phosphorylation,1.0,PhosphoSitePlus
Q14247,P07949,unknown,Phosphorylation,7.75,PhosphoNetworks
Q14247,P08069,unknown,Phosphorylation,7.61,PhosphoNetworks
Q14247,P08581,unknown,Phosphorylation,1205.05,PhosphoNetworks
Q14247,P09769,unknown,Phosphorylation,7.75,PhosphoNetworks
Q14247,P11309,unknown,Phosphorylation,4.29,PhosphoNetworks
Q14247,P11362,Y446,Phosphorylation,100.0,PhosphoNetworks;SIGNOR;iPTMnet
Q14247,P11802,unknown,Phosphorylation,8.27,PhosphoNetworks
Q14247,P12931,Y384;Y421;Y433;Y446;Y449;Y470;Y486,Phosphorylation,1.0,PhosphoSitePlus;SIGNOR;iPTMnet
Q14247,P16591,Y384;Y421,Phosphorylation,1.0,PhosphoSitePlus;iPTMnet
Q14247,P17252,unknown,Phosphorylation,65.45,PhosphoNetworks
Q14247,P17612,unknown,Phosphorylation,18.54,PhosphoNetworks
Q14247,P19784,unknown,Phosphorylation,5.45,PhosphoNetworks
Q14247,P21802,unknown,Phosphorylation,4.86,PhosphoNetworks
Q14247,P22455,unknown,Phosphorylation,1.73,PhosphoNetworks
Q14247,P23443,unknown,Phosphorylation,15.83,PhosphoNetworks
Q14247,P24941,unknown,Phosphorylation,1.0,PhosphoSitePlus
Q14247,P27361,unknown,Phosphorylation,100.0,PhosphoNetworks;PhosphoSitePlus
Q14247,P28482,unknown,Phosphorylation,18.88,PhosphoNetworks;PhosphoSitePlus
Q14247,P30291,unknown,Phosphorylation,4.09,PhosphoNetworks
Q14247,P31749,unknown,Phosphorylation,66.64,PhosphoNetworks
Q14247,P37173,unknown,Phosphorylation,2.41,PhosphoNetworks
Q14247,P41240,unknown,Phosphorylation,22.91,PhosphoNetworks
Q14247,P41743,unknown,Phosphorylation,1.0,PhosphoSitePlus
Q14247,P42684,Y421;Y470;Y486,Phosphorylation,1.0,iPTMnet
Q14247,P43403,unknown,Phosphorylation,5.5,PhosphoNetworks
Q14247,P43405,unknown,Phosphorylation,1238.14,PhosphoNetworks
Q14247,P45985,unknown,Phosphorylation,7.61,PhosphoNetworks
Q14247,P48729,unknown,Phosphorylation,20.48,PhosphoNetworks
Q14247,P49841,unknown,Phosphorylation,18.88,PhosphoNetworks
Q14247,P50613,unknown,Phosphorylation,8.27,PhosphoNetworks
Q14247,P51813,unknown,Phosphorylation,11.13,PhosphoNetworks
Q14247,Q00526,unknown,Phosphorylation,7.75,PhosphoNetworks
Q14247,Q00535,unknown,Phosphorylation,18.88,PhosphoNetworks
Q14247,Q05397,Y421;Y470;Y486,Phosphorylation,1.0,PhosphoSitePlus;SIGNOR
Q14247,Q05513,unknown,Phosphorylation,22.5,PhosphoNetworks
Q14247,Q07912,unknown,Phosphorylation,38.08,PhosphoNetworks
Q14247,Q13153,unknown,Phosphorylation,46.87,PhosphoNetworks;PhosphoSitePlus;Reactome
Q14247,Q13177,unknown,Phosphorylation,1.0,Reactome
Q14247,Q13557,unknown,Phosphorylation,7.75,PhosphoNetworks
Q14247,Q14289,Y421;Y470;Y486,Phosphorylation,22.91,PhosphoNetworks;SIGNOR
Q14247,Q15139,unknown,Phosphorylation,1.0,PhosphoSitePlus
Q14247,Q15208,unknown,Phosphorylation,6.56,PhosphoNetworks
Q14247,Q15349,unknown,Phosphorylation,1.6,PhosphoNetworks
Q14247,Q16832,unknown,Phosphorylation,10.22,PhosphoNetworks
Q14247,Q59H18,unknown,Phosphorylation,18.54,PhosphoNetworks
Q14247,Q6J9G0,unknown,Phosphorylation,3.95,PhosphoNetworks
Q14247,Q8IVW4,unknown,Phosphorylation,1.67,PhosphoNetworks
Q14247,Q96GD4,unknown,Phosphorylation,11.76,PhosphoNetworks
Q14247,Q9NR20,unknown,Phosphorylation,1.67,PhosphoNetworks
Q14247,Q9Y2H1,unknown,Phosphorylation,15.83,PhosphoNetworks
Q14247,Q9Y4K4,unknown,Phosphorylation,15.83,PhosphoNetworks
Q14247,Q9Y6E0,unknown,Phosphorylation,15.83,PhosphoNetworks
Q14254,P06241,unknown,Phosphorylation,1.0,PhosphoSitePlus
Q14258,P12931,Y278,Phosphorylation,0.271,SIGNOR
Q14289,P06241,Y,Phosphorylation,1.0,UniProt
Q14289,P08581,unknown,Phosphorylation,0.28,SIGNOR
Q14289,P12931,Y402;Y881,Phosphorylation,1.0,PhosphoSitePlus;SIGNOR;UniProt;iPTMnet
Q14289,P43405,unknown,Phosphorylation,100.0,PhosphoNetworks
Q14289,P53671,unknown,Phosphorylation,29.14,PhosphoNetworks
Q14289,Q00536,unknown,Phosphorylation,1.84,PhosphoNetworks
Q14289,Q14289,Y402;Y579;Y580;Y839;Y881,Phosphorylation,1.0,PhosphoSitePlus;SIGNOR;iPTMnet
Q14315,P00519,Y,Phosphorylation,1.0,UniProt
Q14315,P31749,unknown,Phosphorylation,1.0,PhosphoSitePlus
Q14315,P31751,unknown,Phosphorylation,1.0,PhosphoSitePlus
Q14318,P00533,Y,Phosphorylation,1.0,UniProt
Q14332,P78368,unknown,Phosphorylation,1.0,Reactome
Q14344,P17612,unknown,Phosphorylation,1.0,PhosphoSitePlus
Q14344,Q08881,unknown,Phosphorylation,0.2,SIGNOR
Q14393,P30530,Y,Phosphorylation,1.0,UniProt
Q14416,P25098,unknown,Phosphorylation,1.0,Reactome
Q14416,P32298,unknown,Phosphorylation,1.0,Reactome
Q14416,P34947,unknown,Phosphorylation,1.0,Reactome
Q14416,P35626,unknown,Phosphorylation,1.0,Reactome
Q14416,P43250,unknown,Phosphorylation,1.0,Reactome
Q14416,Q15835,unknown,Phosphorylation,1.0,Reactome
Q14416,Q8WTQ7,unknown,Phosphorylation,1.0,Reactome
Q14432,P17252,unknown,Phosphorylation,1.0,PhosphoSitePlus
Q14432,P17612,unknown,Phosphorylation,1.0,PhosphoSitePlus
Q14432,P31749,unknown,Phosphorylation,1.0,PhosphoSitePlus
Q14449,Q02763,unknown,Phosphorylation,0.651,SIGNOR
Q14451,P04626,Y,Phosphorylation,1.0,UniProt
Q14451,P09619,Y,Phosphorylation,1.0,UniProt
Q14451,P10721,Y,Phosphorylation,1.0,UniProt
Q14451,P21860,Y,Phosphorylation,1.0,UniProt
Q14451,P54762,Y,Phosphorylation,1.0,UniProt
Q14451,Q05397,Y,Phosphorylation,1.0,PhosphoSitePlus;UniProt
Q14457,O60674,Y333,Phosphorylation,0.298,SIGNOR
Q14457,O75385,unknown,Phosphorylation,1.0,PhosphoSitePlus;Reactome;SIGNOR
Q14457,P00533,Y233,Phosphorylation,1.0,PhosphoSitePlus;SIGNOR;UniProt
Q14457,P12931,Y,Phosphorylation,1.0,UniProt
Q14457,P31749,unknown,Phosphorylation,1.0,PhosphoSitePlus
Q14457,P49137,unknown,Phosphorylation,1.0,PhosphoSitePlus
Q14457,P53355,unknown,Phosphorylation,1.0,PhosphoSitePlus
Q14457,P54646,unknown,Phosphorylation,1.0,Reactome
Q14457,Q13043,unknown,Phosphorylation,1.0,PhosphoSitePlus
Q14457,Q13131,unknown,Phosphorylation,1.0,Reactome
Q14457,Q16644,unknown,Phosphorylation,1.0,PhosphoSitePlus
Q14457,Q8IYT8,unknown,Phosphorylation,1.0,PhosphoSitePlus
Q14469,P22455,unknown,Phosphorylation,69.7,PhosphoNetworks
Q14469,P50613,unknown,Phosphorylation,2.28,PhosphoNetworks
Q14469,Q00535,unknown,Phosphorylation,2.25,PhosphoNetworks
Q14469,Q06187,unknown,Phosphorylation,24.59,PhosphoNetworks
Q14469,Q9UM73,unknown,Phosphorylation,0.266,SIGNOR
Q14493,P06493,unknown,Phosphorylation,1.0,PhosphoSitePlus
Q14493,P68400,unknown,Phosphorylation,1.0,PhosphoSitePlus
Q14494,P49841,unknown,Phosphorylation,1.0,PhosphoSitePlus
Q14494,P68400,unknown,Phosphorylation,1.0,PhosphoSitePlus
Q14498,P00519,Y95;Y99,Phosphorylation,1.0,SIGNOR;iPTMnet
Q14498,P49760,Y,Phosphorylation,1.0,UniProt
Q14511,P30530,unknown,Phosphorylation,0.2,SIGNOR
Q14524,P06241,Y1495,Phosphorylation,1.0,PhosphoSitePlus;SIGNOR;iPTMnet
Q14524,Q13557,unknown,Phosphorylation,1.0,PhosphoSitePlus
Q14525,P22607,Y,Phosphorylation,1.0,UniProt
Q14563,P07332,unknown,Phosphorylation,1.0,Reactome
Q14563,P49841,unknown,Phosphorylation,1.0,Reactome
Q14566,O00311,unknown,Phosphorylation,1.0,Reactome
Q14566,P24941,unknown,Phosphorylation,1.0,Reactome
Q14566,Q13535,unknown,Phosphorylation,1.0,Reactome;SIGNOR
Q14571,P17612,unknown,Phosphorylation,1.0,PhosphoSitePlus
Q14576,Q13627,Y,Phosphorylation,1.0,UniProt
Q14585,Q9UEE5,unknown,Phosphorylation,2.5,PhosphoNetworks
Q14643,P06241,Y353,Phosphorylation,100.0,PhosphoNetworks;PhosphoSitePlus;SIGNOR;iPTMnet
Q14643,P06493,unknown,Phosphorylation,1.0,PhosphoSitePlus
Q14643,P17612,unknown,Phosphorylation,1.0,PhosphoSitePlus
Q14643,P28482,unknown,Phosphorylation,1.0,PhosphoSitePlus
Q14643,Q13237,unknown,Phosphorylation,1.0,Reactome
Q14643,Q13976,unknown,Phosphorylation,1.0,Reactome
Q14653,O14920,unknown,Phosphorylation,1.0,PhosphoSitePlus
Q14653,O43683,unknown,Phosphorylation,3.18,PhosphoNetworks
Q14653,O43930,unknown,Phosphorylation,1.79,PhosphoNetworks
Q14653,O75582,unknown,Phosphorylation,34.96,PhosphoNetworks
Q14653,O75716,unknown,Phosphorylation,16.61,PhosphoNetworks
Q14653,P00519,Y292,Phosphorylation,0.2,SIGNOR
Q14653,P10398,unknown,Phosphorylation,1.9,PhosphoNetworks
Q14653,P11802,unknown,Phosphorylation,4.19,PhosphoNetworks
Q14653,P12931,Y107,Phosphorylation,0.315,SIGNOR
Q14653,P17612,unknown,Phosphorylation,34.96,PhosphoNetworks
Q14653,P23443,unknown,Phosphorylation,2.25,PhosphoNetworks
Q14653,P27361,unknown,Phosphorylation,1.0,PhosphoSitePlus
Q14653,P29320,unknown,Phosphorylation,4.57,PhosphoNetworks
Q14653,P29597,unknown,Phosphorylation,1.9,PhosphoNetworks
Q14653,P30291,unknown,Phosphorylation,3.18,PhosphoNetworks
Q14653,P37173,unknown,Phosphorylation,93.59,PhosphoNetworks
Q14653,P42684,Y292,Phosphorylation,0.2,SIGNOR
Q14653,P45983,unknown,Phosphorylation,1.0,PhosphoSitePlus
Q14653,P49674,unknown,Phosphorylation,2.91,PhosphoNetworks
Q14653,P49841,unknown,Phosphorylation,0.347,SIGNOR
Q14653,P78527,unknown,Phosphorylation,1.0,PhosphoSitePlus
Q14653,Q00535,unknown,Phosphorylation,1.58,PhosphoNetworks
Q14653,Q05513,unknown,Phosphorylation,13.8,PhosphoNetworks
Q14653,Q13153,unknown,Phosphorylation,40.66,PhosphoNetworks
Q14653,Q13882,unknown,Phosphorylation,2.21,PhosphoNetworks
Q14653,Q14164,unknown,Phosphorylation,1.0,PhosphoSitePlus
Q14653,Q15418,unknown,Phosphorylation,16.93,PhosphoNetworks
Q14653,Q8IW41,unknown,Phosphorylation,2.25,PhosphoNetworks
Q14653,Q8N2I9,unknown,Phosphorylation,2.25,PhosphoNetworks
Q14653,Q8N5S9,unknown,Phosphorylation,2.25,PhosphoNetworks
Q14653,Q9NR20,unknown,Phosphorylation,1.6,PhosphoNetworks
Q14653,Q9UEE5,unknown,Phosphorylation,5.31,PhosphoNetworks
Q14653,Q9UHD2,unknown,Phosphorylation,1.0,PhosphoNetworks;PhosphoSitePlus;SIGNOR
Q14654,P17252,unknown,Phosphorylation,1.0,PhosphoSitePlus
Q14654,P17612,unknown,Phosphorylation,1.0,PhosphoSitePlus
Q14654,P28482,unknown,Phosphorylation,1.0,PhosphoSitePlus
Q14654,Q13557,unknown,Phosphorylation,1.0,PhosphoSitePlus
Q14654,Q9UQM7,unknown,Phosphorylation,1.0,PhosphoSitePlus
Q14669,O14757,unknown,Phosphorylation,1.0,PhosphoSitePlus
Q14669,Q13627,Y,Phosphorylation,1.0,UniProt
Q14671,Q00534,unknown,Phosphorylation,18.88,PhosphoNetworks
Q14671,Q9P1W9,unknown,Phosphorylation,7.75,PhosphoNetworks
Q14674,P06493,unknown,Phosphorylation,1.0,PhosphoSitePlus
Q14674,P17612,unknown,Phosphorylation,1.0,PhosphoSitePlus
Q14674,P28482,unknown,Phosphorylation,100.0,PhosphoNetworks;PhosphoSitePlus
Q14674,P53350,unknown,Phosphorylation,1.0,PhosphoSitePlus
Q14674,Q9UQM7,unknown,Phosphorylation,1.0,PhosphoSitePlus
Q14676,O14757,unknown,Phosphorylation,1.0,PhosphoSitePlus
Q14676,P24941,unknown,Phosphorylation,1.0,PhosphoSitePlus
Q14676,P68400,unknown,Phosphorylation,1.0,PhosphoSitePlus;SIGNOR
Q14676,Q13315,unknown,Phosphorylation,1.0,PhosphoSitePlus;SIGNOR
Q14676,Q13535,unknown,Phosphorylation,1.0,PhosphoSitePlus
Q14680,Q14680,Y163,Phosphorylation,1.0,PhosphoSitePlus;iPTMnet
Q14680,Q15831,unknown,Phosphorylation,100.0,PhosphoNetworks;PhosphoSitePlus
Q14683,P06493,unknown,Phosphorylation,1.0,Reactome
Q14683,P53350,unknown,Phosphorylation,1.0,Reactome
Q14683,Q13315,unknown,Phosphorylation,1.0,PhosphoSitePlus
Q14683,Q13535,unknown,Phosphorylation,1.0,PhosphoSitePlus;Reactome
Q14686,P28482,unknown,Phosphorylation,1.0,PhosphoSitePlus
Q14693,P06493,unknown,Phosphorylation,1.0,Reactome
Q14693,P12931,Y398;Y413;Y795,Phosphorylation,1.0,SIGNOR;UniProt
Q14693,P35790,unknown,Phosphorylation,0.274,SIGNOR
Q14694,Q13315,unknown,Phosphorylation,1.0,PhosphoSitePlus
Q14721,P12931,Y128,Phosphorylation,1.0,PhosphoSitePlus;SIGNOR;iPTMnet
Q14721,Q16539,unknown,Phosphorylation,1.0,PhosphoSitePlus
Q14738,O14757,unknown,Phosphorylation,1.0,PhosphoSitePlus
Q14738,O43683,unknown,Phosphorylation,3.24,PhosphoNetworks
Q14738,O75582,unknown,Phosphorylation,2.21,PhosphoNetworks
Q14738,P17612,unknown,Phosphorylation,1.0,PhosphoSitePlus
Q14738,P27448,unknown,Phosphorylation,12.61,PhosphoNetworks
Q14738,P37173,unknown,Phosphorylation,4.57,PhosphoNetworks
Q14738,P48729,unknown,Phosphorylation,1.0,Reactome
Q14738,P48730,unknown,Phosphorylation,1.0,Reactome
Q14738,P49674,unknown,Phosphorylation,1.0,Reactome
Q14738,P49759,unknown,Phosphorylation,3.18,PhosphoNetworks
Q14738,P49761,unknown,Phosphorylation,2.91,PhosphoNetworks
Q14738,P78368,unknown,Phosphorylation,1.0,Reactome
Q14738,Q13315,unknown,Phosphorylation,0.297,SIGNOR
Q14738,Q15349,unknown,Phosphorylation,2.25,PhosphoNetworks
Q14738,Q16512,unknown,Phosphorylation,15.18,PhosphoNetworks
Q14738,Q16566,unknown,Phosphorylation,2.25,PhosphoNetworks
Q14738,Q6P2M8,unknown,Phosphorylation,3.69,PhosphoNetworks
Q14738,Q9H4A3,unknown,Phosphorylation,2.91,PhosphoNetworks
Q14738,Q9Y6M4,unknown,Phosphorylation,1.0,Reactome
Q14739,P06493,unknown,Phosphorylation,1.0,PhosphoSitePlus;Reactome
Q14765,O60674,Y693,Phosphorylation,1.0,SIGNOR;iPTMnet
Q14765,P27361,unknown,Phosphorylation,1.0,Reactome
Q14765,P29597,Y693,Phosphorylation,0.66,SIGNOR
Q14765,P52333,unknown,Phosphorylation,1.0,Reactome
Q14765,Q13164,unknown,Phosphorylation,1.0,Reactome
Q14765,Q16539,unknown,Phosphorylation,1.0,PhosphoSitePlus
Q14765,Q16659,unknown,Phosphorylation,1.0,Reactome
Q14765,Q8TD08,unknown,Phosphorylation,1.0,Reactome
Q14781,Q15759,unknown,Phosphorylation,1.0,Reactome
Q14781,Q16539,unknown,Phosphorylation,1.0,Reactome
Q14781,Q16644,unknown,Phosphorylation,1.0,Reactome
Q14790,P06493,unknown,Phosphorylation,1.0,PhosphoSitePlus
Q14790,P07948,unknown,Phosphorylation,1.0,PhosphoSitePlus
Q14790,P12931,Y380,Phosphorylation,1.0,PhosphoSitePlus;SIGNOR;iPTMnet
Q14790,P27361,unknown,Phosphorylation,1.0,PhosphoSitePlus
Q14790,P28482,unknown,Phosphorylation,1.0,PhosphoSitePlus
Q14790,P51812,unknown,Phosphorylation,1.0,PhosphoSitePlus
Q14790,Q16539,unknown,Phosphorylation,100.0,PhosphoNetworks;PhosphoSitePlus
Q14807,P06493,unknown,Phosphorylation,1.0,PhosphoSitePlus
Q14807,P24941,unknown,Phosphorylation,1.0,PhosphoSitePlus
Q14814,P11802,unknown,Phosphorylation,1.0,PhosphoSitePlus
Q14814,P17612,unknown,Phosphorylation,1.0,PhosphoSitePlus
Q14814,Q00535,unknown,Phosphorylation,1.0,PhosphoSitePlus
Q14814,Q13164,unknown,Phosphorylation,1.0,PhosphoSitePlus
Q14814,Q16539,unknown,Phosphorylation,0.613,SIGNOR
Q14831,P17252,unknown,Phosphorylation,1.0,PhosphoSitePlus
Q14831,P25098,unknown,Phosphorylation,1.0,Reactome
Q14831,P32298,unknown,Phosphorylation,1.0,Reactome
Q14831,P34947,unknown,Phosphorylation,1.0,Reactome
Q14831,P35626,unknown,Phosphorylation,1.0,Reactome
Q14831,P43250,unknown,Phosphorylation,1.0,Reactome
Q14831,Q15835,unknown,Phosphorylation,1.0,Reactome
Q14831,Q8WTQ7,unknown,Phosphorylation,1.0,Reactome
Q14832,P25098,unknown,Phosphorylation,1.0,Reactome
Q14832,P32298,unknown,Phosphorylation,1.0,Reactome
Q14832,P34947,unknown,Phosphorylation,1.0,Reactome
Q14832,P35626,unknown,Phosphorylation,1.0,Reactome
Q14832,P43250,unknown,Phosphorylation,1.0,Reactome
Q14832,Q15835,unknown,Phosphorylation,1.0,Reactome
Q14832,Q8WTQ7,unknown,Phosphorylation,1.0,Reactome
Q14833,P25098,unknown,Phosphorylation,1.0,Reactome
Q14833,P32298,unknown,Phosphorylation,1.0,Reactome
Q14833,P34947,unknown,Phosphorylation,1.0,Reactome
Q14833,P35626,unknown,Phosphorylation,1.0,Reactome
Q14833,P43250,unknown,Phosphorylation,1.0,Reactome
Q14833,Q15835,unknown,Phosphorylation,1.0,Reactome
Q14833,Q8WTQ7,unknown,Phosphorylation,1.0,Reactome
Q14839,P24941,unknown,Phosphorylation,1.0,PhosphoSitePlus
Q14839,Q13315,unknown,Phosphorylation,1.0,PhosphoSitePlus
Q14847,P00519,Y171,Phosphorylation,1.0,PhosphoSitePlus;SIGNOR;iPTMnet
Q14847,P07947,Y,Phosphorylation,1.0,UniProt
Q14847,P12931,Y171,Phosphorylation,1.0,SIGNOR;iPTMnet
Q14847,P17612,unknown,Phosphorylation,1.0,PhosphoSitePlus
Q14847,P22607,Y,Phosphorylation,1.0,UniProt
Q14847,P50613,unknown,Phosphorylation,100.0,PhosphoNetworks
Q14847,Q13237,unknown,Phosphorylation,1.0,PhosphoSitePlus
Q14847,Q13976,unknown,Phosphorylation,1.0,PhosphoSitePlus
Q14849,P51813,unknown,Phosphorylation,2.16,PhosphoNetworks
Q14863,O75676,unknown,Phosphorylation,1.93,PhosphoNetworks
Q14896,P17252,unknown,Phosphorylation,1.0,PhosphoSitePlus
Q14896,P17612,unknown,Phosphorylation,1.0,PhosphoSitePlus
Q14896,P49841,unknown,Phosphorylation,1.0,PhosphoSitePlus
Q14896,P68400,unknown,Phosphorylation,1.0,PhosphoSitePlus
Q14896,Q02156,unknown,Phosphorylation,1.0,PhosphoSitePlus
Q14896,Q05655,unknown,Phosphorylation,1.0,PhosphoSitePlus
Q14896,Q15139,unknown,Phosphorylation,1.0,PhosphoSitePlus
Q14896,Q9UQM7,unknown,Phosphorylation,1.0,PhosphoSitePlus
Q14934,O00238,unknown,Phosphorylation,3.22,PhosphoNetworks
Q14934,O00418,unknown,Phosphorylation,5.28,PhosphoNetworks
Q14934,O43318,unknown,Phosphorylation,9.03,PhosphoNetworks
Q14934,O75676,unknown,Phosphorylation,50.32,PhosphoNetworks
Q14934,O96013,unknown,Phosphorylation,16.93,PhosphoNetworks
Q14934,P06241,unknown,Phosphorylation,1.59,PhosphoNetworks
Q14934,P08069,unknown,Phosphorylation,12.84,PhosphoNetworks
Q14934,P08581,unknown,Phosphorylation,12.84,PhosphoNetworks
Q14934,P09769,unknown,Phosphorylation,12.84,PhosphoNetworks
Q14934,P11309,unknown,Phosphorylation,2.67,PhosphoNetworks
Q14934,P11802,unknown,Phosphorylation,3.24,PhosphoNetworks
Q14934,P17252,unknown,Phosphorylation,29.12,PhosphoNetworks
Q14934,P17612,unknown,Phosphorylation,1.0,PhosphoNetworks
Q14934,P19784,unknown,Phosphorylation,12.84,PhosphoNetworks
Q14934,P21802,unknown,Phosphorylation,6.11,PhosphoNetworks
Q14934,P22455,unknown,Phosphorylation,4.57,PhosphoNetworks
Q14934,P23443,unknown,Phosphorylation,15.18,PhosphoNetworks
Q14934,P27361,unknown,Phosphorylation,1.0,PhosphoNetworks;PhosphoSitePlus
Q14934,P28482,unknown,Phosphorylation,100.0,PhosphoNetworks;PhosphoSitePlus
Q14934,P30291,unknown,Phosphorylation,50.32,PhosphoNetworks
Q14934,P37173,unknown,Phosphorylation,4.57,PhosphoNetworks
Q14934,P42345,unknown,Phosphorylation,1.0,PhosphoSitePlus
Q14934,P45983,unknown,Phosphorylation,1.0,PhosphoSitePlus
Q14934,P45984,unknown,Phosphorylation,1.0,PhosphoSitePlus
Q14934,P49760,unknown,Phosphorylation,3.24,PhosphoNetworks
Q14934,P50613,unknown,Phosphorylation,3.24,PhosphoNetworks
Q14934,P51812,unknown,Phosphorylation,100.0,PhosphoNetworks;PhosphoSitePlus
Q14934,P51956,unknown,Phosphorylation,3.24,PhosphoNetworks
Q14934,P54646,unknown,Phosphorylation,3.24,PhosphoNetworks
Q14934,P54762,unknown,Phosphorylation,3.22,PhosphoNetworks
Q14934,P78362,unknown,Phosphorylation,2.25,PhosphoNetworks
Q14934,Q00534,unknown,Phosphorylation,2.25,PhosphoNetworks
Q14934,Q00535,unknown,Phosphorylation,1.58,PhosphoNetworks
Q14934,Q04771,unknown,Phosphorylation,12.61,PhosphoNetworks
Q14934,Q08881,unknown,Phosphorylation,4.57,PhosphoNetworks
Q14934,Q13153,unknown,Phosphorylation,2.67,PhosphoNetworks
Q14934,Q13164,unknown,Phosphorylation,1.0,PhosphoSitePlus
Q14934,Q13188,unknown,Phosphorylation,1.58,PhosphoNetworks
Q14934,Q13882,unknown,Phosphorylation,2.25,PhosphoNetworks
Q14934,Q15208,unknown,Phosphorylation,12.15,PhosphoNetworks
Q14934,Q15349,unknown,Phosphorylation,34.96,PhosphoNetworks
Q14934,Q16539,unknown,Phosphorylation,100.0,PhosphoNetworks;PhosphoSitePlus
Q14934,Q16566,unknown,Phosphorylation,34.96,PhosphoNetworks
Q14934,Q8IW41,unknown,Phosphorylation,34.96,PhosphoNetworks
Q14934,Q8N568,unknown,Phosphorylation,1.75,PhosphoNetworks
Q14934,Q8TAS1,unknown,Phosphorylation,2.25,PhosphoNetworks
Q14934,Q96SB4,unknown,Phosphorylation,1.58,PhosphoNetworks
Q14934,Q99986,unknown,Phosphorylation,2.28,PhosphoNetworks
Q14934,Q9BUB5,unknown,Phosphorylation,34.96,PhosphoNetworks
Q14934,Q9H4A3,unknown,Phosphorylation,2.25,PhosphoNetworks
Q14934,Q9NQU5,unknown,Phosphorylation,9.03,PhosphoNetworks
Q14934,Q9NR20,unknown,Phosphorylation,1.6,PhosphoNetworks
Q14934,Q9NRP7,unknown,Phosphorylation,2.25,PhosphoNetworks
Q14934,Q9UBE8,unknown,Phosphorylation,34.96,PhosphoNetworks
Q14934,Q9Y463,unknown,Phosphorylation,49.43,PhosphoNetworks
Q14940,P68400,unknown,Phosphorylation,1.0,PhosphoSitePlus
Q14956,P00533,Y,Phosphorylation,1.0,UniProt
Q14957,P05129,unknown,Phosphorylation,1.0,Reactome
Q14957,P05771,unknown,Phosphorylation,1.0,Reactome
Q14957,P17252,unknown,Phosphorylation,1.0,Reactome
Q14957,P31749,unknown,Phosphorylation,1.0,PhosphoSitePlus
Q14957,P41743,unknown,Phosphorylation,1.0,Reactome
Q14957,Q02156,unknown,Phosphorylation,1.0,Reactome
Q14957,Q04759,unknown,Phosphorylation,1.0,Reactome
Q14957,Q05513,unknown,Phosphorylation,1.0,Reactome
Q14957,Q05655,unknown,Phosphorylation,1.0,Reactome
Q14957,Q16512,unknown,Phosphorylation,1.0,Reactome
Q14957,Q16513,unknown,Phosphorylation,1.0,Reactome
Q14957,Q6P5Z2,unknown,Phosphorylation,1.0,Reactome
Q14966,O14757,unknown,Phosphorylation,1.0,PhosphoSitePlus
Q14974,P04626,Y,Phosphorylation,1.0,UniProt
Q14978,P06493,unknown,Phosphorylation,1.0,PhosphoSitePlus
Q14980,O14965,unknown,Phosphorylation,1.0,PhosphoSitePlus
Q14980,P00519,unknown,Phosphorylation,1.0,PhosphoSitePlus
Q14980,P06493,unknown,Phosphorylation,1.0,PhosphoSitePlus;Reactome
Q14980,P24941,unknown,Phosphorylation,1.0,PhosphoSitePlus
Q14980,P42345,unknown,Phosphorylation,1.0,PhosphoSitePlus
Q14980,P53350,unknown,Phosphorylation,0.537,SIGNOR
Q14980,Q96GD4,unknown,Phosphorylation,1.0,PhosphoSitePlus
Q14980,Q9UHD2,unknown,Phosphorylation,0.2,SIGNOR
Q14994,P17252,unknown,Phosphorylation,1.0,PhosphoSitePlus
Q14995,P22607,Y,Phosphorylation,1.0,UniProt
Q14C86,P06493,unknown,Phosphorylation,1.0,PhosphoSitePlus
Q14CB8,P24941,unknown,Phosphorylation,1.0,PhosphoSitePlus
Q14CS0,P06493,unknown,Phosphorylation,1.0,PhosphoSitePlus
Q15003,P06493,unknown,Phosphorylation,1.0,Reactome
Q15003,P19784,unknown,Phosphorylation,1.0,Reactome
Q15003,P24941,unknown,Phosphorylation,1.0,PhosphoSitePlus
Q15003,P68400,unknown,Phosphorylation,1.0,PhosphoSitePlus;Reactome
Q15020,Q9NQU5,unknown,Phosphorylation,9.03,PhosphoNetworks
Q15020,Q9NR20,unknown,Phosphorylation,1.57,PhosphoNetworks
Q15021,P06493,unknown,Phosphorylation,1.0,Reactome
Q15021,P19784,unknown,Phosphorylation,1.0,Reactome
Q15021,P51955,unknown,Phosphorylation,0.27,SIGNOR
Q15021,P68400,unknown,Phosphorylation,1.0,Reactome
Q15022,P53350,unknown,Phosphorylation,1.0,PhosphoSitePlus;SIGNOR
Q15024,P51957,unknown,Phosphorylation,1.9,PhosphoNetworks
Q15024,P68400,unknown,Phosphorylation,2.39,PhosphoNetworks
Q15025,Q9UHD2,unknown,Phosphorylation,0.374,SIGNOR
Q15027,P31749,unknown,Phosphorylation,1.0,PhosphoSitePlus
Q15038,Q01974,Y,Phosphorylation,1.0,UniProt
Q15038,Q9H2X6,unknown,Phosphorylation,0.2,SIGNOR
Q15046,P27361,unknown,Phosphorylation,1.0,Reactome
Q15046,P28482,unknown,Phosphorylation,1.0,Reactome
Q15047,P10398,unknown,Phosphorylation,2.75,PhosphoNetworks
Q15047,P24941,unknown,Phosphorylation,1.0,PhosphoSitePlus
Q15052,Q04759,unknown,Phosphorylation,1.0,PhosphoSitePlus
Q15054,P17612,unknown,Phosphorylation,1.0,PhosphoSitePlus
Q15056,O15530,unknown,Phosphorylation,1.95,PhosphoNetworks
Q15056,O75582,unknown,Phosphorylation,1.57,PhosphoNetworks
Q15056,O75716,unknown,Phosphorylation,10.22,PhosphoNetworks
Q15056,P04049,unknown,Phosphorylation,3.23,PhosphoNetworks
Q15056,P11362,unknown,Phosphorylation,2.45,PhosphoNetworks
Q15056,P17252,unknown,Phosphorylation,4.22,PhosphoNetworks
Q15056,P34947,unknown,Phosphorylation,1.91,PhosphoNetworks
Q15056,P37173,unknown,Phosphorylation,2.45,PhosphoNetworks
Q15056,P43405,unknown,Phosphorylation,1.91,PhosphoNetworks
Q15056,P49674,unknown,Phosphorylation,18.88,PhosphoNetworks
Q15056,Q13153,unknown,Phosphorylation,86.24,PhosphoNetworks
Q15056,Q9NR20,unknown,Phosphorylation,1.67,PhosphoNetworks
Q15056,Q9UEE5,unknown,Phosphorylation,1.61,PhosphoNetworks
Q15056,Q9Y6E0,unknown,Phosphorylation,36.41,PhosphoNetworks
Q15075,P04626,Y,Phosphorylation,1.0,UniProt
Q15075,Q16539,unknown,Phosphorylation,1.0,PhosphoSitePlus;SIGNOR
Q15078,P06241,unknown,Phosphorylation,1.0,Reactome
Q15078,P49841,unknown,Phosphorylation,1.0,Reactome
Q15078,Q00535,unknown,Phosphorylation,1.0,PhosphoSitePlus
Q15078,Q05513,unknown,Phosphorylation,1.0,PhosphoSitePlus
Q15078,Q9H0K1,unknown,Phosphorylation,1.0,PhosphoSitePlus
Q15080,P05771,unknown,Phosphorylation,1.0,Reactome
Q15080,P17252,unknown,Phosphorylation,100.0,PhosphoNetworks;PhosphoSitePlus;Reactome
Q15080,P27361,unknown,Phosphorylation,1.0,Reactome
Q15080,P28482,unknown,Phosphorylation,1.0,Reactome
Q15080,Q05513,unknown,Phosphorylation,1.0,Reactome
Q15080,Q05655,unknown,Phosphorylation,1.0,PhosphoSitePlus;Reactome
Q15080,Q15759,unknown,Phosphorylation,1.0,Reactome
Q15080,Q16539,unknown,Phosphorylation,1.0,Reactome
Q15084,P68400,unknown,Phosphorylation,1.0,PhosphoSitePlus
Q15109,P00533,Y,Phosphorylation,1.0,UniProt
Q15111,P17612,unknown,Phosphorylation,1.0,PhosphoSitePlus
Q15116,P41240,unknown,Phosphorylation,1.0,Reactome
Q15118,O60674,Y243,Phosphorylation,1.0,PhosphoSitePlus;iPTMnet
Q15118,P00519,Y243,Phosphorylation,1.0,PhosphoSitePlus;iPTMnet
Q15118,P11362,Y136;Y243;Y244,Phosphorylation,1.0,PhosphoSitePlus;SIGNOR;iPTMnet
Q15118,P36888,Y243,Phosphorylation,1.0,PhosphoSitePlus;iPTMnet
Q15119,Q9HC98,unknown,Phosphorylation,3.0,PhosphoNetworks
Q15121,P17252,unknown,Phosphorylation,1.0,PhosphoSitePlus
Q15121,P31749,unknown,Phosphorylation,1.0,PhosphoSitePlus
Q15121,P68400,unknown,Phosphorylation,1.0,PhosphoSitePlus
Q15121,Q16566,unknown,Phosphorylation,100.0,PhosphoNetworks
Q15121,Q9UQM7,unknown,Phosphorylation,1.0,PhosphoSitePlus
Q15139,O15264,unknown,Phosphorylation,1.0,PhosphoSitePlus;SIGNOR
Q15139,O94806,unknown,Phosphorylation,1.0,PhosphoSitePlus
Q15139,P00519,Y432;Y463;Y502,Phosphorylation,1.0,PhosphoSitePlus;SIGNOR;iPTMnet
Q15139,P04626,unknown,Phosphorylation,1.0,Reactome
Q15139,P12931,Y432;Y463;Y502;Y95,Phosphorylation,1.0,PhosphoSitePlus;SIGNOR;iPTMnet
Q15139,P17252,unknown,Phosphorylation,100.0,PhosphoNetworks;PhosphoSitePlus
Q15139,P17612,unknown,Phosphorylation,1.0,PhosphoSitePlus
Q15139,P42338,unknown,Phosphorylation,1.0,Reactome
Q15139,Q02156,unknown,Phosphorylation,1.0,PhosphoSitePlus
Q15139,Q05513,unknown,Phosphorylation,1.0,PhosphoSitePlus
Q15139,Q05655,unknown,Phosphorylation,100.0,PhosphoNetworks;PhosphoSitePlus
Q15139,Q15139,unknown,Phosphorylation,1.0,PhosphoSitePlus
Q15139,Q15303,unknown,Phosphorylation,1.0,Reactome
Q15139,Q9BZL6,unknown,Phosphorylation,1.0,PhosphoSitePlus
Q15149,P17612,unknown,Phosphorylation,1.0,PhosphoSitePlus
Q15149,Q96GD4,unknown,Phosphorylation,1.0,PhosphoSitePlus
Q15149,Q9HBH9,unknown,Phosphorylation,1.0,PhosphoSitePlus
Q15154,P51955,unknown,Phosphorylation,1.6,PhosphoNetworks
Q15154,P53350,unknown,Phosphorylation,1.0,Reactome
Q15154,Q59H18,unknown,Phosphorylation,1.57,PhosphoNetworks
Q15172,P11802,unknown,Phosphorylation,11.55,PhosphoNetworks
Q15172,P17252,unknown,Phosphorylation,1.0,PhosphoSitePlus
Q15172,P19525,unknown,Phosphorylation,1.0,PhosphoSitePlus;Reactome
Q15172,P48729,unknown,Phosphorylation,1.0,Reactome
Q15172,P48730,unknown,Phosphorylation,1.0,Reactome
Q15172,P49674,unknown,Phosphorylation,1.0,Reactome
Q15172,P78368,unknown,Phosphorylation,1.0,Reactome
Q15172,Q9Y6M4,unknown,Phosphorylation,1.0,Reactome
Q15173,P48729,unknown,Phosphorylation,1.0,Reactome
Q15173,P48730,unknown,Phosphorylation,1.0,Reactome
Q15173,P49674,unknown,Phosphorylation,1.0,Reactome
Q15173,P49841,unknown,Phosphorylation,1.0,Reactome
Q15173,P78368,unknown,Phosphorylation,1.0,Reactome
Q15173,Q9Y6M4,unknown,Phosphorylation,1.0,Reactome
Q15185,P27361,unknown,Phosphorylation,1.0,Reactome
Q15185,P28482,unknown,Phosphorylation,1.0,Reactome
Q15185,P68400,unknown,Phosphorylation,100.0,PhosphoNetworks;PhosphoSitePlus
Q15208,P17612,unknown,Phosphorylation,1.0,PhosphoSitePlus
Q15208,P49841,unknown,Phosphorylation,1.0,PhosphoSitePlus
Q15208,Q13043,unknown,Phosphorylation,1.0,PhosphoSitePlus
Q15208,Q15208,unknown,Phosphorylation,1.0,PhosphoSitePlus
Q15238,P16234,Y,Phosphorylation,1.0,UniProt
Q15238,P35590,Y,Phosphorylation,1.0,UniProt
Q15256,P04626,Y,Phosphorylation,1.0,UniProt
Q15256,P06213,Y,Phosphorylation,1.0,UniProt
Q15256,P27361,unknown,Phosphorylation,1.0,PhosphoSitePlus
Q15256,P28482,unknown,Phosphorylation,1.0,PhosphoSitePlus
Q15262,P04626,Y,Phosphorylation,1.0,UniProt
Q15262,P06213,Y,Phosphorylation,1.0,UniProt
Q15262,Q02763,Y,Phosphorylation,1.0,UniProt
Q15276,Q15139,unknown,Phosphorylation,1.0,PhosphoSitePlus
Q15287,P49760,Y,Phosphorylation,1.0,UniProt
Q15287,P49761,Y,Phosphorylation,1.0,UniProt
Q15287,P68400,unknown,Phosphorylation,100.0,PhosphoNetworks;PhosphoSitePlus
Q15287,Q13523,unknown,Phosphorylation,1.0,Reactome
Q15287,Q16566,unknown,Phosphorylation,2.25,PhosphoNetworks
Q15287,Q92989,unknown,Phosphorylation,1.0,Reactome
Q15291,P09769,unknown,Phosphorylation,2.75,PhosphoNetworks
Q15291,P33981,unknown,Phosphorylation,2.75,PhosphoNetworks
Q15291,P43405,unknown,Phosphorylation,2.68,PhosphoNetworks
Q15303,P00533,Y,Phosphorylation,1.0,UniProt
Q15303,P04626,Y,Phosphorylation,1.0,UniProt
Q15303,P21860,Y,Phosphorylation,1.0,UniProt
Q15303,P42684,Y,Phosphorylation,1.0,UniProt
Q15303,Q15303,Y1035;Y1056;Y1150;Y1162;Y1188;Y1202;Y1242;Y1258;Y1284;Y875,Phosphorylation,1.0,PhosphoSitePlus;iPTMnet
Q15306,O75116,unknown,Phosphorylation,1.0,PhosphoSitePlus
Q15306,P12931,unknown,Phosphorylation,0.274,SIGNOR
Q15311,P17252,unknown,Phosphorylation,1.0,PhosphoSitePlus
Q15311,P22607,Y,Phosphorylation,1.0,UniProt
Q15323,P00519,Y,Phosphorylation,1.0,UniProt
Q15323,P06213,Y,Phosphorylation,1.0,UniProt
Q15323,P08631,Y,Phosphorylation,1.0,UniProt
Q15323,P09619,Y,Phosphorylation,1.0,UniProt
Q15323,P29597,Y,Phosphorylation,1.0,UniProt
Q15327,P19784,unknown,Phosphorylation,9.03,PhosphoNetworks
Q15329,P11802,unknown,Phosphorylation,1.0,Reactome
Q15329,P24941,unknown,Phosphorylation,1.0,PhosphoSitePlus
Q15329,Q00534,unknown,Phosphorylation,1.0,Reactome
Q15334,P41743,unknown,Phosphorylation,1.0,PhosphoSitePlus
Q15349,O15530,unknown,Phosphorylation,1.0,Reactome
Q15349,O75676,unknown,Phosphorylation,50.32,PhosphoNetworks
Q15349,O76039,unknown,Phosphorylation,5.22,PhosphoNetworks
Q15349,P27361,unknown,Phosphorylation,1.0,Reactome;SIGNOR
Q15349,P28482,unknown,Phosphorylation,1.0,Reactome;SIGNOR
Q15349,P36507,unknown,Phosphorylation,12.84,PhosphoNetworks
Q15349,P37173,unknown,Phosphorylation,4.57,PhosphoNetworks
Q15349,P42345,unknown,Phosphorylation,0.394,SIGNOR
Q15349,P43405,unknown,Phosphorylation,13.8,PhosphoNetworks
Q15349,P51955,unknown,Phosphorylation,12.15,PhosphoNetworks
Q15349,P53350,unknown,Phosphorylation,3.24,PhosphoNetworks
Q15349,P54646,unknown,Phosphorylation,2.28,PhosphoNetworks
Q15349,P78362,unknown,Phosphorylation,2.25,PhosphoNetworks
Q15349,Q00535,unknown,Phosphorylation,34.96,PhosphoNetworks
Q15349,Q04771,unknown,Phosphorylation,12.84,PhosphoNetworks
Q15349,Q05513,unknown,Phosphorylation,13.8,PhosphoNetworks
Q15349,Q06187,unknown,Phosphorylation,2.25,PhosphoNetworks
Q15349,Q08345,unknown,Phosphorylation,4.27,PhosphoNetworks
Q15349,Q13153,unknown,Phosphorylation,29.12,PhosphoNetworks
Q15349,Q13164,unknown,Phosphorylation,1.0,Reactome
Q15349,Q13976,unknown,Phosphorylation,12.84,PhosphoNetworks
Q15349,Q15349,unknown,Phosphorylation,1.0,PhosphoSitePlus
Q15349,Q16659,unknown,Phosphorylation,1.0,Reactome
Q15349,Q86Z02,unknown,Phosphorylation,1.58,PhosphoNetworks
Q15349,Q8NE63,unknown,Phosphorylation,1.6,PhosphoNetworks
Q15349,Q8TD08,unknown,Phosphorylation,1.0,Reactome
Q15349,Q96S53,unknown,Phosphorylation,2.28,PhosphoNetworks
Q15349,Q99558,unknown,Phosphorylation,15.18,PhosphoNetworks
Q15349,Q9H4A3,unknown,Phosphorylation,2.25,PhosphoNetworks
Q15349,Q9P1W9,unknown,Phosphorylation,4.46,PhosphoNetworks
Q15363,P48730,unknown,Phosphorylation,1.0,Reactome
Q15365,P31749,unknown,Phosphorylation,1.0,PhosphoSitePlus
Q15365,P31751,unknown,Phosphorylation,1.0,PhosphoSitePlus
Q15365,Q13153,unknown,Phosphorylation,1.0,PhosphoSitePlus
Q15366,P10398,unknown,Phosphorylation,1.9,PhosphoNetworks
Q15366,P31749,unknown,Phosphorylation,54.59,PhosphoNetworks
Q15366,Q9UEE5,unknown,Phosphorylation,5.31,PhosphoNetworks
Q15375,P07333,Y,Phosphorylation,1.0,UniProt
Q15375,P29317,Y,Phosphorylation,1.0,UniProt
Q15375,P29320,Y,Phosphorylation,1.0,UniProt
Q15375,P29323,Y,Phosphorylation,1.0,UniProt
Q15375,P54760,Y,Phosphorylation,1.0,UniProt
Q15375,Q16288,Y,Phosphorylation,1.0,UniProt
Q15382,P22607,Y,Phosphorylation,1.0,UniProt
Q15382,P31749,unknown,Phosphorylation,1.0,Reactome
Q15382,P54646,unknown,Phosphorylation,1.0,Reactome
Q15382,Q13131,unknown,Phosphorylation,1.0,Reactome
Q15382,Q8IW41,unknown,Phosphorylation,1.0,PhosphoSitePlus
Q15389,Q02763,Y,Phosphorylation,1.0,UniProt
Q15398,O14965,unknown,Phosphorylation,1.0,PhosphoSitePlus
Q15398,P06493,unknown,Phosphorylation,1.0,PhosphoSitePlus
Q15398,P24941,unknown,Phosphorylation,1.0,PhosphoSitePlus
Q15398,P28482,unknown,Phosphorylation,1.0,PhosphoSitePlus
Q15415,P49761,Y,Phosphorylation,1.0,UniProt
Q15417,O75116,unknown,Phosphorylation,1.0,PhosphoSitePlus
Q15417,P06241,Y261,Phosphorylation,1.0,iPTMnet
Q15417,P12931,unknown,Phosphorylation,1.0,PhosphoSitePlus
Q15417,Q06187,unknown,Phosphorylation,0.2,SIGNOR
Q15417,Q13464,unknown,Phosphorylation,1.0,PhosphoSitePlus
Q15418,O15530,unknown,Phosphorylation,1.0,Reactome
Q15418,P27361,unknown,Phosphorylation,1.0,PhosphoSitePlus;Reactome;SIGNOR
Q15418,P28482,unknown,Phosphorylation,1.0,PhosphoSitePlus;Reactome;SIGNOR
Q15418,P41279,unknown,Phosphorylation,1.0,PhosphoSitePlus
Q15418,Q13164,unknown,Phosphorylation,1.0,Reactome
Q15424,P28482,unknown,Phosphorylation,1.0,PhosphoSitePlus
Q15424,Q13043,unknown,Phosphorylation,0.2,SIGNOR
Q15427,P42685,Y,Phosphorylation,1.0,UniProt
Q15427,Q8IW41,unknown,Phosphorylation,18.12,PhosphoNetworks
Q15428,P07947,Y,Phosphorylation,1.0,UniProt
Q15436,P48730,unknown,Phosphorylation,1.0,Reactome
Q15438,P06241,unknown,Phosphorylation,1.0,PhosphoSitePlus;SIGNOR
Q15464,P00519,Y,Phosphorylation,1.0,UniProt
Q15464,P08581,Y,Phosphorylation,1.0,UniProt
Q15464,P10721,Y,Phosphorylation,1.0,UniProt
Q15464,P12931,unknown,Phosphorylation,1.0,Reactome
Q15466,P27361,unknown,Phosphorylation,1.0,PhosphoSitePlus
Q15466,P28482,unknown,Phosphorylation,1.0,PhosphoSitePlus
Q15466,Q05513,unknown,Phosphorylation,1.0,PhosphoSitePlus
Q15466,Q13557,unknown,Phosphorylation,1.93,PhosphoNetworks
Q15468,P06493,unknown,Phosphorylation,0.321,SIGNOR
Q15486,P22607,Y,Phosphorylation,1.0,UniProt
Q15542,P50613,unknown,Phosphorylation,1.0,Reactome
Q15543,P50613,unknown,Phosphorylation,1.0,Reactome
Q15544,P50613,unknown,Phosphorylation,1.0,Reactome
Q15545,P21675,unknown,Phosphorylation,1.0,PhosphoSitePlus
Q15545,P50613,unknown,Phosphorylation,1.0,Reactome
Q15554,P24941,unknown,Phosphorylation,1.0,PhosphoSitePlus
Q15555,P68400,unknown,Phosphorylation,1.0,PhosphoSitePlus
Q15555,Q96GD4,unknown,Phosphorylation,0.537,SIGNOR
Q15596,P09769,unknown,Phosphorylation,16.93,PhosphoNetworks
Q15596,P27361,unknown,Phosphorylation,1.0,PhosphoSitePlus
Q15596,P28482,unknown,Phosphorylation,1.0,PhosphoSitePlus
Q15596,P50750,unknown,Phosphorylation,1.0,PhosphoSitePlus
Q15596,P68400,unknown,Phosphorylation,1.0,PhosphoSitePlus
Q15596,Q16539,unknown,Phosphorylation,1.0,PhosphoSitePlus
Q15599,P09619,Y,Phosphorylation,1.0,UniProt
Q155Q3,Q00535,unknown,Phosphorylation,1.0,PhosphoSitePlus
Q15628,O75385,unknown,Phosphorylation,1.0,Reactome
Q15628,P49137,unknown,Phosphorylation,1.0,Reactome
Q15631,P31749,unknown,Phosphorylation,3.45,PhosphoNetworks
Q15631,Q9Y6E0,unknown,Phosphorylation,20.02,PhosphoNetworks
Q15633,P19525,Y,Phosphorylation,1.0,UniProt
Q15637,P42684,Y,Phosphorylation,1.0,UniProt
Q15637,Q14296,unknown,Phosphorylation,6.32,PhosphoNetworks
Q15637,Q8TAS1,unknown,Phosphorylation,1.0,PhosphoSitePlus
Q15642,O15530,unknown,Phosphorylation,43.92,PhosphoNetworks
Q15642,O43318,unknown,Phosphorylation,17.43,PhosphoNetworks
Q15642,P06239,unknown,Phosphorylation,62.44,PhosphoNetworks
Q15642,P07948,Y,Phosphorylation,1.0,UniProt
Q15642,P07949,unknown,Phosphorylation,17.43,PhosphoNetworks
Q15642,P09769,unknown,Phosphorylation,17.43,PhosphoNetworks
Q15642,P12931,unknown,Phosphorylation,1.0,PhosphoSitePlus
Q15642,P17252,unknown,Phosphorylation,312.21,PhosphoNetworks
Q15642,P17612,unknown,Phosphorylation,3187.8,PhosphoNetworks
Q15642,P21802,unknown,Phosphorylation,2.83,PhosphoNetworks
Q15642,P29320,unknown,Phosphorylation,12.42,PhosphoNetworks
Q15642,P31749,unknown,Phosphorylation,306.66,PhosphoNetworks
Q15642,P34947,unknown,Phosphorylation,3.95,PhosphoNetworks
Q15642,P37173,unknown,Phosphorylation,196.25,PhosphoNetworks
Q15642,P42684,Y,Phosphorylation,1.0,UniProt
Q15642,P43405,unknown,Phosphorylation,62.44,PhosphoNetworks
Q15642,P45984,unknown,Phosphorylation,17.43,PhosphoNetworks
Q15642,P49674,unknown,Phosphorylation,29.14,PhosphoNetworks
Q15642,P49841,unknown,Phosphorylation,28.62,PhosphoNetworks
Q15642,P51813,unknown,Phosphorylation,12.49,PhosphoNetworks
Q15642,P51955,unknown,Phosphorylation,1.88,PhosphoNetworks
Q15642,Q00535,unknown,Phosphorylation,29.14,PhosphoNetworks
Q15642,Q04759,unknown,Phosphorylation,4.02,PhosphoNetworks
Q15642,Q05513,unknown,Phosphorylation,43.92,PhosphoNetworks
Q15642,Q07002,unknown,Phosphorylation,1.84,PhosphoNetworks
Q15642,Q13164,unknown,Phosphorylation,12.26,PhosphoNetworks
Q15642,Q13882,unknown,Phosphorylation,2.43,PhosphoNetworks
Q15642,Q14289,unknown,Phosphorylation,21.7,PhosphoNetworks
Q15642,Q15349,unknown,Phosphorylation,28.62,PhosphoNetworks
Q15642,Q59H18,unknown,Phosphorylation,1.88,PhosphoNetworks
Q15642,Q6ZWH5,unknown,Phosphorylation,1.84,PhosphoNetworks
Q15642,Q96RR4,unknown,Phosphorylation,12.49,PhosphoNetworks
Q15642,Q9HC98,unknown,Phosphorylation,1.84,PhosphoNetworks
Q15645,P00533,Y56,Phosphorylation,1.0,SIGNOR;iPTMnet
Q15648,O14757,unknown,Phosphorylation,1.0,PhosphoSitePlus
Q15648,P24941,unknown,Phosphorylation,1.0,PhosphoSitePlus
Q15648,P27361,unknown,Phosphorylation,100.0,PhosphoNetworks;PhosphoSitePlus
Q15648,P28482,unknown,Phosphorylation,100.0,PhosphoNetworks;PhosphoSitePlus
Q15648,P78527,unknown,Phosphorylation,1.0,PhosphoSitePlus
Q15648,Q13131,unknown,Phosphorylation,1.0,PhosphoSitePlus
Q15648,Q13315,unknown,Phosphorylation,1.0,PhosphoSitePlus
Q15650,Q15349,unknown,Phosphorylation,34.96,PhosphoNetworks
Q15650,Q15831,unknown,Phosphorylation,2.21,PhosphoNetworks
Q15651,P50750,unknown,Phosphorylation,2.71,PhosphoNetworks
Q15653,O14920,unknown,Phosphorylation,1.0,Reactome;SIGNOR
Q15653,O15111,unknown,Phosphorylation,1.0,Reactome
Q15653,O43318,unknown,Phosphorylation,0.517,SIGNOR
Q15653,P68400,unknown,Phosphorylation,1.0,PhosphoSitePlus
Q15653,Q15418,unknown,Phosphorylation,100.0,PhosphoNetworks
Q15654,P08631,Y,Phosphorylation,1.0,UniProt
Q15654,P09619,Y,Phosphorylation,1.0,UniProt
Q15654,P09769,unknown,Phosphorylation,1.57,PhosphoNetworks
Q15654,P12931,unknown,Phosphorylation,1.0,PhosphoSitePlus
Q15654,P23443,unknown,Phosphorylation,2.84,PhosphoNetworks
Q15654,P35590,Y,Phosphorylation,1.0,UniProt
Q15654,P45983,unknown,Phosphorylation,1.57,PhosphoNetworks
Q15654,P51813,unknown,Phosphorylation,2.84,PhosphoNetworks
Q15654,Q05513,unknown,Phosphorylation,2.19,PhosphoNetworks
Q15654,Q59H18,unknown,Phosphorylation,4.26,PhosphoNetworks
Q15672,P27361,unknown,Phosphorylation,1.0,PhosphoSitePlus
Q15672,P28482,unknown,Phosphorylation,1.0,PhosphoSitePlus
Q15672,P31749,unknown,Phosphorylation,1.0,PhosphoSitePlus
Q15672,P45983,unknown,Phosphorylation,1.0,PhosphoSitePlus
Q15672,P53671,unknown,Phosphorylation,0.2,SIGNOR
Q15672,P68400,unknown,Phosphorylation,1.0,PhosphoSitePlus
Q15672,Q05655,unknown,Phosphorylation,5.54,PhosphoNetworks
Q15672,Q16539,unknown,Phosphorylation,1.0,PhosphoSitePlus
Q15691,P06493,unknown,Phosphorylation,1.0,Reactome
Q15691,P12931,Y247,Phosphorylation,0.2,SIGNOR
Q15691,P48730,unknown,Phosphorylation,0.507,SIGNOR
Q15691,P53350,unknown,Phosphorylation,1.0,Reactome
Q15696,P49760,Y,Phosphorylation,1.0,UniProt
Q15700,P06241,unknown,Phosphorylation,1.0,PhosphoSitePlus
Q15700,P12931,unknown,Phosphorylation,1.0,Reactome
Q15700,P28482,unknown,Phosphorylation,1.0,PhosphoSitePlus
Q15700,Q15303,Y,Phosphorylation,1.0,UniProt
Q15717,O15111,unknown,Phosphorylation,1.0,PhosphoSitePlus
Q15717,O96017,unknown,Phosphorylation,1.0,PhosphoSitePlus
Q15717,P06493,unknown,Phosphorylation,1.0,PhosphoSitePlus
Q15717,P17252,unknown,Phosphorylation,1.0,PhosphoSitePlus;Reactome
Q15717,P24941,unknown,Phosphorylation,1.0,PhosphoSitePlus
Q15717,P49137,unknown,Phosphorylation,0.304,SIGNOR
Q15717,P52333,unknown,Phosphorylation,1.0,PhosphoSitePlus
Q15717,Q00535,unknown,Phosphorylation,1.0,PhosphoSitePlus
Q15717,Q05655,unknown,Phosphorylation,1.0,PhosphoSitePlus;Reactome
Q15717,Q16539,unknown,Phosphorylation,1.0,PhosphoSitePlus;SIGNOR
Q15717,Q8TD08,unknown,Phosphorylation,0.348,SIGNOR
Q15722,P43250,unknown,Phosphorylation,100.0,PhosphoNetworks;PhosphoSitePlus
Q15746,P00519,Y1449;Y1575;Y1635;Y231;Y464;Y556;Y611;Y792;Y846,Phosphorylation,1.0,PhosphoSitePlus;SIGNOR;iPTMnet
Q15746,P12931,Y464;Y471,Phosphorylation,1.0,PhosphoSitePlus;SIGNOR;iPTMnet
Q15746,P17612,unknown,Phosphorylation,1.0,PhosphoSitePlus
Q15746,P27361,unknown,Phosphorylation,1.0,PhosphoSitePlus
Q15746,P28482,unknown,Phosphorylation,1.0,PhosphoSitePlus;SIGNOR
Q15746,P49841,unknown,Phosphorylation,1.0,PhosphoSitePlus
Q15746,Q13153,unknown,Phosphorylation,100.0,PhosphoNetworks;PhosphoSitePlus;SIGNOR
Q15750,O43318,unknown,Phosphorylation,1.0,PhosphoSitePlus
Q15750,P00533,Y,Phosphorylation,1.0,UniProt
Q15750,Q16539,unknown,Phosphorylation,1.0,PhosphoSitePlus
Q15759,P06241,unknown,Phosphorylation,1.0,Reactome
Q15759,P12931,unknown,Phosphorylation,1.0,Reactome
Q15759,P22607,Y,Phosphorylation,1.0,UniProt
Q15759,P35968,unknown,Phosphorylation,1.0,Reactome
Q15759,P43403,unknown,Phosphorylation,1.0,PhosphoSitePlus
Q15759,P45985,unknown,Phosphorylation,1.0,Reactome
Q15759,P46734,unknown,Phosphorylation,1.0,Reactome
Q15759,P52564,Y182,Phosphorylation,1.0,Reactome;SIGNOR;iPTMnet
Q15759,Q13177,unknown,Phosphorylation,1.0,Reactome
Q15762,P06241,unknown,Phosphorylation,1.0,PhosphoSitePlus
Q15762,P17252,unknown,Phosphorylation,100.0,PhosphoNetworks;PhosphoSitePlus
Q15768,P54764,Y,Phosphorylation,1.0,UniProt
Q15772,Q9UEE5,unknown,Phosphorylation,1.93,PhosphoNetworks
Q15773,Q9UEE5,unknown,Phosphorylation,5.31,PhosphoNetworks
Q15788,P27361,unknown,Phosphorylation,1.0,PhosphoSitePlus
Q15788,P28482,unknown,Phosphorylation,100.0,PhosphoNetworks;PhosphoSitePlus
Q15796,O00238,unknown,Phosphorylation,1.0,PhosphoSitePlus
Q15796,P10398,unknown,Phosphorylation,0.371,SIGNOR
Q15796,P11309,unknown,Phosphorylation,0.2,SIGNOR
Q15796,P27037,unknown,Phosphorylation,1.0,Reactome;SIGNOR
Q15796,P27361,unknown,Phosphorylation,100.0,PhosphoNetworks;PhosphoSitePlus;SIGNOR
Q15796,P28482,unknown,Phosphorylation,1.0,PhosphoSitePlus;SIGNOR
Q15796,P36896,unknown,Phosphorylation,1.0,Reactome;SIGNOR
Q15796,P36897,unknown,Phosphorylation,1.0,PhosphoSitePlus;SIGNOR
Q15796,P49336,unknown,Phosphorylation,1.0,Reactome
Q15796,P50750,unknown,Phosphorylation,1.0,Reactome
Q15796,Q13177,unknown,Phosphorylation,1.0,PhosphoSitePlus
Q15796,Q13233,unknown,Phosphorylation,0.477,SIGNOR
Q15796,Q13705,unknown,Phosphorylation,1.0,Reactome
Q15796,Q13882,unknown,Phosphorylation,34.96,PhosphoNetworks
Q15796,Q14680,unknown,Phosphorylation,1.0,PhosphoSitePlus
Q15796,Q15759,unknown,Phosphorylation,0.353,SIGNOR
Q15796,Q15831,unknown,Phosphorylation,34.33,PhosphoNetworks
Q15796,Q8NER5,unknown,Phosphorylation,1.0,Reactome
Q15796,Q9H4A3,unknown,Phosphorylation,0.2,SIGNOR
Q15796,Q9UQM7,unknown,Phosphorylation,1.0,PhosphoSitePlus
Q15797,O00238,unknown,Phosphorylation,100.0,PhosphoNetworks;PhosphoSitePlus;SIGNOR
Q15797,P27361,unknown,Phosphorylation,0.53,SIGNOR
Q15797,P28482,unknown,Phosphorylation,100.0,PhosphoNetworks;PhosphoSitePlus
Q15797,P36894,unknown,Phosphorylation,0.733,SIGNOR
Q15797,P49336,unknown,Phosphorylation,1.0,PhosphoSitePlus
Q15797,P49841,unknown,Phosphorylation,1.0,PhosphoSitePlus;SIGNOR
Q15797,P50613,unknown,Phosphorylation,1.0,PhosphoSitePlus
Q15797,P50750,unknown,Phosphorylation,1.0,PhosphoSitePlus
Q15797,Q04771,unknown,Phosphorylation,0.704,SIGNOR
Q15797,Q13315,unknown,Phosphorylation,1.0,PhosphoSitePlus
Q15813,P24941,unknown,Phosphorylation,1.0,PhosphoSitePlus
Q15814,P22607,Y,Phosphorylation,1.0,UniProt
Q15819,O96017,unknown,Phosphorylation,1.0,Reactome
Q15819,P37173,unknown,Phosphorylation,4.49,PhosphoNetworks
Q15819,Q15349,unknown,Phosphorylation,2.25,PhosphoNetworks
Q15819,Q9UEE5,unknown,Phosphorylation,6.88,PhosphoNetworks
Q15831,O75582,unknown,Phosphorylation,1.0,PhosphoSitePlus
Q15831,P06239,Y261;Y36;Y362,Phosphorylation,1.0,PhosphoSitePlus;iPTMnet
Q15831,P06241,Y261;Y362,Phosphorylation,1.0,PhosphoSitePlus;SIGNOR;iPTMnet
Q15831,P17612,unknown,Phosphorylation,1.0,PhosphoSitePlus
Q15831,P23443,unknown,Phosphorylation,1.0,PhosphoSitePlus
Q15831,P78527,unknown,Phosphorylation,1.0,PhosphoSitePlus
Q15831,Q05513,unknown,Phosphorylation,1.0,PhosphoSitePlus
Q15831,Q13315,unknown,Phosphorylation,1.0,PhosphoSitePlus
Q15831,Q15418,unknown,Phosphorylation,1.0,PhosphoSitePlus
Q15831,Q15831,unknown,Phosphorylation,1.0,PhosphoSitePlus
Q15835,P17612,unknown,Phosphorylation,1.0,PhosphoSitePlus
Q15836,O75716,unknown,Phosphorylation,1.57,PhosphoNetworks
Q15843,P37173,unknown,Phosphorylation,1.0,Reactome
Q15853,P49841,unknown,Phosphorylation,1.0,PhosphoSitePlus
Q15858,P06241,unknown,Phosphorylation,0.364,SIGNOR
Q15906,Q16566,unknown,Phosphorylation,100.0,PhosphoNetworks
Q15907,P12931,Y,Phosphorylation,1.0,UniProt
Q15910,O60674,Y641,Phosphorylation,1.0,PhosphoSitePlus;SIGNOR;iPTMnet
Q15910,P06493,unknown,Phosphorylation,1.0,PhosphoSitePlus
Q15910,P22607,Y,Phosphorylation,1.0,UniProt
Q15910,P24941,unknown,Phosphorylation,1.0,PhosphoSitePlus
Q15910,P31749,unknown,Phosphorylation,1.0,PhosphoSitePlus
Q15910,P52333,Y244,Phosphorylation,0.43,SIGNOR
Q15910,Q16539,unknown,Phosphorylation,1.0,PhosphoSitePlus;SIGNOR
Q15910,Q8IZL9,unknown,Phosphorylation,0.2,SIGNOR
Q15942,O14733,unknown,Phosphorylation,3.06,PhosphoNetworks
Q15942,O43683,unknown,Phosphorylation,2.16,PhosphoNetworks
Q15942,O43930,unknown,Phosphorylation,1.99,PhosphoNetworks
Q15942,O75676,unknown,Phosphorylation,3.98,PhosphoNetworks
Q15942,O95835,unknown,Phosphorylation,2881.08,PhosphoNetworks
Q15942,O96017,unknown,Phosphorylation,3.07,PhosphoNetworks
Q15942,P04049,unknown,Phosphorylation,687.57,PhosphoNetworks
Q15942,P06239,unknown,Phosphorylation,152.07,PhosphoNetworks
Q15942,P06241,unknown,Phosphorylation,521.37,PhosphoNetworks
Q15942,P06493,unknown,Phosphorylation,1.99,PhosphoNetworks;SIGNOR
Q15942,P09769,unknown,Phosphorylation,24.87,PhosphoNetworks
Q15942,P10398,unknown,Phosphorylation,1.57,PhosphoNetworks
Q15942,P17252,unknown,Phosphorylation,13.06,PhosphoNetworks
Q15942,P17612,unknown,Phosphorylation,67.58,PhosphoNetworks
Q15942,P21802,unknown,Phosphorylation,9.19,PhosphoNetworks
Q15942,P22455,unknown,Phosphorylation,33.58,PhosphoNetworks
Q15942,P24941,unknown,Phosphorylation,1.0,PhosphoSitePlus
Q15942,P29320,unknown,Phosphorylation,23.62,PhosphoNetworks
Q15942,P29597,unknown,Phosphorylation,18.86,PhosphoNetworks
Q15942,P30291,unknown,Phosphorylation,3.07,PhosphoNetworks
Q15942,P31749,unknown,Phosphorylation,1.0,PhosphoSitePlus
Q15942,P34947,unknown,Phosphorylation,9.79,PhosphoNetworks
Q15942,P37173,unknown,Phosphorylation,44.29,PhosphoNetworks
Q15942,P41743,unknown,Phosphorylation,4.28,PhosphoNetworks
Q15942,P43405,unknown,Phosphorylation,152.07,PhosphoNetworks
Q15942,P49760,unknown,Phosphorylation,3.02,PhosphoNetworks
Q15942,P49841,unknown,Phosphorylation,5.63,PhosphoNetworks
Q15942,P50613,unknown,Phosphorylation,47.71,PhosphoNetworks
Q15942,P51955,unknown,Phosphorylation,4.35,PhosphoNetworks
Q15942,P51956,unknown,Phosphorylation,33.56,PhosphoNetworks
Q15942,P53779,unknown,Phosphorylation,152.07,PhosphoNetworks
Q15942,P54646,unknown,Phosphorylation,3.07,PhosphoNetworks
Q15942,P57059,unknown,Phosphorylation,1.99,PhosphoNetworks
Q15942,P78368,unknown,Phosphorylation,1.69,PhosphoNetworks
Q15942,Q00534,unknown,Phosphorylation,66.38,PhosphoNetworks
Q15942,Q00535,unknown,Phosphorylation,47.54,PhosphoNetworks
Q15942,Q05397,unknown,Phosphorylation,18.86,PhosphoNetworks
Q15942,Q05513,unknown,Phosphorylation,6.89,PhosphoNetworks
Q15942,Q06187,unknown,Phosphorylation,66.38,PhosphoNetworks
Q15942,Q07002,unknown,Phosphorylation,1.99,PhosphoNetworks
Q15942,Q07912,unknown,Phosphorylation,32.98,PhosphoNetworks
Q15942,Q09013,unknown,Phosphorylation,18.86,PhosphoNetworks
Q15942,Q13043,unknown,Phosphorylation,66.38,PhosphoNetworks
Q15942,Q14289,unknown,Phosphorylation,152.07,PhosphoNetworks
Q15942,Q15349,unknown,Phosphorylation,4.28,PhosphoNetworks
Q15942,Q15418,unknown,Phosphorylation,1.6,PhosphoNetworks
Q15942,Q59H18,unknown,Phosphorylation,5.63,PhosphoNetworks
Q15942,Q6PHR2,unknown,Phosphorylation,1.99,PhosphoNetworks
Q15942,Q8IW41,unknown,Phosphorylation,4.28,PhosphoNetworks
Q15942,Q8N5S9,unknown,Phosphorylation,4.35,PhosphoNetworks
Q15942,Q8TAS1,unknown,Phosphorylation,4.35,PhosphoNetworks
Q15942,Q8TD19,unknown,Phosphorylation,4.35,PhosphoNetworks
Q15942,Q96GD4,unknown,Phosphorylation,2.16,PhosphoNetworks
Q15942,Q96S53,unknown,Phosphorylation,2.16,PhosphoNetworks
Q15942,Q9H4A3,unknown,Phosphorylation,4.35,PhosphoNetworks
Q15942,Q9HAZ1,unknown,Phosphorylation,3.07,PhosphoNetworks
Q15942,Q9NR20,unknown,Phosphorylation,2.14,PhosphoNetworks
Q15942,Q9NSY1,unknown,Phosphorylation,2.16,PhosphoNetworks
Q15942,Q9P1W9,unknown,Phosphorylation,18.86,PhosphoNetworks
Q15942,Q9Y463,unknown,Phosphorylation,3.02,PhosphoNetworks
Q16143,O14757,Y127,Phosphorylation,1.0,PhosphoSitePlus;SIGNOR;iPTMnet
Q16143,P53350,unknown,Phosphorylation,1.0,PhosphoSitePlus
Q16143,Q9H4B4,unknown,Phosphorylation,1.0,PhosphoSitePlus
Q16143,Q9NYY3,unknown,Phosphorylation,1.0,PhosphoSitePlus
Q16204,O14757,unknown,Phosphorylation,1.0,PhosphoSitePlus
Q16204,P24941,unknown,Phosphorylation,1.0,PhosphoSitePlus
Q16204,Q13315,unknown,Phosphorylation,1.0,PhosphoSitePlus
Q16206,Q05655,unknown,Phosphorylation,1.0,PhosphoSitePlus
Q16236,P06241,Y576,Phosphorylation,1.0,PhosphoSitePlus;SIGNOR
Q16236,P17252,unknown,Phosphorylation,1.0,PhosphoSitePlus
Q16236,P19784,unknown,Phosphorylation,1.0,Reactome
Q16236,P41743,unknown,Phosphorylation,1.0,Reactome
Q16236,P49841,unknown,Phosphorylation,1.0,PhosphoSitePlus
Q16236,P52564,Y,Phosphorylation,1.0,UniProt
Q16236,P54646,unknown,Phosphorylation,1.0,Reactome
Q16236,P68400,unknown,Phosphorylation,1.0,Reactome
Q16236,Q00535,unknown,Phosphorylation,1.0,PhosphoSitePlus
Q16236,Q05655,unknown,Phosphorylation,1.0,PhosphoSitePlus;Reactome
Q16236,Q9NZJ5,unknown,Phosphorylation,1.0,Reactome
Q16254,P11802,unknown,Phosphorylation,1.0,Reactome
Q16254,P27361,unknown,Phosphorylation,1.0,PhosphoSitePlus
Q16254,Q00534,unknown,Phosphorylation,1.0,Reactome
Q16288,P04629,Y,Phosphorylation,1.0,UniProt
Q16288,P08581,Y,Phosphorylation,1.0,UniProt
Q16288,Q15375,Y,Phosphorylation,1.0,UniProt
Q16288,Q16288,Y516,Phosphorylation,1.0,iPTMnet
Q16288,Q16620,Y,Phosphorylation,1.0,UniProt
Q16288,Q16832,Y,Phosphorylation,1.0,UniProt
Q16342,P11802,unknown,Phosphorylation,3.24,PhosphoNetworks
Q16342,Q06187,unknown,Phosphorylation,2.97,PhosphoNetworks
Q16363,Q05397,unknown,Phosphorylation,1.0,Reactome
Q16363,Q14289,unknown,Phosphorylation,1.0,Reactome
Q16512,O15530,unknown,Phosphorylation,1.0,PhosphoSitePlus
Q16512,Q16512,unknown,Phosphorylation,1.0,PhosphoSitePlus
Q16513,O15530,unknown,Phosphorylation,1.0,PhosphoSitePlus;Reactome
Q16513,P06493,unknown,Phosphorylation,1.0,PhosphoSitePlus
Q16514,P50613,unknown,Phosphorylation,1.0,Reactome
Q16520,P22607,Y,Phosphorylation,1.0,UniProt
Q16526,O00238,unknown,Phosphorylation,4.57,PhosphoNetworks
Q16526,P37173,unknown,Phosphorylation,4.57,PhosphoNetworks
Q16526,P41279,unknown,Phosphorylation,15.18,PhosphoNetworks
Q16526,P43403,unknown,Phosphorylation,15.18,PhosphoNetworks
Q16526,P50613,unknown,Phosphorylation,3.24,PhosphoNetworks
Q16526,Q00535,unknown,Phosphorylation,1.58,PhosphoNetworks
Q16526,Q13043,unknown,Phosphorylation,2.91,PhosphoNetworks
Q16526,Q13131,unknown,Phosphorylation,1.0,PhosphoSitePlus
Q16526,Q14296,unknown,Phosphorylation,16.61,PhosphoNetworks
Q16526,Q9H1R3,unknown,Phosphorylation,10.68,PhosphoNetworks
Q16526,Q9NRP7,unknown,Phosphorylation,2.97,PhosphoNetworks
Q16526,Q9UHD2,unknown,Phosphorylation,19.64,PhosphoNetworks
Q16531,Q05513,unknown,Phosphorylation,17.86,PhosphoNetworks
Q16537,P48729,unknown,Phosphorylation,1.0,Reactome
Q16537,P48730,unknown,Phosphorylation,1.0,Reactome
Q16537,P49674,unknown,Phosphorylation,1.0,Reactome
Q16537,P49841,unknown,Phosphorylation,1.0,Reactome
Q16537,P78368,unknown,Phosphorylation,1.0,Reactome
Q16537,Q9Y6M4,unknown,Phosphorylation,1.0,Reactome
Q16539,O14733,Y182,Phosphorylation,1.0,iPTMnet
Q16539,O95382,unknown,Phosphorylation,1.0,PhosphoSitePlus
Q16539,P06239,Y323,Phosphorylation,1.0,PhosphoSitePlus;iPTMnet
Q16539,P06241,Y323,Phosphorylation,1.0,PhosphoSitePlus;Reactome;SIGNOR;iPTMnet
Q16539,P07949,Y182,Phosphorylation,1.0,PhosphoSitePlus;SIGNOR;iPTMnet
Q16539,P09769,unknown,Phosphorylation,1.0,Reactome
Q16539,P12931,unknown,Phosphorylation,1.0,Reactome
Q16539,P35968,unknown,Phosphorylation,1.0,Reactome
Q16539,P43403,Y323,Phosphorylation,100.0,PhosphoNetworks;PhosphoSitePlus;SIGNOR;iPTMnet
Q16539,P45985,Y182,Phosphorylation,1.0,PhosphoSitePlus;Reactome;SIGNOR;iPTMnet
Q16539,P46734,Y182,Phosphorylation,100.0,PhosphoNetworks;PhosphoSitePlus;Reactome;SIGNOR;UniProt;iPTMnet
Q16539,P52564,Y182,Phosphorylation,100.0,PhosphoNetworks;PhosphoSitePlus;Reactome;SIGNOR;UniProt;iPTMnet
Q16539,Q13177,unknown,Phosphorylation,1.0,Reactome
Q16539,Q16512,unknown,Phosphorylation,0.376,SIGNOR
Q16539,Q16539,Y182,Phosphorylation,1.0,PhosphoSitePlus;iPTMnet
Q16539,Q99683,unknown,Phosphorylation,1.0,PhosphoSitePlus
Q16543,O15146,Y,Phosphorylation,1.0,UniProt
Q16543,P00533,Y,Phosphorylation,1.0,UniProt
Q16543,P04626,Y,Phosphorylation,1.0,UniProt
Q16543,P06241,Y,Phosphorylation,1.0,UniProt
Q16543,P07947,Y,Phosphorylation,1.0,PhosphoSitePlus;UniProt
Q16543,P12931,Y,Phosphorylation,1.0,UniProt
Q16543,P16591,Y,Phosphorylation,1.0,UniProt
Q16543,P19784,unknown,Phosphorylation,1.0,PhosphoSitePlus
Q16543,P22607,Y,Phosphorylation,1.0,UniProt
Q16543,P68400,unknown,Phosphorylation,100.0,PhosphoNetworks;PhosphoSitePlus
Q16543,Q13882,Y,Phosphorylation,1.0,UniProt
Q16543,Q16832,Y,Phosphorylation,1.0,UniProt
Q16555,O75116,unknown,Phosphorylation,1.0,PhosphoSitePlus
Q16555,P06241,Y32,Phosphorylation,1.0,Reactome;iPTMnet
Q16555,P07332,unknown,Phosphorylation,1.0,Reactome
Q16555,P07947,unknown,Phosphorylation,1.0,PhosphoSitePlus
Q16555,P17612,unknown,Phosphorylation,1.0,PhosphoSitePlus
Q16555,P49840,unknown,Phosphorylation,1.0,PhosphoSitePlus
Q16555,P49841,unknown,Phosphorylation,100.0,PhosphoNetworks;PhosphoSitePlus;Reactome
Q16555,Q00535,unknown,Phosphorylation,1.0,PhosphoSitePlus;Reactome
Q16555,Q13464,unknown,Phosphorylation,1.0,PhosphoSitePlus
Q16555,Q92630,unknown,Phosphorylation,1.0,PhosphoSitePlus
Q16555,Q9UQM7,unknown,Phosphorylation,1.0,PhosphoSitePlus
Q16558,Q13237,unknown,Phosphorylation,1.0,Reactome
Q16558,Q13976,unknown,Phosphorylation,1.0,Reactome
Q16559,P27361,unknown,Phosphorylation,1.0,PhosphoSitePlus
Q16560,P49761,Y,Phosphorylation,1.0,UniProt
Q16566,Q8N5S9,unknown,Phosphorylation,1.0,PhosphoSitePlus;Reactome;SIGNOR
Q16566,Q96RR4,unknown,Phosphorylation,1.0,Reactome
Q16581,P25098,unknown,Phosphorylation,0.2,SIGNOR
Q16581,P35626,unknown,Phosphorylation,0.2,SIGNOR
Q16584,P31749,unknown,Phosphorylation,1.0,PhosphoSitePlus
Q16584,P49840,unknown,Phosphorylation,1.0,PhosphoSitePlus
Q16584,Q16539,unknown,Phosphorylation,0.304,SIGNOR
Q16584,Q16584,unknown,Phosphorylation,1.0,PhosphoSitePlus
Q16584,Q92918,unknown,Phosphorylation,1.0,PhosphoSitePlus
Q16594,P50613,unknown,Phosphorylation,1.0,Reactome
Q16595,P12931,Y118,Phosphorylation,0.2,SIGNOR
Q16611,P51813,unknown,Phosphorylation,1.0,PhosphoSitePlus
Q16612,Q02156,unknown,Phosphorylation,1.0,PhosphoSitePlus
Q16612,Q05513,unknown,Phosphorylation,1.0,PhosphoSitePlus
Q16620,P00533,Y,Phosphorylation,1.0,UniProt
Q16620,P12931,unknown,Phosphorylation,1.0,Reactome;SIGNOR
Q16620,Q00535,unknown,Phosphorylation,1.0,PhosphoSitePlus
Q16620,Q16288,Y,Phosphorylation,1.0,UniProt
Q16620,Q16620,Y516;Y532;Y702;Y706;Y707;Y718;Y722;Y723;Y817;Y833,Phosphorylation,1.0,PhosphoSitePlus;iPTMnet
Q16621,P17612,unknown,Phosphorylation,1.0,PhosphoSitePlus
Q16621,P22607,Y,Phosphorylation,1.0,UniProt
Q16621,P45983,unknown,Phosphorylation,1.0,PhosphoSitePlus
Q16623,P68400,unknown,Phosphorylation,1.0,PhosphoSitePlus
Q16625,P05771,unknown,Phosphorylation,1.0,PhosphoSitePlus
Q16625,P12931,unknown,Phosphorylation,1.0,PhosphoSitePlus
Q16625,P17252,unknown,Phosphorylation,1.0,PhosphoSitePlus
Q16625,P68400,unknown,Phosphorylation,1.0,PhosphoSitePlus
Q16625,Q02156,unknown,Phosphorylation,1.0,PhosphoSitePlus
Q16625,Q05513,unknown,Phosphorylation,1.0,PhosphoSitePlus
Q16625,Q15835,unknown,Phosphorylation,1.0,PhosphoSitePlus
Q16629,P49759,Y,Phosphorylation,1.0,UniProt
Q16629,Q92989,unknown,Phosphorylation,1.0,Reactome
Q16630,P07947,Y,Phosphorylation,1.0,UniProt
Q16633,Q01974,Y,Phosphorylation,1.0,UniProt
Q16635,O95835,unknown,Phosphorylation,0.386,SIGNOR
Q16635,P06493,unknown,Phosphorylation,0.267,SIGNOR
Q16637,P06241,Y,Phosphorylation,1.0,UniProt
Q16643,Q00535,unknown,Phosphorylation,1.0,PhosphoSitePlus
Q16644,P46734,unknown,Phosphorylation,1.0,Reactome
Q16644,P52564,unknown,Phosphorylation,1.0,Reactome
Q16644,Q15759,unknown,Phosphorylation,1.0,Reactome
Q16644,Q16539,unknown,Phosphorylation,1.0,Reactome
Q16644,Q9UEE5,unknown,Phosphorylation,5.22,PhosphoNetworks
Q16658,P17252,unknown,Phosphorylation,1.0,PhosphoSitePlus
Q16659,O75914,unknown,Phosphorylation,1.0,Reactome
Q16659,P06493,unknown,Phosphorylation,1.0,PhosphoSitePlus;Reactome
Q16659,Q13153,unknown,Phosphorylation,1.0,Reactome
Q16659,Q13177,unknown,Phosphorylation,1.0,PhosphoSitePlus;Reactome
Q16659,Q16659,unknown,Phosphorylation,1.0,PhosphoSitePlus
Q16665,P00533,unknown,Phosphorylation,1.0,Reactome
Q16665,P06493,unknown,Phosphorylation,1.0,PhosphoSitePlus
Q16665,P28482,unknown,Phosphorylation,1.0,PhosphoSitePlus;Reactome
Q16665,P42345,unknown,Phosphorylation,1.0,Reactome
Q16665,P48730,unknown,Phosphorylation,1.0,PhosphoSitePlus
Q16665,P78362,unknown,Phosphorylation,2.83,PhosphoNetworks
Q16665,Q13315,unknown,Phosphorylation,1.0,PhosphoSitePlus
Q16665,Q13882,unknown,Phosphorylation,1.0,Reactome
Q16665,Q15759,unknown,Phosphorylation,9.03,PhosphoNetworks
Q16665,Q5S007,unknown,Phosphorylation,1.0,Reactome
Q16665,Q9H4B4,unknown,Phosphorylation,1.0,PhosphoSitePlus
Q16666,P68400,unknown,Phosphorylation,100.0,PhosphoNetworks;PhosphoSitePlus
Q16678,Q02763,Y,Phosphorylation,1.0,UniProt
Q16690,P27361,unknown,Phosphorylation,1.0,PhosphoSitePlus
Q16690,P28482,unknown,Phosphorylation,1.0,PhosphoSitePlus
Q16695,O96017,unknown,Phosphorylation,1.0,Reactome
Q16695,Q13535,unknown,Phosphorylation,1.0,Reactome
Q16695,Q9UIG0,unknown,Phosphorylation,1.0,Reactome
Q16760,P17252,unknown,Phosphorylation,100.0,PhosphoNetworks
Q16763,P53350,unknown,Phosphorylation,1.0,Reactome
Q16787,Q05397,unknown,Phosphorylation,1.0,Reactome
Q16787,Q14289,unknown,Phosphorylation,1.0,Reactome
Q16790,P17612,unknown,Phosphorylation,1.0,PhosphoSitePlus
Q16816,P17612,unknown,Phosphorylation,1.0,Reactome
Q16816,P22612,unknown,Phosphorylation,1.0,Reactome
Q16816,P22694,unknown,Phosphorylation,1.0,Reactome
Q16821,P51812,unknown,Phosphorylation,1.0,PhosphoSitePlus
Q16821,Q15418,unknown,Phosphorylation,100.0,PhosphoNetworks
Q16825,P12931,Y,Phosphorylation,1.0,UniProt
Q16825,P51813,Y,Phosphorylation,1.0,UniProt
Q16827,P04626,Y,Phosphorylation,1.0,UniProt
Q16827,P08581,Y,Phosphorylation,1.0,UniProt
Q16827,Q02763,Y,Phosphorylation,1.0,UniProt
Q16828,P27361,unknown,Phosphorylation,100.0,PhosphoNetworks;PhosphoSitePlus
Q16828,P28482,unknown,Phosphorylation,100.0,PhosphoNetworks;PhosphoSitePlus
Q16828,P42681,Y,Phosphorylation,1.0,UniProt
Q16832,P12931,Y471;Y736;Y740;Y741,Phosphorylation,1.0,PhosphoSitePlus;SIGNOR;iPTMnet
Q16832,Q08345,Y,Phosphorylation,1.0,UniProt
Q16832,Q16288,Y,Phosphorylation,1.0,UniProt
Q16832,Q16832,Y736;Y740;Y741,Phosphorylation,1.0,iPTMnet
Q16875,P17252,unknown,Phosphorylation,1.0,PhosphoSitePlus
Q16875,P17612,unknown,Phosphorylation,1.0,PhosphoSitePlus
Q16875,P31749,unknown,Phosphorylation,1.0,PhosphoSitePlus
Q16875,P49137,unknown,Phosphorylation,1.0,PhosphoSitePlus
Q16875,Q13131,unknown,Phosphorylation,1.0,PhosphoSitePlus
Q17RY0,P28482,unknown,Phosphorylation,0.327,SIGNOR
Q1L5Z9,P22607,Y,Phosphorylation,1.0,UniProt
Q1XH17,P06213,Y,Phosphorylation,1.0,UniProt
Q27968,P19525,Y,Phosphorylation,1.0,UniProt
Q27J81,O14757,unknown,Phosphorylation,1.0,PhosphoSitePlus
Q28619,P09619,Y,Phosphorylation,1.0,UniProt
Q29RF7,P06493,unknown,Phosphorylation,1.0,Reactome
Q29RF7,P53350,unknown,Phosphorylation,1.0,Reactome
Q2GHU2,P06241,Y,Phosphorylation,1.0,UniProt
Q2HR71,P19525,Y,Phosphorylation,1.0,UniProt
Q2M1V0,Q01974,Y,Phosphorylation,1.0,UniProt
Q2M1Z3,P27361,unknown,Phosphorylation,1.0,PhosphoSitePlus
Q2M1Z3,P49840,unknown,Phosphorylation,1.0,PhosphoSitePlus
Q2M1Z3,P49841,unknown,Phosphorylation,1.0,PhosphoSitePlus
Q2M2I8,P06493,unknown,Phosphorylation,1.0,PhosphoSitePlus
Q2M2I8,Q15208,unknown,Phosphorylation,1.0,PhosphoSitePlus
Q2M2Z5,P22607,Y,Phosphorylation,1.0,UniProt
Q2M2Z5,P53350,unknown,Phosphorylation,1.0,PhosphoSitePlus
Q2M3R5,Q8IXL6,unknown,Phosphorylation,0.2,SIGNOR
Q2NKX8,P06493,unknown,Phosphorylation,1.0,PhosphoSitePlus;Reactome
Q2NKX8,P53350,unknown,Phosphorylation,1.0,PhosphoSitePlus;Reactome
Q2NL82,P24941,unknown,Phosphorylation,1.0,PhosphoSitePlus
Q2PPJ7,P31751,unknown,Phosphorylation,1.0,Reactome
Q2V2M9,P68400,unknown,Phosphorylation,0.307,SIGNOR
Q2V2M9,Q13464,unknown,Phosphorylation,0.275,SIGNOR
Q30154,P41240,unknown,Phosphorylation,1.0,Reactome
Q32MZ4,P17612,unknown,Phosphorylation,2.21,PhosphoNetworks
Q32MZ4,P43405,unknown,Phosphorylation,0.2,SIGNOR
Q32MZ4,Q05655,unknown,Phosphorylation,2.97,PhosphoNetworks
Q32MZ4,Q9NR20,unknown,Phosphorylation,1.6,PhosphoNetworks
Q32MZ4,Q9UEE5,unknown,Phosphorylation,7.01,PhosphoNetworks
Q32P44,O14757,unknown,Phosphorylation,1.0,PhosphoSitePlus
Q32P44,P24941,unknown,Phosphorylation,1.0,PhosphoSitePlus
Q38SD2,P00519,Y,Phosphorylation,1.0,UniProt
Q38SD2,P00533,Y971,Phosphorylation,1.0,PhosphoSitePlus;UniProt;iPTMnet
Q3KNS6,P22607,Y,Phosphorylation,1.0,UniProt
Q3KP44,Q13882,Y,Phosphorylation,1.0,UniProt
Q3KQV3,P42681,Y,Phosphorylation,1.0,UniProt
Q3KR16,P53350,unknown,Phosphorylation,1.0,PhosphoSitePlus
Q3LI66,Q01974,Y,Phosphorylation,1.0,UniProt
Q3LI67,P29597,Y,Phosphorylation,1.0,UniProt
Q3LI72,P22607,Y,Phosphorylation,1.0,UniProt
Q3SX64,P22607,Y,Phosphorylation,1.0,UniProt
Q3SXR2,P22607,Y,Phosphorylation,1.0,UniProt
Q3SXR2,Q13163,Y,Phosphorylation,1.0,UniProt
Q3SY00,P07947,Y,Phosphorylation,1.0,UniProt
Q3SYF9,P22607,Y,Phosphorylation,1.0,UniProt
Q3SYF9,Q01974,Y,Phosphorylation,1.0,UniProt
Q3V6T2,P12931,unknown,Phosphorylation,1.0,PhosphoSitePlus
Q3V6T2,P31749,unknown,Phosphorylation,1.0,PhosphoSitePlus
Q3V6T2,Q04759,unknown,Phosphorylation,1.0,PhosphoSitePlus
Q494V2,P22607,Y,Phosphorylation,1.0,UniProt
Q495M9,P22607,Y,Phosphorylation,1.0,UniProt
Q495U3,P22607,Y,Phosphorylation,1.0,UniProt
Q496A3,P22607,Y,Phosphorylation,1.0,UniProt
Q49A26,P22607,Y,Phosphorylation,1.0,UniProt
Q49AN0,P49841,unknown,Phosphorylation,1.0,PhosphoSitePlus
Q49AN0,Q13627,unknown,Phosphorylation,1.0,PhosphoSitePlus
Q49MG5,O14965,unknown,Phosphorylation,1.0,PhosphoSitePlus
Q49MG5,P53350,unknown,Phosphorylation,1.0,PhosphoSitePlus
Q4G0X9,P17252,unknown,Phosphorylation,1.65,PhosphoNetworks
Q4G0X9,Q59H18,unknown,Phosphorylation,1.73,PhosphoNetworks
Q4G163,Q13555,unknown,Phosphorylation,0.2,SIGNOR
Q4G163,Q9UQM7,unknown,Phosphorylation,1.0,PhosphoSitePlus
Q4KMG0,P00519,Y,Phosphorylation,1.0,UniProt
Q4KMG0,P52564,unknown,Phosphorylation,1.0,Reactome
Q4KMP7,P07948,unknown,Phosphorylation,3.04,PhosphoNetworks
Q4KMP7,P17252,unknown,Phosphorylation,2.35,PhosphoNetworks
Q4KMP7,P42345,unknown,Phosphorylation,1.0,PhosphoSitePlus
Q4KMX9,P22607,Y,Phosphorylation,1.0,UniProt
Q4VB01,P22607,Y,Phosphorylation,1.0,UniProt
Q4VCS5,P24941,unknown,Phosphorylation,1.0,PhosphoSitePlus
Q4VCS5,Q9NRM7,unknown,Phosphorylation,1.0,PhosphoSitePlus
Q504Y2,Q504Y2,unknown,Phosphorylation,1.0,PhosphoSitePlus
Q52LA3,Q13627,unknown,Phosphorylation,1.0,PhosphoSitePlus;Reactome
Q52LW3,P42345,unknown,Phosphorylation,1.0,PhosphoSitePlus
Q53EL6,P23443,unknown,Phosphorylation,1.0,PhosphoSitePlus
Q53EL6,P31749,unknown,Phosphorylation,1.0,PhosphoSitePlus
Q53EL6,Q9UBS0,unknown,Phosphorylation,0.44,SIGNOR
Q53ET0,P24941,unknown,Phosphorylation,1.0,PhosphoSitePlus
Q53ET0,P27448,unknown,Phosphorylation,1.0,PhosphoSitePlus
Q53ET0,P57059,unknown,Phosphorylation,1.0,PhosphoSitePlus
Q53ET0,Q7KZI7,unknown,Phosphorylation,1.0,PhosphoSitePlus
Q53ET0,Q96L34,unknown,Phosphorylation,1.0,PhosphoSitePlus
Q53ET0,Q9H0K1,unknown,Phosphorylation,1.0,PhosphoSitePlus
Q53EZ4,P06493,unknown,Phosphorylation,1.0,PhosphoSitePlus
Q53EZ4,P28482,unknown,Phosphorylation,1.0,PhosphoSitePlus
Q53EZ4,P53350,unknown,Phosphorylation,1.0,PhosphoSitePlus
Q53FC7,P00533,Y,Phosphorylation,1.0,UniProt
Q53FD0,P22607,Y,Phosphorylation,1.0,UniProt
Q53G59,P09619,Y,Phosphorylation,1.0,UniProt
Q53GA4,P31749,unknown,Phosphorylation,7.04,PhosphoNetworks
Q53GA4,P37173,unknown,Phosphorylation,4.02,PhosphoNetworks
Q53GA4,Q86SG6,unknown,Phosphorylation,1.67,PhosphoNetworks
Q53GI3,P49760,Y,Phosphorylation,1.0,UniProt
Q53GL7,P24941,unknown,Phosphorylation,1.0,PhosphoSitePlus
Q53GQ0,P22607,Y,Phosphorylation,1.0,UniProt
Q53GS7,P06241,Y,Phosphorylation,1.0,UniProt
Q53H47,O14757,unknown,Phosphorylation,1.0,PhosphoSitePlus
Q53H80,P24941,unknown,Phosphorylation,1.0,PhosphoSitePlus
Q53HL2,P06493,unknown,Phosphorylation,1.0,Reactome
Q53HL2,P33981,unknown,Phosphorylation,1.0,PhosphoSitePlus;SIGNOR
Q53HL2,P53350,unknown,Phosphorylation,1.0,Reactome
Q53HL2,Q96GD4,unknown,Phosphorylation,1.0,PhosphoSitePlus
Q53NU3,P22607,Y,Phosphorylation,1.0,UniProt
Q53S70,P22607,Y,Phosphorylation,1.0,UniProt
Q53SE7,P49760,Y,Phosphorylation,1.0,UniProt
Q53SF7,Q96GD4,unknown,Phosphorylation,1.0,PhosphoSitePlus
Q53T59,P22607,Y,Phosphorylation,1.0,UniProt
Q562F6,P06493,unknown,Phosphorylation,1.0,Reactome
Q562F6,P53350,unknown,Phosphorylation,1.0,Reactome
Q562R1,Q05397,unknown,Phosphorylation,1.0,Reactome
Q562R1,Q14289,unknown,Phosphorylation,1.0,Reactome
Q58EX7,P08631,Y,Phosphorylation,1.0,UniProt
Q5BJF6,P06493,unknown,Phosphorylation,1.0,PhosphoSitePlus
Q5BJF6,P22607,Y,Phosphorylation,1.0,UniProt
Q5BJF6,Q96L34,unknown,Phosphorylation,0.516,SIGNOR
Q5BKX5,Q01974,Y,Phosphorylation,1.0,UniProt
Q5D1E8,O14920,unknown,Phosphorylation,1.0,PhosphoSitePlus
Q5FBB7,O43683,unknown,Phosphorylation,0.2,SIGNOR
Q5FBB7,P06493,unknown,Phosphorylation,1.0,Reactome
Q5FBB7,P53350,unknown,Phosphorylation,1.0,Reactome
Q5FWF5,O00311,unknown,Phosphorylation,0.431,SIGNOR
Q5FWF5,P06493,unknown,Phosphorylation,0.475,SIGNOR
Q5H9J7,P22607,Y,Phosphorylation,1.0,UniProt
Q5JR12,P45983,unknown,Phosphorylation,1.0,PhosphoSitePlus
Q5JR59,P08631,Y,Phosphorylation,1.0,UniProt
Q5JST6,P42681,Y,Phosphorylation,1.0,UniProt
Q5JST6,Q13882,Y,Phosphorylation,1.0,UniProt
Q5JSZ5,O14757,unknown,Phosphorylation,1.0,PhosphoSitePlus
Q5JTH9,O14757,unknown,Phosphorylation,1.0,PhosphoSitePlus
Q5JTV8,P24941,unknown,Phosphorylation,1.0,PhosphoSitePlus
Q5JTW2,P53350,unknown,Phosphorylation,1.0,Reactome
Q5JTZ9,P24941,unknown,Phosphorylation,1.0,PhosphoSitePlus
Q5JVS0,P17252,unknown,Phosphorylation,1.0,PhosphoSitePlus
Q5JVS0,Q04759,unknown,Phosphorylation,1.0,PhosphoSitePlus
Q5JVS0,Q05513,unknown,Phosphorylation,1.0,PhosphoSitePlus
Q5JXC2,P22607,Y,Phosphorylation,1.0,UniProt
Q5JZY3,Q15375,unknown,Phosphorylation,0.504,SIGNOR
Q5M9N0,P22607,Y,Phosphorylation,1.0,UniProt
Q5M9Q1,P49761,Y,Phosphorylation,1.0,UniProt
Q5PSV4,P22607,Y,Phosphorylation,1.0,UniProt
Q5S007,O14733,Y,Phosphorylation,1.0,UniProt
Q5S007,P17612,unknown,Phosphorylation,1.0,PhosphoSitePlus
Q5S007,P42679,Y,Phosphorylation,1.0,UniProt
Q5S007,P46734,Y,Phosphorylation,1.0,UniProt
Q5S007,P52564,Y,Phosphorylation,1.0,UniProt
Q5S007,Q5S007,unknown,Phosphorylation,1.0,PhosphoSitePlus
Q5S007,Q96PY6,Y,Phosphorylation,1.0,UniProt
Q5SRE5,P06493,unknown,Phosphorylation,1.0,Reactome
Q5SRE5,P42345,unknown,Phosphorylation,1.0,PhosphoSitePlus
Q5SRE5,Q8TD19,unknown,Phosphorylation,1.0,Reactome
Q5SRE5,Q9HC98,unknown,Phosphorylation,1.0,Reactome
Q5SW79,P28482,unknown,Phosphorylation,1.0,PhosphoSitePlus
Q5SWW7,Q01974,Y,Phosphorylation,1.0,UniProt
Q5SXH7,P22607,Y,Phosphorylation,1.0,UniProt
Q5T011,P42345,unknown,Phosphorylation,1.0,PhosphoSitePlus
Q5T0J7,P22607,Y,Phosphorylation,1.0,UniProt
Q5T1C6,P22607,Y,Phosphorylation,1.0,UniProt
Q5T447,P22607,Y,Phosphorylation,1.0,UniProt
Q5T4S7,P42345,unknown,Phosphorylation,1.0,PhosphoSitePlus
Q5T5P2,Q13882,Y,Phosphorylation,1.0,UniProt
Q5T5U3,Q96GD4,unknown,Phosphorylation,1.0,PhosphoSitePlus
Q5T5Y3,P24941,unknown,Phosphorylation,1.0,PhosphoSitePlus
Q5T6F2,P06239,Y,Phosphorylation,1.0,UniProt
Q5T6F2,P28482,unknown,Phosphorylation,1.0,PhosphoSitePlus
Q5T749,P08631,Y,Phosphorylation,1.0,UniProt
Q5T749,P09619,Y,Phosphorylation,1.0,UniProt
Q5T749,Q13627,Y,Phosphorylation,1.0,UniProt
Q5T7B8,P51955,unknown,Phosphorylation,0.697,SIGNOR
Q5T7N3,P41240,Y,Phosphorylation,1.0,UniProt
Q5T7P8,P05771,unknown,Phosphorylation,1.0,PhosphoSitePlus
Q5T8P6,O14757,unknown,Phosphorylation,1.0,PhosphoSitePlus
Q5TA45,P50613,unknown,Phosphorylation,1.0,Reactome
Q5TA45,P50750,unknown,Phosphorylation,1.0,Reactome
Q5TAT6,Q05397,unknown,Phosphorylation,1.0,Reactome
Q5TAT6,Q14289,unknown,Phosphorylation,1.0,Reactome
Q5TC82,P42345,unknown,Phosphorylation,1.0,PhosphoSitePlus
Q5TCZ1,P12931,Y558,Phosphorylation,1.0,PhosphoSitePlus;SIGNOR
Q5TD97,P08631,Y,Phosphorylation,1.0,UniProt
Q5TKA1,Q00526,unknown,Phosphorylation,1.0,PhosphoSitePlus
Q5TKA1,Q13627,unknown,Phosphorylation,1.0,Reactome
Q5TZA2,P24941,unknown,Phosphorylation,1.0,PhosphoSitePlus
Q5TZA2,Q13315,unknown,Phosphorylation,1.0,PhosphoSitePlus
Q5UIP0,O14757,unknown,Phosphorylation,1.0,PhosphoSitePlus
Q5UIP0,Q13315,unknown,Phosphorylation,1.0,PhosphoSitePlus
Q5UIP0,Q96GD4,unknown,Phosphorylation,1.0,PhosphoSitePlus
Q5VT25,Q5VT25,unknown,Phosphorylation,1.0,PhosphoSitePlus
Q5VTR2,Q13315,unknown,Phosphorylation,1.0,PhosphoSitePlus;SIGNOR
Q5VU43,P22607,Y,Phosphorylation,1.0,UniProt
Q5VV42,P06239,Y,Phosphorylation,1.0,UniProt
Q5VVH5,P51617,unknown,Phosphorylation,1.0,PhosphoSitePlus
Q5VWG9,P42345,unknown,Phosphorylation,1.0,PhosphoSitePlus
Q5VWG9,P50613,unknown,Phosphorylation,1.0,Reactome
Q5VWQ0,P49840,unknown,Phosphorylation,2.75,PhosphoNetworks
Q5VWQ0,P49841,unknown,Phosphorylation,7.87,PhosphoNetworks
Q5VWQ8,Q13546,unknown,Phosphorylation,1.0,PhosphoSitePlus
Q5VWX1,O60674,unknown,Phosphorylation,2.75,PhosphoNetworks
Q5VWX1,O96013,unknown,Phosphorylation,2.7,PhosphoNetworks
Q5VWX1,P29597,Y,Phosphorylation,1.0,UniProt
Q5VWX1,P43405,unknown,Phosphorylation,2.68,PhosphoNetworks
Q5VWX1,Q13882,Y,Phosphorylation,1.0,Reactome;UniProt
Q5VWX1,Q14289,unknown,Phosphorylation,2.68,PhosphoNetworks
Q5VWX1,Q9UEE5,unknown,Phosphorylation,1.93,PhosphoNetworks
Q5VWZ2,Q14289,unknown,Phosphorylation,2.42,PhosphoNetworks
Q5VZ89,P28482,unknown,Phosphorylation,1.0,PhosphoSitePlus
Q5VZM2,P31749,unknown,Phosphorylation,1.0,Reactome
Q5VZM2,P54646,unknown,Phosphorylation,1.0,Reactome
Q5VZM2,Q13131,unknown,Phosphorylation,1.0,Reactome
Q5W0B1,P06493,unknown,Phosphorylation,1.0,Reactome
Q5W111,P22607,Y,Phosphorylation,1.0,UniProt
Q5XUX0,Q13315,unknown,Phosphorylation,1.0,PhosphoSitePlus
Q61097,P36507,Y,Phosphorylation,1.0,UniProt
Q61097,Q02750,Y,Phosphorylation,1.0,UniProt
Q62219,Q05397,Y,Phosphorylation,1.0,UniProt
Q62884,P12931,Y,Phosphorylation,1.0,UniProt
Q62985,P07949,Y,Phosphorylation,1.0,UniProt
Q63767,P06239,Y,Phosphorylation,1.0,UniProt
Q63HR2,P04626,Y,Phosphorylation,1.0,UniProt
Q63HR2,P08581,Y,Phosphorylation,1.0,UniProt
Q63HR2,P10721,Y,Phosphorylation,1.0,UniProt
Q63HR2,P21860,Y,Phosphorylation,1.0,UniProt
Q63HR2,P30530,Y483,Phosphorylation,0.2,SIGNOR
Q64010,P08069,Y,Phosphorylation,1.0,UniProt
Q658K8,P22607,Y,Phosphorylation,1.0,UniProt
Q658W2,P06213,Y598;Y599,Phosphorylation,1.0,iPTMnet
Q658W2,P07949,Y598;Y599,Phosphorylation,1.0,iPTMnet
Q658W2,P12931,Y429;Y598;Y599;Y883;Y947,Phosphorylation,1.0,iPTMnet
Q658W2,Q05397,Y419;Y947,Phosphorylation,1.0,iPTMnet
Q658W2,Q14289,Y429,Phosphorylation,1.0,iPTMnet
Q659A1,P50613,unknown,Phosphorylation,1.0,Reactome
Q659A1,P50750,unknown,Phosphorylation,1.0,Reactome
Q66GS9,P53350,unknown,Phosphorylation,1.0,Reactome
Q66K80,P22607,Y,Phosphorylation,1.0,UniProt
Q66PJ3,P22607,Y,Phosphorylation,1.0,UniProt
Q66PJ3,Q96BR1,unknown,Phosphorylation,0.2,SIGNOR
Q684P5,P17612,unknown,Phosphorylation,1.0,Reactome
Q684P5,P22612,unknown,Phosphorylation,1.0,Reactome
Q684P5,P22694,unknown,Phosphorylation,1.0,Reactome
Q684P5,Q13976,unknown,Phosphorylation,1.0,PhosphoSitePlus;Reactome
Q68CJ9,P49841,unknown,Phosphorylation,0.549,SIGNOR
Q68CZ2,P00533,Y,Phosphorylation,1.0,UniProt
Q68CZ2,P04626,Y,Phosphorylation,1.0,UniProt
Q68CZ2,P08581,Y,Phosphorylation,1.0,UniProt
Q68CZ2,P10721,Y,Phosphorylation,1.0,UniProt
Q68CZ2,P12931,Y1173;Y1206;Y1256,Phosphorylation,1.0,PhosphoSitePlus;SIGNOR;UniProt;iPTMnet
Q68CZ2,P21860,Y,Phosphorylation,1.0,UniProt
Q68CZ2,Q05397,Y,Phosphorylation,1.0,UniProt
Q68CZ6,P53350,unknown,Phosphorylation,1.0,Reactome
Q68D51,P07947,Y,Phosphorylation,1.0,UniProt
Q68DY1,Q96S53,unknown,Phosphorylation,1.93,PhosphoNetworks
Q68DY1,Q9Y463,unknown,Phosphorylation,1.93,PhosphoNetworks
Q68E01,P50613,unknown,Phosphorylation,1.0,Reactome
Q68E01,P50750,unknown,Phosphorylation,1.0,Reactome
Q68G74,P22607,Y,Phosphorylation,1.0,UniProt
Q69YH5,Q96GD4,unknown,Phosphorylation,1.0,PhosphoSitePlus
Q6A162,P08631,Y,Phosphorylation,1.0,UniProt
Q6A162,P29597,Y,Phosphorylation,1.0,UniProt
Q6A162,P35590,Y,Phosphorylation,1.0,UniProt
Q6A162,Q06418,Y,Phosphorylation,1.0,UniProt
Q6DN90,O95819,unknown,Phosphorylation,0.2,SIGNOR
Q6EEV6,O43318,unknown,Phosphorylation,1.57,PhosphoNetworks
Q6EEV6,P07949,unknown,Phosphorylation,1.57,PhosphoNetworks
Q6EEV6,P10398,unknown,Phosphorylation,1.57,PhosphoNetworks
Q6EEV6,P37173,unknown,Phosphorylation,9.14,PhosphoNetworks
Q6EEV6,P45983,unknown,Phosphorylation,1.57,PhosphoNetworks
Q6EEV6,P51813,unknown,Phosphorylation,2.84,PhosphoNetworks
Q6EEV6,Q14289,unknown,Phosphorylation,3.11,PhosphoNetworks
Q6EEV6,Q8IW41,unknown,Phosphorylation,4.26,PhosphoNetworks
Q6EEV6,Q9UHD2,unknown,Phosphorylation,2.84,PhosphoNetworks
Q6EIG7,P06241,unknown,Phosphorylation,1.0,Reactome
Q6EIG7,P07948,unknown,Phosphorylation,1.0,Reactome
Q6FHY5,P06241,Y,Phosphorylation,1.0,UniProt
Q6FHY5,P14616,Y,Phosphorylation,1.0,UniProt
Q6GQQ9,O00238,unknown,Phosphorylation,49.92,PhosphoNetworks
Q6GQQ9,O43318,unknown,Phosphorylation,29.53,PhosphoNetworks
Q6GQQ9,O96017,unknown,Phosphorylation,4.27,PhosphoNetworks
Q6GQQ9,P04049,unknown,Phosphorylation,6.03,PhosphoNetworks
Q6GQQ9,P06241,unknown,Phosphorylation,5.92,PhosphoNetworks
Q6GQQ9,P11802,unknown,Phosphorylation,4.27,PhosphoNetworks
Q6GQQ9,P22607,Y,Phosphorylation,1.0,UniProt
Q6GQQ9,P22694,unknown,Phosphorylation,2.21,PhosphoNetworks
Q6GQQ9,P28482,unknown,Phosphorylation,2.91,PhosphoNetworks
Q6GQQ9,P30291,unknown,Phosphorylation,4.19,PhosphoNetworks
Q6GQQ9,P31749,unknown,Phosphorylation,2.67,PhosphoNetworks
Q6GQQ9,P37173,unknown,Phosphorylation,4.57,PhosphoNetworks
Q6GQQ9,P41743,unknown,Phosphorylation,2.91,PhosphoNetworks
Q6GQQ9,P43405,unknown,Phosphorylation,17.86,PhosphoNetworks
Q6GQQ9,P49760,unknown,Phosphorylation,4.27,PhosphoNetworks
Q6GQQ9,P49841,unknown,Phosphorylation,2.91,PhosphoNetworks
Q6GQQ9,P50613,unknown,Phosphorylation,3.24,PhosphoNetworks
Q6GQQ9,P51617,unknown,Phosphorylation,16.93,PhosphoNetworks
Q6GQQ9,P52564,unknown,Phosphorylation,12.84,PhosphoNetworks
Q6GQQ9,Q00534,unknown,Phosphorylation,2.97,PhosphoNetworks
Q6GQQ9,Q00535,unknown,Phosphorylation,2.25,PhosphoNetworks
Q6GQQ9,Q04771,unknown,Phosphorylation,12.84,PhosphoNetworks
Q6GQQ9,Q06187,unknown,Phosphorylation,2.91,PhosphoNetworks
Q6GQQ9,Q07912,unknown,Phosphorylation,4.57,PhosphoNetworks
Q6GQQ9,Q13043,unknown,Phosphorylation,2.25,PhosphoNetworks
Q6GQQ9,Q13153,unknown,Phosphorylation,3.45,PhosphoNetworks
Q6GQQ9,Q6J9G0,unknown,Phosphorylation,9.7,PhosphoNetworks
Q6GQQ9,Q8N568,unknown,Phosphorylation,1.75,PhosphoNetworks
Q6GQQ9,Q96GD4,unknown,Phosphorylation,4.19,PhosphoNetworks
Q6GQQ9,Q96S53,unknown,Phosphorylation,4.19,PhosphoNetworks
Q6GQQ9,Q96SB4,unknown,Phosphorylation,2.25,PhosphoNetworks
Q6GQQ9,Q9BUB5,unknown,Phosphorylation,2.25,PhosphoNetworks
Q6H8Q1,P22607,Y,Phosphorylation,1.0,UniProt
Q6I9Y2,Q92989,unknown,Phosphorylation,1.0,Reactome
Q6IAA8,P22607,Y,Phosphorylation,1.0,UniProt
Q6IAA8,P31749,unknown,Phosphorylation,1.0,Reactome
Q6IAA8,P54646,unknown,Phosphorylation,1.0,Reactome
Q6IAA8,Q13131,unknown,Phosphorylation,1.0,Reactome
Q6IBW4,P06493,unknown,Phosphorylation,1.0,Reactome
Q6IN84,P22607,Y,Phosphorylation,1.0,UniProt
Q6IPU0,P06493,unknown,Phosphorylation,1.0,Reactome
Q6IPU0,P53350,unknown,Phosphorylation,1.0,Reactome
Q6IPX3,P17252,unknown,Phosphorylation,2.35,PhosphoNetworks
Q6IPX3,P31749,unknown,Phosphorylation,2.35,PhosphoNetworks
Q6JBY9,P49137,unknown,Phosphorylation,1.0,PhosphoSitePlus
Q6KC79,O15530,unknown,Phosphorylation,2.68,PhosphoNetworks
Q6KC79,Q9UEE5,unknown,Phosphorylation,1.93,PhosphoNetworks
Q6MZP7,Q13627,unknown,Phosphorylation,1.0,Reactome
Q6N021,P22607,Y1902,Phosphorylation,1.0,SIGNOR;UniProt
Q6NUN9,P00519,Y137,Phosphorylation,0.313,SIGNOR
Q6NUN9,Q7KZI7,unknown,Phosphorylation,1.7,PhosphoNetworks
Q6NX45,P51451,Y,Phosphorylation,1.0,UniProt
Q6NXG1,P22607,Y,Phosphorylation,1.0,UniProt
Q6NXT1,Q05655,unknown,Phosphorylation,0.2,SIGNOR
Q6NZY4,P50613,unknown,Phosphorylation,5.68,PhosphoNetworks
Q6NZY4,P78362,unknown,Phosphorylation,4.26,PhosphoNetworks
Q6NZY4,Q13153,unknown,Phosphorylation,1.85,PhosphoNetworks
Q6NZY7,Q16659,unknown,Phosphorylation,1.0,Reactome
Q6NZY7,Q8IW41,unknown,Phosphorylation,1.0,Reactome
Q6P0N0,P06493,unknown,Phosphorylation,1.0,Reactome
Q6P0Q8,P28482,unknown,Phosphorylation,1.0,PhosphoSitePlus
Q6P1J9,P00519,unknown,Phosphorylation,1.0,PhosphoSitePlus
Q6P1J9,Q13882,unknown,Phosphorylation,0.369,SIGNOR
Q6P1K2,P06493,unknown,Phosphorylation,1.0,Reactome
Q6P1K2,P49759,unknown,Phosphorylation,1.56,PhosphoNetworks
Q6P1K2,P53350,unknown,Phosphorylation,1.0,Reactome
Q6P1M3,P41743,unknown,Phosphorylation,1.0,PhosphoSitePlus
Q6P1N0,P24941,unknown,Phosphorylation,1.0,PhosphoSitePlus
Q6P1N0,P51956,unknown,Phosphorylation,3.74,PhosphoNetworks
Q6P1N0,P78368,unknown,Phosphorylation,1.57,PhosphoNetworks
Q6P1N0,Q9NR20,unknown,Phosphorylation,1.6,PhosphoNetworks
Q6P1W5,P07947,Y,Phosphorylation,1.0,UniProt
Q6P1W5,Q01974,Y,Phosphorylation,1.0,UniProt
Q6P1X5,P50613,unknown,Phosphorylation,1.0,Reactome
Q6P2E9,P19525,Y,Phosphorylation,1.0,UniProt
Q6P2H3,P53350,unknown,Phosphorylation,0.249,SIGNOR
Q6P2M8,P21802,unknown,Phosphorylation,10.2,PhosphoNetworks
Q6P2Q9,Q9UEE5,unknown,Phosphorylation,2.55,PhosphoNetworks
Q6P4R8,P42345,unknown,Phosphorylation,1.0,PhosphoSitePlus
Q6P597,P22607,Y,Phosphorylation,1.0,UniProt
Q6P5X5,P22607,Y,Phosphorylation,1.0,UniProt
Q6P996,P28482,unknown,Phosphorylation,1.0,PhosphoSitePlus
Q6P9B9,P50613,unknown,Phosphorylation,1.0,Reactome
Q6P9B9,P50750,unknown,Phosphorylation,1.0,Reactome
Q6PCD5,Q13315,unknown,Phosphorylation,1.0,PhosphoSitePlus
Q6PD62,O14757,unknown,Phosphorylation,1.0,PhosphoSitePlus
Q6PF05,P22607,Y,Phosphorylation,1.0,UniProt
Q6PGN9,P06493,unknown,Phosphorylation,0.236,SIGNOR
Q6PGQ7,P06493,unknown,Phosphorylation,1.0,PhosphoSitePlus;Reactome
Q6PGQ7,P49841,unknown,Phosphorylation,1.0,PhosphoSitePlus
Q6PGQ7,P50750,unknown,Phosphorylation,1.0,PhosphoSitePlus
Q6PGQ7,P53350,unknown,Phosphorylation,1.0,PhosphoSitePlus
Q6PGQ7,Q13535,unknown,Phosphorylation,1.0,PhosphoSitePlus
Q6PHR2,Q6PHR2,unknown,Phosphorylation,1.0,PhosphoSitePlus
Q6PHZ7,P22607,Y,Phosphorylation,1.0,UniProt
Q6PI25,P48730,unknown,Phosphorylation,1.0,Reactome
Q6PIL6,Q13153,unknown,Phosphorylation,8.83,PhosphoNetworks
Q6PIL6,Q14289,unknown,Phosphorylation,2.06,PhosphoNetworks
Q6PIZ9,P31749,unknown,Phosphorylation,137.07,PhosphoNetworks
Q6PIZ9,P43403,unknown,Phosphorylation,6.03,PhosphoNetworks
Q6PIZ9,P51813,unknown,Phosphorylation,4.49,PhosphoNetworks
Q6PK50,P00533,Y,Phosphorylation,1.0,UniProt
Q6PKG0,O96013,unknown,Phosphorylation,2.75,PhosphoNetworks
Q6PKG0,P17612,unknown,Phosphorylation,7.73,PhosphoNetworks
Q6PKG0,P24941,unknown,Phosphorylation,1.0,PhosphoSitePlus;SIGNOR
Q6PKG0,P28482,unknown,Phosphorylation,1.0,PhosphoSitePlus
Q6PKG0,P42345,unknown,Phosphorylation,1.0,PhosphoSitePlus
Q6PKG0,P49840,unknown,Phosphorylation,2.75,PhosphoNetworks
Q6PKG0,Q05513,unknown,Phosphorylation,2.64,PhosphoNetworks
Q6PKX4,P00533,Y,Phosphorylation,1.0,UniProt
Q6PKX4,Q16288,Y,Phosphorylation,1.0,UniProt
Q6R327,O00141,unknown,Phosphorylation,1.0,PhosphoSitePlus
Q6R327,P23443,unknown,Phosphorylation,1.0,PhosphoSitePlus
Q6R327,P31749,unknown,Phosphorylation,1.0,PhosphoSitePlus
Q6R327,P49840,unknown,Phosphorylation,1.0,PhosphoSitePlus
Q6R327,P49841,unknown,Phosphorylation,1.0,PhosphoSitePlus
Q6R327,Q9UBS0,unknown,Phosphorylation,1.0,PhosphoSitePlus
Q6S5L8,P00533,Y,Phosphorylation,1.0,UniProt
Q6S5L8,P08581,Y,Phosphorylation,1.0,UniProt
Q6SA08,Q6SA08,unknown,Phosphorylation,1.0,PhosphoSitePlus
Q6STE5,P41743,unknown,Phosphorylation,1.0,PhosphoSitePlus
Q6STE5,Q05513,unknown,Phosphorylation,1.0,PhosphoSitePlus
Q6STE5,Q15759,unknown,Phosphorylation,1.0,PhosphoSitePlus
Q6STE5,Q16539,unknown,Phosphorylation,1.0,PhosphoSitePlus;SIGNOR
Q6T4R5,O14757,unknown,Phosphorylation,1.0,PhosphoSitePlus
Q6UB35,P24941,unknown,Phosphorylation,1.0,PhosphoSitePlus
Q6UB98,O14757,unknown,Phosphorylation,1.0,PhosphoSitePlus
Q6UN15,P12931,unknown,Phosphorylation,1.0,PhosphoSitePlus
Q6UN15,P17252,unknown,Phosphorylation,2.68,PhosphoNetworks
Q6UN15,P17612,unknown,Phosphorylation,7.87,PhosphoNetworks
Q6UN15,P31749,unknown,Phosphorylation,3.47,PhosphoNetworks
Q6UN15,Q92989,unknown,Phosphorylation,1.0,Reactome
Q6UN15,Q96BR1,unknown,Phosphorylation,2.75,PhosphoNetworks
Q6UN15,Q9UEE5,unknown,Phosphorylation,1.93,PhosphoNetworks
Q6UUV7,P57059,unknown,Phosphorylation,1.0,PhosphoSitePlus
Q6UUV7,Q9H0K1,unknown,Phosphorylation,1.0,PhosphoSitePlus
Q6UUV7,Q9Y2K2,unknown,Phosphorylation,1.0,PhosphoSitePlus
Q6UUV9,Q13131,unknown,Phosphorylation,0.285,SIGNOR
Q6UUV9,Q13233,unknown,Phosphorylation,0.319,SIGNOR
Q6UW88,P00533,Y,Phosphorylation,1.0,UniProt
Q6UWF3,P07948,Y,Phosphorylation,1.0,UniProt
Q6UWF3,P41240,Y,Phosphorylation,1.0,UniProt
Q6UWZ7,O96017,unknown,Phosphorylation,1.0,Reactome
Q6UX46,Q9UM73,Y,Phosphorylation,1.0,UniProt
Q6UXG2,P22607,Y,Phosphorylation,1.0,UniProt
Q6UXT8,P29376,Y,Phosphorylation,1.0,UniProt
Q6UXT8,Q9UM73,Y,Phosphorylation,1.0,UniProt
Q6UY14,P22607,Y,Phosphorylation,1.0,UniProt
Q6VY07,P68400,unknown,Phosphorylation,1.0,PhosphoSitePlus
Q6WCQ1,Q13464,unknown,Phosphorylation,0.297,SIGNOR
Q6WCQ1,Q13546,unknown,Phosphorylation,0.2,SIGNOR
Q6XD76,P12931,Y,Phosphorylation,1.0,UniProt
Q6XD76,P22607,Y,Phosphorylation,1.0,UniProt
Q6Y7W6,P06493,unknown,Phosphorylation,1.0,PhosphoSitePlus
Q6Y7W6,P24941,unknown,Phosphorylation,1.0,PhosphoSitePlus
Q6Y7W6,P28482,unknown,Phosphorylation,1.0,PhosphoSitePlus
Q6ZMI0,P22607,Y,Phosphorylation,1.0,UniProt
Q6ZMJ4,P07333,Y,Phosphorylation,1.0,UniProt
Q6ZMQ8,P06241,Y73;Y93,Phosphorylation,1.0,PhosphoSitePlus;iPTMnet
Q6ZMQ8,P12931,unknown,Phosphorylation,1.0,PhosphoSitePlus
Q6ZMQ8,Q00535,unknown,Phosphorylation,1.0,PhosphoSitePlus
Q6ZN28,O15075,unknown,Phosphorylation,0.2,SIGNOR
Q6ZN54,P22607,Y,Phosphorylation,1.0,UniProt
Q6ZNE5,O75385,unknown,Phosphorylation,1.0,Reactome
Q6ZNE5,P54646,unknown,Phosphorylation,1.0,Reactome
Q6ZNE5,Q13131,unknown,Phosphorylation,1.0,Reactome
Q6ZNG0,Q13163,Y,Phosphorylation,1.0,UniProt
Q6ZP82,P22607,Y,Phosphorylation,1.0,UniProt
Q6ZR37,P22607,Y,Phosphorylation,1.0,UniProt
Q6ZS82,P17252,unknown,Phosphorylation,1.0,Reactome
Q6ZS82,Q04759,unknown,Phosphorylation,1.0,Reactome
Q6ZUJ8,P00519,Y513;Y553;Y570;Y594;Y694,Phosphorylation,1.0,PhosphoSitePlus;iPTMnet
Q6ZVD7,Q01974,Y,Phosphorylation,1.0,UniProt
Q6ZVN7,O14757,unknown,Phosphorylation,1.0,Reactome
Q6ZWJ1,P31751,unknown,Phosphorylation,1.0,PhosphoSitePlus
Q70CQ2,Q13315,unknown,Phosphorylation,1.0,PhosphoSitePlus
Q70E73,P00519,Y1226;Y426;Y456;Y513,Phosphorylation,1.0,PhosphoSitePlus;iPTMnet
Q70E73,P00533,Y,Phosphorylation,1.0,UniProt
Q70E73,P28482,unknown,Phosphorylation,1.0,PhosphoSitePlus
Q70EL1,Q13627,Y,Phosphorylation,1.0,UniProt
Q712K3,P68400,unknown,Phosphorylation,100.0,PhosphoNetworks;PhosphoSitePlus
Q71F23,P06493,unknown,Phosphorylation,1.0,Reactome
Q71F23,P53350,unknown,Phosphorylation,1.0,PhosphoSitePlus;Reactome
Q71RG4,P22607,Y,Phosphorylation,1.0,UniProt
Q71U36,P00533,Y,Phosphorylation,1.0,UniProt
Q71U36,P53350,unknown,Phosphorylation,1.0,Reactome
Q71UM5,P24941,unknown,Phosphorylation,1.0,PhosphoSitePlus
Q75QN2,P50613,unknown,Phosphorylation,1.0,Reactome
Q75QN2,P50750,unknown,Phosphorylation,1.0,Reactome
Q76M96,Q13976,unknown,Phosphorylation,1.0,PhosphoSitePlus
Q76N32,P51955,unknown,Phosphorylation,0.252,SIGNOR
Q7KZ85,P04626,Y,Phosphorylation,1.0,UniProt
Q7KZ85,P24941,unknown,Phosphorylation,1.0,PhosphoSitePlus
Q7KZF4,P51813,unknown,Phosphorylation,14.91,PhosphoNetworks
Q7KZF4,Q8IW41,unknown,Phosphorylation,2.25,PhosphoNetworks
Q7KZI7,P17252,unknown,Phosphorylation,100.0,PhosphoNetworks
Q7KZI7,P41743,unknown,Phosphorylation,1.0,PhosphoSitePlus
Q7KZI7,P49841,unknown,Phosphorylation,1.0,PhosphoSitePlus
Q7KZI7,Q05513,unknown,Phosphorylation,1.0,PhosphoSitePlus
Q7KZI7,Q15139,unknown,Phosphorylation,1.0,PhosphoSitePlus
Q7KZI7,Q15831,unknown,Phosphorylation,100.0,PhosphoNetworks;PhosphoSitePlus;SIGNOR
Q7KZI7,Q7KZI7,unknown,Phosphorylation,1.0,PhosphoSitePlus
Q7KZI7,Q9BZL6,unknown,Phosphorylation,1.0,PhosphoSitePlus
Q7KZS0,P49760,Y,Phosphorylation,1.0,UniProt
Q7L099,Q13153,unknown,Phosphorylation,0.278,SIGNOR
Q7L0J3,Q6IQ55,unknown,Phosphorylation,1.0,PhosphoSitePlus
Q7L0Q8,P12931,Y254,Phosphorylation,1.0,PhosphoSitePlus;Reactome;SIGNOR;iPTMnet
Q7L0Q8,Q14289,Y,Phosphorylation,1.0,UniProt
Q7L2E3,P19525,Y,Phosphorylation,1.0,UniProt
Q7L2R6,O43683,unknown,Phosphorylation,1.93,PhosphoNetworks
Q7L2R6,P21802,unknown,Phosphorylation,1.7,PhosphoNetworks
Q7L2R6,P49759,unknown,Phosphorylation,1.93,PhosphoNetworks
Q7L2R6,P51956,unknown,Phosphorylation,1.93,PhosphoNetworks
Q7L2R6,P68400,unknown,Phosphorylation,1.7,PhosphoNetworks
Q7L2R6,Q9UEE5,unknown,Phosphorylation,1.93,PhosphoNetworks
Q7L2Z9,P06493,unknown,Phosphorylation,1.0,Reactome
Q7L2Z9,P53350,unknown,Phosphorylation,1.0,PhosphoSitePlus;Reactome
Q7L523,P31749,unknown,Phosphorylation,1.0,Reactome
Q7L523,P54646,unknown,Phosphorylation,1.0,Reactome
Q7L523,Q13131,unknown,Phosphorylation,1.0,Reactome
Q7L576,P00519,unknown,Phosphorylation,1.0,Reactome
Q7L576,P27361,unknown,Phosphorylation,1.0,Reactome
Q7L576,P28482,unknown,Phosphorylation,1.0,Reactome
Q7L590,Q13535,unknown,Phosphorylation,1.0,Reactome
Q7L591,P00533,Y,Phosphorylation,1.0,UniProt
Q7L591,P07948,unknown,Phosphorylation,0.408,SIGNOR
Q7L5N1,P19784,unknown,Phosphorylation,12.84,PhosphoNetworks
Q7L5N1,P22455,unknown,Phosphorylation,4.57,PhosphoNetworks
Q7L5N1,P31749,unknown,Phosphorylation,1.0,PhosphoSitePlus
Q7L5N1,P54646,unknown,Phosphorylation,3.18,PhosphoNetworks
Q7L5N1,P78362,unknown,Phosphorylation,2.25,PhosphoNetworks
Q7L5N1,Q00534,unknown,Phosphorylation,45.24,PhosphoNetworks
Q7L5N1,Q05397,unknown,Phosphorylation,12.84,PhosphoNetworks
Q7L5N1,Q13043,unknown,Phosphorylation,34.96,PhosphoNetworks
Q7L5N1,Q86Z02,unknown,Phosphorylation,45.24,PhosphoNetworks
Q7L5N1,Q8TD08,unknown,Phosphorylation,12.84,PhosphoNetworks
Q7L5N7,P49137,unknown,Phosphorylation,1.0,PhosphoSitePlus
Q7L7V1,P51957,unknown,Phosphorylation,1.93,PhosphoNetworks
Q7L7X3,P06493,unknown,Phosphorylation,1.0,Reactome
Q7L7X3,P53350,unknown,Phosphorylation,1.0,Reactome
Q7L7X3,Q13315,unknown,Phosphorylation,1.0,PhosphoSitePlus;SIGNOR
Q7L7X3,Q9Y6E0,unknown,Phosphorylation,0.2,SIGNOR
Q7L804,Q7KZI7,unknown,Phosphorylation,1.0,PhosphoSitePlus
Q7L8T7,P22607,Y,Phosphorylation,1.0,UniProt
Q7L9L4,Q13043,unknown,Phosphorylation,1.0,PhosphoSitePlus;Reactome
Q7L9L4,Q13188,unknown,Phosphorylation,1.0,PhosphoSitePlus;Reactome
Q7LDG7,P17612,unknown,Phosphorylation,1.0,PhosphoSitePlus
Q7LG56,Q13315,unknown,Phosphorylation,1.0,PhosphoSitePlus
Q7RTN6,Q15831,unknown,Phosphorylation,1.0,PhosphoSitePlus
Q7VLE8,P41240,Y,Phosphorylation,1.0,UniProt
Q7Z2E3,P05129,unknown,Phosphorylation,1.0,PhosphoSitePlus
Q7Z2W7,P17612,unknown,Phosphorylation,1.0,PhosphoSitePlus
Q7Z2Z1,O14757,unknown,Phosphorylation,1.0,PhosphoSitePlus;SIGNOR
Q7Z2Z1,P06493,unknown,Phosphorylation,1.0,Reactome
Q7Z2Z1,P24941,unknown,Phosphorylation,1.0,PhosphoSitePlus
Q7Z3B4,P06493,unknown,Phosphorylation,1.0,Reactome
Q7Z3B4,Q8TD19,unknown,Phosphorylation,1.0,Reactome
Q7Z3B4,Q9HC98,unknown,Phosphorylation,1.0,Reactome
Q7Z3C6,O75385,unknown,Phosphorylation,1.0,PhosphoSitePlus
Q7Z3C6,P12931,Y8,Phosphorylation,1.0,SIGNOR;iPTMnet
Q7Z3C6,Q13131,unknown,Phosphorylation,1.0,PhosphoSitePlus
Q7Z3J3,P06493,unknown,Phosphorylation,1.0,PhosphoSitePlus
Q7Z3K3,P51957,unknown,Phosphorylation,1.9,PhosphoNetworks
Q7Z3S9,P07949,Y,Phosphorylation,1.0,UniProt
Q7Z3S9,P08631,Y,Phosphorylation,1.0,UniProt
Q7Z3S9,Q07912,Y,Phosphorylation,1.0,UniProt
Q7Z406,O14578,unknown,Phosphorylation,1.0,Reactome
Q7Z406,O75116,unknown,Phosphorylation,1.0,Reactome
Q7Z406,Q13177,unknown,Phosphorylation,1.0,Reactome
Q7Z406,Q13464,unknown,Phosphorylation,1.0,Reactome
Q7Z406,Q15746,unknown,Phosphorylation,1.0,Reactome
Q7Z417,P24941,unknown,Phosphorylation,1.0,PhosphoSitePlus
Q7Z418,P17612,unknown,Phosphorylation,1.0,PhosphoSitePlus
Q7Z418,Q7KZI7,unknown,Phosphorylation,1.0,PhosphoSitePlus
Q7Z434,P00519,Y,Phosphorylation,1.0,SIGNOR;UniProt
Q7Z434,P17612,unknown,Phosphorylation,0.281,SIGNOR
Q7Z460,P06493,unknown,Phosphorylation,1.0,Reactome
Q7Z460,P53350,unknown,Phosphorylation,1.0,Reactome
Q7Z4H7,P53350,unknown,Phosphorylation,1.0,Reactome
Q7Z4V0,P07947,Y,Phosphorylation,1.0,UniProt
Q7Z5G4,P22607,Y,Phosphorylation,1.0,UniProt
Q7Z5H3,P31749,unknown,Phosphorylation,1.0,PhosphoSitePlus
Q7Z5J4,P28482,unknown,Phosphorylation,1.0,PhosphoSitePlus
Q7Z5K2,P06493,unknown,Phosphorylation,1.0,Reactome
Q7Z5K2,P53350,unknown,Phosphorylation,1.0,Reactome
Q7Z5R6,P12931,unknown,Phosphorylation,1.0,Reactome
Q7Z628,Q13153,unknown,Phosphorylation,1.0,PhosphoSitePlus
Q7Z637,P22607,Y,Phosphorylation,1.0,UniProt
Q7Z698,P22607,Y,Phosphorylation,1.0,UniProt
Q7Z699,P06241,Y,Phosphorylation,1.0,UniProt
Q7Z699,P07948,Y,Phosphorylation,1.0,UniProt
Q7Z699,P29323,Y,Phosphorylation,1.0,UniProt
Q7Z6G8,Q9UQM7,unknown,Phosphorylation,0.257,SIGNOR
Q7Z6I5,P22607,Y,Phosphorylation,1.0,UniProt
Q7Z6J0,P31749,unknown,Phosphorylation,1.0,PhosphoSitePlus
Q7Z6J0,P31751,unknown,Phosphorylation,1.0,PhosphoSitePlus
Q7Z6Z7,P43405,unknown,Phosphorylation,0.2,SIGNOR
Q7Z6Z7,Q13315,unknown,Phosphorylation,1.0,PhosphoSitePlus
Q7Z6Z7,Q13535,unknown,Phosphorylation,1.0,PhosphoSitePlus
Q7Z7A1,P53350,unknown,Phosphorylation,1.0,Reactome
Q7Z7F0,P22607,Y,Phosphorylation,1.0,UniProt
Q7Z7G1,P00533,Y,Phosphorylation,1.0,UniProt
Q7Z7G1,P04626,Y,Phosphorylation,1.0,UniProt
Q7Z7J5,P22607,Y,Phosphorylation,1.0,UniProt
Q80U62,P00533,Y,Phosphorylation,1.0,UniProt
Q824H6,Q05397,Y,Phosphorylation,1.0,UniProt
Q86SQ0,P42345,unknown,Phosphorylation,1.0,PhosphoSitePlus
Q86SQ7,P22607,Y,Phosphorylation,1.0,UniProt
Q86SQ7,P53350,unknown,Phosphorylation,1.0,Reactome
Q86SZ2,P48730,unknown,Phosphorylation,1.0,Reactome
Q86T82,P24941,unknown,Phosphorylation,1.0,PhosphoSitePlus
Q86TB9,P42345,unknown,Phosphorylation,1.0,PhosphoSitePlus
Q86TI0,P31749,unknown,Phosphorylation,1.0,PhosphoSitePlus
Q86TI0,P54646,unknown,Phosphorylation,1.0,Reactome
Q86TI0,Q13131,unknown,Phosphorylation,1.0,PhosphoSitePlus
Q86U28,P22607,Y,Phosphorylation,1.0,UniProt
Q86U42,Q92989,unknown,Phosphorylation,1.0,Reactome
Q86U44,P30291,unknown,Phosphorylation,2.5,PhosphoNetworks
Q86U44,P51956,unknown,Phosphorylation,1.93,PhosphoNetworks
Q86U44,Q92630,unknown,Phosphorylation,1.91,PhosphoNetworks
Q86U44,Q9UHD2,unknown,Phosphorylation,0.2,SIGNOR
Q86U86,P24941,unknown,Phosphorylation,1.0,PhosphoSitePlus
Q86U86,Q13315,unknown,Phosphorylation,1.0,PhosphoSitePlus
Q86UA1,P22607,Y,Phosphorylation,1.0,UniProt
Q86UD4,Q13470,Y,Phosphorylation,1.0,UniProt
Q86UE8,O14757,unknown,Phosphorylation,1.0,PhosphoSitePlus
Q86UL8,Q15303,Y,Phosphorylation,1.0,UniProt
Q86UP8,P49760,unknown,Phosphorylation,1.93,PhosphoNetworks
Q86UR1,P12931,Y110,Phosphorylation,1.0,PhosphoSitePlus;SIGNOR;iPTMnet
Q86UR1,P17252,unknown,Phosphorylation,1.0,PhosphoSitePlus
Q86UR1,P17612,unknown,Phosphorylation,1.0,PhosphoSitePlus
Q86UR1,P27361,unknown,Phosphorylation,1.0,PhosphoSitePlus
Q86UR1,P28482,unknown,Phosphorylation,1.0,PhosphoSitePlus
Q86UR1,Q16539,unknown,Phosphorylation,1.0,PhosphoSitePlus
Q86UR5,P00519,Y,Phosphorylation,1.0,UniProt
Q86UR5,P06241,Y,Phosphorylation,1.0,UniProt
Q86UR5,P17612,unknown,Phosphorylation,1.0,PhosphoSitePlus
Q86UU1,P28482,unknown,Phosphorylation,1.0,PhosphoSitePlus
Q86UU1,P42345,unknown,Phosphorylation,1.0,PhosphoSitePlus
Q86UY5,P22607,Y,Phosphorylation,1.0,UniProt
Q86V28,P22607,Y,Phosphorylation,1.0,UniProt
Q86V48,O75676,unknown,Phosphorylation,1.9,PhosphoNetworks
Q86V48,P21802,unknown,Phosphorylation,1.67,PhosphoNetworks
Q86V48,P51956,unknown,Phosphorylation,1.93,PhosphoNetworks
Q86V48,P54646,unknown,Phosphorylation,2.5,PhosphoNetworks
Q86V81,P31749,unknown,Phosphorylation,1.0,PhosphoSitePlus
Q86V81,Q92989,unknown,Phosphorylation,1.0,Reactome
Q86VI3,P22607,Y,Phosphorylation,1.0,UniProt
Q86VI4,P00533,Y,Phosphorylation,1.0,UniProt
Q86VK4,P51957,unknown,Phosphorylation,2.55,PhosphoNetworks
Q86VK4,Q00534,unknown,Phosphorylation,10.19,PhosphoNetworks
Q86VM9,P24941,unknown,Phosphorylation,1.0,PhosphoSitePlus
Q86VP1,O15111,unknown,Phosphorylation,1.0,PhosphoSitePlus
Q86VP3,P31749,unknown,Phosphorylation,1.0,PhosphoSitePlus
Q86W42,Q92989,unknown,Phosphorylation,1.0,Reactome
Q86W47,Q13237,unknown,Phosphorylation,1.0,Reactome
Q86W47,Q13976,unknown,Phosphorylation,1.0,Reactome
Q86W54,P22607,Y,Phosphorylation,1.0,UniProt
Q86WB0,O14757,unknown,Phosphorylation,1.0,PhosphoSitePlus
Q86WB0,P06493,unknown,Phosphorylation,1.0,PhosphoSitePlus
Q86WB0,P24941,unknown,Phosphorylation,1.0,PhosphoSitePlus
Q86WB0,P27361,unknown,Phosphorylation,1.0,PhosphoSitePlus
Q86WB0,P28482,unknown,Phosphorylation,1.0,PhosphoSitePlus;Reactome
Q86WP2,P11802,unknown,Phosphorylation,3.24,PhosphoNetworks
Q86WP2,P29320,unknown,Phosphorylation,4.57,PhosphoNetworks
Q86WP2,P37173,unknown,Phosphorylation,4.57,PhosphoNetworks
Q86WP2,Q8IW41,unknown,Phosphorylation,2.25,PhosphoNetworks
Q86WP2,Q8NE63,unknown,Phosphorylation,1.6,PhosphoNetworks
Q86WP2,Q9UEE5,unknown,Phosphorylation,5.31,PhosphoNetworks
Q86WR7,O14757,unknown,Phosphorylation,1.0,PhosphoSitePlus
Q86WT6,P22607,Y,Phosphorylation,1.0,UniProt
Q86WV1,P06241,unknown,Phosphorylation,100.0,PhosphoNetworks;PhosphoSitePlus
Q86WV1,P06493,unknown,Phosphorylation,1.99,PhosphoNetworks
Q86WV1,P49674,unknown,Phosphorylation,3.06,PhosphoNetworks
Q86WV1,Q16539,unknown,Phosphorylation,87.47,PhosphoNetworks
Q86WV2,P22607,Y,Phosphorylation,1.0,UniProt
Q86WV5,P22607,Y,Phosphorylation,1.0,UniProt
Q86X10,P31751,unknown,Phosphorylation,1.0,Reactome
Q86X29,P11362,unknown,Phosphorylation,3.3,PhosphoNetworks
Q86X29,Q14289,unknown,Phosphorylation,0.2,SIGNOR
Q86XI2,P06493,unknown,Phosphorylation,1.0,Reactome
Q86XL3,P24941,unknown,Phosphorylation,1.0,PhosphoSitePlus
Q86XR7,Q02156,unknown,Phosphorylation,1.0,PhosphoSitePlus
Q86XR8,P22607,Y,Phosphorylation,1.0,UniProt
Q86XR8,P53350,unknown,Phosphorylation,1.0,Reactome
Q86XT4,P49760,Y,Phosphorylation,1.0,UniProt
Q86Y01,P51957,unknown,Phosphorylation,3.74,PhosphoNetworks
Q86Y07,Q02750,Y,Phosphorylation,1.0,UniProt
Q86YC2,Q13535,unknown,Phosphorylation,0.309,SIGNOR
Q86YD7,P06241,Y,Phosphorylation,1.0,UniProt
Q86YF9,P49841,unknown,Phosphorylation,1.0,PhosphoSitePlus;SIGNOR
Q86YF9,P68400,unknown,Phosphorylation,1.0,PhosphoSitePlus
Q86YP4,P24941,unknown,Phosphorylation,1.0,PhosphoSitePlus
Q86YQ8,P43405,Y,Phosphorylation,1.0,UniProt
Q86YS7,P31751,unknown,Phosphorylation,1.0,PhosphoSitePlus;Reactome
Q86YT6,Q00535,unknown,Phosphorylation,0.324,SIGNOR
Q86Z14,P27361,unknown,Phosphorylation,1.0,Reactome
Q86Z14,P28482,unknown,Phosphorylation,1.0,Reactome
Q8BGG7,P43403,Y,Phosphorylation,1.0,UniProt
Q8BHK6,P06241,Y,Phosphorylation,1.0,UniProt
Q8IU85,P30291,unknown,Phosphorylation,3.24,PhosphoNetworks
Q8IU85,Q8N5S9,unknown,Phosphorylation,1.0,PhosphoSitePlus
Q8IU85,Q9UEE5,unknown,Phosphorylation,5.31,PhosphoNetworks
Q8IUC2,P22607,Y,Phosphorylation,1.0,UniProt
Q8IUC3,Q01974,Y,Phosphorylation,1.0,UniProt
Q8IUG1,P08631,Y,Phosphorylation,1.0,UniProt
Q8IUM7,P28482,unknown,Phosphorylation,1.0,Reactome
Q8IUQ4,Q13315,unknown,Phosphorylation,1.0,PhosphoSitePlus
Q8IUQ4,Q13535,unknown,Phosphorylation,1.0,PhosphoSitePlus
Q8IUR0,P48730,unknown,Phosphorylation,1.0,Reactome
Q8IUR5,P22607,Y,Phosphorylation,1.0,UniProt
Q8IUW5,P28482,unknown,Phosphorylation,1.0,PhosphoSitePlus
Q8IUX7,P27361,unknown,Phosphorylation,1.0,PhosphoSitePlus
Q8IUX7,P28482,unknown,Phosphorylation,1.0,PhosphoSitePlus
Q8IV01,P17612,unknown,Phosphorylation,1.0,PhosphoSitePlus
Q8IV36,P22607,Y,Phosphorylation,1.0,UniProt
Q8IV61,Q04759,unknown,Phosphorylation,100.0,PhosphoNetworks;PhosphoSitePlus
Q8IV61,Q05655,unknown,Phosphorylation,1.0,PhosphoSitePlus
Q8IVF2,P28482,unknown,Phosphorylation,1.0,PhosphoSitePlus
Q8IVF5,Q13464,unknown,Phosphorylation,1.0,PhosphoSitePlus
Q8IVF5,Q15835,unknown,Phosphorylation,0.2,SIGNOR
Q8IVH8,Q8IVH8,unknown,Phosphorylation,1.0,PhosphoSitePlus
Q8IVI9,P11362,Y,Phosphorylation,1.0,UniProt
Q8IVL6,P22607,Y,Phosphorylation,1.0,UniProt
Q8IVM0,P00533,Y217;Y279;Y304,Phosphorylation,1.0,PhosphoSitePlus;SIGNOR;iPTMnet
Q8IVM0,P06239,Y217;Y279;Y304,Phosphorylation,1.0,PhosphoSitePlus;SIGNOR;iPTMnet
Q8IVP5,O75385,unknown,Phosphorylation,1.0,Reactome
Q8IVP5,P07947,Y,Phosphorylation,1.0,UniProt
Q8IVP5,P12931,unknown,Phosphorylation,1.0,Reactome
Q8IVP5,P19784,unknown,Phosphorylation,1.0,Reactome
Q8IVP5,P68400,unknown,Phosphorylation,1.0,Reactome
Q8IVT2,Q96GD4,unknown,Phosphorylation,1.0,PhosphoSitePlus
Q8IVT5,O43318,unknown,Phosphorylation,1.0,PhosphoSitePlus
Q8IVT5,P06239,unknown,Phosphorylation,1.0,PhosphoSitePlus
Q8IVT5,P15531,unknown,Phosphorylation,1.0,PhosphoSitePlus
Q8IVT5,P17612,unknown,Phosphorylation,1.0,PhosphoSitePlus
Q8IVT5,P27361,unknown,Phosphorylation,1.0,PhosphoSitePlus
Q8IVT5,P28482,unknown,Phosphorylation,1.0,PhosphoSitePlus
Q8IVT5,P36507,Y,Phosphorylation,1.0,UniProt
Q8IVW4,O43353,unknown,Phosphorylation,1.67,PhosphoNetworks
Q8IW19,Q13315,unknown,Phosphorylation,1.0,PhosphoSitePlus;SIGNOR
Q8IW41,P12931,Y188;Y216,Phosphorylation,0.374,SIGNOR
Q8IW41,P17612,unknown,Phosphorylation,1.0,PhosphoSitePlus;Reactome
Q8IW41,P22612,unknown,Phosphorylation,1.0,Reactome
Q8IW41,P22694,unknown,Phosphorylation,1.0,Reactome
Q8IW41,P28482,unknown,Phosphorylation,100.0,PhosphoNetworks;PhosphoSitePlus
Q8IW41,P45984,unknown,Phosphorylation,100.0,PhosphoNetworks;PhosphoSitePlus
Q8IW41,P46734,unknown,Phosphorylation,1.0,Reactome
Q8IW41,P52564,unknown,Phosphorylation,1.0,Reactome
Q8IW41,Q15759,unknown,Phosphorylation,100.0,PhosphoNetworks;PhosphoSitePlus
Q8IW41,Q16539,unknown,Phosphorylation,100.0,PhosphoNetworks;PhosphoSitePlus
Q8IWA4,Q9HC98,unknown,Phosphorylation,2.8,PhosphoNetworks
Q8IWB6,P06493,unknown,Phosphorylation,1.0,PhosphoSitePlus;SIGNOR
Q8IWB6,P53350,unknown,Phosphorylation,1.0,PhosphoSitePlus;SIGNOR
Q8IWL8,P00519,unknown,Phosphorylation,0.2,SIGNOR
Q8IWQ3,P17612,unknown,Phosphorylation,1.0,PhosphoSitePlus
Q8IWQ3,P30291,unknown,Phosphorylation,682.66,PhosphoNetworks
Q8IWQ3,Q15831,unknown,Phosphorylation,100.0,PhosphoNetworks;PhosphoSitePlus
Q8IWR0,Q9UEE5,unknown,Phosphorylation,2.55,PhosphoNetworks
Q8IWS0,P24941,unknown,Phosphorylation,1.0,PhosphoSitePlus
Q8IWU2,Q00535,unknown,Phosphorylation,1.0,PhosphoSitePlus;SIGNOR
Q8IWU9,P17612,unknown,Phosphorylation,1.0,PhosphoSitePlus
Q8IWU9,Q9UQM7,unknown,Phosphorylation,1.0,PhosphoSitePlus
Q8IWV1,P06239,Y193;Y268;Y294;Y373,Phosphorylation,1.0,SIGNOR;iPTMnet
Q8IWV1,P43405,Y193;Y268;Y294;Y373,Phosphorylation,1.0,SIGNOR;iPTMnet
Q8IWX8,P49761,Y,Phosphorylation,1.0,UniProt
Q8IX01,Q13535,unknown,Phosphorylation,1.0,PhosphoSitePlus
Q8IX03,O14965,unknown,Phosphorylation,1.0,PhosphoSitePlus
Q8IX03,P06493,unknown,Phosphorylation,1.0,PhosphoSitePlus
Q8IX03,P27361,unknown,Phosphorylation,1.0,PhosphoSitePlus
Q8IX03,P28482,unknown,Phosphorylation,1.0,PhosphoSitePlus
Q8IX03,P51812,unknown,Phosphorylation,1.0,PhosphoSitePlus
Q8IX03,Q05513,unknown,Phosphorylation,1.0,PhosphoSitePlus
Q8IX03,Q15418,unknown,Phosphorylation,1.0,PhosphoSitePlus
Q8IX03,Q96GD4,unknown,Phosphorylation,1.0,PhosphoSitePlus
Q8IXH6,P25098,unknown,Phosphorylation,0.2,SIGNOR
Q8IXH7,P12931,unknown,Phosphorylation,1.0,PhosphoSitePlus
Q8IXH7,P50750,unknown,Phosphorylation,1.0,Reactome
Q8IXI1,Q9BXM7,unknown,Phosphorylation,0.721,SIGNOR
Q8IXI2,Q9BXM7,unknown,Phosphorylation,1.0,PhosphoSitePlus;SIGNOR
Q8IXJ6,P06493,unknown,Phosphorylation,1.0,PhosphoSitePlus
Q8IXJ6,P12931,Y104,Phosphorylation,1.0,SIGNOR;iPTMnet
Q8IXJ6,P24941,unknown,Phosphorylation,1.0,PhosphoSitePlus
Q8IXJ6,Q13131,unknown,Phosphorylation,1.0,PhosphoSitePlus
Q8IXJ6,Q13627,unknown,Phosphorylation,0.293,SIGNOR
Q8IXK0,Q15759,unknown,Phosphorylation,1.0,Reactome
Q8IXK0,Q16539,unknown,Phosphorylation,1.0,Reactome
Q8IXK0,Q16644,unknown,Phosphorylation,1.0,Reactome
Q8IXN7,P22607,Y,Phosphorylation,1.0,UniProt
Q8IXQ3,P24941,unknown,Phosphorylation,1.0,PhosphoSitePlus
Q8IY26,P16234,Y,Phosphorylation,1.0,UniProt
Q8IY31,P22607,Y,Phosphorylation,1.0,UniProt
Q8IY67,O14757,unknown,Phosphorylation,1.0,PhosphoSitePlus
Q8IY81,P19525,Y,Phosphorylation,1.0,UniProt
Q8IY92,Q13315,unknown,Phosphorylation,1.0,PhosphoSitePlus
Q8IYB3,P24941,unknown,Phosphorylation,1.0,PhosphoSitePlus
Q8IYB3,P42345,unknown,Phosphorylation,1.0,PhosphoSitePlus
Q8IYB3,P49760,Y,Phosphorylation,1.0,UniProt
Q8IYB3,Q92989,unknown,Phosphorylation,1.0,Reactome
Q8IYB8,P28482,unknown,Phosphorylation,1.0,PhosphoSitePlus
Q8IYI8,P49760,Y,Phosphorylation,1.0,UniProt
Q8IYJ3,P31749,unknown,Phosphorylation,1.0,PhosphoSitePlus
Q8IYT8,P42345,unknown,Phosphorylation,0.778,SIGNOR
Q8IYW5,O96017,unknown,Phosphorylation,1.0,Reactome
Q8IYX7,Q13470,Y,Phosphorylation,1.0,UniProt
Q8IYX8,P07947,Y,Phosphorylation,1.0,UniProt
Q8IZC6,Q05397,unknown,Phosphorylation,1.0,Reactome
Q8IZC6,Q14289,unknown,Phosphorylation,1.0,Reactome
Q8IZD2,P06493,unknown,Phosphorylation,1.0,PhosphoSitePlus
Q8IZL8,P11802,unknown,Phosphorylation,1.0,PhosphoSitePlus
Q8IZL8,P12931,unknown,Phosphorylation,1.0,PhosphoSitePlus
Q8IZL8,P24941,unknown,Phosphorylation,1.0,PhosphoSitePlus
Q8IZP0,P00519,Y213,Phosphorylation,1.0,PhosphoSitePlus;Reactome;SIGNOR;UniProt;iPTMnet
Q8IZP0,P06493,unknown,Phosphorylation,1.0,PhosphoSitePlus
Q8IZP0,P27361,unknown,Phosphorylation,1.0,PhosphoSitePlus;Reactome
Q8IZP0,P28482,unknown,Phosphorylation,1.0,PhosphoSitePlus;Reactome
Q8IZP0,P42684,Y,Phosphorylation,1.0,UniProt
Q8IZP0,Q9UQM7,unknown,Phosphorylation,1.0,PhosphoSitePlus
Q8IZQ8,P17252,unknown,Phosphorylation,0.2,SIGNOR
Q8IZQ8,P27361,unknown,Phosphorylation,1.0,PhosphoSitePlus
Q8IZQ8,P28482,unknown,Phosphorylation,1.0,PhosphoSitePlus
Q8IZQ8,P49841,unknown,Phosphorylation,1.0,PhosphoSitePlus
Q8IZU1,P22607,Y,Phosphorylation,1.0,UniProt
Q8IZU3,P51451,Y,Phosphorylation,1.0,UniProt
Q8IZU3,Q13535,unknown,Phosphorylation,1.0,Reactome
Q8IZV2,P00533,Y,Phosphorylation,1.0,UniProt
Q8IZW8,P00533,Y,Phosphorylation,1.0,UniProt
Q8IZW8,P42681,Y,Phosphorylation,1.0,UniProt
Q8IZX4,P50613,unknown,Phosphorylation,1.0,Reactome
Q8K424,P00533,Y,Phosphorylation,1.0,UniProt
Q8K4V6,P04629,Y,Phosphorylation,1.0,UniProt
Q8N0S6,P06493,unknown,Phosphorylation,1.0,Reactome
Q8N0S6,P53350,unknown,Phosphorylation,1.0,Reactome
Q8N0U2,P22607,Y,Phosphorylation,1.0,UniProt
Q8N0U6,P22607,Y,Phosphorylation,1.0,UniProt
Q8N0W4,P17252,unknown,Phosphorylation,1.0,PhosphoSitePlus
Q8N0Z6,O96017,unknown,Phosphorylation,1.0,Reactome
Q8N0Z6,Q13315,unknown,Phosphorylation,1.0,PhosphoSitePlus;Reactome
Q8N122,O75385,unknown,Phosphorylation,1.0,PhosphoSitePlus
Q8N122,P06493,unknown,Phosphorylation,1.0,PhosphoSitePlus
Q8N122,P27361,unknown,Phosphorylation,1.0,PhosphoSitePlus
Q8N122,P28482,unknown,Phosphorylation,1.0,PhosphoSitePlus
Q8N122,P31749,unknown,Phosphorylation,1.0,Reactome
Q8N122,P42345,unknown,Phosphorylation,1.0,PhosphoSitePlus
Q8N122,P45983,unknown,Phosphorylation,1.0,PhosphoSitePlus
Q8N122,P53350,unknown,Phosphorylation,0.33,SIGNOR
Q8N122,P54646,unknown,Phosphorylation,1.0,Reactome
Q8N122,Q13131,unknown,Phosphorylation,1.0,PhosphoSitePlus;Reactome;SIGNOR
Q8N122,Q15418,unknown,Phosphorylation,1.0,PhosphoSitePlus
Q8N122,Q15759,unknown,Phosphorylation,1.0,PhosphoSitePlus
Q8N137,P51955,unknown,Phosphorylation,1.0,PhosphoSitePlus;SIGNOR
Q8N137,P53350,unknown,Phosphorylation,0.325,SIGNOR
Q8N163,Q13315,unknown,Phosphorylation,1.0,Reactome
Q8N163,Q13535,unknown,Phosphorylation,1.0,PhosphoSitePlus;Reactome
Q8N1F7,P06493,unknown,Phosphorylation,1.0,Reactome
Q8N1F7,Q8TD19,unknown,Phosphorylation,1.0,Reactome
Q8N1F7,Q9HC98,unknown,Phosphorylation,1.0,Reactome
Q8N1G1,P28482,unknown,Phosphorylation,1.0,PhosphoSitePlus
Q8N1K5,P06239,Y,Phosphorylation,1.0,PhosphoSitePlus;UniProt
Q8N1K5,P43403,Y,Phosphorylation,1.0,PhosphoSitePlus;UniProt
Q8N1W1,Q05397,unknown,Phosphorylation,0.461,SIGNOR
Q8N201,P50613,unknown,Phosphorylation,1.0,Reactome
Q8N201,P50750,unknown,Phosphorylation,1.0,Reactome
Q8N264,Q13464,unknown,Phosphorylation,1.0,PhosphoSitePlus;SIGNOR
Q8N2H9,P51617,unknown,Phosphorylation,0.728,SIGNOR
Q8N2M8,P00519,unknown,Phosphorylation,0.2,SIGNOR
Q8N2M8,P49759,Y,Phosphorylation,1.0,UniProt
Q8N2M8,P49760,Y,Phosphorylation,1.0,UniProt
Q8N2M8,P49761,Y,Phosphorylation,1.0,UniProt
Q8N2Q7,Q9UQM7,unknown,Phosphorylation,1.0,PhosphoSitePlus
Q8N2W9,O96017,unknown,Phosphorylation,1.0,Reactome
Q8N2Z9,P06493,unknown,Phosphorylation,1.0,Reactome
Q8N2Z9,P53350,unknown,Phosphorylation,1.0,Reactome
Q8N302,P22607,Y,Phosphorylation,1.0,UniProt
Q8N302,Q9NR20,unknown,Phosphorylation,1.67,PhosphoNetworks
Q8N335,P51813,unknown,Phosphorylation,1.67,PhosphoNetworks
Q8N3C0,P37173,unknown,Phosphorylation,2.45,PhosphoNetworks
Q8N3F8,P24941,unknown,Phosphorylation,1.0,PhosphoSitePlus
Q8N3R9,P22607,Y,Phosphorylation,1.0,UniProt
Q8N3U4,P06493,unknown,Phosphorylation,1.0,Reactome
Q8N3U4,P53350,unknown,Phosphorylation,1.0,Reactome
Q8N3U4,Q13535,unknown,Phosphorylation,1.0,Reactome
Q8N3Y1,P42345,unknown,Phosphorylation,1.0,PhosphoSitePlus
Q8N448,Q13163,Y,Phosphorylation,1.0,UniProt
Q8N4C7,P22607,Y,Phosphorylation,1.0,UniProt
Q8N4C8,O14757,unknown,Phosphorylation,1.0,PhosphoSitePlus
Q8N4C8,Q8N4C8,Y193,Phosphorylation,1.0,iPTMnet
Q8N4N8,P06493,unknown,Phosphorylation,1.0,Reactome
Q8N4N8,P53350,unknown,Phosphorylation,1.0,PhosphoSitePlus;Reactome
Q8N4S0,Q13535,unknown,Phosphorylation,1.0,PhosphoSitePlus
Q8N4X5,P07949,Y54,Phosphorylation,1.0,PhosphoSitePlus;SIGNOR;iPTMnet
Q8N556,P12931,Y451;Y453;Y93;Y94,Phosphorylation,1.0,PhosphoSitePlus;iPTMnet
Q8N556,P17252,unknown,Phosphorylation,1.0,PhosphoSitePlus
Q8N556,P42345,unknown,Phosphorylation,1.0,PhosphoSitePlus
Q8N5H7,P08581,Y,Phosphorylation,1.0,UniProt
Q8N5H7,P10721,Y,Phosphorylation,1.0,UniProt
Q8N5J4,P27361,unknown,Phosphorylation,1.0,Reactome
Q8N5J4,Q13164,unknown,Phosphorylation,1.0,Reactome
Q8N5J4,Q16659,unknown,Phosphorylation,1.0,Reactome
Q8N5J4,Q8TD08,unknown,Phosphorylation,1.0,Reactome
Q8N5P1,P50613,unknown,Phosphorylation,1.0,Reactome
Q8N5P1,P50750,unknown,Phosphorylation,1.0,Reactome
Q8N5S9,O00238,unknown,Phosphorylation,3.22,PhosphoNetworks
Q8N5S9,O15075,unknown,Phosphorylation,3.12,PhosphoNetworks
Q8N5S9,O75582,unknown,Phosphorylation,1.58,PhosphoNetworks
Q8N5S9,P11802,unknown,Phosphorylation,3.24,PhosphoNetworks
Q8N5S9,P17612,unknown,Phosphorylation,1.0,PhosphoNetworks;PhosphoSitePlus
Q8N5S9,P19784,unknown,Phosphorylation,12.84,PhosphoNetworks
Q8N5S9,P22455,unknown,Phosphorylation,4.57,PhosphoNetworks
Q8N5S9,P23443,unknown,Phosphorylation,15.18,PhosphoNetworks
Q8N5S9,P30291,unknown,Phosphorylation,17.49,PhosphoNetworks
Q8N5S9,P37173,unknown,Phosphorylation,4.57,PhosphoNetworks
Q8N5S9,P41279,unknown,Phosphorylation,5.28,PhosphoNetworks
Q8N5S9,P49760,unknown,Phosphorylation,17.49,PhosphoNetworks
Q8N5S9,P50613,unknown,Phosphorylation,3.24,PhosphoNetworks
Q8N5S9,P54646,unknown,Phosphorylation,3.24,PhosphoNetworks
Q8N5S9,P78362,unknown,Phosphorylation,2.25,PhosphoNetworks
Q8N5S9,Q00534,unknown,Phosphorylation,2.25,PhosphoNetworks
Q8N5S9,Q00535,unknown,Phosphorylation,2.97,PhosphoNetworks
Q8N5S9,Q05655,unknown,Phosphorylation,34.96,PhosphoNetworks
Q8N5S9,Q06187,unknown,Phosphorylation,2.25,PhosphoNetworks
Q8N5S9,Q07912,unknown,Phosphorylation,4.57,PhosphoNetworks
Q8N5S9,Q08345,unknown,Phosphorylation,3.18,PhosphoNetworks
Q8N5S9,Q13043,unknown,Phosphorylation,12.15,PhosphoNetworks
Q8N5S9,Q13153,unknown,Phosphorylation,40.66,PhosphoNetworks
Q8N5S9,Q13555,unknown,Phosphorylation,16.93,PhosphoNetworks
Q8N5S9,Q15349,unknown,Phosphorylation,2.25,PhosphoNetworks
Q8N5S9,Q15831,unknown,Phosphorylation,2.25,PhosphoNetworks
Q8N5S9,Q16584,unknown,Phosphorylation,4.46,PhosphoNetworks
Q8N5S9,Q86Z02,unknown,Phosphorylation,2.25,PhosphoNetworks
Q8N5S9,Q8NE63,unknown,Phosphorylation,1.6,PhosphoNetworks
Q8N5S9,Q92630,unknown,Phosphorylation,2.25,PhosphoNetworks
Q8N5S9,Q96GD4,unknown,Phosphorylation,3.24,PhosphoNetworks
Q8N5S9,Q96RR4,unknown,Phosphorylation,19.64,PhosphoNetworks
Q8N5S9,Q99570,unknown,Phosphorylation,4.46,PhosphoNetworks
Q8N5S9,Q9BXM7,unknown,Phosphorylation,1.79,PhosphoNetworks
Q8N5S9,Q9NR20,unknown,Phosphorylation,1.6,PhosphoNetworks
Q8N5S9,Q9UEE5,unknown,Phosphorylation,1.85,PhosphoNetworks
Q8N5S9,Q9Y463,unknown,Phosphorylation,2.28,PhosphoNetworks
Q8N5V2,P12931,unknown,Phosphorylation,1.0,PhosphoSitePlus
Q8N5V2,P22607,Y,Phosphorylation,1.0,UniProt
Q8N5V2,P54764,unknown,Phosphorylation,1.0,PhosphoSitePlus
Q8N5V2,Q00535,unknown,Phosphorylation,0.423,SIGNOR
Q8N5Z5,P22607,Y,Phosphorylation,1.0,UniProt
Q8N680,Q13315,unknown,Phosphorylation,1.0,PhosphoSitePlus
Q8N684,P49760,Y,Phosphorylation,1.0,UniProt
Q8N697,O14920,unknown,Phosphorylation,1.0,Reactome
Q8N697,O15111,unknown,Phosphorylation,1.0,Reactome
Q8N6F7,P07948,unknown,Phosphorylation,1.0,PhosphoSitePlus
Q8N6F7,P43405,unknown,Phosphorylation,1.0,PhosphoSitePlus
Q8N6L0,P16234,Y,Phosphorylation,1.0,UniProt
Q8N6T3,Q5S007,unknown,Phosphorylation,0.58,SIGNOR
Q8N720,Q06187,unknown,Phosphorylation,7.73,PhosphoNetworks
Q8N726,O14920,unknown,Phosphorylation,1.0,PhosphoSitePlus
Q8N726,P17252,unknown,Phosphorylation,1.0,PhosphoSitePlus
Q8N726,Q13535,unknown,Phosphorylation,1.0,PhosphoSitePlus
Q8N752,P17612,unknown,Phosphorylation,0.391,SIGNOR
Q8N7F7,Q13188,unknown,Phosphorylation,1.99,PhosphoNetworks
Q8N7X4,P17252,unknown,Phosphorylation,2.35,PhosphoNetworks
Q8N813,Q01974,Y,Phosphorylation,1.0,UniProt
Q8N8L2,P49760,Y,Phosphorylation,1.0,UniProt
Q8N8S7,P00519,unknown,Phosphorylation,1.0,PhosphoSitePlus
Q8N8S7,P17252,unknown,Phosphorylation,1.0,PhosphoSitePlus
Q8N8S7,Q13976,unknown,Phosphorylation,0.304,SIGNOR
Q8N9I9,P06241,Y,Phosphorylation,1.0,UniProt
Q8N9I9,P07947,Y,Phosphorylation,1.0,UniProt
Q8N9I9,Q13882,Y,Phosphorylation,1.0,UniProt
Q8N9K5,Q7KZI7,unknown,Phosphorylation,1.7,PhosphoNetworks
Q8N9L1,P11802,unknown,Phosphorylation,2.5,PhosphoNetworks
Q8N9L1,P30291,unknown,Phosphorylation,1.93,PhosphoNetworks
Q8N9L1,P49760,unknown,Phosphorylation,1.93,PhosphoNetworks
Q8N9L1,Q08345,unknown,Phosphorylation,1.93,PhosphoNetworks
Q8N9L1,Q96GD4,unknown,Phosphorylation,1.9,PhosphoNetworks
Q8N9N2,O15530,unknown,Phosphorylation,1.95,PhosphoNetworks
Q8N9N2,P09769,unknown,Phosphorylation,7.75,PhosphoNetworks
Q8N9N2,P37173,unknown,Phosphorylation,2.41,PhosphoNetworks
Q8N9N2,P43405,unknown,Phosphorylation,1.95,PhosphoNetworks
Q8N9N2,P49841,unknown,Phosphorylation,1.57,PhosphoNetworks
Q8N9N2,Q8IW41,unknown,Phosphorylation,2.8,PhosphoNetworks
Q8N9N2,Q9UEE5,unknown,Phosphorylation,1.61,PhosphoNetworks
Q8N9N2,Q9UHD2,unknown,Phosphorylation,2.35,PhosphoNetworks
Q8N9N5,Q02750,Y,Phosphorylation,1.0,UniProt
Q8N9N5,Q5JZY3,Y,Phosphorylation,1.0,UniProt
Q8NA54,P22607,Y,Phosphorylation,1.0,UniProt
Q8NA61,P42681,Y,Phosphorylation,1.0,UniProt
Q8NAM6,P08631,Y,Phosphorylation,1.0,UniProt
Q8NAV1,P49760,Y,Phosphorylation,1.0,UniProt
Q8NAV1,Q13523,unknown,Phosphorylation,1.0,Reactome
Q8NB16,P30530,Y376,Phosphorylation,0.2,SIGNOR
Q8NB16,Q06418,Y376,Phosphorylation,0.2,SIGNOR
Q8NB16,Q12866,Y376,Phosphorylation,0.2,SIGNOR
Q8NB16,Q9Y572,unknown,Phosphorylation,1.0,PhosphoSitePlus
Q8NB25,P22607,Y,Phosphorylation,1.0,UniProt
Q8NBJ4,P00533,Y,Phosphorylation,1.0,UniProt
Q8NBT2,P06493,unknown,Phosphorylation,1.0,Reactome
Q8NBT2,P53350,unknown,Phosphorylation,1.0,Reactome
Q8NBW4,P31749,unknown,Phosphorylation,1.0,Reactome
Q8NBW4,P54646,unknown,Phosphorylation,1.0,Reactome
Q8NBW4,Q13131,unknown,Phosphorylation,1.0,Reactome
Q8NBZ0,P24941,unknown,Phosphorylation,1.0,PhosphoSitePlus
Q8NBZ7,P29320,unknown,Phosphorylation,0.2,SIGNOR
Q8NC06,P22607,Y,Phosphorylation,1.0,UniProt
Q8NC51,P51955,unknown,Phosphorylation,2.97,PhosphoNetworks
Q8NC51,Q8N5S9,unknown,Phosphorylation,2.25,PhosphoNetworks
Q8NC67,P22607,Y,Phosphorylation,1.0,UniProt
Q8NCA9,P21802,unknown,Phosphorylation,1.7,PhosphoNetworks
Q8NCA9,P49760,unknown,Phosphorylation,1.93,PhosphoNetworks
Q8NCA9,Q9NSY1,unknown,Phosphorylation,1.93,PhosphoNetworks
Q8NCA9,Q9UEE5,unknown,Phosphorylation,1.93,PhosphoNetworks
Q8NCD3,P06493,unknown,Phosphorylation,1.0,Reactome
Q8NCD3,P31749,unknown,Phosphorylation,1.0,PhosphoSitePlus
Q8NCP5,P11802,unknown,Phosphorylation,1.56,PhosphoNetworks
Q8NCP5,Q04771,unknown,Phosphorylation,3.55,PhosphoNetworks
Q8NCP5,Q13153,unknown,Phosphorylation,2.68,PhosphoNetworks
Q8NCT1,Q13153,unknown,Phosphorylation,2.35,PhosphoNetworks
Q8ND25,P00533,Y103,Phosphorylation,0.271,SIGNOR
Q8ND76,P06493,unknown,Phosphorylation,0.596,SIGNOR
Q8ND90,P08631,Y,Phosphorylation,1.0,UniProt
Q8ND90,P49759,unknown,Phosphorylation,2.28,PhosphoNetworks
Q8NDB2,P07948,Y,Phosphorylation,1.0,UniProt
Q8NDB2,P51451,Y,Phosphorylation,1.0,UniProt
Q8NDH6,P22607,Y,Phosphorylation,1.0,UniProt
Q8NDP9,P22607,Y,Phosphorylation,1.0,UniProt
Q8NDV3,Q13535,unknown,Phosphorylation,1.0,Reactome
Q8NDW4,Q9UEE5,unknown,Phosphorylation,1.93,PhosphoNetworks
Q8NDX5,Q15759,unknown,Phosphorylation,1.0,Reactome
Q8NDX5,Q16539,unknown,Phosphorylation,1.0,Reactome
Q8NDX5,Q16644,unknown,Phosphorylation,1.0,Reactome
Q8NE71,P68400,unknown,Phosphorylation,1.0,PhosphoSitePlus
Q8NE86,Q9UQM7,unknown,Phosphorylation,1.0,PhosphoSitePlus
Q8NEB9,O75385,unknown,Phosphorylation,1.0,Reactome;SIGNOR
Q8NEB9,P06493,unknown,Phosphorylation,1.0,PhosphoSitePlus
Q8NEB9,P12931,unknown,Phosphorylation,0.422,SIGNOR
Q8NEB9,P54646,unknown,Phosphorylation,1.0,Reactome
Q8NEB9,Q00535,unknown,Phosphorylation,1.0,PhosphoSitePlus
Q8NEB9,Q05397,unknown,Phosphorylation,1.0,Reactome
Q8NEB9,Q13131,unknown,Phosphorylation,1.0,Reactome
Q8NEB9,Q14289,unknown,Phosphorylation,1.0,Reactome
Q8NEB9,Q96RR4,unknown,Phosphorylation,2.84,PhosphoNetworks
Q8NEJ0,P06213,Y,Phosphorylation,1.0,UniProt
Q8NEM2,Q96GD4,unknown,Phosphorylation,1.0,PhosphoSitePlus
Q8NER1,P05771,unknown,Phosphorylation,1.0,PhosphoSitePlus
Q8NER1,P12931,unknown,Phosphorylation,1.0,PhosphoSitePlus
Q8NER1,P17252,unknown,Phosphorylation,1.0,PhosphoSitePlus
Q8NER1,P17612,unknown,Phosphorylation,1.0,PhosphoSitePlus
Q8NER1,Q00535,unknown,Phosphorylation,1.0,PhosphoSitePlus;SIGNOR
Q8NEV4,Q8NEV4,unknown,Phosphorylation,1.0,PhosphoSitePlus
Q8NEY8,Q96GD4,unknown,Phosphorylation,1.0,PhosphoSitePlus
Q8NEZ2,P22607,Y,Phosphorylation,1.0,UniProt
Q8NF37,P49841,unknown,Phosphorylation,1.0,PhosphoSitePlus
Q8NF50,P17252,unknown,Phosphorylation,0.2,SIGNOR
Q8NF91,P17612,unknown,Phosphorylation,1.0,PhosphoSitePlus
Q8NF99,O43283,unknown,Phosphorylation,1.6,PhosphoNetworks
Q8NF99,P21802,unknown,Phosphorylation,10.2,PhosphoNetworks
Q8NF99,Q00535,unknown,Phosphorylation,3.63,PhosphoNetworks
Q8NF99,Q06187,unknown,Phosphorylation,2.6,PhosphoNetworks
Q8NFC6,P24941,unknown,Phosphorylation,1.0,PhosphoSitePlus
Q8NFH3,P06493,unknown,Phosphorylation,1.0,Reactome
Q8NFH3,P53350,unknown,Phosphorylation,1.0,Reactome
Q8NFH3,Q8TD19,unknown,Phosphorylation,1.0,Reactome
Q8NFH3,Q9HC98,unknown,Phosphorylation,1.0,Reactome
Q8NFH4,P06493,unknown,Phosphorylation,1.0,Reactome
Q8NFH4,P53350,unknown,Phosphorylation,1.0,Reactome
Q8NFH4,Q8TD19,unknown,Phosphorylation,1.0,Reactome
Q8NFH4,Q9HC98,unknown,Phosphorylation,1.0,Reactome
Q8NFH5,O43683,unknown,Phosphorylation,2.55,PhosphoNetworks
Q8NFH5,P06493,unknown,Phosphorylation,1.0,Reactome;SIGNOR
Q8NFH5,P11802,unknown,Phosphorylation,4.45,PhosphoNetworks
Q8NFH5,P51956,unknown,Phosphorylation,1.93,PhosphoNetworks
Q8NFH5,P53350,unknown,Phosphorylation,0.415,SIGNOR
Q8NFH5,Q8TD19,unknown,Phosphorylation,1.0,Reactome
Q8NFH5,Q9HC98,unknown,Phosphorylation,1.0,Reactome
Q8NFH5,Q9UEE5,unknown,Phosphorylation,1.9,PhosphoNetworks
Q8NFH8,P06493,unknown,Phosphorylation,1.0,PhosphoSitePlus
Q8NFJ5,P00533,Y317;Y320;Y347;Y350,Phosphorylation,1.0,PhosphoSitePlus;SIGNOR
Q8NFZ0,P12931,Y,Phosphorylation,1.0,UniProt
Q8NFZ5,O14920,unknown,Phosphorylation,1.0,Reactome
Q8NFZ5,O15111,unknown,Phosphorylation,1.0,Reactome
Q8NG31,P06493,unknown,Phosphorylation,1.0,Reactome
Q8NG31,P53350,unknown,Phosphorylation,1.0,Reactome
Q8NG66,O14757,unknown,Phosphorylation,1.0,PhosphoSitePlus
Q8NG66,P51955,unknown,Phosphorylation,0.392,SIGNOR
Q8NHQ1,P53350,unknown,Phosphorylation,1.0,Reactome
Q8NHV4,O14965,unknown,Phosphorylation,1.0,PhosphoSitePlus
Q8NHV4,P06493,unknown,Phosphorylation,1.0,PhosphoSitePlus
Q8NHV4,P53350,unknown,Phosphorylation,1.0,PhosphoSitePlus;Reactome
Q8NHV4,Q8TD19,unknown,Phosphorylation,1.0,PhosphoSitePlus
Q8NHW3,P28482,unknown,Phosphorylation,1.0,PhosphoSitePlus
Q8NHW3,Q13233,unknown,Phosphorylation,1.0,PhosphoSitePlus
Q8NHW3,Q16539,unknown,Phosphorylation,1.0,PhosphoSitePlus
Q8NHY2,Q13315,unknown,Phosphorylation,1.0,Reactome
Q8NHZ8,P53350,unknown,Phosphorylation,1.0,Reactome
Q8NI22,P48730,unknown,Phosphorylation,1.0,Reactome
Q8NI27,Q92989,unknown,Phosphorylation,1.0,Reactome
Q8NI35,P54753,Y,Phosphorylation,1.0,UniProt
Q8NI35,Q15375,Y,Phosphorylation,1.0,UniProt
Q8NI38,P06239,Y,Phosphorylation,1.0,UniProt
Q8NI77,P06493,unknown,Phosphorylation,1.0,Reactome
Q8NI77,P53350,unknown,Phosphorylation,1.0,Reactome
Q8R4L0,P36888,Y,Phosphorylation,1.0,UniProt
Q8R5G7,P07948,Y,Phosphorylation,1.0,UniProt
Q8R5G7,P12931,Y,Phosphorylation,1.0,UniProt
Q8TAA3,O75676,unknown,Phosphorylation,3.74,PhosphoNetworks
Q8TAA3,P17612,unknown,Phosphorylation,2.6,PhosphoNetworks
Q8TAA3,P51956,unknown,Phosphorylation,5.22,PhosphoNetworks
Q8TAA3,Q59H18,unknown,Phosphorylation,3.69,PhosphoNetworks
Q8TAA3,Q9HC98,unknown,Phosphorylation,2.6,PhosphoNetworks
Q8TAC0,P22607,Y,Phosphorylation,1.0,UniProt
Q8TAD8,P31749,unknown,Phosphorylation,3.47,PhosphoNetworks
Q8TAD8,P49760,Y,Phosphorylation,1.0,UniProt
Q8TAD8,P49761,Y,Phosphorylation,1.0,UniProt
Q8TAD8,Q13523,unknown,Phosphorylation,1.0,Reactome
Q8TAE6,P17612,unknown,Phosphorylation,1.0,PhosphoSitePlus
Q8TAE6,Q9Y6E0,unknown,Phosphorylation,1.0,PhosphoSitePlus
Q8TAE8,P68400,unknown,Phosphorylation,1.0,PhosphoSitePlus
Q8TAK6,P07947,Y,Phosphorylation,1.0,UniProt
Q8TAK6,P08631,Y,Phosphorylation,1.0,UniProt
Q8TAP6,P09619,Y,Phosphorylation,1.0,UniProt
Q8TAP6,P53350,unknown,Phosphorylation,1.0,Reactome
Q8TAP8,P24941,unknown,Phosphorylation,1.0,PhosphoSitePlus
Q8TAP9,P06493,unknown,Phosphorylation,1.0,PhosphoSitePlus
Q8TAQ2,P06239,unknown,Phosphorylation,2.64,PhosphoNetworks
Q8TAQ2,P11802,unknown,Phosphorylation,17.99,PhosphoNetworks
Q8TAQ2,P17612,unknown,Phosphorylation,7.87,PhosphoNetworks
Q8TAQ2,P29597,unknown,Phosphorylation,2.75,PhosphoNetworks
Q8TAQ2,P45984,unknown,Phosphorylation,3.62,PhosphoNetworks
Q8TAQ2,P49841,unknown,Phosphorylation,7.73,PhosphoNetworks
Q8TAQ2,P50613,unknown,Phosphorylation,18.32,PhosphoNetworks
Q8TAQ2,P68400,unknown,Phosphorylation,15.82,PhosphoNetworks
Q8TAQ2,Q00534,unknown,Phosphorylation,10.19,PhosphoNetworks
Q8TAQ2,Q13315,unknown,Phosphorylation,1.0,PhosphoSitePlus
Q8TAQ2,Q13535,unknown,Phosphorylation,1.0,PhosphoSitePlus
Q8TAQ2,Q9UEE5,unknown,Phosphorylation,1.9,PhosphoNetworks
Q8TAQ5,Q13315,unknown,Phosphorylation,1.0,PhosphoSitePlus;Reactome
Q8TAS1,O43318,unknown,Phosphorylation,12.84,PhosphoNetworks
Q8TAS1,O43781,unknown,Phosphorylation,3.74,PhosphoNetworks
Q8TAS1,O75582,unknown,Phosphorylation,2.25,PhosphoNetworks
Q8TAS1,P05771,unknown,Phosphorylation,1.75,PhosphoNetworks
Q8TAS1,P19784,unknown,Phosphorylation,12.84,PhosphoNetworks
Q8TAS1,P22455,unknown,Phosphorylation,3.22,PhosphoNetworks
Q8TAS1,P36896,unknown,Phosphorylation,12.84,PhosphoNetworks
Q8TAS1,P37173,unknown,Phosphorylation,70.96,PhosphoNetworks
Q8TAS1,P41279,unknown,Phosphorylation,2.25,PhosphoNetworks
Q8TAS1,P48730,unknown,Phosphorylation,15.18,PhosphoNetworks
Q8TAS1,P53350,unknown,Phosphorylation,3.24,PhosphoNetworks
Q8TAS1,P54646,unknown,Phosphorylation,3.24,PhosphoNetworks
Q8TAS1,P78362,unknown,Phosphorylation,2.91,PhosphoNetworks
Q8TAS1,Q07912,unknown,Phosphorylation,4.57,PhosphoNetworks
Q8TAS1,Q13043,unknown,Phosphorylation,5.18,PhosphoNetworks
Q8TAS1,Q13555,unknown,Phosphorylation,12.84,PhosphoNetworks
Q8TAS1,Q13873,unknown,Phosphorylation,70.96,PhosphoNetworks
Q8TAS1,Q13882,unknown,Phosphorylation,2.25,PhosphoNetworks
Q8TAS1,Q86SG6,unknown,Phosphorylation,15.18,PhosphoNetworks
Q8TAS1,Q8IW41,unknown,Phosphorylation,2.91,PhosphoNetworks
Q8TAS1,Q8NEV4,unknown,Phosphorylation,15.18,PhosphoNetworks
Q8TAS1,Q8TAS1,unknown,Phosphorylation,14.16,PhosphoNetworks
Q8TAS1,Q9BUB5,unknown,Phosphorylation,2.91,PhosphoNetworks
Q8TAS1,Q9NR20,unknown,Phosphorylation,1.6,PhosphoNetworks
Q8TAS1,Q9NRP7,unknown,Phosphorylation,2.25,PhosphoNetworks
Q8TAS1,Q9UEE5,unknown,Phosphorylation,6.88,PhosphoNetworks
Q8TAS1,Q9Y463,unknown,Phosphorylation,3.18,PhosphoNetworks
Q8TAW3,P30291,unknown,Phosphorylation,1.9,PhosphoNetworks
Q8TB03,P22607,Y,Phosphorylation,1.0,UniProt
Q8TB45,P23443,unknown,Phosphorylation,1.0,PhosphoSitePlus
Q8TB45,P42345,unknown,Phosphorylation,1.0,PhosphoSitePlus
Q8TB45,P43405,Y289,Phosphorylation,0.2,SIGNOR
Q8TB45,P48729,unknown,Phosphorylation,1.0,PhosphoSitePlus
Q8TB45,Q15418,unknown,Phosphorylation,1.0,PhosphoSitePlus
Q8TB69,Q9Y463,unknown,Phosphorylation,1.93,PhosphoNetworks
Q8TBB1,P12931,Y,Phosphorylation,1.0,UniProt
Q8TBB1,P49759,Y,Phosphorylation,1.0,UniProt
Q8TBB1,P49760,Y,Phosphorylation,1.0,UniProt
Q8TBB1,P49761,Y,Phosphorylation,1.0,UniProt
Q8TBC4,O15111,unknown,Phosphorylation,1.0,Reactome
Q8TBC4,Q99558,unknown,Phosphorylation,1.0,Reactome
Q8TBC5,P49759,unknown,Phosphorylation,1.93,PhosphoNetworks
Q8TBE0,P22607,Y,Phosphorylation,1.0,UniProt
Q8TBE1,P48730,unknown,Phosphorylation,1.0,Reactome
Q8TBF4,P68400,unknown,Phosphorylation,1.7,PhosphoNetworks
Q8TBK6,P51813,unknown,Phosphorylation,3.68,PhosphoNetworks
Q8TBY0,P22607,Y,Phosphorylation,1.0,UniProt
Q8TBZ3,P22607,Y,Phosphorylation,1.0,UniProt
Q8TC84,P22607,Y,Phosphorylation,1.0,UniProt
Q8TCS8,P78527,unknown,Phosphorylation,1.0,PhosphoSitePlus
Q8TCT0,Q9UHD2,unknown,Phosphorylation,1.67,PhosphoNetworks
Q8TCU4,P53350,unknown,Phosphorylation,1.0,Reactome
Q8TCU5,P05129,unknown,Phosphorylation,1.0,Reactome
Q8TCU5,P05771,unknown,Phosphorylation,1.0,Reactome
Q8TCU5,P17252,unknown,Phosphorylation,1.0,Reactome
Q8TCU5,P41743,unknown,Phosphorylation,1.0,Reactome
Q8TCU5,Q02156,unknown,Phosphorylation,1.0,Reactome
Q8TCU5,Q04759,unknown,Phosphorylation,1.0,Reactome
Q8TCU5,Q05513,unknown,Phosphorylation,1.0,Reactome
Q8TCU5,Q05655,unknown,Phosphorylation,1.0,Reactome
Q8TCU5,Q16512,unknown,Phosphorylation,1.0,Reactome
Q8TCU5,Q16513,unknown,Phosphorylation,1.0,Reactome
Q8TCU5,Q6P5Z2,unknown,Phosphorylation,1.0,Reactome
Q8TCU6,P08581,Y,Phosphorylation,1.0,UniProt
Q8TCY5,P22607,Y,Phosphorylation,1.0,UniProt
Q8TCZ2,P31749,unknown,Phosphorylation,2.35,PhosphoNetworks
Q8TD08,P41240,Y177,Phosphorylation,1.0,iPTMnet
Q8TD08,Q8TD08,Y177,Phosphorylation,1.0,PhosphoSitePlus;SIGNOR;iPTMnet
Q8TD16,P07947,Y,Phosphorylation,1.0,UniProt
Q8TD17,P49760,Y,Phosphorylation,1.0,UniProt
Q8TD19,P06493,unknown,Phosphorylation,1.0,Reactome
Q8TD19,P53350,unknown,Phosphorylation,1.0,Reactome
Q8TD19,Q8TD19,unknown,Phosphorylation,1.0,PhosphoSitePlus
Q8TD43,P17252,unknown,Phosphorylation,1.0,PhosphoSitePlus
Q8TD43,P48729,unknown,Phosphorylation,1.0,PhosphoSitePlus
Q8TDC0,Q13882,Y,Phosphorylation,1.0,UniProt
Q8TDC3,Q15831,unknown,Phosphorylation,100.0,PhosphoNetworks;PhosphoSitePlus
Q8TDC3,Q8N5S9,unknown,Phosphorylation,1.0,PhosphoSitePlus;SIGNOR
Q8TDC3,Q8TDC3,unknown,Phosphorylation,1.0,PhosphoSitePlus
Q8TDD2,P31749,unknown,Phosphorylation,0.425,SIGNOR
Q8TDD2,Q16539,unknown,Phosphorylation,1.0,PhosphoSitePlus
Q8TDM6,P28482,unknown,Phosphorylation,1.0,PhosphoSitePlus
Q8TDM6,P42345,unknown,Phosphorylation,1.0,PhosphoSitePlus
Q8TDN4,Q00526,unknown,Phosphorylation,1.0,PhosphoSitePlus
Q8TDP1,P49759,unknown,Phosphorylation,1.93,PhosphoNetworks
Q8TDP1,P50613,unknown,Phosphorylation,1.93,PhosphoNetworks
Q8TDP1,P51956,unknown,Phosphorylation,1.93,PhosphoNetworks
Q8TDP1,Q9UEE5,unknown,Phosphorylation,1.93,PhosphoNetworks
Q8TDQ0,Q08881,Y265,Phosphorylation,1.0,PhosphoSitePlus;SIGNOR
Q8TDQ1,P06241,unknown,Phosphorylation,1.0,PhosphoSitePlus
Q8TDX7,Q8TD19,unknown,Phosphorylation,100.0,PhosphoNetworks;PhosphoSitePlus
Q8TDY2,O75385,unknown,Phosphorylation,0.914,SIGNOR
Q8TDY2,P54646,unknown,Phosphorylation,1.0,Reactome
Q8TDY2,Q13131,unknown,Phosphorylation,1.0,Reactome
Q8TDY2,Q8IYT8,unknown,Phosphorylation,0.75,SIGNOR
Q8TDY4,P00533,Y34,Phosphorylation,1.0,PhosphoSitePlus;SIGNOR;iPTMnet
Q8TDZ2,P00519,unknown,Phosphorylation,0.31,SIGNOR
Q8TE77,Q96GD4,unknown,Phosphorylation,1.0,PhosphoSitePlus
Q8TEH3,P31749,unknown,Phosphorylation,1.0,Reactome
Q8TEM1,P06493,unknown,Phosphorylation,1.0,Reactome
Q8TEM1,Q8TD19,unknown,Phosphorylation,1.0,Reactome
Q8TEM1,Q9HC98,unknown,Phosphorylation,1.0,Reactome
Q8TEP8,O14965,unknown,Phosphorylation,0.794,SIGNOR
Q8TEP8,P53350,unknown,Phosphorylation,1.0,Reactome
Q8TER0,P28482,unknown,Phosphorylation,1.0,PhosphoSitePlus
Q8TEV9,P42345,unknown,Phosphorylation,1.0,PhosphoSitePlus
Q8TEW0,O14965,unknown,Phosphorylation,1.0,PhosphoSitePlus
Q8TEW0,P07947,Y1127,Phosphorylation,1.0,iPTMnet
Q8TEW0,Q13464,unknown,Phosphorylation,1.0,PhosphoSitePlus
Q8TEW0,Q7KZI7,unknown,Phosphorylation,1.0,PhosphoSitePlus
Q8TEW0,Q96GD4,unknown,Phosphorylation,1.0,PhosphoSitePlus
Q8TEW6,P04626,Y,Phosphorylation,1.0,UniProt
Q8TEY7,P00533,Y,Phosphorylation,1.0,UniProt
Q8TF42,P43405,Y,Phosphorylation,1.0,UniProt
Q8TF74,Q05397,unknown,Phosphorylation,1.0,Reactome
Q8TF76,P53350,unknown,Phosphorylation,0.2,SIGNOR
Q8VBX6,P10721,Y,Phosphorylation,1.0,UniProt
Q8WTQ7,P17252,unknown,Phosphorylation,1.0,PhosphoSitePlus
Q8WTQ7,P17612,unknown,Phosphorylation,1.0,PhosphoSitePlus
Q8WTR7,P49760,Y,Phosphorylation,1.0,UniProt
Q8WTR7,P49761,Y,Phosphorylation,1.0,UniProt
Q8WTV1,P22607,Y,Phosphorylation,1.0,UniProt
Q8WU20,P06213,unknown,Phosphorylation,0.369,SIGNOR
Q8WU20,P11362,Y196,Phosphorylation,1.0,SIGNOR;UniProt
Q8WU20,P27361,unknown,Phosphorylation,1.0,Reactome
Q8WU20,P28482,unknown,Phosphorylation,1.0,Reactome
Q8WU68,Q92989,unknown,Phosphorylation,1.0,Reactome
Q8WUA7,O15530,unknown,Phosphorylation,3.19,PhosphoNetworks
Q8WUA7,P07947,unknown,Phosphorylation,1.67,PhosphoNetworks
Q8WUA7,P34947,unknown,Phosphorylation,3.19,PhosphoNetworks
Q8WUA7,Q16512,unknown,Phosphorylation,3.85,PhosphoNetworks
Q8WUA7,Q59H18,unknown,Phosphorylation,1.99,PhosphoNetworks
Q8WUA7,Q8IW41,unknown,Phosphorylation,2.63,PhosphoNetworks
Q8WUA7,Q92630,unknown,Phosphorylation,2.58,PhosphoNetworks
Q8WUA7,Q9UEE5,unknown,Phosphorylation,1.64,PhosphoNetworks
Q8WUD1,P22607,Y,Phosphorylation,1.0,UniProt
Q8WUF5,O43318,unknown,Phosphorylation,9.03,PhosphoNetworks
Q8WUF5,O43683,unknown,Phosphorylation,2.28,PhosphoNetworks
Q8WUF5,O75676,unknown,Phosphorylation,2.28,PhosphoNetworks
Q8WUF5,O96017,unknown,Phosphorylation,2.28,PhosphoNetworks
Q8WUF5,P11802,unknown,Phosphorylation,50.32,PhosphoNetworks
Q8WUF5,P17612,unknown,Phosphorylation,34.33,PhosphoNetworks
Q8WUF5,P22455,unknown,Phosphorylation,4.57,PhosphoNetworks
Q8WUF5,P28482,unknown,Phosphorylation,34.96,PhosphoNetworks
Q8WUF5,P30291,unknown,Phosphorylation,3.24,PhosphoNetworks
Q8WUF5,P31749,unknown,Phosphorylation,2.67,PhosphoNetworks
Q8WUF5,P37173,unknown,Phosphorylation,3.22,PhosphoNetworks
Q8WUF5,P45983,unknown,Phosphorylation,9.03,PhosphoNetworks
Q8WUF5,P45984,unknown,Phosphorylation,12.84,PhosphoNetworks
Q8WUF5,P48730,unknown,Phosphorylation,10.68,PhosphoNetworks
Q8WUF5,P49674,unknown,Phosphorylation,34.96,PhosphoNetworks
Q8WUF5,P49759,unknown,Phosphorylation,3.24,PhosphoNetworks
Q8WUF5,P49760,unknown,Phosphorylation,3.24,PhosphoNetworks
Q8WUF5,P49761,unknown,Phosphorylation,2.25,PhosphoNetworks
Q8WUF5,P49841,unknown,Phosphorylation,34.33,PhosphoNetworks
Q8WUF5,P50613,unknown,Phosphorylation,2.28,PhosphoNetworks
Q8WUF5,P51813,unknown,Phosphorylation,10.68,PhosphoNetworks
Q8WUF5,P51955,unknown,Phosphorylation,24.59,PhosphoNetworks
Q8WUF5,P54646,unknown,Phosphorylation,3.24,PhosphoNetworks
Q8WUF5,Q00534,unknown,Phosphorylation,1.58,PhosphoNetworks
Q8WUF5,Q00535,unknown,Phosphorylation,34.96,PhosphoNetworks
Q8WUF5,Q05397,unknown,Phosphorylation,9.03,PhosphoNetworks
Q8WUF5,Q05513,unknown,Phosphorylation,13.8,PhosphoNetworks
Q8WUF5,Q06187,unknown,Phosphorylation,24.59,PhosphoNetworks
Q8WUF5,Q07912,unknown,Phosphorylation,3.22,PhosphoNetworks
Q8WUF5,Q08345,unknown,Phosphorylation,3.18,PhosphoNetworks
Q8WUF5,Q13043,unknown,Phosphorylation,24.59,PhosphoNetworks
Q8WUF5,Q13153,unknown,Phosphorylation,1.88,PhosphoNetworks
Q8WUF5,Q15208,unknown,Phosphorylation,2.25,PhosphoNetworks
Q8WUF5,Q15759,unknown,Phosphorylation,12.84,PhosphoNetworks
Q8WUF5,Q59H18,unknown,Phosphorylation,2.25,PhosphoNetworks
Q8WUF5,Q8IW41,unknown,Phosphorylation,2.25,PhosphoNetworks
Q8WUF5,Q8N2I9,unknown,Phosphorylation,2.25,PhosphoNetworks
Q8WUF5,Q8N5S9,unknown,Phosphorylation,2.25,PhosphoNetworks
Q8WUF5,Q8TAS1,unknown,Phosphorylation,1.58,PhosphoNetworks
Q8WUF5,Q8TD19,unknown,Phosphorylation,2.25,PhosphoNetworks
Q8WUF5,Q96GD4,unknown,Phosphorylation,50.32,PhosphoNetworks
Q8WUF5,Q96KB5,unknown,Phosphorylation,9.03,PhosphoNetworks
Q8WUF5,Q96SB4,unknown,Phosphorylation,2.25,PhosphoNetworks
Q8WUF5,Q9UEE5,unknown,Phosphorylation,3.74,PhosphoNetworks
Q8WUF5,Q9UHD2,unknown,Phosphorylation,15.18,PhosphoNetworks
Q8WUI4,O43318,unknown,Phosphorylation,1.0,PhosphoSitePlus
Q8WUI4,P00533,Y,Phosphorylation,1.0,UniProt
Q8WUI4,Q14012,unknown,Phosphorylation,1.0,PhosphoSitePlus
Q8WUI4,Q15139,unknown,Phosphorylation,1.0,PhosphoSitePlus
Q8WUI4,Q7KZI7,unknown,Phosphorylation,1.0,PhosphoSitePlus
Q8WUJ1,P08631,Y,Phosphorylation,1.0,UniProt
Q8WUM0,O60674,unknown,Phosphorylation,2.75,PhosphoNetworks
Q8WUM0,P06493,unknown,Phosphorylation,1.0,Reactome
Q8WUM0,P11802,unknown,Phosphorylation,42.14,PhosphoNetworks
Q8WUM0,P24941,unknown,Phosphorylation,1.0,PhosphoSitePlus
Q8WUM0,P28482,unknown,Phosphorylation,10.19,PhosphoNetworks
Q8WUM0,P30291,unknown,Phosphorylation,2.71,PhosphoNetworks
Q8WUM0,P31749,unknown,Phosphorylation,3.47,PhosphoNetworks
Q8WUM0,P50613,unknown,Phosphorylation,23.71,PhosphoNetworks
Q8WUM0,P50750,unknown,Phosphorylation,24.16,PhosphoNetworks
Q8WUM0,P53350,unknown,Phosphorylation,1.0,Reactome
Q8WUM0,Q8TD19,unknown,Phosphorylation,1.0,Reactome
Q8WUM0,Q9HC98,unknown,Phosphorylation,1.0,Reactome
Q8WUM4,P00533,Y,Phosphorylation,1.0,UniProt
Q8WUM4,P06241,Y,Phosphorylation,1.0,UniProt
Q8WUM4,P08631,Y,Phosphorylation,1.0,UniProt
Q8WUM4,P12931,Y319,Phosphorylation,1.0,SIGNOR;UniProt;iPTMnet
Q8WUN7,P07947,unknown,Phosphorylation,1.67,PhosphoNetworks
Q8WUN7,Q12851,unknown,Phosphorylation,1.67,PhosphoNetworks
Q8WUN7,Q14289,unknown,Phosphorylation,2.42,PhosphoNetworks
Q8WUQ7,P49760,Y,Phosphorylation,1.0,UniProt
Q8WUU4,P22607,Y,Phosphorylation,1.0,UniProt
Q8WUW1,P00519,unknown,Phosphorylation,1.0,Reactome
Q8WUW1,P27361,unknown,Phosphorylation,1.0,Reactome
Q8WUW1,P28482,unknown,Phosphorylation,1.0,Reactome
Q8WUX9,P22607,Y,Phosphorylation,1.0,UniProt
Q8WV24,O14965,unknown,Phosphorylation,1.0,PhosphoSitePlus
Q8WV28,P07948,unknown,Phosphorylation,1.0,Reactome
Q8WV28,P10721,Y,Phosphorylation,1.0,UniProt
Q8WV28,P43405,Y178;Y189;Y72;Y84;Y96,Phosphorylation,100.0,PhosphoNetworks;PhosphoSitePlus;SIGNOR;iPTMnet
Q8WV28,Q06187,Y,Phosphorylation,1.0,UniProt
Q8WV28,Q92918,unknown,Phosphorylation,1.0,PhosphoSitePlus
Q8WVB6,Q13535,unknown,Phosphorylation,1.0,PhosphoSitePlus
Q8WVD3,P22607,Y,Phosphorylation,1.0,UniProt
Q8WVI7,P17612,unknown,Phosphorylation,1.0,PhosphoSitePlus
Q8WVK7,P06493,unknown,Phosphorylation,1.0,Reactome
Q8WVK7,P53350,unknown,Phosphorylation,1.0,Reactome
Q8WVM7,P06493,unknown,Phosphorylation,1.0,Reactome
Q8WVM7,P53350,unknown,Phosphorylation,1.0,Reactome
Q8WVM7,Q13535,unknown,Phosphorylation,1.0,Reactome
Q8WW24,P08631,Y,Phosphorylation,1.0,UniProt
Q8WWG1,P12931,unknown,Phosphorylation,1.0,Reactome
Q8WWI1,O14757,unknown,Phosphorylation,1.0,PhosphoSitePlus
Q8WWI1,Q96GD4,unknown,Phosphorylation,1.0,PhosphoSitePlus
Q8WWK9,P06493,unknown,Phosphorylation,1.0,PhosphoSitePlus
Q8WWK9,Q96GD4,unknown,Phosphorylation,1.0,PhosphoSitePlus
Q8WWM7,P12931,unknown,Phosphorylation,1.0,PhosphoSitePlus
Q8WWM7,P42345,unknown,Phosphorylation,1.0,PhosphoSitePlus
Q8WWN8,P12931,unknown,Phosphorylation,1.0,PhosphoSitePlus
Q8WWU5,Q02750,Y,Phosphorylation,1.0,UniProt
Q8WWY3,P24941,unknown,Phosphorylation,1.0,PhosphoSitePlus
Q8WX92,P06241,Y,Phosphorylation,1.0,UniProt
Q8WX92,P50750,unknown,Phosphorylation,1.0,Reactome
Q8WX93,P06493,unknown,Phosphorylation,1.0,PhosphoSitePlus
Q8WX93,P27361,unknown,Phosphorylation,1.0,PhosphoSitePlus
Q8WX93,P28482,unknown,Phosphorylation,1.0,PhosphoSitePlus
Q8WX93,P31749,unknown,Phosphorylation,1.0,PhosphoSitePlus
Q8WXB4,P11802,unknown,Phosphorylation,2.5,PhosphoNetworks
Q8WXB4,P49760,unknown,Phosphorylation,2.5,PhosphoNetworks
Q8WXB4,Q08345,unknown,Phosphorylation,1.93,PhosphoNetworks
Q8WXB4,Q96GD4,unknown,Phosphorylation,1.9,PhosphoNetworks
Q8WXB4,Q9NRH2,unknown,Phosphorylation,1.93,PhosphoNetworks
Q8WXB4,Q9Y463,unknown,Phosphorylation,2.5,PhosphoNetworks
Q8WXD9,P54762,Y296;Y336,Phosphorylation,1.0,iPTMnet
Q8WXE1,P24941,unknown,Phosphorylation,1.0,PhosphoSitePlus
Q8WXE1,Q13535,unknown,Phosphorylation,1.0,PhosphoSitePlus
Q8WXF1,P30291,unknown,Phosphorylation,3.24,PhosphoNetworks
Q8WXF1,P37173,unknown,Phosphorylation,6.03,PhosphoNetworks
Q8WXF1,P49841,unknown,Phosphorylation,45.24,PhosphoNetworks
Q8WXF1,P50613,unknown,Phosphorylation,49.43,PhosphoNetworks
Q8WXF1,Q8N5S9,unknown,Phosphorylation,2.25,PhosphoNetworks
Q8WXF1,Q9NQU5,unknown,Phosphorylation,12.84,PhosphoNetworks
Q8WXF1,Q9UEE5,unknown,Phosphorylation,12.23,PhosphoNetworks
Q8WXF1,Q9UHD2,unknown,Phosphorylation,19.64,PhosphoNetworks
Q8WXH2,P06241,Y,Phosphorylation,1.0,UniProt
Q8WXH2,P29323,Y,Phosphorylation,1.0,UniProt
Q8WXI2,P00533,Y,Phosphorylation,1.0,UniProt
Q8WXS5,Q13554,unknown,Phosphorylation,1.0,Reactome
Q8WXS5,Q13555,unknown,Phosphorylation,1.0,Reactome
Q8WXS5,Q13557,unknown,Phosphorylation,1.0,Reactome
Q8WXS5,Q9UQM7,unknown,Phosphorylation,1.0,Reactome
Q8WY41,P37173,unknown,Phosphorylation,2.45,PhosphoNetworks
Q8WY41,Q9NR20,unknown,Phosphorylation,1.67,PhosphoNetworks
Q8WYH8,P24941,unknown,Phosphorylation,1.0,PhosphoSitePlus
Q8WYK2,P45983,unknown,Phosphorylation,1.0,PhosphoSitePlus
Q8WYK2,P45984,unknown,Phosphorylation,100.0,PhosphoNetworks;PhosphoSitePlus
Q8WYK2,Q16539,unknown,Phosphorylation,100.0,PhosphoNetworks;PhosphoSitePlus
Q8WYL5,Q15139,unknown,Phosphorylation,1.0,PhosphoSitePlus
Q8WYL5,Q9BZL6,unknown,Phosphorylation,1.0,PhosphoSitePlus
Q8WYP5,P06493,unknown,Phosphorylation,1.0,Reactome
Q8WYP5,P28482,unknown,Phosphorylation,1.0,PhosphoSitePlus
Q8WYP5,P53350,unknown,Phosphorylation,1.0,Reactome
Q8WYQ5,O76039,unknown,Phosphorylation,6.88,PhosphoNetworks
Q8WYQ5,P00519,Y267,Phosphorylation,1.0,SIGNOR;iPTMnet
Q8WYQ5,Q9NR20,unknown,Phosphorylation,1.57,PhosphoNetworks
Q8WZ42,P17252,unknown,Phosphorylation,1.0,PhosphoSitePlus;SIGNOR
Q8WZ42,P17612,unknown,Phosphorylation,1.0,PhosphoSitePlus
Q8WZ42,P28482,unknown,Phosphorylation,0.386,SIGNOR
Q8WZ42,Q13557,unknown,Phosphorylation,1.0,PhosphoSitePlus
Q8WZ42,Q13976,unknown,Phosphorylation,1.0,PhosphoSitePlus
Q90VU7,P08631,Y,Phosphorylation,1.0,UniProt
Q92466,P00519,unknown,Phosphorylation,0.458,SIGNOR
Q92485,P06213,Y,Phosphorylation,1.0,UniProt
Q92519,P23443,unknown,Phosphorylation,1.0,PhosphoSitePlus
Q92529,P00533,Y218;Y219;Y256;Y257;Y283;Y301,Phosphorylation,1.0,PhosphoSitePlus;iPTMnet
Q92529,P04626,Y,Phosphorylation,1.0,UniProt
Q92529,P04629,unknown,Phosphorylation,1.0,PhosphoSitePlus
Q92529,P07949,unknown,Phosphorylation,100.0,PhosphoNetworks
Q92529,P10721,Y,Phosphorylation,1.0,UniProt
Q92529,P12931,unknown,Phosphorylation,1.0,PhosphoSitePlus
Q92529,P21860,Y,Phosphorylation,1.0,UniProt
Q92529,Q05397,unknown,Phosphorylation,2.07,PhosphoNetworks
Q92529,Q16620,unknown,Phosphorylation,1.0,PhosphoSitePlus
Q92529,Q9UM73,unknown,Phosphorylation,0.438,SIGNOR
Q92538,Q13131,unknown,Phosphorylation,1.0,PhosphoSitePlus
Q92542,O00141,unknown,Phosphorylation,1.0,PhosphoSitePlus
Q92547,P24941,unknown,Phosphorylation,1.0,PhosphoSitePlus
Q92547,P31749,unknown,Phosphorylation,1.0,PhosphoSitePlus
Q92547,Q13315,unknown,Phosphorylation,1.0,PhosphoSitePlus
Q92556,P08631,Y18;Y216;Y240;Y31;Y395;Y511;Y720,Phosphorylation,1.0,PhosphoSitePlus;SIGNOR;UniProt;iPTMnet
Q92558,P00519,Y,Phosphorylation,1.0,UniProt
Q92558,P12931,Y125,Phosphorylation,1.0,PhosphoSitePlus;SIGNOR;iPTMnet
Q92567,Q13470,Y,Phosphorylation,1.0,UniProt
Q92569,P00533,Y,Phosphorylation,1.0,UniProt
Q92569,P04626,Y,Phosphorylation,1.0,UniProt
Q92569,P06213,Y341,Phosphorylation,1.0,PhosphoSitePlus;SIGNOR;iPTMnet
Q92569,P07947,Y,Phosphorylation,1.0,UniProt
Q92569,P08581,Y,Phosphorylation,1.0,UniProt
Q92569,P08631,Y,Phosphorylation,1.0,UniProt
Q92569,P10721,Y,Phosphorylation,1.0,UniProt
Q92569,P12931,Y,Phosphorylation,1.0,UniProt
Q92569,P21860,Y,Phosphorylation,1.0,UniProt
Q92569,P51451,Y,Phosphorylation,1.0,UniProt
Q92569,Q05397,Y,Phosphorylation,1.0,Reactome;UniProt
Q92569,Q07912,Y,Phosphorylation,1.0,UniProt
Q92569,Q14289,unknown,Phosphorylation,1.0,Reactome
Q92569,Q9UM73,unknown,Phosphorylation,0.38,SIGNOR
Q92574,O14920,unknown,Phosphorylation,1.0,PhosphoSitePlus
Q92574,P06493,unknown,Phosphorylation,1.0,PhosphoSitePlus
Q92574,P28482,unknown,Phosphorylation,0.493,SIGNOR
Q92574,P31749,unknown,Phosphorylation,1.0,Reactome
Q92574,P31751,unknown,Phosphorylation,1.0,Reactome
Q92574,P53350,unknown,Phosphorylation,0.467,SIGNOR
Q92574,P54646,unknown,Phosphorylation,1.0,Reactome;SIGNOR
Q92574,Q13131,unknown,Phosphorylation,1.0,Reactome
Q92585,P49841,unknown,Phosphorylation,0.2,SIGNOR
Q92597,O00141,unknown,Phosphorylation,1.0,PhosphoSitePlus
Q92597,P17612,unknown,Phosphorylation,1.0,PhosphoSitePlus
Q92597,P49840,unknown,Phosphorylation,1.0,PhosphoSitePlus
Q92597,Q96BR1,unknown,Phosphorylation,0.404,SIGNOR
Q92598,P68400,unknown,Phosphorylation,1.0,PhosphoSitePlus
Q92620,P24941,unknown,Phosphorylation,1.0,PhosphoSitePlus
Q92620,Q92989,unknown,Phosphorylation,1.0,Reactome
Q92621,P06493,unknown,Phosphorylation,1.0,Reactome
Q92621,Q8TD19,unknown,Phosphorylation,1.0,Reactome
Q92621,Q9HC98,unknown,Phosphorylation,1.0,Reactome
Q92622,P00533,Y,Phosphorylation,1.0,UniProt
Q92625,O96013,unknown,Phosphorylation,10.03,PhosphoNetworks
Q92625,P00533,Y,Phosphorylation,1.0,UniProt
Q92625,P04626,Y,Phosphorylation,1.0,UniProt
Q92625,P11362,unknown,Phosphorylation,2.45,PhosphoNetworks
Q92625,P17252,unknown,Phosphorylation,66.64,PhosphoNetworks
Q92625,P29320,unknown,Phosphorylation,1.73,PhosphoNetworks
Q92625,P34947,unknown,Phosphorylation,1.95,PhosphoNetworks
Q92625,P37173,unknown,Phosphorylation,2.45,PhosphoNetworks
Q92625,P49759,unknown,Phosphorylation,11.76,PhosphoNetworks
Q92625,P49761,unknown,Phosphorylation,18.54,PhosphoNetworks
Q92625,P49840,unknown,Phosphorylation,7.75,PhosphoNetworks
Q92625,P68400,unknown,Phosphorylation,3.76,PhosphoNetworks
Q92625,Q05513,unknown,Phosphorylation,1.95,PhosphoNetworks
Q92625,Q13873,unknown,Phosphorylation,2.45,PhosphoNetworks
Q92625,Q8NE63,unknown,Phosphorylation,1.67,PhosphoNetworks
Q92625,Q8NEB9,unknown,Phosphorylation,5.45,PhosphoNetworks
Q92625,Q99570,unknown,Phosphorylation,5.45,PhosphoNetworks
Q92625,Q9H4A3,unknown,Phosphorylation,18.88,PhosphoNetworks
Q92625,Q9NR20,unknown,Phosphorylation,1.67,PhosphoNetworks
Q92630,Q02779,unknown,Phosphorylation,1.0,PhosphoSitePlus
Q92630,Q13315,unknown,Phosphorylation,1.0,PhosphoSitePlus;Reactome
Q92630,Q92630,Y382,Phosphorylation,1.0,iPTMnet
Q92630,Q9NR20,Y,Phosphorylation,1.0,UniProt
Q92673,O75116,unknown,Phosphorylation,1.0,PhosphoSitePlus
Q92674,P06493,unknown,Phosphorylation,1.0,Reactome
Q92674,P53350,unknown,Phosphorylation,1.0,Reactome
Q92681,P17252,unknown,Phosphorylation,1.0,PhosphoSitePlus
Q92688,P68400,unknown,Phosphorylation,1.0,PhosphoSitePlus
Q92729,P10721,Y,Phosphorylation,1.0,UniProt
Q92731,P00519,unknown,Phosphorylation,1.0,PhosphoSitePlus
Q92731,P00533,Y,Phosphorylation,1.0,UniProt
Q92731,P27361,unknown,Phosphorylation,1.0,PhosphoSitePlus
Q92731,P28482,unknown,Phosphorylation,1.0,PhosphoSitePlus
Q92731,P31749,unknown,Phosphorylation,1.0,PhosphoSitePlus
Q92731,Q15418,unknown,Phosphorylation,100.0,PhosphoNetworks
Q92734,P12931,unknown,Phosphorylation,1.0,PhosphoSitePlus
Q92736,P17612,unknown,Phosphorylation,1.0,PhosphoSitePlus
Q92736,Q13557,unknown,Phosphorylation,1.0,PhosphoSitePlus
Q92736,Q13976,unknown,Phosphorylation,1.0,PhosphoSitePlus
Q92736,Q15772,unknown,Phosphorylation,0.249,SIGNOR
Q92736,Q9UQM7,unknown,Phosphorylation,1.0,PhosphoSitePlus
Q92750,P50613,unknown,Phosphorylation,1.0,Reactome
Q92753,P06239,Y,Phosphorylation,1.0,UniProt
Q92764,P08631,Y,Phosphorylation,1.0,UniProt
Q92769,P68400,unknown,Phosphorylation,100.0,PhosphoNetworks;PhosphoSitePlus
Q92769,Q96KB5,unknown,Phosphorylation,0.2,SIGNOR
Q92782,P22607,Y,Phosphorylation,1.0,UniProt
Q92783,O60674,unknown,Phosphorylation,0.617,SIGNOR
Q92783,P22607,Y,Phosphorylation,1.0,UniProt
Q92785,P24941,unknown,Phosphorylation,1.0,PhosphoSitePlus
Q92793,O15111,unknown,Phosphorylation,1.0,PhosphoSitePlus
Q92793,P17252,unknown,Phosphorylation,1.0,PhosphoSitePlus;SIGNOR
Q92793,P27361,unknown,Phosphorylation,1.0,PhosphoSitePlus
Q92793,P28482,unknown,Phosphorylation,1.0,PhosphoSitePlus
Q92793,P31749,unknown,Phosphorylation,1.0,PhosphoSitePlus
Q92793,Q05513,unknown,Phosphorylation,1.0,PhosphoSitePlus
Q92793,Q16566,unknown,Phosphorylation,1.0,PhosphoSitePlus
Q92793,Q9H2X6,unknown,Phosphorylation,0.423,SIGNOR
Q92793,Q9UBE8,unknown,Phosphorylation,0.558,SIGNOR
Q92794,P31749,unknown,Phosphorylation,1.0,PhosphoSitePlus
Q92796,P12931,unknown,Phosphorylation,1.0,Reactome
Q92796,Q15303,Y,Phosphorylation,1.0,UniProt
Q92797,Q92989,unknown,Phosphorylation,1.0,Reactome
Q92804,P50613,unknown,Phosphorylation,1.0,Reactome
Q92819,P54646,unknown,Phosphorylation,1.0,PhosphoSitePlus
Q92823,P29323,Y1276,Phosphorylation,1.0,SIGNOR;iPTMnet
Q92823,P54762,Y1276,Phosphorylation,1.0,SIGNOR;iPTMnet
Q92830,P11802,unknown,Phosphorylation,0.359,SIGNOR
Q92831,P78527,unknown,Phosphorylation,0.418,SIGNOR
Q92835,P06239,unknown,Phosphorylation,1.0,PhosphoSitePlus
Q92835,P07948,unknown,Phosphorylation,0.508,SIGNOR
Q92835,P17612,unknown,Phosphorylation,1.0,PhosphoSitePlus
Q92837,P17252,unknown,Phosphorylation,1.0,PhosphoSitePlus
Q92837,P17612,unknown,Phosphorylation,1.0,PhosphoSitePlus
Q92837,P49841,unknown,Phosphorylation,1.0,PhosphoSitePlus
Q92841,Q13882,Y,Phosphorylation,1.0,UniProt
Q92854,P04626,unknown,Phosphorylation,1.0,Reactome
Q92854,P08581,unknown,Phosphorylation,1.0,Reactome
Q92858,O60674,Y80,Phosphorylation,1.0,SIGNOR;iPTMnet
Q92870,P00533,Y,Phosphorylation,1.0,UniProt
Q92870,P06241,Y,Phosphorylation,1.0,UniProt
Q92876,P42679,Y,Phosphorylation,1.0,UniProt
Q92878,Q13315,unknown,Phosphorylation,1.0,PhosphoSitePlus
Q92879,P11802,unknown,Phosphorylation,1.0,PhosphoSitePlus
Q92879,P31749,unknown,Phosphorylation,1.0,PhosphoSitePlus
Q92879,Q00534,unknown,Phosphorylation,1.0,PhosphoSitePlus
Q92882,Q15418,unknown,Phosphorylation,1.0,PhosphoSitePlus
Q92886,Q13164,unknown,Phosphorylation,0.352,SIGNOR
Q92888,O60674,Y738,Phosphorylation,1.0,PhosphoSitePlus;SIGNOR;iPTMnet
Q92900,Q13535,unknown,Phosphorylation,0.367,SIGNOR
Q92900,Q96Q15,unknown,Phosphorylation,1.0,PhosphoSitePlus
Q92908,P27361,unknown,Phosphorylation,1.0,PhosphoSitePlus
Q92908,P28482,unknown,Phosphorylation,1.0,PhosphoSitePlus
Q92915,O60674,Y158,Phosphorylation,0.2,SIGNOR
Q92917,P17612,unknown,Phosphorylation,1.0,PhosphoSitePlus
Q92918,P00519,Y232,Phosphorylation,1.0,SIGNOR;UniProt;iPTMnet
Q92918,P06241,Y,Phosphorylation,1.0,UniProt
Q92918,P07948,Y381,Phosphorylation,1.0,iPTMnet
Q92918,P17612,unknown,Phosphorylation,1.0,PhosphoSitePlus
Q92918,P43405,Y381,Phosphorylation,100.0,PhosphoNetworks;PhosphoSitePlus;SIGNOR;iPTMnet
Q92918,Q15139,unknown,Phosphorylation,1.0,PhosphoSitePlus
Q92918,Q92918,Y381,Phosphorylation,1.0,PhosphoSitePlus;iPTMnet
Q92934,O00418,unknown,Phosphorylation,11.13,PhosphoNetworks
Q92934,O14757,unknown,Phosphorylation,0.2,SIGNOR
Q92934,O14920,unknown,Phosphorylation,0.263,SIGNOR
Q92934,O75582,unknown,Phosphorylation,1.0,PhosphoSitePlus
Q92934,O96013,unknown,Phosphorylation,7.75,PhosphoNetworks
Q92934,P04049,unknown,Phosphorylation,1.0,PhosphoSitePlus
Q92934,P06493,unknown,Phosphorylation,1.0,PhosphoSitePlus
Q92934,P10398,unknown,Phosphorylation,1.0,PhosphoSitePlus
Q92934,P11309,unknown,Phosphorylation,1.0,PhosphoSitePlus
Q92934,P15056,unknown,Phosphorylation,1.0,PhosphoSitePlus
Q92934,P17612,unknown,Phosphorylation,1.0,PhosphoNetworks;PhosphoSitePlus
Q92934,P23443,unknown,Phosphorylation,0.296,SIGNOR
Q92934,P27361,unknown,Phosphorylation,0.485,SIGNOR
Q92934,P31749,unknown,Phosphorylation,1.0,PhosphoSitePlus;Reactome
Q92934,P41743,unknown,Phosphorylation,1.0,PhosphoSitePlus
Q92934,P45983,unknown,Phosphorylation,1.0,PhosphoSitePlus;Reactome;SIGNOR
Q92934,P49760,unknown,Phosphorylation,11.55,PhosphoNetworks
Q92934,P51812,unknown,Phosphorylation,1.0,PhosphoSitePlus
Q92934,Q02156,unknown,Phosphorylation,1.0,PhosphoSitePlus
Q92934,Q04759,unknown,Phosphorylation,1.0,PhosphoSitePlus
Q92934,Q13153,unknown,Phosphorylation,1.0,PhosphoSitePlus
Q92934,Q13555,unknown,Phosphorylation,1.0,PhosphoSitePlus
Q92934,Q13976,unknown,Phosphorylation,1.0,PhosphoSitePlus
Q92934,Q15139,unknown,Phosphorylation,1.0,PhosphoSitePlus
Q92934,Q15418,unknown,Phosphorylation,100.0,PhosphoNetworks;PhosphoSitePlus
Q92934,Q15831,unknown,Phosphorylation,18.88,PhosphoNetworks
Q92934,Q16539,unknown,Phosphorylation,100.0,PhosphoNetworks
Q92934,Q59H18,unknown,Phosphorylation,1.57,PhosphoNetworks
Q92934,Q7KZI7,unknown,Phosphorylation,57.27,PhosphoNetworks
Q92934,Q86V86,unknown,Phosphorylation,1.0,PhosphoSitePlus
Q92934,Q9P1W9,unknown,Phosphorylation,1.0,PhosphoSitePlus
Q92934,Q9Y572,unknown,Phosphorylation,15.83,PhosphoNetworks
Q92945,P12931,unknown,Phosphorylation,1.0,PhosphoSitePlus
Q92945,P31749,unknown,Phosphorylation,1.0,PhosphoSitePlus;Reactome
Q92945,P31751,unknown,Phosphorylation,1.0,PhosphoSitePlus
Q92945,Q13315,unknown,Phosphorylation,1.0,PhosphoSitePlus
Q92945,Q15759,unknown,Phosphorylation,1.0,Reactome
Q92945,Q16539,unknown,Phosphorylation,1.0,PhosphoSitePlus;Reactome
Q92952,P00533,Y109,Phosphorylation,1.0,PhosphoSitePlus;SIGNOR
Q92973,P49137,unknown,Phosphorylation,1.0,Reactome
Q92974,O14757,unknown,Phosphorylation,1.0,PhosphoSitePlus
Q92974,O96013,unknown,Phosphorylation,1.0,PhosphoSitePlus;SIGNOR
Q92974,P12931,Y198,Phosphorylation,0.416,SIGNOR
Q92974,P17612,unknown,Phosphorylation,1.0,PhosphoSitePlus
Q92974,P27361,unknown,Phosphorylation,1.0,PhosphoSitePlus
Q92974,P28482,unknown,Phosphorylation,1.0,PhosphoSitePlus
Q92974,Q13153,unknown,Phosphorylation,100.0,PhosphoNetworks;PhosphoSitePlus
Q92974,Q7KZI7,unknown,Phosphorylation,1.0,PhosphoSitePlus
Q92974,Q8TD19,unknown,Phosphorylation,0.2,SIGNOR
Q92985,O15111,unknown,Phosphorylation,0.69,SIGNOR
Q92985,P51617,unknown,Phosphorylation,0.794,SIGNOR
Q92985,Q14164,unknown,Phosphorylation,1.0,PhosphoSitePlus
Q92985,Q9UHD2,unknown,Phosphorylation,1.0,PhosphoSitePlus
Q92993,O96017,unknown,Phosphorylation,1.0,Reactome
Q92993,P00519,Y294,Phosphorylation,1.0,PhosphoSitePlus;SIGNOR
Q92993,P06493,unknown,Phosphorylation,1.0,PhosphoSitePlus
Q92993,P49841,unknown,Phosphorylation,1.0,PhosphoSitePlus
Q92993,Q02156,unknown,Phosphorylation,0.364,SIGNOR
Q92993,Q16539,unknown,Phosphorylation,1.0,PhosphoSitePlus
Q92994,P53350,unknown,Phosphorylation,1.0,PhosphoSitePlus
Q92995,P49761,Y708,Phosphorylation,0.2,SIGNOR
Q92997,P19784,unknown,Phosphorylation,1.0,Reactome
Q92997,P49759,Y,Phosphorylation,1.0,UniProt
Q92997,P68400,unknown,Phosphorylation,1.0,Reactome
Q92997,P78368,unknown,Phosphorylation,1.0,Reactome
Q93009,P68400,unknown,Phosphorylation,1.0,PhosphoSitePlus
Q93034,P04626,Y,Phosphorylation,1.0,UniProt
Q93034,P17612,unknown,Phosphorylation,1.0,PhosphoSitePlus
Q93045,O96013,unknown,Phosphorylation,1.0,PhosphoSitePlus
Q93045,P45983,unknown,Phosphorylation,1.0,PhosphoSitePlus
Q93062,P08631,Y,Phosphorylation,1.0,UniProt
Q93062,P28482,unknown,Phosphorylation,1.0,PhosphoSitePlus
Q93062,P35590,Y,Phosphorylation,1.0,UniProt
Q93062,Q9P1W9,unknown,Phosphorylation,1.57,PhosphoNetworks
Q93096,P30291,unknown,Phosphorylation,0.2,SIGNOR
Q93098,P78368,unknown,Phosphorylation,1.0,Reactome
Q93100,P17612,unknown,Phosphorylation,1.0,Reactome
Q93100,P22612,unknown,Phosphorylation,1.0,Reactome
Q93100,P22694,unknown,Phosphorylation,1.0,Reactome
Q969G3,P23443,unknown,Phosphorylation,2.47,PhosphoNetworks
Q969H0,O00141,unknown,Phosphorylation,1.0,PhosphoSitePlus
Q969H0,P17252,unknown,Phosphorylation,1.0,PhosphoSitePlus
Q969H0,P27361,unknown,Phosphorylation,1.0,PhosphoSitePlus
Q969H0,P28482,unknown,Phosphorylation,1.0,PhosphoSitePlus
Q969H0,P41743,unknown,Phosphorylation,1.0,PhosphoSitePlus
Q969H0,P52333,Y,Phosphorylation,1.0,UniProt
Q969H0,Q02156,unknown,Phosphorylation,1.0,PhosphoSitePlus
Q969H0,Q9NYY3,unknown,Phosphorylation,1.0,PhosphoSitePlus
Q969R5,Q13315,unknown,Phosphorylation,0.2,SIGNOR
Q969S2,Q15831,unknown,Phosphorylation,2.25,PhosphoNetworks
Q969S3,Q99683,unknown,Phosphorylation,1.0,PhosphoSitePlus
Q969T9,P07947,Y192;Y231,Phosphorylation,1.0,PhosphoSitePlus;SIGNOR;iPTMnet
Q969T9,P12931,Y192;Y231,Phosphorylation,1.0,PhosphoSitePlus;SIGNOR;iPTMnet
Q969U6,O00444,unknown,Phosphorylation,1.0,PhosphoSitePlus
Q969V6,Q16512,unknown,Phosphorylation,0.2,SIGNOR
Q96A00,O43293,unknown,Phosphorylation,1.0,PhosphoSitePlus
Q96A00,O75116,unknown,Phosphorylation,1.0,PhosphoSitePlus
Q96A00,P17252,unknown,Phosphorylation,100.0,PhosphoNetworks;PhosphoSitePlus
Q96A00,P17612,unknown,Phosphorylation,1.0,PhosphoSitePlus
Q96A00,Q02156,unknown,Phosphorylation,1.0,PhosphoSitePlus
Q96A00,Q05513,unknown,Phosphorylation,100.0,PhosphoNetworks;PhosphoSitePlus
Q96A00,Q05655,unknown,Phosphorylation,1.0,PhosphoSitePlus
Q96A00,Q13976,unknown,Phosphorylation,1.0,PhosphoSitePlus
Q96A00,Q15139,unknown,Phosphorylation,1.0,PhosphoSitePlus
Q96A00,Q16512,unknown,Phosphorylation,1.0,Reactome
Q96A00,Q16566,unknown,Phosphorylation,100.0,PhosphoNetworks
Q96A00,Q9UQM7,unknown,Phosphorylation,1.0,PhosphoSitePlus
Q96A09,P22607,Y,Phosphorylation,1.0,UniProt
Q96A32,Q15746,unknown,Phosphorylation,1.0,Reactome
Q96A54,P25098,unknown,Phosphorylation,0.2,SIGNOR
Q96A65,P00533,Y,Phosphorylation,1.0,UniProt
Q96A72,Q92989,unknown,Phosphorylation,1.0,Reactome
Q96AC1,P12931,Y193,Phosphorylation,1.0,SIGNOR;iPTMnet
Q96AD5,Q13131,unknown,Phosphorylation,1.0,PhosphoSitePlus
Q96AE4,O43318,unknown,Phosphorylation,6.32,PhosphoNetworks
Q96AE4,P12931,unknown,Phosphorylation,1.0,PhosphoSitePlus
Q96AH0,P50613,unknown,Phosphorylation,1.0,Reactome
Q96AH0,P50750,unknown,Phosphorylation,1.0,Reactome
Q96AV8,O14757,unknown,Phosphorylation,0.39,SIGNOR
Q96AY2,P53350,unknown,Phosphorylation,0.45,SIGNOR
Q96B36,O43781,unknown,Phosphorylation,1.0,PhosphoSitePlus;SIGNOR
Q96B36,P31749,unknown,Phosphorylation,1.0,PhosphoSitePlus;Reactome
Q96B36,P31751,unknown,Phosphorylation,0.676,SIGNOR
Q96B36,P42345,unknown,Phosphorylation,1.0,PhosphoSitePlus
Q96B77,P22607,Y,Phosphorylation,1.0,UniProt
Q96B97,P00533,Y,Phosphorylation,1.0,UniProt
Q96B97,P06241,unknown,Phosphorylation,1.0,Reactome
Q96B97,P07948,unknown,Phosphorylation,1.0,Reactome
Q96BD8,P06493,unknown,Phosphorylation,1.0,Reactome
Q96BD8,P53350,unknown,Phosphorylation,1.0,Reactome
Q96BE0,P00533,Y,Phosphorylation,1.0,UniProt
Q96BI3,P06241,Y,Phosphorylation,1.0,UniProt
Q96BK5,O43318,unknown,Phosphorylation,1.57,PhosphoNetworks
Q96BK5,P06239,unknown,Phosphorylation,3.11,PhosphoNetworks
Q96BK5,P19784,unknown,Phosphorylation,1.57,PhosphoNetworks
Q96BK5,P27361,unknown,Phosphorylation,1.57,PhosphoNetworks
Q96BK5,P31749,unknown,Phosphorylation,22.21,PhosphoNetworks
Q96BK5,P34947,unknown,Phosphorylation,3.11,PhosphoNetworks
Q96BK5,P50613,unknown,Phosphorylation,4.39,PhosphoNetworks
Q96BK5,P53350,unknown,Phosphorylation,4.39,PhosphoNetworks;PhosphoSitePlus
Q96BK5,Q07912,unknown,Phosphorylation,9.14,PhosphoNetworks
Q96BK5,Q8NEB9,unknown,Phosphorylation,1.57,PhosphoNetworks
Q96BK5,Q96S53,unknown,Phosphorylation,4.39,PhosphoNetworks
Q96BK5,Q9UQM7,unknown,Phosphorylation,1.57,PhosphoNetworks
Q96BR1,O15530,unknown,Phosphorylation,1.0,PhosphoSitePlus;SIGNOR
Q96BR5,P22607,Y,Phosphorylation,1.0,UniProt
Q96BR9,P07947,Y,Phosphorylation,1.0,UniProt
Q96BR9,P51451,Y,Phosphorylation,1.0,UniProt
Q96BT3,P06493,unknown,Phosphorylation,1.0,Reactome
Q96BT3,P53350,unknown,Phosphorylation,1.0,Reactome
Q96BY7,P28482,unknown,Phosphorylation,1.0,PhosphoSitePlus
Q96C00,Q92630,Y,Phosphorylation,1.0,UniProt
Q96C10,P19525,Y,Phosphorylation,1.0,UniProt
Q96C19,P06493,unknown,Phosphorylation,1.0,PhosphoSitePlus
Q96C19,P24941,unknown,Phosphorylation,1.0,PhosphoSitePlus
Q96C36,P06493,unknown,Phosphorylation,1.0,PhosphoSitePlus
Q96C36,P24941,unknown,Phosphorylation,1.0,PhosphoSitePlus
Q96C90,O75116,unknown,Phosphorylation,1.0,PhosphoSitePlus
Q96C90,P17252,unknown,Phosphorylation,1.0,PhosphoSitePlus
Q96C90,Q05655,unknown,Phosphorylation,1.0,PhosphoSitePlus
Q96CB8,P50613,unknown,Phosphorylation,1.0,Reactome
Q96CB8,P50750,unknown,Phosphorylation,1.0,Reactome
Q96CF2,Q6PHR2,unknown,Phosphorylation,0.287,SIGNOR
Q96CF2,Q96GD4,unknown,Phosphorylation,1.0,PhosphoSitePlus
Q96CG3,Q96QP1,unknown,Phosphorylation,0.248,SIGNOR
Q96CJ1,P50750,unknown,Phosphorylation,1.0,Reactome
Q96CS2,P22607,Y,Phosphorylation,1.0,UniProt
Q96CS2,P53350,unknown,Phosphorylation,1.0,Reactome
Q96CV9,O14920,unknown,Phosphorylation,1.0,PhosphoSitePlus
Q96CV9,P53350,unknown,Phosphorylation,1.0,PhosphoSitePlus
Q96CV9,Q8NE63,unknown,Phosphorylation,1.67,PhosphoNetworks
Q96CV9,Q9UHD2,unknown,Phosphorylation,1.0,PhosphoSitePlus
Q96CW1,O75582,unknown,Phosphorylation,1.0,Reactome
Q96CW1,O75676,unknown,Phosphorylation,1.0,Reactome
Q96CW1,P00533,Y,Phosphorylation,1.0,UniProt
Q96CW1,P05129,unknown,Phosphorylation,1.0,Reactome
Q96CW1,P05771,unknown,Phosphorylation,1.0,Reactome
Q96CW1,P17252,unknown,Phosphorylation,1.0,Reactome
Q96CW1,P28482,unknown,Phosphorylation,1.0,Reactome
Q96CW1,P51812,unknown,Phosphorylation,1.0,Reactome
Q96CW1,Q15349,unknown,Phosphorylation,1.0,Reactome
Q96CW1,Q15418,unknown,Phosphorylation,1.0,Reactome
Q96CW1,Q2M2I8,unknown,Phosphorylation,1.0,PhosphoSitePlus
Q96CW1,Q9UK32,unknown,Phosphorylation,1.0,Reactome
Q96D03,P07947,Y,Phosphorylation,1.0,UniProt
Q96D03,P41240,Y,Phosphorylation,1.0,UniProt
Q96D03,P49760,Y,Phosphorylation,1.0,UniProt
Q96D03,P49761,Y,Phosphorylation,1.0,UniProt
Q96D31,P05771,unknown,Phosphorylation,1.0,PhosphoSitePlus
Q96D37,P04626,Y,Phosphorylation,1.0,UniProt
Q96D42,Q06418,Y,Phosphorylation,1.0,UniProt
Q96D96,Q05655,unknown,Phosphorylation,1.0,PhosphoSitePlus
Q96DE5,P53350,unknown,Phosphorylation,1.0,Reactome
Q96DX5,P06239,Y,Phosphorylation,1.0,UniProt
Q96E14,P33981,unknown,Phosphorylation,1.0,PhosphoSitePlus
Q96EA4,P06493,unknown,Phosphorylation,1.0,Reactome
Q96EA4,P24941,unknown,Phosphorylation,1.0,PhosphoSitePlus
Q96EA4,P53350,unknown,Phosphorylation,1.0,Reactome
Q96EB6,O43781,unknown,Phosphorylation,1.0,PhosphoSitePlus;SIGNOR
Q96EB6,P06493,unknown,Phosphorylation,1.0,PhosphoSitePlus
Q96EB6,P45983,unknown,Phosphorylation,1.0,PhosphoSitePlus
Q96EB6,P68400,unknown,Phosphorylation,1.0,PhosphoSitePlus
Q96EB6,Q13043,unknown,Phosphorylation,0.343,SIGNOR
Q96EB6,Q13131,unknown,Phosphorylation,0.397,SIGNOR
Q96EB6,Q13627,unknown,Phosphorylation,1.0,PhosphoSitePlus
Q96EB6,Q15831,unknown,Phosphorylation,0.574,SIGNOR
Q96EE3,P06493,unknown,Phosphorylation,1.0,Reactome
Q96EE3,P53350,unknown,Phosphorylation,1.0,Reactome
Q96EE3,Q8TD19,unknown,Phosphorylation,1.0,Reactome
Q96EE3,Q9HC98,unknown,Phosphorylation,1.0,Reactome
Q96EG3,P49760,Y,Phosphorylation,1.0,UniProt
Q96EP1,P42345,unknown,Phosphorylation,1.0,PhosphoSitePlus
Q96EP5,O43930,unknown,Phosphorylation,1.75,PhosphoNetworks
Q96EP5,P28482,unknown,Phosphorylation,1.0,PhosphoSitePlus
Q96EP5,Q16659,unknown,Phosphorylation,1.79,PhosphoNetworks
Q96EP5,Q8IU85,unknown,Phosphorylation,3.63,PhosphoNetworks
Q96EP5,Q92630,unknown,Phosphorylation,3.69,PhosphoNetworks
Q96EP5,Q9UEE5,unknown,Phosphorylation,6.88,PhosphoNetworks
Q96EP5,Q9Y6M4,unknown,Phosphorylation,1.6,PhosphoNetworks
Q96EW2,P22607,Y,Phosphorylation,1.0,UniProt
Q96EY1,P08581,Y,Phosphorylation,1.0,UniProt
Q96EY1,P22607,Y,Phosphorylation,1.0,UniProt
Q96EZ8,P22607,Y,Phosphorylation,1.0,UniProt
Q96F07,P00519,unknown,Phosphorylation,1.0,Reactome
Q96F07,P27361,unknown,Phosphorylation,1.0,Reactome
Q96F07,P28482,unknown,Phosphorylation,1.0,Reactome
Q96F46,P49841,unknown,Phosphorylation,0.2,SIGNOR
Q96F86,P31749,unknown,Phosphorylation,1.0,PhosphoSitePlus
Q96F86,P31751,unknown,Phosphorylation,1.0,PhosphoSitePlus
Q96FA3,P00533,Y154,Phosphorylation,0.2,SIGNOR
Q96FA3,P51617,unknown,Phosphorylation,1.0,PhosphoSitePlus
Q96FA3,Q14164,unknown,Phosphorylation,1.0,PhosphoSitePlus
Q96FA3,Q9NWZ3,unknown,Phosphorylation,1.0,PhosphoSitePlus
Q96FA3,Q9UHD2,unknown,Phosphorylation,1.0,PhosphoSitePlus
Q96FE5,P00533,Y,Phosphorylation,1.0,UniProt
Q96FF9,P06493,unknown,Phosphorylation,1.0,PhosphoSitePlus;Reactome
Q96FF9,P27361,unknown,Phosphorylation,1.0,PhosphoSitePlus
Q96FF9,P28482,unknown,Phosphorylation,1.0,PhosphoSitePlus
Q96FF9,P53350,unknown,Phosphorylation,1.0,Reactome
Q96FF9,Q15208,unknown,Phosphorylation,1.58,PhosphoNetworks
Q96FF9,Q96GD4,unknown,Phosphorylation,1.0,PhosphoSitePlus
Q96FJ2,O75385,unknown,Phosphorylation,1.0,Reactome
Q96FJ2,P06493,unknown,Phosphorylation,1.0,Reactome
Q96FJ2,P45983,unknown,Phosphorylation,1.0,Reactome
Q96FJ2,P53350,unknown,Phosphorylation,1.0,Reactome
Q96FJ2,P54646,unknown,Phosphorylation,1.0,Reactome
Q96FJ2,Q13131,unknown,Phosphorylation,1.0,Reactome
Q96FT7,P22607,Y,Phosphorylation,1.0,UniProt
Q96FV9,P42685,unknown,Phosphorylation,10.19,PhosphoNetworks
Q96FV9,Q92989,unknown,Phosphorylation,1.0,Reactome
Q96FW1,P36897,unknown,Phosphorylation,1.0,PhosphoSitePlus
Q96FW1,P68400,unknown,Phosphorylation,1.0,PhosphoSitePlus
Q96GD3,Q15759,unknown,Phosphorylation,1.0,Reactome
Q96GD3,Q16539,unknown,Phosphorylation,1.0,Reactome
Q96GD3,Q16644,unknown,Phosphorylation,1.0,Reactome
Q96GD4,O14757,unknown,Phosphorylation,1.0,PhosphoSitePlus
Q96GD4,P06493,unknown,Phosphorylation,1.0,Reactome
Q96GD4,P53350,unknown,Phosphorylation,1.0,Reactome
Q96GD4,Q13043,unknown,Phosphorylation,1.0,PhosphoSitePlus
Q96GD4,Q96GD4,unknown,Phosphorylation,1.0,PhosphoSitePlus
Q96GD4,Q99986,unknown,Phosphorylation,0.429,SIGNOR
Q96GL9,P22607,Y,Phosphorylation,1.0,UniProt
Q96GN5,P17612,unknown,Phosphorylation,3.69,PhosphoNetworks
Q96GN5,P22607,Y,Phosphorylation,1.0,UniProt
Q96GN5,P23443,unknown,Phosphorylation,1.6,PhosphoNetworks
Q96GN5,P51956,unknown,Phosphorylation,5.31,PhosphoNetworks
Q96GP6,P06241,Y,Phosphorylation,1.0,UniProt
Q96GW7,P07948,Y,Phosphorylation,1.0,UniProt
Q96GX5,P06493,unknown,Phosphorylation,1.0,Reactome
Q96GY0,P07947,Y,Phosphorylation,1.0,UniProt
Q96GY3,Q13627,unknown,Phosphorylation,1.0,Reactome
Q96H12,P22607,Y,Phosphorylation,1.0,UniProt
Q96H22,P06493,unknown,Phosphorylation,1.0,Reactome
Q96H22,P53350,unknown,Phosphorylation,1.0,Reactome
Q96H86,P49760,Y,Phosphorylation,1.0,UniProt
Q96HA1,P06493,unknown,Phosphorylation,1.0,Reactome
Q96HA1,Q8TD19,unknown,Phosphorylation,1.0,Reactome
Q96HA1,Q9HC98,unknown,Phosphorylation,1.0,Reactome
Q96HB5,P22607,Y,Phosphorylation,1.0,UniProt
Q96HC4,O15530,unknown,Phosphorylation,2.64,PhosphoNetworks
Q96HC4,Q13131,unknown,Phosphorylation,1.0,PhosphoSitePlus
Q96HC4,Q16659,unknown,Phosphorylation,1.93,PhosphoNetworks
Q96HP0,P31749,unknown,Phosphorylation,1.0,PhosphoSitePlus
Q96HW7,P50613,unknown,Phosphorylation,1.0,Reactome
Q96HW7,P50750,unknown,Phosphorylation,1.0,Reactome
Q96HZ4,P68400,unknown,Phosphorylation,1.0,PhosphoSitePlus
Q96I25,O43781,unknown,Phosphorylation,1.9,PhosphoNetworks
Q96I25,P19784,unknown,Phosphorylation,2.75,PhosphoNetworks
Q96I25,P21127,unknown,Phosphorylation,0.207,SIGNOR
Q96I25,P28482,unknown,Phosphorylation,1.0,PhosphoSitePlus
Q96I25,P30291,unknown,Phosphorylation,1.56,PhosphoNetworks
Q96I25,P49759,unknown,Phosphorylation,1.0,PhosphoSitePlus
Q96I25,P68400,unknown,Phosphorylation,16.11,PhosphoNetworks
Q96I25,Q9UEE5,unknown,Phosphorylation,2.55,PhosphoNetworks
Q96I34,P22607,Y,Phosphorylation,1.0,UniProt
Q96IF1,Q13153,unknown,Phosphorylation,1.0,PhosphoSitePlus;SIGNOR
Q96II5,P36507,Y,Phosphorylation,1.0,UniProt
Q96II8,P24941,unknown,Phosphorylation,1.0,PhosphoSitePlus
Q96IP4,P43405,Y,Phosphorylation,1.0,UniProt
Q96IQ9,Q9UEE5,unknown,Phosphorylation,1.93,PhosphoNetworks
Q96IT1,P51957,unknown,Phosphorylation,1.93,PhosphoNetworks
Q96IU2,P49674,unknown,Phosphorylation,1.0,PhosphoSitePlus
Q96IU2,P49841,unknown,Phosphorylation,1.0,PhosphoSitePlus
Q96IW2,P08581,Y,Phosphorylation,1.0,UniProt
Q96IY1,P06493,unknown,Phosphorylation,1.0,Reactome
Q96IY1,P53350,unknown,Phosphorylation,1.0,Reactome
Q96IZ0,P31749,unknown,Phosphorylation,0.392,SIGNOR
Q96IZ0,P68400,unknown,Phosphorylation,1.0,PhosphoSitePlus
Q96J01,Q92989,unknown,Phosphorylation,1.0,Reactome
Q96J02,P06241,unknown,Phosphorylation,100.0,PhosphoNetworks;PhosphoSitePlus
Q96J02,P17612,unknown,Phosphorylation,1.0,PhosphoSitePlus
Q96J02,P41240,unknown,Phosphorylation,0.2,SIGNOR
Q96J02,P45983,unknown,Phosphorylation,1.0,PhosphoSitePlus;SIGNOR
Q96J02,P68400,unknown,Phosphorylation,1.0,PhosphoSitePlus
Q96J02,Q15303,Y,Phosphorylation,1.0,UniProt
Q96J02,Q96BR1,unknown,Phosphorylation,1.0,PhosphoSitePlus
Q96J84,P06241,Y572;Y605;Y606;Y622,Phosphorylation,1.0,SIGNOR;iPTMnet
Q96J92,O00141,unknown,Phosphorylation,1.0,PhosphoSitePlus
Q96J92,P12931,Y1113;Y1115;Y1164,Phosphorylation,1.0,PhosphoSitePlus;SIGNOR
Q96J92,Q96J92,unknown,Phosphorylation,1.0,PhosphoSitePlus
Q96JA1,P00533,Y,Phosphorylation,1.0,UniProt
Q96JA1,P04626,Y,Phosphorylation,1.0,UniProt
Q96JA1,P21860,Y,Phosphorylation,1.0,UniProt
Q96JA1,Q15303,Y,Phosphorylation,1.0,UniProt
Q96JB6,P22607,Y,Phosphorylation,1.0,UniProt
Q96JC1,Q86SG6,unknown,Phosphorylation,1.67,PhosphoNetworks
Q96JC9,P50750,unknown,Phosphorylation,1.0,Reactome
Q96JH7,P06493,unknown,Phosphorylation,1.0,PhosphoSitePlus;Reactome
Q96JL9,P22607,Y,Phosphorylation,1.0,UniProt
Q96JY6,P17252,unknown,Phosphorylation,1.0,PhosphoSitePlus
Q96JZ2,P10721,Y,Phosphorylation,1.0,UniProt
Q96KB5,P06493,unknown,Phosphorylation,1.0,PhosphoSitePlus
Q96KB5,P12931,Y272;Y74,Phosphorylation,1.0,SIGNOR;iPTMnet
Q96KB5,P28482,unknown,Phosphorylation,0.283,SIGNOR
Q96KG7,P12931,unknown,Phosphorylation,1.0,PhosphoSitePlus;SIGNOR
Q96KQ7,P42345,unknown,Phosphorylation,1.0,PhosphoSitePlus
Q96KR7,Q00535,unknown,Phosphorylation,1.0,PhosphoSitePlus
Q96KS0,P17252,unknown,Phosphorylation,1.0,PhosphoSitePlus
Q96L34,P07948,Y,Phosphorylation,1.0,UniProt
Q96L34,Q15831,unknown,Phosphorylation,100.0,PhosphoNetworks;PhosphoSitePlus
Q96L91,P11802,unknown,Phosphorylation,1.56,PhosphoNetworks
Q96LA8,P68400,unknown,Phosphorylation,1.7,PhosphoNetworks
Q96LC7,P06239,Y597;Y667;Y691,Phosphorylation,100.0,PhosphoNetworks;PhosphoSitePlus;SIGNOR;iPTMnet
Q96LC7,P06241,unknown,Phosphorylation,1.0,PhosphoSitePlus
Q96LC7,P52333,Y597;Y667;Y691,Phosphorylation,1.0,PhosphoSitePlus;SIGNOR;iPTMnet
Q96LC7,Q08881,Y597;Y667,Phosphorylation,100.0,PhosphoNetworks;PhosphoSitePlus;SIGNOR;iPTMnet
Q96LC9,P28482,unknown,Phosphorylation,1.0,PhosphoSitePlus
Q96LC9,P45983,unknown,Phosphorylation,1.0,PhosphoSitePlus;Reactome;SIGNOR
Q96LL4,P22607,Y,Phosphorylation,1.0,UniProt
Q96LL9,P28482,unknown,Phosphorylation,1.0,PhosphoSitePlus
Q96LR2,P22607,Y,Phosphorylation,1.0,UniProt
Q96LX8,P51957,unknown,Phosphorylation,1.93,PhosphoNetworks
Q96MF7,P22607,Y,Phosphorylation,1.0,UniProt
Q96MS0,P12931,unknown,Phosphorylation,1.0,Reactome
Q96MS0,P17252,unknown,Phosphorylation,1.0,PhosphoSitePlus
Q96MT8,P53350,unknown,Phosphorylation,1.0,Reactome
Q96MU7,P00519,unknown,Phosphorylation,0.304,SIGNOR
Q96MU7,P49760,Y,Phosphorylation,1.0,UniProt
Q96N16,P07947,Y,Phosphorylation,1.0,UniProt
Q96N16,P51451,Y,Phosphorylation,1.0,UniProt
Q96N21,P08631,Y,Phosphorylation,1.0,UniProt
Q96N67,P04626,Y1257,Phosphorylation,1.0,PhosphoSitePlus;SIGNOR;iPTMnet
Q96N95,P49759,unknown,Phosphorylation,5.31,PhosphoNetworks
Q96N95,Q13153,unknown,Phosphorylation,4.37,PhosphoNetworks
Q96N95,Q9H1R3,unknown,Phosphorylation,1.6,PhosphoNetworks
Q96N95,Q9HCP0,unknown,Phosphorylation,1.6,PhosphoNetworks
Q96NC0,P49759,unknown,Phosphorylation,2.55,PhosphoNetworks
Q96NC0,Q13523,unknown,Phosphorylation,1.0,Reactome
Q96NG5,P49760,Y,Phosphorylation,1.0,UniProt
Q96NM4,P08631,Y,Phosphorylation,1.0,UniProt
Q96NT3,Q13163,Y,Phosphorylation,1.0,UniProt
Q96NW7,P12931,unknown,Phosphorylation,1.0,Reactome
Q96P20,P07948,Y918,Phosphorylation,0.291,SIGNOR
Q96P20,P19525,Y,Phosphorylation,1.0,UniProt
Q96P20,P45983,unknown,Phosphorylation,0.371,SIGNOR
Q96P20,Q13153,unknown,Phosphorylation,0.2,SIGNOR
Q96P20,Q15139,unknown,Phosphorylation,0.333,SIGNOR
Q96P20,Q8N4C8,unknown,Phosphorylation,0.2,SIGNOR
Q96P31,P12931,unknown,Phosphorylation,1.0,PhosphoSitePlus
Q96P48,Q13882,Y231,Phosphorylation,1.0,PhosphoSitePlus;SIGNOR;iPTMnet
Q96P70,Q13315,unknown,Phosphorylation,0.2,SIGNOR
Q96PD2,P00519,unknown,Phosphorylation,0.2,SIGNOR
Q96PE2,P28482,unknown,Phosphorylation,1.0,PhosphoSitePlus
Q96PE2,P33981,unknown,Phosphorylation,0.2,SIGNOR
Q96PG8,P04626,unknown,Phosphorylation,0.282,SIGNOR
Q96PH1,P00519,unknown,Phosphorylation,0.304,SIGNOR
Q96PH1,P05771,unknown,Phosphorylation,1.0,PhosphoSitePlus
Q96PH1,P17252,unknown,Phosphorylation,1.0,PhosphoSitePlus
Q96PH1,P28482,unknown,Phosphorylation,1.0,PhosphoSitePlus
Q96PH1,Q9UQM7,unknown,Phosphorylation,1.0,PhosphoSitePlus
Q96PK6,O14757,unknown,Phosphorylation,1.0,PhosphoSitePlus
Q96PK6,Q96GD4,unknown,Phosphorylation,1.0,PhosphoSitePlus
Q96PM5,P17612,unknown,Phosphorylation,2.21,PhosphoNetworks
Q96PM5,P23443,unknown,Phosphorylation,2.25,PhosphoNetworks
Q96PM5,P37173,unknown,Phosphorylation,4.57,PhosphoNetworks
Q96PM5,P45983,unknown,Phosphorylation,12.84,PhosphoNetworks
Q96PM5,P49759,unknown,Phosphorylation,4.27,PhosphoNetworks
Q96PM5,P50613,unknown,Phosphorylation,65.13,PhosphoNetworks
Q96PM5,P50750,unknown,Phosphorylation,1.0,PhosphoSitePlus
Q96PM5,P51813,unknown,Phosphorylation,19.64,PhosphoNetworks
Q96PM5,Q59H18,unknown,Phosphorylation,2.97,PhosphoNetworks
Q96PM5,Q8N2I9,unknown,Phosphorylation,2.25,PhosphoNetworks
Q96PM5,Q9UEE5,unknown,Phosphorylation,7.01,PhosphoNetworks
Q96PM5,Q9UHD2,unknown,Phosphorylation,2.25,PhosphoNetworks
Q96PM5,Q9UQM7,unknown,Phosphorylation,1.0,PhosphoSitePlus
Q96PN8,O15530,unknown,Phosphorylation,1.0,PhosphoSitePlus
Q96PN8,Q96PN8,unknown,Phosphorylation,1.0,PhosphoSitePlus
Q96PQ6,P49760,Y,Phosphorylation,1.0,UniProt
Q96PU5,O00141,unknown,Phosphorylation,1.0,PhosphoSitePlus;SIGNOR
Q96PU5,P17612,unknown,Phosphorylation,1.0,PhosphoSitePlus
Q96PU5,Q96BR1,unknown,Phosphorylation,0.447,SIGNOR
Q96PU8,P08631,unknown,Phosphorylation,15.18,PhosphoNetworks
Q96PU8,P09769,unknown,Phosphorylation,12.84,PhosphoNetworks
Q96PU8,P11802,unknown,Phosphorylation,2.28,PhosphoNetworks
Q96PV0,Q00535,unknown,Phosphorylation,0.386,SIGNOR
Q96PX1,P24941,unknown,Phosphorylation,0.285,SIGNOR
Q96PX8,P68400,unknown,Phosphorylation,1.0,PhosphoSitePlus
Q96PY5,P17252,unknown,Phosphorylation,0.2,SIGNOR
Q96Q05,P48730,unknown,Phosphorylation,1.0,Reactome
Q96Q27,P27361,unknown,Phosphorylation,1.0,PhosphoSitePlus
Q96Q27,P28482,unknown,Phosphorylation,1.0,PhosphoSitePlus
Q96Q35,P07947,Y,Phosphorylation,1.0,UniProt
Q96Q35,P51451,Y,Phosphorylation,1.0,UniProt
Q96Q42,Q96PY6,Y,Phosphorylation,1.0,UniProt
Q96Q89,P06493,unknown,Phosphorylation,1.0,PhosphoSitePlus
Q96QB1,P17612,unknown,Phosphorylation,1.0,PhosphoSitePlus
Q96QB1,Q00535,unknown,Phosphorylation,0.2,SIGNOR
Q96QB1,Q15139,unknown,Phosphorylation,1.0,PhosphoSitePlus
Q96QC0,O60285,unknown,Phosphorylation,0.2,SIGNOR
Q96QD9,O14757,unknown,Phosphorylation,1.0,PhosphoSitePlus
Q96QF0,Q15208,unknown,Phosphorylation,1.0,PhosphoSitePlus
Q96QF0,Q9Y2H1,unknown,Phosphorylation,1.0,PhosphoSitePlus
Q96QT4,Q96QT4,unknown,Phosphorylation,1.0,PhosphoSitePlus
Q96QT4,Q9BX84,unknown,Phosphorylation,0.498,SIGNOR
Q96QU1,P11362,unknown,Phosphorylation,0.2,SIGNOR
Q96R06,P49841,unknown,Phosphorylation,1.0,PhosphoSitePlus
Q96R06,P53350,unknown,Phosphorylation,0.394,SIGNOR
Q96RD6,Q15208,unknown,Phosphorylation,1.0,PhosphoSitePlus
Q96RD7,P12931,Y199,Phosphorylation,0.381,SIGNOR
Q96RG2,Q96RG2,unknown,Phosphorylation,1.0,PhosphoSitePlus
Q96RI1,P17252,unknown,Phosphorylation,1.0,PhosphoSitePlus
Q96RI1,Q05513,unknown,Phosphorylation,1.0,PhosphoSitePlus
Q96RK0,P24941,unknown,Phosphorylation,1.0,PhosphoSitePlus
Q96RK0,P27361,unknown,Phosphorylation,1.0,PhosphoSitePlus
Q96RK0,P28482,unknown,Phosphorylation,1.0,PhosphoSitePlus
Q96RK0,P51812,unknown,Phosphorylation,1.0,PhosphoSitePlus
Q96RK0,Q15418,unknown,Phosphorylation,1.0,PhosphoSitePlus
Q96RL1,O14757,unknown,Phosphorylation,1.0,PhosphoSitePlus
Q96RL1,O96017,unknown,Phosphorylation,1.0,Reactome
Q96RL1,P06493,unknown,Phosphorylation,1.0,PhosphoSitePlus
Q96RL1,Q13315,unknown,Phosphorylation,1.0,PhosphoSitePlus
Q96RL1,Q13535,unknown,Phosphorylation,1.0,PhosphoSitePlus
Q96RR4,P53355,unknown,Phosphorylation,1.0,PhosphoSitePlus
Q96RS0,P28482,unknown,Phosphorylation,1.0,PhosphoSitePlus
Q96RU2,Q13315,unknown,Phosphorylation,1.0,PhosphoSitePlus;SIGNOR
Q96S44,P31749,unknown,Phosphorylation,1.0,PhosphoSitePlus
Q96S59,P08581,Y,Phosphorylation,1.0,UniProt
Q96S59,Q13315,unknown,Phosphorylation,0.438,SIGNOR
Q96S94,Q13627,unknown,Phosphorylation,1.0,PhosphoSitePlus
Q96SB3,P17612,unknown,Phosphorylation,1.0,PhosphoSitePlus
Q96SB3,P28482,unknown,Phosphorylation,1.0,PhosphoSitePlus
Q96SB3,Q00535,unknown,Phosphorylation,1.0,PhosphoSitePlus
Q96SB4,P19784,unknown,Phosphorylation,1.0,PhosphoSitePlus
Q96SB4,P49759,unknown,Phosphorylation,50.32,PhosphoNetworks
Q96SB4,P53671,unknown,Phosphorylation,0.2,SIGNOR
Q96SB4,P68400,unknown,Phosphorylation,100.0,PhosphoNetworks;PhosphoSitePlus
Q96SB4,Q05397,Y,Phosphorylation,1.0,UniProt
Q96SB4,Q96SB4,unknown,Phosphorylation,1.0,PhosphoSitePlus
Q96SD1,P78527,unknown,Phosphorylation,1.0,PhosphoSitePlus
Q96SD1,Q13315,unknown,Phosphorylation,1.0,PhosphoSitePlus
Q96SD1,Q13535,unknown,Phosphorylation,1.0,PhosphoSitePlus
Q96SN8,P53350,unknown,Phosphorylation,1.0,Reactome
Q96SQ5,P42681,Y,Phosphorylation,1.0,UniProt
Q96ST2,Q16539,unknown,Phosphorylation,1.0,PhosphoSitePlus
Q96ST3,O14757,unknown,Phosphorylation,1.0,PhosphoSitePlus
Q96SU4,P05771,unknown,Phosphorylation,1.0,PhosphoSitePlus
Q96SY0,P50613,unknown,Phosphorylation,1.0,Reactome
Q96SY0,P50750,unknown,Phosphorylation,1.0,Reactome
Q96T51,P51813,Y389;Y400,Phosphorylation,100.0,PhosphoNetworks;PhosphoSitePlus;Reactome;iPTMnet
Q96T58,O14757,unknown,Phosphorylation,1.0,PhosphoSitePlus
Q96T58,Q13153,unknown,Phosphorylation,1.0,PhosphoSitePlus
Q96T60,P22607,Y,Phosphorylation,1.0,UniProt
Q96T60,Q13315,unknown,Phosphorylation,1.0,PhosphoSitePlus
Q96T88,P06493,unknown,Phosphorylation,1.0,PhosphoSitePlus
Q96T88,P17612,unknown,Phosphorylation,1.0,PhosphoSitePlus
Q96T88,P24941,unknown,Phosphorylation,1.0,PhosphoSitePlus
Q96T88,P48730,unknown,Phosphorylation,1.0,PhosphoSitePlus
Q96TA1,P00533,Y593,Phosphorylation,0.2,SIGNOR
Q96TA1,P15056,unknown,Phosphorylation,0.2,SIGNOR
Q96TC7,P12931,unknown,Phosphorylation,1.0,PhosphoSitePlus
Q99062,P08631,Y752;Y779;Y787;Y814,Phosphorylation,1.0,iPTMnet
Q99075,P00533,Y,Phosphorylation,1.0,UniProt
Q99075,P22607,Y,Phosphorylation,1.0,UniProt
Q99075,Q15303,Y,Phosphorylation,1.0,UniProt
Q99259,P17612,unknown,Phosphorylation,1.0,PhosphoSitePlus
Q99418,P17252,unknown,Phosphorylation,1.0,PhosphoSitePlus
Q99418,P31749,unknown,Phosphorylation,1.0,PhosphoSitePlus
Q99426,Q13153,unknown,Phosphorylation,1.0,PhosphoSitePlus
Q99439,P12931,unknown,Phosphorylation,1.0,PhosphoSitePlus
Q99459,O00311,unknown,Phosphorylation,0.346,SIGNOR
Q99459,O96017,unknown,Phosphorylation,0.305,SIGNOR
Q99459,P06493,unknown,Phosphorylation,0.621,SIGNOR
Q99459,P24941,unknown,Phosphorylation,1.0,PhosphoSitePlus
Q99460,Q16539,unknown,Phosphorylation,1.0,PhosphoSitePlus
Q99466,P31749,unknown,Phosphorylation,1.0,Reactome
Q99469,P22607,Y,Phosphorylation,1.0,UniProt
Q99471,O75716,unknown,Phosphorylation,12.84,PhosphoNetworks
Q99471,Q13163,Y,Phosphorylation,1.0,UniProt
Q99471,Q15831,unknown,Phosphorylation,2.21,PhosphoNetworks
Q99490,P06213,Y,Phosphorylation,1.0,UniProt
Q99490,P06241,Y1038;Y1130;Y682;Y774,Phosphorylation,1.0,PhosphoSitePlus;SIGNOR;iPTMnet
Q99490,P31749,unknown,Phosphorylation,1.0,PhosphoSitePlus
Q99490,Q00535,unknown,Phosphorylation,1.0,PhosphoSitePlus
Q99496,Q15759,unknown,Phosphorylation,1.0,Reactome
Q99496,Q16539,unknown,Phosphorylation,1.0,Reactome
Q99496,Q16644,unknown,Phosphorylation,1.0,Reactome
Q99497,P06241,Y,Phosphorylation,1.0,UniProt
Q99497,Q15349,unknown,Phosphorylation,2.25,PhosphoNetworks
Q99497,Q8IW41,unknown,Phosphorylation,0.469,SIGNOR
Q99497,Q92630,unknown,Phosphorylation,2.21,PhosphoNetworks
Q99497,Q9UEE5,unknown,Phosphorylation,5.31,PhosphoNetworks
Q99502,Q13315,unknown,Phosphorylation,1.0,Reactome
Q99504,P24941,unknown,Phosphorylation,1.0,PhosphoSitePlus
Q99504,Q13315,unknown,Phosphorylation,1.0,PhosphoSitePlus
Q99523,P04629,Y,Phosphorylation,1.0,UniProt
Q99523,Q16288,Y,Phosphorylation,1.0,UniProt
Q99541,P35790,Y232,Phosphorylation,1.0,SIGNOR;iPTMnet
Q99541,P54646,unknown,Phosphorylation,1.0,Reactome
Q99550,Q6IQ55,unknown,Phosphorylation,0.2,SIGNOR
Q99558,P41279,unknown,Phosphorylation,100.0,PhosphoNetworks;Reactome
Q99558,Q99558,unknown,Phosphorylation,0.2,SIGNOR
Q99558,Q9UHD2,unknown,Phosphorylation,0.368,SIGNOR
Q99567,P06493,unknown,Phosphorylation,1.0,Reactome
Q99567,Q8TD19,unknown,Phosphorylation,1.0,Reactome
Q99567,Q9HC98,unknown,Phosphorylation,1.0,Reactome
Q99570,O75385,unknown,Phosphorylation,1.0,Reactome
Q99570,P54646,unknown,Phosphorylation,1.0,Reactome
Q99570,Q13131,unknown,Phosphorylation,1.0,Reactome
Q99576,O14920,unknown,Phosphorylation,2.84,PhosphoNetworks
Q99576,P06239,unknown,Phosphorylation,3.11,PhosphoNetworks
Q99576,P06241,unknown,Phosphorylation,9.14,PhosphoNetworks
Q99576,P11309,unknown,Phosphorylation,1.85,PhosphoNetworks
Q99576,P28482,unknown,Phosphorylation,4.26,PhosphoNetworks
Q99576,P52564,unknown,Phosphorylation,1.57,PhosphoNetworks
Q99581,P49760,unknown,Phosphorylation,1.9,PhosphoNetworks
Q99581,Q08345,unknown,Phosphorylation,1.93,PhosphoNetworks
Q99581,Q96GD4,unknown,Phosphorylation,1.9,PhosphoNetworks
Q99590,O14757,unknown,Phosphorylation,1.0,PhosphoSitePlus
Q99598,P22607,Y,Phosphorylation,1.0,UniProt
Q99598,Q15831,unknown,Phosphorylation,2.25,PhosphoNetworks
Q99607,P24941,unknown,Phosphorylation,1.0,PhosphoSitePlus
Q99607,P45983,unknown,Phosphorylation,1.0,PhosphoSitePlus
Q99607,Q13315,unknown,Phosphorylation,0.351,SIGNOR
Q99607,Q9UHD2,unknown,Phosphorylation,0.362,SIGNOR
Q99612,P49841,unknown,Phosphorylation,0.2,SIGNOR
Q99623,O00238,unknown,Phosphorylation,4.57,PhosphoNetworks
Q99623,O43930,unknown,Phosphorylation,1.75,PhosphoNetworks
Q99623,P11802,unknown,Phosphorylation,115.78,PhosphoNetworks
Q99623,P23443,unknown,Phosphorylation,20.02,PhosphoNetworks
Q99623,P30291,unknown,Phosphorylation,4.27,PhosphoNetworks
Q99623,P49760,unknown,Phosphorylation,4.27,PhosphoNetworks
Q99623,Q00535,unknown,Phosphorylation,24.59,PhosphoNetworks
Q99623,Q08345,unknown,Phosphorylation,2.28,PhosphoNetworks
Q99623,Q13153,unknown,Phosphorylation,40.66,PhosphoNetworks
Q99623,Q16566,unknown,Phosphorylation,1.0,PhosphoSitePlus
Q99623,Q8IU85,unknown,Phosphorylation,2.25,PhosphoNetworks
Q99623,Q96GD4,unknown,Phosphorylation,4.27,PhosphoNetworks
Q99623,Q96SB4,unknown,Phosphorylation,2.97,PhosphoNetworks
Q99626,P24941,unknown,Phosphorylation,1.0,PhosphoSitePlus
Q99626,P49841,unknown,Phosphorylation,1.0,PhosphoSitePlus
Q99626,Q16539,unknown,Phosphorylation,1.0,PhosphoSitePlus
Q99638,O14757,unknown,Phosphorylation,0.674,SIGNOR
Q99638,P00519,Y28,Phosphorylation,1.0,PhosphoSitePlus;SIGNOR;iPTMnet
Q99638,P06493,unknown,Phosphorylation,1.0,PhosphoSitePlus
Q99638,P24941,unknown,Phosphorylation,1.0,PhosphoSitePlus
Q99638,P68400,unknown,Phosphorylation,1.0,PhosphoSitePlus
Q99638,Q13315,unknown,Phosphorylation,1.0,PhosphoSitePlus
Q99638,Q9UKI8,unknown,Phosphorylation,1.0,PhosphoSitePlus
Q99640,P06493,unknown,Phosphorylation,0.75,SIGNOR
Q99640,P45983,unknown,Phosphorylation,0.334,SIGNOR
Q99640,P53350,unknown,Phosphorylation,100.0,PhosphoNetworks;PhosphoSitePlus;Reactome
Q99650,P23458,Y,Phosphorylation,1.0,UniProt
Q99661,P06493,unknown,Phosphorylation,1.0,PhosphoSitePlus;Reactome
Q99661,P53350,unknown,Phosphorylation,1.0,Reactome;SIGNOR
Q99661,Q13153,unknown,Phosphorylation,1.0,PhosphoSitePlus
Q99661,Q96GD4,unknown,Phosphorylation,100.0,PhosphoNetworks;PhosphoSitePlus
Q99676,P11802,unknown,Phosphorylation,1.93,PhosphoNetworks
Q99683,O15530,unknown,Phosphorylation,1.0,PhosphoSitePlus
Q99683,O60674,Y718,Phosphorylation,1.0,PhosphoSitePlus;SIGNOR;iPTMnet
Q99683,O95382,unknown,Phosphorylation,1.0,PhosphoSitePlus
Q99683,P11309,unknown,Phosphorylation,1.0,PhosphoSitePlus
Q99683,P23458,unknown,Phosphorylation,1.0,PhosphoSitePlus
Q99683,P31749,unknown,Phosphorylation,1.0,PhosphoSitePlus
Q99683,P31751,unknown,Phosphorylation,1.0,PhosphoSitePlus
Q99683,P46734,Y,Phosphorylation,1.0,UniProt
Q99683,P51812,unknown,Phosphorylation,1.0,PhosphoSitePlus
Q99683,Q13627,unknown,Phosphorylation,0.394,SIGNOR
Q99683,Q14289,unknown,Phosphorylation,100.0,PhosphoNetworks
Q99683,Q14680,unknown,Phosphorylation,1.0,PhosphoSitePlus;SIGNOR
Q99683,Q99683,unknown,Phosphorylation,1.0,PhosphoSitePlus
Q99683,Q9H2G2,unknown,Phosphorylation,0.254,SIGNOR
Q99689,Q96PY6,Y,Phosphorylation,1.0,UniProt
Q99697,P31751,unknown,Phosphorylation,1.0,PhosphoSitePlus
Q99704,O14920,unknown,Phosphorylation,1.0,PhosphoSitePlus
Q99704,P00519,Y362,Phosphorylation,1.0,PhosphoSitePlus;iPTMnet
Q99704,P04626,Y,Phosphorylation,1.0,UniProt
Q99704,P06213,Y362;Y398,Phosphorylation,1.0,PhosphoSitePlus;iPTMnet
Q99704,P06239,Y174,Phosphorylation,1.0,SIGNOR;iPTMnet
Q99704,P07949,Y398,Phosphorylation,1.0,PhosphoSitePlus;iPTMnet
Q99704,P12931,unknown,Phosphorylation,1.0,PhosphoSitePlus
Q99704,P23443,unknown,Phosphorylation,3.68,PhosphoNetworks
Q99704,P29597,unknown,Phosphorylation,1.57,PhosphoNetworks
Q99704,Q13882,Y362,Phosphorylation,1.0,SIGNOR;iPTMnet
Q99704,Q14289,unknown,Phosphorylation,4.1,PhosphoNetworks
Q99704,Q9H3Y6,Y,Phosphorylation,1.0,SIGNOR;UniProt
Q99704,Q9UHD2,unknown,Phosphorylation,2.84,PhosphoNetworks
Q99704,Q9Y4K4,unknown,Phosphorylation,2.84,PhosphoNetworks
Q99708,P24941,unknown,Phosphorylation,1.0,PhosphoSitePlus
Q99708,P53350,unknown,Phosphorylation,0.348,SIGNOR
Q99708,Q13315,unknown,Phosphorylation,1.0,PhosphoSitePlus
Q99708,Q13535,unknown,Phosphorylation,1.0,PhosphoSitePlus
Q99714,P07948,unknown,Phosphorylation,20.11,PhosphoNetworks
Q99715,Q05397,unknown,Phosphorylation,1.0,Reactome
Q99715,Q14289,unknown,Phosphorylation,1.0,Reactome
Q99717,O00238,unknown,Phosphorylation,0.683,SIGNOR
Q99717,P36894,unknown,Phosphorylation,0.691,SIGNOR
Q99717,Q04771,unknown,Phosphorylation,0.76,SIGNOR
Q99717,Q13464,unknown,Phosphorylation,0.306,SIGNOR
Q99728,O96017,unknown,Phosphorylation,1.0,Reactome
Q99728,P06493,unknown,Phosphorylation,1.0,PhosphoSitePlus
Q99728,P24941,unknown,Phosphorylation,1.0,PhosphoSitePlus;SIGNOR
Q99741,P24941,unknown,Phosphorylation,1.0,PhosphoSitePlus;Reactome
Q99741,P53350,unknown,Phosphorylation,1.0,PhosphoSitePlus
Q99741,Q13535,unknown,Phosphorylation,1.0,Reactome
Q99743,P22607,Y,Phosphorylation,1.0,UniProt
Q99750,O00238,unknown,Phosphorylation,69.7,PhosphoNetworks
Q99750,O43318,unknown,Phosphorylation,16.93,PhosphoNetworks
Q99750,O43930,unknown,Phosphorylation,1.75,PhosphoNetworks
Q99750,O76039,unknown,Phosphorylation,7.01,PhosphoNetworks
Q99750,P06241,unknown,Phosphorylation,4.57,PhosphoNetworks
Q99750,P17612,unknown,Phosphorylation,2.21,PhosphoNetworks
Q99750,P22455,unknown,Phosphorylation,4.57,PhosphoNetworks
Q99750,P27361,unknown,Phosphorylation,12.61,PhosphoNetworks
Q99750,P31749,unknown,Phosphorylation,2.67,PhosphoNetworks
Q99750,P42679,unknown,Phosphorylation,15.18,PhosphoNetworks
Q99750,P45984,unknown,Phosphorylation,12.61,PhosphoNetworks
Q99750,P49760,unknown,Phosphorylation,4.19,PhosphoNetworks
Q99750,P50613,unknown,Phosphorylation,50.32,PhosphoNetworks
Q99750,P50750,unknown,Phosphorylation,65.13,PhosphoNetworks
Q99750,P78362,unknown,Phosphorylation,2.25,PhosphoNetworks
Q99750,Q00534,unknown,Phosphorylation,2.91,PhosphoNetworks
Q99750,Q00535,unknown,Phosphorylation,1.58,PhosphoNetworks
Q99750,Q05397,unknown,Phosphorylation,12.84,PhosphoNetworks
Q99750,Q06418,Y,Phosphorylation,1.0,UniProt
Q99750,Q07912,unknown,Phosphorylation,4.57,PhosphoNetworks
Q99750,Q08345,unknown,Phosphorylation,3.24,PhosphoNetworks
Q99750,Q13043,unknown,Phosphorylation,2.91,PhosphoNetworks
Q99750,Q13153,unknown,Phosphorylation,2.62,PhosphoNetworks
Q99750,Q13976,unknown,Phosphorylation,4.46,PhosphoNetworks
Q99750,Q59H18,unknown,Phosphorylation,2.25,PhosphoNetworks
Q99750,Q8IW41,unknown,Phosphorylation,2.91,PhosphoNetworks
Q99750,Q8TD19,unknown,Phosphorylation,2.91,PhosphoNetworks
Q99750,Q96GD4,unknown,Phosphorylation,3.18,PhosphoNetworks
Q99750,Q96SB4,unknown,Phosphorylation,2.25,PhosphoNetworks
Q99750,Q9Y463,unknown,Phosphorylation,4.19,PhosphoNetworks
Q99750,Q9Y6E0,unknown,Phosphorylation,19.64,PhosphoNetworks
Q99759,O00141,unknown,Phosphorylation,1.0,PhosphoSitePlus
Q99759,P46734,unknown,Phosphorylation,1.0,PhosphoSitePlus
Q99759,Q13163,Y,Phosphorylation,1.0,UniProt
Q99798,P09769,Y544;Y665;Y71,Phosphorylation,1.0,iPTMnet
Q99801,P11309,unknown,Phosphorylation,1.0,PhosphoSitePlus
Q99801,P17252,unknown,Phosphorylation,1.0,PhosphoSitePlus
Q99801,P19784,unknown,Phosphorylation,1.0,PhosphoSitePlus
Q99801,Q13315,unknown,Phosphorylation,1.0,PhosphoSitePlus;SIGNOR
Q99801,Q9Y463,unknown,Phosphorylation,1.0,PhosphoSitePlus
Q99808,P17252,unknown,Phosphorylation,1.0,PhosphoSitePlus
Q99808,Q05655,unknown,Phosphorylation,1.0,PhosphoSitePlus
Q99814,O15530,unknown,Phosphorylation,1.0,PhosphoSitePlus
Q99828,Q9BZL6,unknown,Phosphorylation,1.0,PhosphoSitePlus
Q99835,P25098,unknown,Phosphorylation,0.2,SIGNOR
Q99835,P48729,unknown,Phosphorylation,0.523,SIGNOR
Q99836,P12931,Y58,Phosphorylation,0.447,SIGNOR
Q99848,O14757,unknown,Phosphorylation,1.0,PhosphoSitePlus
Q99856,O75676,unknown,Phosphorylation,3.18,PhosphoNetworks
Q99856,P17612,unknown,Phosphorylation,34.96,PhosphoNetworks
Q99856,P22455,unknown,Phosphorylation,4.57,PhosphoNetworks
Q99856,P23443,unknown,Phosphorylation,15.18,PhosphoNetworks
Q99856,P43405,unknown,Phosphorylation,18.2,PhosphoNetworks
Q99856,P49760,unknown,Phosphorylation,3.24,PhosphoNetworks
Q99856,P51956,unknown,Phosphorylation,3.18,PhosphoNetworks
Q99856,P54646,unknown,Phosphorylation,3.18,PhosphoNetworks
Q99856,Q05513,unknown,Phosphorylation,17.86,PhosphoNetworks
Q99856,Q05655,unknown,Phosphorylation,2.25,PhosphoNetworks
Q99856,Q06187,Y,Phosphorylation,1.0,UniProt
Q99856,Q59H18,unknown,Phosphorylation,2.25,PhosphoNetworks
Q99856,Q9UEE5,unknown,Phosphorylation,5.22,PhosphoNetworks
Q99871,P53350,unknown,Phosphorylation,1.0,Reactome
Q99873,P48729,unknown,Phosphorylation,0.2,SIGNOR
Q99952,P04626,Y,Phosphorylation,1.0,UniProt
Q99952,P42680,Y281;Y303;Y354,Phosphorylation,1.0,PhosphoSitePlus;iPTMnet
Q99958,Q00535,unknown,Phosphorylation,0.352,SIGNOR
Q99961,P12931,Y315,Phosphorylation,1.0,PhosphoSitePlus;SIGNOR;iPTMnet
Q99961,Q05397,Y315,Phosphorylation,100.0,PhosphoNetworks;PhosphoSitePlus;SIGNOR;iPTMnet
Q99961,Q5S007,unknown,Phosphorylation,0.466,SIGNOR
Q99962,O75116,unknown,Phosphorylation,1.0,PhosphoSitePlus
Q99962,O75582,unknown,Phosphorylation,1.0,Reactome
Q99962,O75676,unknown,Phosphorylation,1.0,Reactome
Q99962,P00533,Y,Phosphorylation,1.0,UniProt
Q99962,P28482,unknown,Phosphorylation,1.0,Reactome
Q99962,P51812,unknown,Phosphorylation,1.0,Reactome
Q99962,Q15349,unknown,Phosphorylation,1.0,Reactome
Q99962,Q15418,unknown,Phosphorylation,1.0,Reactome
Q99962,Q5S007,unknown,Phosphorylation,0.471,SIGNOR
Q99962,Q9UK32,unknown,Phosphorylation,1.0,Reactome
Q99966,Q15349,unknown,Phosphorylation,7.87,PhosphoNetworks
Q99967,P28482,unknown,Phosphorylation,1.0,PhosphoSitePlus
Q99986,Q05655,unknown,Phosphorylation,1.0,PhosphoSitePlus
Q99986,Q99986,unknown,Phosphorylation,1.0,PhosphoSitePlus
Q99986,Q9H4B4,unknown,Phosphorylation,1.0,PhosphoSitePlus
Q99996,P17612,unknown,Phosphorylation,1.0,PhosphoSitePlus
Q99996,P22607,Y,Phosphorylation,1.0,UniProt
Q99996,P53350,unknown,Phosphorylation,1.0,Reactome
Q9BPU6,P06241,unknown,Phosphorylation,1.0,Reactome
Q9BPU6,P07332,unknown,Phosphorylation,1.0,Reactome
Q9BPU6,P22607,Y,Phosphorylation,1.0,UniProt
Q9BPU6,P49841,unknown,Phosphorylation,1.0,Reactome
Q9BPU6,Q00535,unknown,Phosphorylation,1.0,Reactome
Q9BPU9,P06493,unknown,Phosphorylation,1.0,Reactome
Q9BPU9,P53350,unknown,Phosphorylation,1.0,Reactome
Q9BPX3,P06493,unknown,Phosphorylation,1.0,PhosphoSitePlus;Reactome
Q9BPX3,P19784,unknown,Phosphorylation,1.0,Reactome
Q9BPX3,P37173,unknown,Phosphorylation,4.57,PhosphoNetworks
Q9BPX3,P68400,unknown,Phosphorylation,1.0,Reactome
Q9BPX3,Q06187,unknown,Phosphorylation,2.25,PhosphoNetworks
Q9BPZ7,P23443,unknown,Phosphorylation,0.566,SIGNOR
Q9BPZ7,P42345,unknown,Phosphorylation,1.0,PhosphoSitePlus
Q9BPZ7,P42685,unknown,Phosphorylation,2.6,PhosphoNetworks
Q9BPZ7,Q15349,unknown,Phosphorylation,1.83,PhosphoNetworks
Q9BQ15,P50613,unknown,Phosphorylation,1.0,Reactome
Q9BQ15,P50750,unknown,Phosphorylation,1.0,Reactome
Q9BQ15,Q13315,unknown,Phosphorylation,1.0,PhosphoSitePlus
Q9BQ51,P41240,unknown,Phosphorylation,1.0,Reactome
Q9BQ89,P49674,unknown,Phosphorylation,1.99,PhosphoNetworks
Q9BQ89,Q92630,unknown,Phosphorylation,1.99,PhosphoNetworks
Q9BQ95,Q86Z02,unknown,Phosphorylation,2.21,PhosphoNetworks
Q9BQA1,P11802,unknown,Phosphorylation,1.0,PhosphoSitePlus
Q9BQC3,Q07912,Y,Phosphorylation,1.0,UniProt
Q9BQD3,Q92630,Y,Phosphorylation,1.0,UniProt
Q9BQE3,P17252,unknown,Phosphorylation,1.0,PhosphoSitePlus
Q9BQG0,O14757,unknown,Phosphorylation,1.0,PhosphoSitePlus
Q9BQG0,O14965,unknown,Phosphorylation,1.0,PhosphoSitePlus
Q9BQG0,P28482,unknown,Phosphorylation,1.0,PhosphoSitePlus
Q9BQG0,Q96GD4,unknown,Phosphorylation,1.0,PhosphoSitePlus
Q9BQI3,Q9BQI3,unknown,Phosphorylation,1.0,PhosphoSitePlus
Q9BQI9,P17612,unknown,Phosphorylation,1.58,PhosphoNetworks
Q9BQI9,P31749,unknown,Phosphorylation,2.67,PhosphoNetworks
Q9BQI9,P37173,unknown,Phosphorylation,3.22,PhosphoNetworks
Q9BQI9,P41743,unknown,Phosphorylation,1.58,PhosphoNetworks
Q9BQI9,Q06187,unknown,Phosphorylation,1.58,PhosphoNetworks
Q9BQI9,Q8NE63,unknown,Phosphorylation,1.57,PhosphoNetworks
Q9BQI9,Q9NR20,unknown,Phosphorylation,1.6,PhosphoNetworks
Q9BQQ3,P06493,unknown,Phosphorylation,1.0,Reactome
Q9BQQ3,P48730,unknown,Phosphorylation,1.0,Reactome
Q9BQQ3,P53350,unknown,Phosphorylation,1.0,PhosphoSitePlus;SIGNOR
Q9BQW3,P49760,unknown,Phosphorylation,1.93,PhosphoNetworks
Q9BQW3,Q9UEE5,unknown,Phosphorylation,1.93,PhosphoNetworks
Q9BR01,P27361,unknown,Phosphorylation,1.0,PhosphoSitePlus
Q9BR39,P17252,unknown,Phosphorylation,1.0,PhosphoSitePlus
Q9BR39,Q15772,unknown,Phosphorylation,0.362,SIGNOR
Q9BR76,P17252,unknown,Phosphorylation,1.0,PhosphoSitePlus
Q9BR81,P22607,Y,Phosphorylation,1.0,UniProt
Q9BRC7,O76039,unknown,Phosphorylation,5.31,PhosphoNetworks
Q9BRC7,Q6P2M8,unknown,Phosphorylation,3.69,PhosphoNetworks
Q9BRC7,Q8NE63,unknown,Phosphorylation,2.11,PhosphoNetworks
Q9BRD0,O14757,unknown,Phosphorylation,1.0,PhosphoSitePlus
Q9BRD0,Q13523,unknown,Phosphorylation,1.0,Reactome
Q9BRG2,P00533,Y,Phosphorylation,1.0,UniProt
Q9BRK4,P00533,Y,Phosphorylation,1.0,UniProt
Q9BRK4,P06239,Y,Phosphorylation,1.0,UniProt
Q9BRK4,Q13627,Y,Phosphorylation,1.0,UniProt
Q9BRK4,Q92630,Y,Phosphorylation,1.0,UniProt
Q9BRK5,Q8IXL6,unknown,Phosphorylation,0.2,SIGNOR
Q9BRL6,P49761,Y,Phosphorylation,1.0,UniProt
Q9BRS8,P21802,unknown,Phosphorylation,23.47,PhosphoNetworks
Q9BRS8,Q92630,unknown,Phosphorylation,3.69,PhosphoNetworks
Q9BRV8,Q9UHD2,unknown,Phosphorylation,1.0,PhosphoSitePlus;SIGNOR
Q9BRX2,P11362,Y,Phosphorylation,1.0,UniProt
Q9BS16,P06493,unknown,Phosphorylation,1.0,Reactome
Q9BS16,P53350,unknown,Phosphorylation,1.0,Reactome
Q9BS26,P07948,Y,Phosphorylation,1.0,UniProt
Q9BSB4,P54646,unknown,Phosphorylation,1.0,Reactome
Q9BSB4,Q13131,unknown,Phosphorylation,1.0,Reactome
Q9BSI4,P46734,Y,Phosphorylation,1.0,UniProt
Q9BSI4,P49761,Y,Phosphorylation,1.0,UniProt
Q9BSI4,P51812,unknown,Phosphorylation,1.0,PhosphoSitePlus
Q9BSJ8,Q00535,unknown,Phosphorylation,1.0,PhosphoSitePlus
Q9BSQ5,O00506,unknown,Phosphorylation,1.0,PhosphoSitePlus
Q9BSQ5,P31749,unknown,Phosphorylation,4.29,PhosphoNetworks
Q9BSQ5,Q06187,unknown,Phosphorylation,1.6,PhosphoNetworks
Q9BSQ5,Q8NE63,unknown,Phosphorylation,1.67,PhosphoNetworks
Q9BSQ5,Q9NR20,unknown,Phosphorylation,1.67,PhosphoNetworks
Q9BST9,Q15139,unknown,Phosphorylation,1.0,PhosphoSitePlus
Q9BT25,P22607,Y,Phosphorylation,1.0,UniProt
Q9BT25,P53350,unknown,Phosphorylation,1.0,Reactome
Q9BTD8,O14757,unknown,Phosphorylation,1.0,PhosphoSitePlus
Q9BTX1,P06493,unknown,Phosphorylation,1.0,Reactome
Q9BTX1,Q8TD19,unknown,Phosphorylation,1.0,Reactome
Q9BTX1,Q9HC98,unknown,Phosphorylation,1.0,Reactome
Q9BU19,Q13131,unknown,Phosphorylation,1.0,PhosphoSitePlus
Q9BU19,Q9Y463,unknown,Phosphorylation,2.5,PhosphoNetworks
Q9BU64,P06493,unknown,Phosphorylation,1.0,Reactome
Q9BU64,P53350,unknown,Phosphorylation,1.0,Reactome
Q9BUA6,Q15746,unknown,Phosphorylation,1.0,Reactome
Q9BUB5,O15264,unknown,Phosphorylation,1.0,Reactome
Q9BUB5,P27361,unknown,Phosphorylation,100.0,PhosphoNetworks;PhosphoSitePlus;Reactome;SIGNOR
Q9BUB5,P28482,unknown,Phosphorylation,1.0,PhosphoSitePlus;SIGNOR
Q9BUB5,P53778,unknown,Phosphorylation,1.0,Reactome
Q9BUB5,Q13164,unknown,Phosphorylation,1.0,Reactome
Q9BUB5,Q13177,unknown,Phosphorylation,1.0,PhosphoSitePlus
Q9BUB5,Q15759,unknown,Phosphorylation,1.0,Reactome
Q9BUB5,Q16539,unknown,Phosphorylation,1.0,PhosphoSitePlus;Reactome
Q9BUB5,Q16659,unknown,Phosphorylation,1.0,Reactome
Q9BUB5,Q8TD08,unknown,Phosphorylation,1.0,Reactome
Q9BUG6,Q13535,unknown,Phosphorylation,1.0,PhosphoSitePlus
Q9BUJ2,P24941,unknown,Phosphorylation,1.0,PhosphoSitePlus
Q9BUL5,P22607,Y,Phosphorylation,1.0,UniProt
Q9BUL8,O00506,unknown,Phosphorylation,1.0,PhosphoSitePlus
Q9BUV0,P49760,Y,Phosphorylation,1.0,UniProt
Q9BUV0,P49761,Y,Phosphorylation,1.0,UniProt
Q9BUY5,Q13163,Y,Phosphorylation,1.0,UniProt
Q9BUZ4,O15111,unknown,Phosphorylation,1.0,PhosphoSitePlus
Q9BUZ4,P29597,Y,Phosphorylation,1.0,UniProt
Q9BV73,P21802,unknown,Phosphorylation,4.38,PhosphoNetworks
Q9BV73,P29320,unknown,Phosphorylation,4.57,PhosphoNetworks
Q9BV73,P49760,unknown,Phosphorylation,65.13,PhosphoNetworks
Q9BV73,P51955,unknown,Phosphorylation,1.0,PhosphoSitePlus
Q9BV73,P53350,unknown,Phosphorylation,1.0,Reactome
Q9BV73,Q8N5S9,unknown,Phosphorylation,2.8,PhosphoNetworks
Q9BV73,Q9H0K1,unknown,Phosphorylation,1.0,PhosphoSitePlus
Q9BVA0,Q06187,Y,Phosphorylation,1.0,UniProt
Q9BVC3,P22607,Y,Phosphorylation,1.0,UniProt
Q9BVC4,P54646,unknown,Phosphorylation,1.0,Reactome
Q9BVC4,Q13131,unknown,Phosphorylation,1.0,Reactome
Q9BVC5,P24941,unknown,Phosphorylation,1.0,PhosphoSitePlus
Q9BVG8,P22607,Y,Phosphorylation,1.0,UniProt
Q9BVI0,P31749,unknown,Phosphorylation,1.0,PhosphoSitePlus;Reactome
Q9BVI4,O76039,unknown,Phosphorylation,1.93,PhosphoNetworks
Q9BVL2,P06493,unknown,Phosphorylation,1.0,Reactome
Q9BVL2,Q8TD19,unknown,Phosphorylation,1.0,Reactome
Q9BVL2,Q9HC98,unknown,Phosphorylation,1.0,Reactome
Q9BVS4,P53350,unknown,Phosphorylation,1.0,PhosphoSitePlus
Q9BW19,O14757,unknown,Phosphorylation,1.0,PhosphoSitePlus
Q9BW27,P06493,unknown,Phosphorylation,1.0,Reactome
Q9BW27,P53350,unknown,Phosphorylation,1.0,Reactome
Q9BW27,Q8TD19,unknown,Phosphorylation,1.0,Reactome
Q9BW27,Q9HC98,unknown,Phosphorylation,1.0,Reactome
Q9BW61,Q96GD4,unknown,Phosphorylation,1.0,PhosphoSitePlus
Q9BW71,P31749,unknown,Phosphorylation,2.68,PhosphoNetworks
Q9BW71,P50613,unknown,Phosphorylation,1.56,PhosphoNetworks
Q9BW71,P68400,unknown,Phosphorylation,2.39,PhosphoNetworks
Q9BW71,Q92630,unknown,Phosphorylation,7.87,PhosphoNetworks
Q9BW71,Q9UEE5,unknown,Phosphorylation,1.9,PhosphoNetworks
Q9BWF3,P22607,Y,Phosphorylation,1.0,UniProt
Q9BWF3,Q96SB4,unknown,Phosphorylation,1.0,PhosphoSitePlus
Q9BWG4,O76039,unknown,Phosphorylation,2.55,PhosphoNetworks
Q9BWT1,P31749,unknown,Phosphorylation,1.0,PhosphoSitePlus
Q9BWU0,P43405,unknown,Phosphorylation,13.55,PhosphoNetworks
Q9BWU0,Q06187,unknown,Phosphorylation,2.21,PhosphoNetworks
Q9BWU0,Q9NR20,unknown,Phosphorylation,1.6,PhosphoNetworks
Q9BWU0,Q9UEE5,unknown,Phosphorylation,5.31,PhosphoNetworks
Q9BWV1,P52564,unknown,Phosphorylation,1.0,Reactome
Q9BWW4,P06239,Y23;Y25,Phosphorylation,1.0,PhosphoSitePlus;SIGNOR
Q9BWW4,P07947,Y,Phosphorylation,1.0,UniProt
Q9BWW4,P27361,unknown,Phosphorylation,3.55,PhosphoNetworks
Q9BWW4,P28482,unknown,Phosphorylation,1.0,PhosphoSitePlus
Q9BWW4,P51451,Y,Phosphorylation,1.0,UniProt
Q9BX10,P49760,Y,Phosphorylation,1.0,UniProt
Q9BX26,Q13535,unknown,Phosphorylation,1.0,Reactome
Q9BX46,Q15208,unknown,Phosphorylation,0.357,SIGNOR
Q9BX66,P00519,Y1240;Y326;Y360;Y536;Y632;Y654,Phosphorylation,1.0,PhosphoSitePlus;SIGNOR;UniProt;iPTMnet
Q9BX66,P12931,unknown,Phosphorylation,1.0,PhosphoSitePlus
Q9BX82,P49759,unknown,Phosphorylation,1.93,PhosphoNetworks
Q9BX84,Q9BX84,unknown,Phosphorylation,1.0,PhosphoSitePlus
Q9BXB4,O14757,unknown,Phosphorylation,1.0,PhosphoSitePlus
Q9BXF6,Q15208,unknown,Phosphorylation,1.0,PhosphoSitePlus
Q9BXH1,O14920,unknown,Phosphorylation,1.0,PhosphoSitePlus
Q9BXH1,O15111,unknown,Phosphorylation,1.0,PhosphoSitePlus
Q9BXH1,P00533,Y,Phosphorylation,1.0,UniProt
Q9BXH1,P04626,Y152;Y172;Y58,Phosphorylation,1.0,PhosphoSitePlus;SIGNOR
Q9BXJ5,P06239,Y,Phosphorylation,1.0,UniProt
Q9BXK1,P12931,Y10,Phosphorylation,0.244,SIGNOR
Q9BXL7,O15530,unknown,Phosphorylation,0.551,SIGNOR
Q9BXL7,O43318,unknown,Phosphorylation,1.0,Reactome
Q9BXL7,O43353,unknown,Phosphorylation,1.0,Reactome
Q9BXL7,P05771,unknown,Phosphorylation,1.0,PhosphoSitePlus;Reactome
Q9BXL7,P48729,unknown,Phosphorylation,1.0,PhosphoSitePlus
Q9BXL7,Q04759,unknown,Phosphorylation,1.0,PhosphoSitePlus;Reactome
Q9BXL7,Q92918,unknown,Phosphorylation,1.0,PhosphoSitePlus
Q9BXL7,Q9UQM7,unknown,Phosphorylation,1.0,PhosphoSitePlus
Q9BXM7,Q7KZI7,unknown,Phosphorylation,1.0,PhosphoSitePlus;SIGNOR
Q9BXM7,Q9BXM7,unknown,Phosphorylation,1.0,PhosphoSitePlus
Q9BXN2,P12931,unknown,Phosphorylation,1.0,Reactome
Q9BXN2,P43405,Y,Phosphorylation,1.0,UniProt
Q9BXP5,P12931,unknown,Phosphorylation,1.0,PhosphoSitePlus
Q9BXR0,P24941,unknown,Phosphorylation,1.0,PhosphoSitePlus
Q9BXS6,P06493,unknown,Phosphorylation,1.0,PhosphoSitePlus
Q9BXS6,Q00534,unknown,Phosphorylation,3.69,PhosphoNetworks
Q9BXS6,Q13315,unknown,Phosphorylation,1.0,PhosphoSitePlus
Q9BXS6,Q96GD4,unknown,Phosphorylation,1.0,PhosphoSitePlus
Q9BXT4,Q9Y6E0,unknown,Phosphorylation,1.67,PhosphoNetworks
Q9BXU0,P22607,Y,Phosphorylation,1.0,UniProt
Q9BXW9,O14757,unknown,Phosphorylation,1.0,PhosphoSitePlus
Q9BXW9,P00533,Y,Phosphorylation,1.0,UniProt
Q9BXW9,Q13315,unknown,Phosphorylation,1.0,PhosphoSitePlus
Q9BXW9,Q13535,unknown,Phosphorylation,1.0,PhosphoSitePlus
Q9BY11,P68400,unknown,Phosphorylation,1.0,PhosphoSitePlus
Q9BY11,Q9NQU5,unknown,Phosphorylation,1.0,PhosphoSitePlus
Q9BY12,P22607,Y,Phosphorylation,1.0,UniProt
Q9BY41,P06239,unknown,Phosphorylation,13.8,PhosphoNetworks
Q9BY41,P17612,unknown,Phosphorylation,1.0,PhosphoSitePlus
Q9BY41,P49759,unknown,Phosphorylation,3.24,PhosphoNetworks
Q9BY41,P50613,unknown,Phosphorylation,3.24,PhosphoNetworks
Q9BY41,Q9Y463,unknown,Phosphorylation,2.28,PhosphoNetworks
Q9BY44,P24941,unknown,Phosphorylation,1.0,PhosphoSitePlus
Q9BY44,Q9P2K8,unknown,Phosphorylation,0.484,SIGNOR
Q9BY77,O14757,unknown,Phosphorylation,1.0,PhosphoSitePlus
Q9BY77,P23443,unknown,Phosphorylation,100.0,PhosphoNetworks;PhosphoSitePlus
Q9BY77,Q92989,unknown,Phosphorylation,1.0,Reactome
Q9BY84,P28482,unknown,Phosphorylation,100.0,PhosphoNetworks;PhosphoSitePlus
Q9BYB0,P28482,unknown,Phosphorylation,0.2,SIGNOR
Q9BYD3,P49760,Y,Phosphorylation,1.0,UniProt
Q9BYE7,P50613,unknown,Phosphorylation,1.0,PhosphoSitePlus
Q9BYG3,P06493,unknown,Phosphorylation,1.0,PhosphoSitePlus
Q9BYG3,P49840,unknown,Phosphorylation,1.0,PhosphoSitePlus
Q9BYG3,P49841,unknown,Phosphorylation,1.0,PhosphoSitePlus
Q9BYN0,O14733,unknown,Phosphorylation,1.99,PhosphoNetworks
Q9BYN0,O75582,unknown,Phosphorylation,1.99,PhosphoNetworks
Q9BYN0,P04049,unknown,Phosphorylation,4.02,PhosphoNetworks
Q9BYN0,P07947,unknown,Phosphorylation,1.67,PhosphoNetworks
Q9BYN0,P22455,unknown,Phosphorylation,4.02,PhosphoNetworks
Q9BYN0,P23443,unknown,Phosphorylation,1.67,PhosphoNetworks
Q9BYN0,P28482,unknown,Phosphorylation,1.99,PhosphoNetworks
Q9BYN0,P29320,unknown,Phosphorylation,4.02,PhosphoNetworks
Q9BYN0,P34947,unknown,Phosphorylation,2.42,PhosphoNetworks
Q9BYN0,P36894,unknown,Phosphorylation,4.02,PhosphoNetworks
Q9BYN0,P37173,unknown,Phosphorylation,4.02,PhosphoNetworks
Q9BYN0,P43405,unknown,Phosphorylation,2.42,PhosphoNetworks
Q9BYN0,P51813,unknown,Phosphorylation,1.67,PhosphoNetworks
Q9BYN0,P51955,unknown,Phosphorylation,1.99,PhosphoNetworks
Q9BYN0,P53779,unknown,Phosphorylation,2.42,PhosphoNetworks
Q9BYN0,Q05513,unknown,Phosphorylation,2.42,PhosphoNetworks
Q9BYN0,Q05655,unknown,Phosphorylation,1.99,PhosphoNetworks
Q9BYN0,Q07912,unknown,Phosphorylation,4.02,PhosphoNetworks
Q9BYN0,Q13705,unknown,Phosphorylation,2.42,PhosphoNetworks
Q9BYN0,Q14289,unknown,Phosphorylation,2.42,PhosphoNetworks
Q9BYN0,Q15349,unknown,Phosphorylation,1.99,PhosphoNetworks
Q9BYN0,Q8IW41,unknown,Phosphorylation,1.99,PhosphoNetworks
Q9BYN0,Q8N5S9,unknown,Phosphorylation,1.99,PhosphoNetworks
Q9BYN0,Q92630,unknown,Phosphorylation,1.99,PhosphoNetworks
Q9BYN0,Q9HCP0,unknown,Phosphorylation,1.67,PhosphoNetworks
Q9BYN0,Q9NR20,unknown,Phosphorylation,1.67,PhosphoNetworks
Q9BYN0,Q9UHD2,unknown,Phosphorylation,1.67,PhosphoNetworks
Q9BYN0,Q9Y4K4,unknown,Phosphorylation,1.67,PhosphoNetworks
Q9BYN7,Q13882,Y,Phosphorylation,1.0,UniProt
Q9BYQ4,Q06418,Y,Phosphorylation,1.0,UniProt
Q9BYR5,Q06418,Y,Phosphorylation,1.0,UniProt
Q9BYR8,P08631,Y,Phosphorylation,1.0,UniProt
Q9BYV8,P53350,unknown,Phosphorylation,1.0,Reactome
Q9BYV9,P23443,unknown,Phosphorylation,1.0,PhosphoSitePlus
Q9BYX4,O14730,unknown,Phosphorylation,1.0,PhosphoSitePlus
Q9BZ95,P22607,Y,Phosphorylation,1.0,UniProt
Q9BZB8,O14965,unknown,Phosphorylation,1.0,PhosphoSitePlus
Q9BZB8,P06493,unknown,Phosphorylation,0.585,SIGNOR
Q9BZD4,P06493,unknown,Phosphorylation,1.0,Reactome
Q9BZD4,P33981,Y,Phosphorylation,1.0,UniProt
Q9BZD4,P53350,unknown,Phosphorylation,1.0,Reactome
Q9BZE0,P17612,unknown,Phosphorylation,0.283,SIGNOR
Q9BZE9,P49760,Y,Phosphorylation,1.0,UniProt
Q9BZI7,Q92989,unknown,Phosphorylation,1.0,Reactome
Q9BZK7,Q05655,unknown,Phosphorylation,1.0,PhosphoSitePlus
Q9BZL1,Q13523,unknown,Phosphorylation,1.0,Reactome
Q9BZL4,P24941,unknown,Phosphorylation,1.0,PhosphoSitePlus
Q9BZL4,P54646,unknown,Phosphorylation,1.0,PhosphoSitePlus
Q9BZL6,P04626,unknown,Phosphorylation,1.0,Reactome
Q9BZL6,P17252,unknown,Phosphorylation,1.0,PhosphoSitePlus
Q9BZL6,P29597,Y438,Phosphorylation,1.0,iPTMnet
Q9BZL6,P42338,unknown,Phosphorylation,1.0,Reactome
Q9BZL6,P48730,unknown,Phosphorylation,1.0,PhosphoSitePlus
Q9BZL6,P49674,unknown,Phosphorylation,1.0,PhosphoSitePlus
Q9BZL6,Q02156,unknown,Phosphorylation,1.0,PhosphoSitePlus
Q9BZL6,Q15139,unknown,Phosphorylation,1.0,PhosphoSitePlus
Q9BZL6,Q15303,unknown,Phosphorylation,1.0,Reactome
Q9BZL6,Q9BZL6,unknown,Phosphorylation,1.0,PhosphoSitePlus
Q9BZP6,P00533,Y,Phosphorylation,1.0,UniProt
Q9BZS1,P06239,Y342,Phosphorylation,1.0,PhosphoSitePlus;SIGNOR;iPTMnet
Q9BZS1,P24941,unknown,Phosphorylation,1.0,PhosphoSitePlus
Q9BZW5,P22607,Y,Phosphorylation,1.0,UniProt
Q9C004,P22607,Y,Phosphorylation,1.0,UniProt
Q9C004,Q15569,Y,Phosphorylation,1.0,UniProt
Q9C035,P07947,Y,Phosphorylation,1.0,UniProt
Q9C0B5,P06241,Y533,Phosphorylation,0.39,SIGNOR
Q9C0C2,P24941,unknown,Phosphorylation,1.0,PhosphoSitePlus
Q9C0C2,P28482,unknown,Phosphorylation,1.0,PhosphoSitePlus
Q9C0C7,O75385,unknown,Phosphorylation,1.0,Reactome;SIGNOR
Q9C0C7,P42345,unknown,Phosphorylation,1.0,PhosphoSitePlus
Q9C0C7,P54646,unknown,Phosphorylation,1.0,Reactome
Q9C0C7,Q13131,unknown,Phosphorylation,1.0,Reactome
Q9C0C9,P24941,unknown,Phosphorylation,1.0,PhosphoSitePlus
Q9C0D5,P24941,unknown,Phosphorylation,1.0,PhosphoSitePlus
Q9C0D5,P28482,unknown,Phosphorylation,1.0,PhosphoSitePlus
Q9C0E4,P05129,unknown,Phosphorylation,1.0,Reactome
Q9C0E4,P05771,unknown,Phosphorylation,1.0,Reactome
Q9C0E4,P17252,unknown,Phosphorylation,1.0,Reactome
Q9C0F3,P22607,Y,Phosphorylation,1.0,UniProt
Q9C0F3,P49760,Y,Phosphorylation,1.0,UniProt
Q9C0H9,P00519,Y264;Y396,Phosphorylation,1.0,PhosphoSitePlus;SIGNOR;iPTMnet
Q9C0H9,P12931,Y,Phosphorylation,1.0,SIGNOR;UniProt
Q9C0H9,Q9UM73,unknown,Phosphorylation,1.0,PhosphoSitePlus
Q9C0J8,Q92989,unknown,Phosphorylation,1.0,Reactome
Q9F220,P41240,Y,Phosphorylation,1.0,UniProt
Q9GZM8,O14965,unknown,Phosphorylation,1.0,PhosphoSitePlus
Q9GZM8,P06493,unknown,Phosphorylation,1.0,PhosphoSitePlus;Reactome
Q9GZM8,P22607,Y,Phosphorylation,1.0,UniProt
Q9GZM8,P27361,unknown,Phosphorylation,1.0,PhosphoSitePlus
Q9GZM8,P28482,unknown,Phosphorylation,1.0,PhosphoSitePlus
Q9GZM8,P53350,unknown,Phosphorylation,1.0,Reactome
Q9GZM8,Q00535,unknown,Phosphorylation,1.0,PhosphoSitePlus
Q9GZQ8,P22607,Y,Phosphorylation,1.0,UniProt
Q9GZR7,O14757,unknown,Phosphorylation,1.0,PhosphoSitePlus
Q9GZT8,P07947,Y,Phosphorylation,1.0,UniProt
Q9GZU1,P17612,unknown,Phosphorylation,1.0,PhosphoSitePlus
Q9GZU7,P06239,Y,Phosphorylation,1.0,UniProt
Q9GZV1,P31751,unknown,Phosphorylation,1.0,PhosphoSitePlus
Q9GZV5,O95835,unknown,Phosphorylation,1.0,Reactome
Q9GZV5,P00519,unknown,Phosphorylation,1.0,PhosphoSitePlus
Q9GZV5,P07947,Y305,Phosphorylation,0.318,SIGNOR
Q9GZV5,P49674,unknown,Phosphorylation,2.25,PhosphoNetworks
Q9GZV5,Q05655,unknown,Phosphorylation,24.59,PhosphoNetworks
Q9GZV5,Q06187,unknown,Phosphorylation,2.25,PhosphoNetworks
Q9GZV5,Q13188,unknown,Phosphorylation,2.91,PhosphoNetworks
Q9GZV5,Q96PY6,unknown,Phosphorylation,1.0,PhosphoSitePlus
Q9GZV5,Q9NRM7,unknown,Phosphorylation,1.0,Reactome
Q9GZV8,P42681,Y,Phosphorylation,1.0,UniProt
Q9GZV9,P11362,Y,Phosphorylation,1.0,UniProt
Q9GZV9,P27361,unknown,Phosphorylation,1.0,Reactome
Q9GZV9,P28482,unknown,Phosphorylation,1.0,Reactome
Q9GZV9,Q8IXL6,unknown,Phosphorylation,1.0,PhosphoSitePlus
Q9GZX7,P05129,unknown,Phosphorylation,1.0,PhosphoSitePlus
Q9GZX7,P05771,unknown,Phosphorylation,1.0,PhosphoSitePlus
Q9GZX7,P17252,unknown,Phosphorylation,1.0,PhosphoSitePlus
Q9GZX7,P17612,unknown,Phosphorylation,1.0,PhosphoSitePlus
Q9GZX7,P41743,unknown,Phosphorylation,1.0,PhosphoSitePlus
Q9GZX7,Q02156,unknown,Phosphorylation,1.0,PhosphoSitePlus
Q9GZX7,Q04759,unknown,Phosphorylation,1.0,PhosphoSitePlus
Q9GZX7,Q05513,unknown,Phosphorylation,1.0,PhosphoSitePlus
Q9GZX7,Q05655,unknown,Phosphorylation,1.0,PhosphoSitePlus
Q9GZY6,P06241,unknown,Phosphorylation,1.0,Reactome
Q9GZY6,P07948,unknown,Phosphorylation,1.0,PhosphoSitePlus;Reactome
Q9GZY6,P10721,unknown,Phosphorylation,1.0,PhosphoSitePlus
Q9GZY6,P43405,unknown,Phosphorylation,1.0,PhosphoSitePlus;Reactome
Q9GZY8,Q13131,unknown,Phosphorylation,1.0,PhosphoSitePlus
Q9H063,P42345,unknown,Phosphorylation,1.0,PhosphoSitePlus
Q9H081,P06493,unknown,Phosphorylation,1.0,Reactome
Q9H081,P53350,unknown,Phosphorylation,1.0,Reactome
Q9H093,Q15831,unknown,Phosphorylation,100.0,PhosphoNetworks;PhosphoSitePlus
Q9H0B6,P49841,unknown,Phosphorylation,1.0,PhosphoSitePlus
Q9H0B6,Q13131,unknown,Phosphorylation,1.0,PhosphoSitePlus
Q9H0D6,P28482,unknown,Phosphorylation,1.0,PhosphoSitePlus
Q9H0E2,P19525,Y,Phosphorylation,1.0,UniProt
Q9H0H0,P50613,unknown,Phosphorylation,1.0,Reactome
Q9H0H0,P50750,unknown,Phosphorylation,1.0,Reactome
Q9H0H3,O00238,unknown,Phosphorylation,4.02,PhosphoNetworks
Q9H0H3,O43283,unknown,Phosphorylation,1.67,PhosphoNetworks
Q9H0H3,O75582,unknown,Phosphorylation,1.99,PhosphoNetworks
Q9H0H3,P06239,unknown,Phosphorylation,2.42,PhosphoNetworks
Q9H0H3,P22455,unknown,Phosphorylation,4.02,PhosphoNetworks
Q9H0H3,P23443,unknown,Phosphorylation,1.67,PhosphoNetworks
Q9H0H3,P54762,unknown,Phosphorylation,4.02,PhosphoNetworks
Q9H0H3,Q00534,unknown,Phosphorylation,1.99,PhosphoNetworks
Q9H0H3,Q00535,unknown,Phosphorylation,1.99,PhosphoNetworks
Q9H0H3,Q13043,unknown,Phosphorylation,1.99,PhosphoNetworks
Q9H0H3,Q15208,unknown,Phosphorylation,1.99,PhosphoNetworks
Q9H0H3,Q86SG6,unknown,Phosphorylation,1.67,PhosphoNetworks
Q9H0H3,Q8IW41,unknown,Phosphorylation,1.99,PhosphoNetworks
Q9H0H3,Q8NE63,unknown,Phosphorylation,1.67,PhosphoNetworks
Q9H0H3,Q9Y6E0,unknown,Phosphorylation,1.67,PhosphoNetworks
Q9H0H5,O14757,unknown,Phosphorylation,1.0,PhosphoSitePlus
Q9H0H5,P31751,unknown,Phosphorylation,1.0,PhosphoSitePlus
Q9H0H5,P53350,unknown,Phosphorylation,1.0,PhosphoSitePlus
Q9H0H5,Q96GD4,unknown,Phosphorylation,100.0,PhosphoNetworks;PhosphoSitePlus
Q9H0K1,P17612,unknown,Phosphorylation,1.0,PhosphoSitePlus
Q9H0K1,P31749,unknown,Phosphorylation,1.0,PhosphoSitePlus
Q9H0K1,P31751,unknown,Phosphorylation,1.0,PhosphoSitePlus
Q9H0K1,Q15831,unknown,Phosphorylation,1.0,PhosphoSitePlus
Q9H0L4,O76039,unknown,Phosphorylation,1.93,PhosphoNetworks
Q9H0L4,P51957,unknown,Phosphorylation,1.9,PhosphoNetworks
Q9H0L4,Q92989,unknown,Phosphorylation,1.0,Reactome
Q9H0M0,P06239,unknown,Phosphorylation,4.1,PhosphoNetworks
Q9H0M0,P43403,unknown,Phosphorylation,2.84,PhosphoNetworks
Q9H0M0,P43405,unknown,Phosphorylation,3.05,PhosphoNetworks
Q9H0M0,Q04771,unknown,Phosphorylation,1.57,PhosphoNetworks
Q9H0M0,Q06187,unknown,Phosphorylation,4.26,PhosphoNetworks
Q9H0U6,P07948,unknown,Phosphorylation,2.35,PhosphoNetworks
Q9H0X6,P22607,Y,Phosphorylation,1.0,UniProt
Q9H0Z9,O75676,unknown,Phosphorylation,1.93,PhosphoNetworks
Q9H0Z9,P49841,unknown,Phosphorylation,1.0,PhosphoSitePlus
Q9H147,P22607,Y,Phosphorylation,1.0,UniProt
Q9H165,P31749,unknown,Phosphorylation,2.62,PhosphoNetworks
Q9H1A4,P06493,unknown,Phosphorylation,1.0,PhosphoSitePlus
Q9H1A4,P53350,unknown,Phosphorylation,100.0,PhosphoNetworks;PhosphoSitePlus;Reactome
Q9H1D0,P05771,unknown,Phosphorylation,1.0,PhosphoSitePlus
Q9H1D0,P17252,unknown,Phosphorylation,100.0,PhosphoNetworks;PhosphoSitePlus
Q9H1E3,P06493,unknown,Phosphorylation,1.0,PhosphoSitePlus
Q9H1E3,P24941,unknown,Phosphorylation,1.0,PhosphoSitePlus
Q9H1J5,P78368,unknown,Phosphorylation,1.0,Reactome
Q9H1K0,Q16539,unknown,Phosphorylation,0.2,SIGNOR
Q9H1K1,P42345,unknown,Phosphorylation,1.0,PhosphoSitePlus
Q9H1Y0,Q16539,unknown,Phosphorylation,1.0,PhosphoSitePlus
Q9H204,O60674,unknown,Phosphorylation,12.84,PhosphoNetworks
Q9H204,P06239,Y64,Phosphorylation,1.0,PhosphoSitePlus;SIGNOR;UniProt;iPTMnet
Q9H204,P06241,Y64,Phosphorylation,1.0,SIGNOR;UniProt;iPTMnet
Q9H204,P07947,Y,Phosphorylation,1.0,UniProt
Q9H204,P12931,Y,Phosphorylation,1.0,UniProt
Q9H204,P28482,unknown,Phosphorylation,34.96,PhosphoNetworks
Q9H204,P43405,unknown,Phosphorylation,13.8,PhosphoNetworks
Q9H204,P51957,unknown,Phosphorylation,5.31,PhosphoNetworks
Q9H204,Q15208,unknown,Phosphorylation,2.25,PhosphoNetworks
Q9H204,Q9Y4K4,unknown,Phosphorylation,14.91,PhosphoNetworks
Q9H211,P24941,unknown,Phosphorylation,1.0,PhosphoSitePlus;Reactome
Q9H211,P45983,unknown,Phosphorylation,1.0,PhosphoSitePlus
Q9H254,P12931,unknown,Phosphorylation,1.0,Reactome
Q9H254,Q05397,unknown,Phosphorylation,1.0,Reactome
Q9H257,P07947,Y,Phosphorylation,1.0,UniProt
Q9H257,P68400,unknown,Phosphorylation,1.0,PhosphoSitePlus
Q9H257,Q05655,unknown,Phosphorylation,1.0,PhosphoSitePlus;Reactome
Q9H270,P22607,Y,Phosphorylation,1.0,UniProt
Q9H2A3,P49840,unknown,Phosphorylation,1.0,PhosphoSitePlus
Q9H2A3,P49841,unknown,Phosphorylation,1.0,PhosphoSitePlus
Q9H2A9,P22607,Y,Phosphorylation,1.0,UniProt
Q9H2B2,P45983,unknown,Phosphorylation,1.0,PhosphoSitePlus
Q9H2C1,P22607,Y,Phosphorylation,1.0,UniProt
Q9H2D6,P51955,unknown,Phosphorylation,1.0,PhosphoSitePlus
Q9H2D6,P53350,unknown,Phosphorylation,1.0,PhosphoSitePlus
Q9H2G4,P24941,unknown,Phosphorylation,1.0,PhosphoSitePlus
Q9H2G9,P22607,Y,Phosphorylation,1.0,UniProt
Q9H2K8,Q13315,unknown,Phosphorylation,1.0,PhosphoSitePlus
Q9H2K8,Q9H2G2,Y183,Phosphorylation,1.0,iPTMnet
Q9H2S1,P17612,unknown,Phosphorylation,1.0,PhosphoSitePlus
Q9H2S9,P42681,Y,Phosphorylation,1.0,UniProt
Q9H2X6,P00519,Y367,Phosphorylation,1.0,SIGNOR;iPTMnet
Q9H2X6,P12931,unknown,Phosphorylation,1.0,PhosphoSitePlus;SIGNOR
Q9H2X6,Q9H2X6,unknown,Phosphorylation,1.0,PhosphoSitePlus
Q9H2X9,Q9H4A3,unknown,Phosphorylation,0.464,SIGNOR
Q9H2X9,Q9UEW8,unknown,Phosphorylation,1.0,PhosphoSitePlus
Q9H300,Q15119,unknown,Phosphorylation,0.2,SIGNOR
Q9H307,Q13523,unknown,Phosphorylation,1.0,Reactome
Q9H310,P12931,unknown,Phosphorylation,1.0,PhosphoSitePlus
Q9H310,P43405,unknown,Phosphorylation,1.0,PhosphoSitePlus
Q9H3D4,O14920,unknown,Phosphorylation,1.0,PhosphoSitePlus
Q9H3D4,O15264,unknown,Phosphorylation,1.0,Reactome
Q9H3D4,O96017,unknown,Phosphorylation,1.0,Reactome
Q9H3D4,P00519,Y149;Y171;Y290,Phosphorylation,1.0,PhosphoSitePlus;SIGNOR;iPTMnet
Q9H3D4,P23443,unknown,Phosphorylation,1.0,PhosphoSitePlus
Q9H3D4,P24941,unknown,Phosphorylation,1.0,PhosphoSitePlus
Q9H3D4,P36897,unknown,Phosphorylation,1.0,PhosphoSitePlus
Q9H3D4,P53778,unknown,Phosphorylation,1.0,Reactome
Q9H3D4,Q13315,unknown,Phosphorylation,1.0,PhosphoSitePlus
Q9H3D4,Q15759,unknown,Phosphorylation,1.0,Reactome
Q9H3D4,Q16539,unknown,Phosphorylation,1.0,Reactome
Q9H3D4,Q9H2X6,unknown,Phosphorylation,1.0,PhosphoSitePlus
Q9H3P2,P24941,unknown,Phosphorylation,1.0,PhosphoSitePlus
Q9H3P2,P50750,unknown,Phosphorylation,1.0,Reactome
Q9H3R5,P06493,unknown,Phosphorylation,1.0,Reactome
Q9H3R5,P22607,Y,Phosphorylation,1.0,UniProt
Q9H3R5,P53350,unknown,Phosphorylation,1.0,Reactome
Q9H3S7,Q05397,Y,Phosphorylation,1.0,UniProt
Q9H3Y6,Q9H3Y6,Y380,Phosphorylation,1.0,iPTMnet
Q9H3Z4,P17612,unknown,Phosphorylation,1.0,PhosphoSitePlus
Q9H400,P06239,unknown,Phosphorylation,1.0,PhosphoSitePlus
Q9H410,P06493,unknown,Phosphorylation,1.0,Reactome
Q9H410,P53350,unknown,Phosphorylation,1.0,Reactome
Q9H410,Q96GD4,unknown,Phosphorylation,1.0,PhosphoSitePlus
Q9H425,P24941,unknown,Phosphorylation,1.0,PhosphoSitePlus
Q9H467,P06493,unknown,Phosphorylation,1.0,PhosphoSitePlus
Q9H467,P42685,unknown,Phosphorylation,1.58,PhosphoNetworks
Q9H492,P17612,unknown,Phosphorylation,1.0,PhosphoSitePlus
Q9H496,P22607,Y,Phosphorylation,1.0,UniProt
Q9H4A3,O00141,unknown,Phosphorylation,1.0,PhosphoSitePlus
Q9H4A3,O75582,unknown,Phosphorylation,1.0,PhosphoSitePlus
Q9H4A3,O96013,unknown,Phosphorylation,9.03,PhosphoNetworks
Q9H4A3,P31749,unknown,Phosphorylation,1.0,PhosphoSitePlus
Q9H4A3,P42345,unknown,Phosphorylation,1.0,PhosphoSitePlus
Q9H4A3,Q9BYP7,unknown,Phosphorylation,1.0,PhosphoSitePlus
Q9H4A3,Q9H4A3,unknown,Phosphorylation,1.0,PhosphoSitePlus
Q9H4A3,Q9Y3S1,unknown,Phosphorylation,1.0,PhosphoSitePlus
Q9H4B6,Q13188,unknown,Phosphorylation,1.0,PhosphoSitePlus
Q9H4D5,O00418,unknown,Phosphorylation,2.25,PhosphoNetworks
Q9H4D5,P23443,unknown,Phosphorylation,19.64,PhosphoNetworks
Q9H4E7,P06239,Y133;Y144;Y210,Phosphorylation,1.0,SIGNOR;iPTMnet
Q9H4E7,Q08881,Y210;Y222,Phosphorylation,1.0,PhosphoSitePlus;iPTMnet
Q9H4G0,Q13554,unknown,Phosphorylation,1.0,Reactome
Q9H4G0,Q13555,unknown,Phosphorylation,1.0,Reactome
Q9H4G0,Q13557,unknown,Phosphorylation,1.0,Reactome
Q9H4G0,Q9UQM7,unknown,Phosphorylation,1.0,Reactome
Q9H4L7,P51956,unknown,Phosphorylation,1.93,PhosphoNetworks
Q9H4M7,P31749,unknown,Phosphorylation,3.02,PhosphoNetworks
Q9H4P4,Q7KZI7,unknown,Phosphorylation,1.0,PhosphoSitePlus
Q9H4X1,P06493,unknown,Phosphorylation,1.0,PhosphoSitePlus
Q9H4X1,P31749,unknown,Phosphorylation,1.0,PhosphoSitePlus
Q9H596,Q13163,Y,Phosphorylation,1.0,UniProt
Q9H5H4,P42345,unknown,Phosphorylation,1.0,PhosphoSitePlus
Q9H5H4,P49760,Y,Phosphorylation,1.0,UniProt
Q9H5V8,P07947,Y,Phosphorylation,1.0,UniProt
Q9H5V8,P12931,Y734,Phosphorylation,1.0,PhosphoSitePlus;SIGNOR;UniProt;iPTMnet
Q9H5V8,Q05397,unknown,Phosphorylation,1.0,PhosphoSitePlus
Q9H6D7,P53350,unknown,Phosphorylation,1.0,Reactome
Q9H6E5,P35790,unknown,Phosphorylation,0.2,SIGNOR
Q9H6E5,Q05655,unknown,Phosphorylation,0.2,SIGNOR
Q9H6E5,Q13535,unknown,Phosphorylation,1.0,PhosphoSitePlus
Q9H6F5,Q96GD4,unknown,Phosphorylation,1.0,PhosphoSitePlus
Q9H6Q3,P04626,Y,Phosphorylation,1.0,UniProt
Q9H6Q3,P08581,Y,Phosphorylation,1.0,UniProt
Q9H6Q3,P10721,Y,Phosphorylation,1.0,UniProt
Q9H6Z4,P27361,unknown,Phosphorylation,1.0,PhosphoSitePlus
Q9H6Z4,P31749,unknown,Phosphorylation,1.0,PhosphoSitePlus
Q9H6Z4,P51812,unknown,Phosphorylation,1.0,PhosphoSitePlus
Q9H6Z4,Q15418,unknown,Phosphorylation,1.0,PhosphoSitePlus
Q9H788,Q96GD4,unknown,Phosphorylation,1.0,PhosphoSitePlus
Q9H792,P07948,unknown,Phosphorylation,1.0,PhosphoSitePlus
Q9H7L9,P24941,unknown,Phosphorylation,1.0,PhosphoSitePlus
Q9H7L9,Q00535,unknown,Phosphorylation,1.0,PhosphoSitePlus
Q9H7P9,P00519,unknown,Phosphorylation,1.0,PhosphoSitePlus
Q9H7P9,P12931,Y489,Phosphorylation,1.0,PhosphoSitePlus;SIGNOR;iPTMnet
Q9H7T9,P22607,Y,Phosphorylation,1.0,UniProt
Q9H816,P51957,unknown,Phosphorylation,1.93,PhosphoNetworks
Q9H840,P49674,unknown,Phosphorylation,2.97,PhosphoNetworks
Q9H840,P68400,unknown,Phosphorylation,8.2,PhosphoNetworks
Q9H840,Q16539,unknown,Phosphorylation,2.97,PhosphoNetworks
Q9H840,Q9BUB5,unknown,Phosphorylation,2.97,PhosphoNetworks
Q9H8G2,O14757,unknown,Phosphorylation,1.0,PhosphoSitePlus
Q9H8H3,P22607,Y,Phosphorylation,1.0,UniProt
Q9H8K7,P22607,Y,Phosphorylation,1.0,UniProt
Q9H8M2,P42345,unknown,Phosphorylation,1.0,PhosphoSitePlus
Q9H8N7,O14757,unknown,Phosphorylation,1.0,PhosphoSitePlus
Q9H8S9,Q13043,unknown,Phosphorylation,1.0,Reactome
Q9H8S9,Q13188,unknown,Phosphorylation,1.0,PhosphoSitePlus;Reactome
Q9H8V3,P06493,unknown,Phosphorylation,1.0,PhosphoSitePlus
Q9H8V3,P41743,unknown,Phosphorylation,1.0,PhosphoSitePlus
Q9H8V3,P53350,unknown,Phosphorylation,0.752,SIGNOR
Q9H8W4,Q02750,Y,Phosphorylation,1.0,UniProt
Q9H8X9,Q13153,unknown,Phosphorylation,2.35,PhosphoNetworks
Q9H8Y8,O43781,Y,Phosphorylation,1.0,UniProt
Q9H8Y8,P24941,unknown,Phosphorylation,1.0,PhosphoSitePlus
Q9H8Y8,P27361,unknown,Phosphorylation,1.0,PhosphoSitePlus
Q9H8Y8,P28482,unknown,Phosphorylation,1.0,PhosphoSitePlus
Q9H8Y8,Q15375,Y,Phosphorylation,1.0,UniProt
Q9H900,P06493,unknown,Phosphorylation,1.0,Reactome
Q9H900,P53350,unknown,Phosphorylation,1.0,Reactome
Q9H9A7,P68400,unknown,Phosphorylation,2.39,PhosphoNetworks
Q9H9C1,P24941,unknown,Phosphorylation,1.0,PhosphoSitePlus
Q9H9Q4,P31749,unknown,Phosphorylation,1.0,PhosphoSitePlus
Q9H9Q4,P78527,unknown,Phosphorylation,1.0,PhosphoSitePlus
Q9H9Q4,Q13315,unknown,Phosphorylation,1.0,PhosphoSitePlus
Q9H9S0,Q02156,unknown,Phosphorylation,1.0,PhosphoSitePlus
Q9H9S0,Q05397,Y174;Y35,Phosphorylation,1.0,PhosphoSitePlus;SIGNOR;iPTMnet
Q9HA47,P22607,Y,Phosphorylation,1.0,UniProt
Q9HAF1,P22607,Y,Phosphorylation,1.0,UniProt
Q9HAI6,O14920,unknown,Phosphorylation,1.0,Reactome
Q9HAI6,O15111,unknown,Phosphorylation,1.0,Reactome
Q9HAN9,P17252,unknown,Phosphorylation,1.0,PhosphoSitePlus
Q9HAT8,P51617,unknown,Phosphorylation,1.0,PhosphoSitePlus;SIGNOR
Q9HAT8,Q9NWZ3,unknown,Phosphorylation,0.638,SIGNOR
Q9HAV0,P34947,unknown,Phosphorylation,1.0,Reactome
Q9HAW4,O00311,unknown,Phosphorylation,1.0,PhosphoSitePlus;SIGNOR
Q9HAW4,O14757,unknown,Phosphorylation,1.0,PhosphoSitePlus
Q9HAW4,P53350,unknown,Phosphorylation,1.0,PhosphoSitePlus
Q9HAW4,Q13535,unknown,Phosphorylation,1.0,Reactome
Q9HAW7,Q02156,unknown,Phosphorylation,1.0,PhosphoSitePlus
Q9HB09,P49841,unknown,Phosphorylation,1.0,PhosphoSitePlus
Q9HB63,Q05397,unknown,Phosphorylation,1.0,Reactome
Q9HB63,Q14289,unknown,Phosphorylation,1.0,Reactome
Q9HB65,P50613,unknown,Phosphorylation,1.0,Reactome
Q9HB65,P50750,unknown,Phosphorylation,1.0,Reactome
Q9HB65,Q9UEE5,unknown,Phosphorylation,1.93,PhosphoNetworks
Q9HB71,P04626,Y,Phosphorylation,1.0,UniProt
Q9HB90,P31749,unknown,Phosphorylation,1.0,Reactome
Q9HB90,P54646,unknown,Phosphorylation,1.0,Reactome
Q9HB90,Q13131,unknown,Phosphorylation,1.0,Reactome
Q9HB96,O14757,unknown,Phosphorylation,1.0,PhosphoSitePlus
Q9HBA0,O00141,unknown,Phosphorylation,1.0,PhosphoSitePlus
Q9HBA0,P06241,unknown,Phosphorylation,0.349,SIGNOR
Q9HBA0,P07948,Y253,Phosphorylation,100.0,PhosphoNetworks;PhosphoSitePlus;iPTMnet
Q9HBA0,P12931,unknown,Phosphorylation,1.0,PhosphoSitePlus
Q9HBA0,P17252,unknown,Phosphorylation,1.0,PhosphoSitePlus
Q9HBA0,P17612,unknown,Phosphorylation,1.0,PhosphoSitePlus
Q9HBA0,Q05655,unknown,Phosphorylation,1.0,PhosphoSitePlus
Q9HBH9,O15264,unknown,Phosphorylation,1.0,Reactome
Q9HBH9,P27361,unknown,Phosphorylation,1.0,Reactome;SIGNOR
Q9HBH9,P28482,unknown,Phosphorylation,0.6,SIGNOR
Q9HBH9,P53778,unknown,Phosphorylation,1.0,Reactome
Q9HBH9,Q13164,unknown,Phosphorylation,1.0,Reactome
Q9HBH9,Q15759,unknown,Phosphorylation,1.0,Reactome
Q9HBH9,Q16539,unknown,Phosphorylation,1.0,Reactome;SIGNOR
Q9HBH9,Q16659,unknown,Phosphorylation,1.0,Reactome
Q9HBH9,Q8TD08,unknown,Phosphorylation,1.0,Reactome
Q9HBL0,P08581,Y,Phosphorylation,1.0,UniProt
Q9HBL0,P10721,Y,Phosphorylation,1.0,UniProt
Q9HBL8,P17252,unknown,Phosphorylation,2.35,PhosphoNetworks
Q9HBM1,P06493,unknown,Phosphorylation,1.0,Reactome
Q9HBM1,P53350,unknown,Phosphorylation,1.0,Reactome
Q9HBM6,P50613,unknown,Phosphorylation,1.0,Reactome
Q9HBU1,P49759,unknown,Phosphorylation,1.9,PhosphoNetworks
Q9HBY8,O15530,unknown,Phosphorylation,1.0,PhosphoSitePlus;SIGNOR
Q9HC16,P17612,unknown,Phosphorylation,1.0,PhosphoSitePlus
Q9HC44,O76039,unknown,Phosphorylation,1.93,PhosphoNetworks
Q9HC44,P17252,unknown,Phosphorylation,1.89,PhosphoNetworks
Q9HC44,P49760,unknown,Phosphorylation,2.71,PhosphoNetworks
Q9HC44,P49841,unknown,Phosphorylation,7.87,PhosphoNetworks
Q9HC44,Q9UEE5,unknown,Phosphorylation,1.93,PhosphoNetworks
Q9HC52,Q15759,unknown,Phosphorylation,1.0,Reactome
Q9HC52,Q16539,unknown,Phosphorylation,1.0,Reactome
Q9HC52,Q16644,unknown,Phosphorylation,1.0,Reactome
Q9HC62,O14757,unknown,Phosphorylation,1.0,PhosphoSitePlus
Q9HC62,Q15418,unknown,Phosphorylation,1.0,PhosphoSitePlus
Q9HC77,P53350,unknown,Phosphorylation,1.0,Reactome
Q9HC77,Q9NYY3,unknown,Phosphorylation,1.0,Reactome
Q9HC98,Q07912,Y,Phosphorylation,1.0,UniProt
Q9HC98,Q8TD19,unknown,Phosphorylation,100.0,PhosphoNetworks;PhosphoSitePlus
Q9HC98,Q9Y6E0,unknown,Phosphorylation,15.18,PhosphoNetworks
Q9HCE1,P19525,Y,Phosphorylation,1.0,UniProt
Q9HCG1,Q9UEE5,unknown,Phosphorylation,1.9,PhosphoNetworks
Q9HCH0,P06493,unknown,Phosphorylation,0.2,SIGNOR
Q9HCJ2,O76039,unknown,Phosphorylation,1.0,PhosphoSitePlus
Q9HCM2,P07332,unknown,Phosphorylation,1.0,Reactome
Q9HCM2,P49841,unknown,Phosphorylation,1.0,Reactome
Q9HCN6,P06241,Y,Phosphorylation,1.0,UniProt
Q9HCN6,P07948,Y,Phosphorylation,1.0,UniProt
Q9HCR9,P17612,unknown,Phosphorylation,1.0,PhosphoSitePlus
Q9HCS4,Q9UBE8,unknown,Phosphorylation,1.0,Reactome
Q9HCT0,P27361,unknown,Phosphorylation,1.0,Reactome
Q9HCT0,P28482,unknown,Phosphorylation,1.0,Reactome
Q9HCU5,P29376,Y10,Phosphorylation,0.2,SIGNOR
Q9HCU8,P11802,unknown,Phosphorylation,18.32,PhosphoNetworks
Q9HCU8,Q9UEE5,unknown,Phosphorylation,2.55,PhosphoNetworks
Q9HCX4,Q13976,unknown,Phosphorylation,1.0,PhosphoSitePlus
Q9HD15,O76039,unknown,Phosphorylation,5.31,PhosphoNetworks
Q9HD15,P06241,unknown,Phosphorylation,4.57,PhosphoNetworks
Q9HD15,P11802,unknown,Phosphorylation,3.24,PhosphoNetworks
Q9HD15,P17252,unknown,Phosphorylation,2.67,PhosphoNetworks
Q9HD15,P37173,unknown,Phosphorylation,4.57,PhosphoNetworks
Q9HD15,Q9HC98,unknown,Phosphorylation,2.25,PhosphoNetworks
Q9HD15,Q9NR20,unknown,Phosphorylation,1.6,PhosphoNetworks
Q9HD26,P08631,Y,Phosphorylation,1.0,UniProt
Q9HD42,P07947,Y,Phosphorylation,1.0,UniProt
Q9HD43,P00533,Y,Phosphorylation,1.0,UniProt
Q9HD47,P22607,Y,Phosphorylation,1.0,UniProt
Q9HD90,Q9UEE5,unknown,Phosphorylation,2.5,PhosphoNetworks
Q9JHI9,O60674,Y,Phosphorylation,1.0,UniProt
Q9MYV3,P35968,Y,Phosphorylation,1.0,UniProt
Q9NP31,P04626,Y,Phosphorylation,1.0,UniProt
Q9NP31,P06239,Y280;Y290;Y305,Phosphorylation,1.0,PhosphoSitePlus;SIGNOR;UniProt;iPTMnet
Q9NP31,P08581,Y,Phosphorylation,1.0,UniProt
Q9NP31,P10721,Y,Phosphorylation,1.0,UniProt
Q9NP31,P35968,unknown,Phosphorylation,1.0,Reactome
Q9NP31,P43405,Y,Phosphorylation,1.0,UniProt
Q9NP31,Q05397,Y,Phosphorylation,1.0,UniProt
Q9NP55,P08631,Y,Phosphorylation,1.0,UniProt
Q9NP60,P22607,Y,Phosphorylation,1.0,UniProt
Q9NP62,P49841,unknown,Phosphorylation,1.0,PhosphoSitePlus
Q9NP62,Q14012,unknown,Phosphorylation,1.0,PhosphoSitePlus
Q9NP64,P22607,Y,Phosphorylation,1.0,UniProt
Q9NP70,Q8IXL6,unknown,Phosphorylation,0.666,SIGNOR
Q9NP71,P17612,unknown,Phosphorylation,1.0,PhosphoSitePlus;Reactome
Q9NP71,P22612,unknown,Phosphorylation,1.0,Reactome
Q9NP71,P22694,unknown,Phosphorylation,1.0,Reactome
Q9NP71,P54646,unknown,Phosphorylation,1.0,Reactome
Q9NP71,Q13131,unknown,Phosphorylation,0.454,SIGNOR
Q9NP73,Q01974,Y,Phosphorylation,1.0,UniProt
Q9NP77,Q96GD4,unknown,Phosphorylation,1.0,PhosphoSitePlus
Q9NP80,Q9BUB5,unknown,Phosphorylation,1.0,PhosphoSitePlus
Q9NP87,P24941,unknown,Phosphorylation,1.0,PhosphoSitePlus
Q9NP95,P27361,unknown,Phosphorylation,1.0,Reactome
Q9NP95,P28482,unknown,Phosphorylation,1.0,Reactome
Q9NP97,P17612,unknown,Phosphorylation,1.0,PhosphoSitePlus
Q9NPA1,Q13237,unknown,Phosphorylation,1.0,Reactome
Q9NPA1,Q13976,unknown,Phosphorylation,1.0,Reactome
Q9NPB6,P41743,unknown,Phosphorylation,1.0,PhosphoSitePlus
Q9NPC1,P31749,unknown,Phosphorylation,1.0,PhosphoSitePlus
Q9NPC2,P17612,unknown,Phosphorylation,1.0,PhosphoSitePlus
Q9NPC6,P22607,Y,Phosphorylation,1.0,UniProt
Q9NPF5,P12931,Y246,Phosphorylation,0.2,SIGNOR
Q9NPF5,P24941,unknown,Phosphorylation,1.0,PhosphoSitePlus
Q9NPI6,O96013,unknown,Phosphorylation,12.84,PhosphoNetworks
Q9NPI6,P22455,unknown,Phosphorylation,3.22,PhosphoNetworks
Q9NPI6,P28482,unknown,Phosphorylation,1.0,PhosphoSitePlus
Q9NPI6,P45983,unknown,Phosphorylation,1.0,PhosphoSitePlus
Q9NPI6,Q9HC98,unknown,Phosphorylation,34.33,PhosphoNetworks
Q9NPP4,Q05655,unknown,Phosphorylation,1.0,PhosphoSitePlus
Q9NPQ8,P41743,unknown,Phosphorylation,1.0,PhosphoSitePlus
Q9NQ31,P22607,Y,Phosphorylation,1.0,UniProt
Q9NQ48,P11309,unknown,Phosphorylation,1.65,PhosphoNetworks
Q9NQ48,P17252,unknown,Phosphorylation,3.04,PhosphoNetworks
Q9NQ66,P27361,unknown,Phosphorylation,100.0,PhosphoNetworks;PhosphoSitePlus
Q9NQ66,P28482,unknown,Phosphorylation,1.0,PhosphoSitePlus
Q9NQ86,P29320,unknown,Phosphorylation,3.95,PhosphoNetworks
Q9NQA5,P17252,unknown,Phosphorylation,1.0,PhosphoSitePlus
Q9NQA5,P17612,unknown,Phosphorylation,1.0,PhosphoSitePlus
Q9NQB0,Q9UBE8,unknown,Phosphorylation,1.0,PhosphoSitePlus;SIGNOR
Q9NQB0,Q9UKE5,unknown,Phosphorylation,1.0,PhosphoSitePlus
Q9NQC3,P06241,unknown,Phosphorylation,1.0,PhosphoSitePlus
Q9NQC3,P28482,unknown,Phosphorylation,1.0,PhosphoSitePlus
Q9NQC3,P49137,unknown,Phosphorylation,1.0,PhosphoSitePlus
Q9NQC7,O14920,unknown,Phosphorylation,1.0,PhosphoSitePlus
Q9NQC7,Q14164,unknown,Phosphorylation,1.0,PhosphoSitePlus
Q9NQG5,P42345,unknown,Phosphorylation,1.0,PhosphoSitePlus
Q9NQI0,P11802,unknown,Phosphorylation,3.24,PhosphoNetworks
Q9NQI0,P30291,unknown,Phosphorylation,3.24,PhosphoNetworks
Q9NQI0,Q15349,unknown,Phosphorylation,2.25,PhosphoNetworks
Q9NQI0,Q9NR20,unknown,Phosphorylation,3.69,PhosphoNetworks
Q9NQL2,P31749,unknown,Phosphorylation,1.0,Reactome
Q9NQL2,P54646,unknown,Phosphorylation,1.0,Reactome
Q9NQL2,Q13131,unknown,Phosphorylation,1.0,Reactome
Q9NQS1,P31749,unknown,Phosphorylation,1.85,PhosphoNetworks
Q9NQS1,Q13315,unknown,Phosphorylation,1.0,PhosphoSitePlus
Q9NQS7,O14578,unknown,Phosphorylation,0.429,SIGNOR
Q9NQS7,P06493,unknown,Phosphorylation,1.0,PhosphoSitePlus;Reactome
Q9NQS7,P53350,unknown,Phosphorylation,1.0,Reactome
Q9NQS7,Q96GD4,unknown,Phosphorylation,100.0,PhosphoNetworks;PhosphoSitePlus
Q9NQT4,O14733,unknown,Phosphorylation,2.21,PhosphoNetworks
Q9NQT4,P11362,unknown,Phosphorylation,4.57,PhosphoNetworks
Q9NQT4,P11802,unknown,Phosphorylation,7.46,PhosphoNetworks
Q9NQT4,P17612,unknown,Phosphorylation,1.58,PhosphoNetworks
Q9NQT4,Q13153,unknown,Phosphorylation,2.67,PhosphoNetworks
Q9NQT4,Q8IW41,unknown,Phosphorylation,2.25,PhosphoNetworks
Q9NQT5,Q00535,unknown,Phosphorylation,34.96,PhosphoNetworks
Q9NQT5,Q9NR20,unknown,Phosphorylation,1.6,PhosphoNetworks
Q9NQT5,Q9UEE5,unknown,Phosphorylation,5.31,PhosphoNetworks
Q9NQT8,Q7KZI7,unknown,Phosphorylation,1.0,PhosphoSitePlus
Q9NQU5,P52564,Y566,Phosphorylation,100.0,PhosphoNetworks;PhosphoSitePlus;SIGNOR;iPTMnet
Q9NQU5,Q16539,unknown,Phosphorylation,100.0,PhosphoNetworks;PhosphoSitePlus
Q9NQV6,P49760,unknown,Phosphorylation,1.93,PhosphoNetworks
Q9NQV6,P51956,unknown,Phosphorylation,1.93,PhosphoNetworks
Q9NQV6,Q59H18,unknown,Phosphorylation,1.91,PhosphoNetworks
Q9NQX0,Q13882,Y,Phosphorylation,1.0,UniProt
Q9NQX1,P29597,Y,Phosphorylation,1.0,UniProt
Q9NQX3,P49841,unknown,Phosphorylation,1.0,PhosphoSitePlus
Q9NQZ2,Q96GD4,unknown,Phosphorylation,1.0,PhosphoSitePlus
Q9NR09,Q02750,Y,Phosphorylation,1.0,UniProt
Q9NR20,Q92630,Y,Phosphorylation,1.0,UniProt
Q9NR20,Q9NR20,Y264,Phosphorylation,1.0,SIGNOR;iPTMnet
Q9NR21,P22607,Y,Phosphorylation,1.0,UniProt
Q9NR22,P37173,unknown,Phosphorylation,3.36,PhosphoNetworks
Q9NR28,P31749,unknown,Phosphorylation,1.0,PhosphoSitePlus
Q9NR28,P45983,unknown,Phosphorylation,1.0,PhosphoSitePlus
Q9NR28,P53779,unknown,Phosphorylation,0.342,SIGNOR
Q9NR46,P07947,Y,Phosphorylation,1.0,UniProt
Q9NR56,P10398,unknown,Phosphorylation,3.12,PhosphoNetworks
Q9NR80,P12931,Y165,Phosphorylation,1.0,PhosphoSitePlus;SIGNOR;iPTMnet
Q9NRA0,O15530,unknown,Phosphorylation,1.0,PhosphoSitePlus
Q9NRA0,P27361,unknown,Phosphorylation,1.0,PhosphoSitePlus
Q9NRA0,P28482,unknown,Phosphorylation,1.0,PhosphoSitePlus
Q9NRA0,Q15139,unknown,Phosphorylation,1.0,PhosphoSitePlus
Q9NRA1,P16234,Y,Phosphorylation,1.0,UniProt
Q9NRA8,O15530,unknown,Phosphorylation,2.04,PhosphoNetworks
Q9NRA8,P11802,unknown,Phosphorylation,65.13,PhosphoNetworks
Q9NRA8,P17612,unknown,Phosphorylation,2.21,PhosphoNetworks
Q9NRA8,P23443,unknown,Phosphorylation,20.02,PhosphoNetworks
Q9NRA8,P28482,unknown,Phosphorylation,1.0,PhosphoSitePlus
Q9NRA8,P30291,unknown,Phosphorylation,65.13,PhosphoNetworks
Q9NRA8,P45983,unknown,Phosphorylation,1.0,PhosphoSitePlus
Q9NRA8,P45984,unknown,Phosphorylation,12.84,PhosphoNetworks
Q9NRA8,P49674,unknown,Phosphorylation,2.25,PhosphoNetworks
Q9NRA8,P51955,unknown,Phosphorylation,2.91,PhosphoNetworks
Q9NRA8,Q05655,unknown,Phosphorylation,2.91,PhosphoNetworks
Q9NRA8,Q13188,unknown,Phosphorylation,1.58,PhosphoNetworks
Q9NRA8,Q15349,unknown,Phosphorylation,2.25,PhosphoNetworks
Q9NRA8,Q59H18,unknown,Phosphorylation,2.25,PhosphoNetworks
Q9NRA8,Q8IW41,unknown,Phosphorylation,46.1,PhosphoNetworks
Q9NRA8,Q8TD19,unknown,Phosphorylation,34.96,PhosphoNetworks
Q9NRA8,Q9NR20,unknown,Phosphorylation,2.07,PhosphoNetworks
Q9NRA8,Q9P1W9,unknown,Phosphorylation,12.61,PhosphoNetworks
Q9NRC6,P12931,unknown,Phosphorylation,1.0,Reactome
Q9NRC6,Q05397,unknown,Phosphorylation,1.0,Reactome
Q9NRD5,P05129,unknown,Phosphorylation,1.0,Reactome
Q9NRD5,P05771,unknown,Phosphorylation,1.0,Reactome
Q9NRD5,P07947,Y,Phosphorylation,1.0,UniProt
Q9NRD5,P17252,unknown,Phosphorylation,1.0,Reactome
Q9NRD5,P51451,Y,Phosphorylation,1.0,UniProt
Q9NRD5,P52564,Y,Phosphorylation,1.0,UniProt
Q9NRD9,P17612,unknown,Phosphorylation,1.0,PhosphoSitePlus
Q9NRF2,O60674,unknown,Phosphorylation,100.0,PhosphoNetworks
Q9NRF2,P00533,Y,Phosphorylation,1.0,UniProt
Q9NRF2,P06213,Y,Phosphorylation,1.0,UniProt
Q9NRF2,P17252,unknown,Phosphorylation,1.0,PhosphoSitePlus
Q9NRF2,P27361,unknown,Phosphorylation,100.0,PhosphoNetworks;PhosphoSitePlus
Q9NRF2,P28482,unknown,Phosphorylation,100.0,PhosphoNetworks;PhosphoSitePlus
Q9NRF8,P48729,unknown,Phosphorylation,1.0,PhosphoSitePlus
Q9NRG4,P31749,unknown,Phosphorylation,3.47,PhosphoNetworks
Q9NRG4,Q00535,unknown,Phosphorylation,7.87,PhosphoNetworks
Q9NRG4,Q05397,unknown,Phosphorylation,3.55,PhosphoNetworks
Q9NRG9,P06493,unknown,Phosphorylation,1.0,Reactome
Q9NRG9,Q8TD19,unknown,Phosphorylation,1.0,Reactome
Q9NRG9,Q9HC98,unknown,Phosphorylation,1.0,Reactome
Q9NRH2,Q15831,unknown,Phosphorylation,100.0,PhosphoNetworks;PhosphoSitePlus
Q9NRJ4,O00418,unknown,Phosphorylation,1.6,PhosphoNetworks
Q9NRL2,O14757,unknown,Phosphorylation,1.0,PhosphoSitePlus
Q9NRM2,Q9HAZ1,unknown,Phosphorylation,1.93,PhosphoNetworks
Q9NRM7,O14757,unknown,Phosphorylation,1.0,PhosphoSitePlus
Q9NRM7,O14965,unknown,Phosphorylation,1.0,PhosphoSitePlus
Q9NRM7,O96017,unknown,Phosphorylation,1.0,PhosphoSitePlus
Q9NRM7,Q13043,unknown,Phosphorylation,1.0,Reactome
Q9NRM7,Q13188,unknown,Phosphorylation,1.0,Reactome
Q9NRR4,P49841,unknown,Phosphorylation,1.0,PhosphoSitePlus
Q9NRR4,Q16539,unknown,Phosphorylation,1.0,PhosphoSitePlus
Q9NRY4,P00533,unknown,Phosphorylation,1.0,PhosphoSitePlus
Q9NRY4,P06241,Y1087;Y1105,Phosphorylation,1.0,iPTMnet
Q9NRY4,P12931,Y1105,Phosphorylation,1.0,PhosphoSitePlus;SIGNOR;iPTMnet
Q9NRY4,P17252,unknown,Phosphorylation,1.0,PhosphoSitePlus
Q9NRY4,P42684,Y1105,Phosphorylation,1.0,iPTMnet
Q9NRY4,Q13464,unknown,Phosphorylation,1.0,PhosphoSitePlus
Q9NRY4,Q13882,Y1105,Phosphorylation,1.0,iPTMnet
Q9NRY6,Q05655,unknown,Phosphorylation,1.0,PhosphoSitePlus
Q9NS23,O14757,unknown,Phosphorylation,1.0,PhosphoSitePlus
Q9NS23,O14965,unknown,Phosphorylation,1.0,PhosphoSitePlus
Q9NS23,P11802,unknown,Phosphorylation,1.0,PhosphoSitePlus
Q9NS23,P17252,unknown,Phosphorylation,1.0,PhosphoSitePlus
Q9NS23,P17612,unknown,Phosphorylation,1.0,PhosphoSitePlus
Q9NS23,P22607,Y,Phosphorylation,1.0,UniProt
Q9NS23,P49841,unknown,Phosphorylation,1.0,PhosphoSitePlus
Q9NS23,Q13315,unknown,Phosphorylation,1.0,PhosphoSitePlus
Q9NS23,Q13535,unknown,Phosphorylation,1.0,PhosphoSitePlus
Q9NS23,Q96GD4,unknown,Phosphorylation,1.0,PhosphoSitePlus
Q9NS28,P17612,unknown,Phosphorylation,1.0,PhosphoSitePlus
Q9NS28,Q13976,unknown,Phosphorylation,1.0,PhosphoSitePlus
Q9NS56,P42345,unknown,Phosphorylation,1.0,PhosphoSitePlus
Q9NS56,P53350,unknown,Phosphorylation,1.0,PhosphoSitePlus
Q9NS61,O43930,unknown,Phosphorylation,1.84,PhosphoNetworks
Q9NS61,P17252,unknown,Phosphorylation,20.11,PhosphoNetworks
Q9NS61,P57059,unknown,Phosphorylation,1.84,PhosphoNetworks
Q9NS61,Q14289,unknown,Phosphorylation,4.02,PhosphoNetworks
Q9NS61,Q6ZWH5,unknown,Phosphorylation,1.84,PhosphoNetworks
Q9NS61,Q92630,unknown,Phosphorylation,3.98,PhosphoNetworks
Q9NS73,P00533,Y,Phosphorylation,1.0,UniProt
Q9NS73,P22607,Y,Phosphorylation,1.0,UniProt
Q9NS91,O00311,unknown,Phosphorylation,1.0,PhosphoSitePlus
Q9NS91,P24941,unknown,Phosphorylation,1.0,PhosphoSitePlus
Q9NS91,Q13315,unknown,Phosphorylation,1.0,PhosphoSitePlus
Q9NSD5,P22607,Y,Phosphorylation,1.0,UniProt
Q9NSE2,P00533,Y,Phosphorylation,1.0,UniProt
Q9NSE2,P04626,Y,Phosphorylation,1.0,UniProt
Q9NSI6,P22607,Y,Phosphorylation,1.0,UniProt
Q9NSP4,P06493,unknown,Phosphorylation,1.0,Reactome
Q9NSP4,P53350,unknown,Phosphorylation,1.0,Reactome
Q9NSV4,P24941,unknown,Phosphorylation,1.0,PhosphoSitePlus
Q9NSV4,Q13464,unknown,Phosphorylation,1.0,PhosphoSitePlus
Q9NTI5,P06493,unknown,Phosphorylation,1.0,PhosphoSitePlus;Reactome
Q9NTI5,P24941,unknown,Phosphorylation,1.0,PhosphoSitePlus
Q9NTI5,P53350,unknown,Phosphorylation,1.0,Reactome
Q9NTJ3,P06493,unknown,Phosphorylation,1.0,Reactome
Q9NTJ3,P19784,unknown,Phosphorylation,1.0,Reactome
Q9NTJ3,P68400,unknown,Phosphorylation,1.0,Reactome
Q9NTN9,P22607,Y,Phosphorylation,1.0,UniProt
Q9NTZ6,P10398,unknown,Phosphorylation,2.75,PhosphoNetworks
Q9NTZ6,P49760,unknown,Phosphorylation,2.71,PhosphoNetworks
Q9NTZ6,Q14289,unknown,Phosphorylation,2.68,PhosphoNetworks
Q9NTZ6,Q16539,unknown,Phosphorylation,10.38,PhosphoNetworks
Q9NUK0,O43283,unknown,Phosphorylation,2.07,PhosphoNetworks
Q9NUK0,O76039,unknown,Phosphorylation,6.88,PhosphoNetworks
Q9NUK0,P00540,unknown,Phosphorylation,1.79,PhosphoNetworks
Q9NUK0,P06239,unknown,Phosphorylation,2.46,PhosphoNetworks
Q9NUK0,P07947,unknown,Phosphorylation,1.6,PhosphoNetworks
Q9NUK0,P11802,unknown,Phosphorylation,5.31,PhosphoNetworks
Q9NUK0,P22455,unknown,Phosphorylation,7.49,PhosphoNetworks
Q9NUK0,P22694,unknown,Phosphorylation,2.6,PhosphoNetworks
Q9NUK0,P30291,unknown,Phosphorylation,5.31,PhosphoNetworks
Q9NUK0,P37173,unknown,Phosphorylation,7.49,PhosphoNetworks
Q9NUK0,P43403,unknown,Phosphorylation,1.6,PhosphoNetworks
Q9NUK0,P49674,unknown,Phosphorylation,3.69,PhosphoNetworks
Q9NUK0,P49760,unknown,Phosphorylation,5.31,PhosphoNetworks
Q9NUK0,P50613,unknown,Phosphorylation,5.31,PhosphoNetworks
Q9NUK0,P51813,unknown,Phosphorylation,1.57,PhosphoNetworks
Q9NUK0,P78362,unknown,Phosphorylation,3.69,PhosphoNetworks
Q9NUK0,Q00534,unknown,Phosphorylation,3.69,PhosphoNetworks
Q9NUK0,Q00535,unknown,Phosphorylation,2.6,PhosphoNetworks
Q9NUK0,Q06187,unknown,Phosphorylation,3.63,PhosphoNetworks
Q9NUK0,Q07912,unknown,Phosphorylation,7.49,PhosphoNetworks
Q9NUK0,Q08345,unknown,Phosphorylation,3.74,PhosphoNetworks
Q9NUK0,Q12851,unknown,Phosphorylation,1.6,PhosphoNetworks
Q9NUK0,Q13043,unknown,Phosphorylation,3.63,PhosphoNetworks
Q9NUK0,Q13153,unknown,Phosphorylation,4.29,PhosphoNetworks
Q9NUK0,Q13882,unknown,Phosphorylation,3.69,PhosphoNetworks
Q9NUK0,Q15349,unknown,Phosphorylation,2.6,PhosphoNetworks
Q9NUK0,Q16512,unknown,Phosphorylation,1.57,PhosphoNetworks
Q9NUK0,Q59H18,unknown,Phosphorylation,3.69,PhosphoNetworks
Q9NUK0,Q6J9G0,unknown,Phosphorylation,7.36,PhosphoNetworks
Q9NUK0,Q86SG6,unknown,Phosphorylation,1.6,PhosphoNetworks
Q9NUK0,Q8IVW4,unknown,Phosphorylation,1.6,PhosphoNetworks
Q9NUK0,Q8IW41,unknown,Phosphorylation,3.63,PhosphoNetworks
Q9NUK0,Q8N2I9,unknown,Phosphorylation,3.69,PhosphoNetworks
Q9NUK0,Q8N5S9,unknown,Phosphorylation,3.69,PhosphoNetworks
Q9NUK0,Q8NEV4,unknown,Phosphorylation,1.57,PhosphoNetworks
Q9NUK0,Q8TAS1,unknown,Phosphorylation,3.63,PhosphoNetworks
Q9NUK0,Q8TDX7,unknown,Phosphorylation,1.6,PhosphoNetworks
Q9NUK0,Q92630,unknown,Phosphorylation,3.69,PhosphoNetworks
Q9NUK0,Q96GD4,unknown,Phosphorylation,5.22,PhosphoNetworks
Q9NUK0,Q99558,unknown,Phosphorylation,1.57,PhosphoNetworks
Q9NUK0,Q9HBH9,unknown,Phosphorylation,1.75,PhosphoNetworks
Q9NUK0,Q9NR20,unknown,Phosphorylation,1.6,PhosphoNetworks
Q9NUK0,Q9UEE5,unknown,Phosphorylation,5.22,PhosphoNetworks
Q9NUK0,Q9UK32,unknown,Phosphorylation,1.75,PhosphoNetworks
Q9NUL3,P19525,Y,Phosphorylation,1.0,UniProt
Q9NUP9,P07947,Y,Phosphorylation,1.0,UniProt
Q9NUP9,Q15375,Y,Phosphorylation,1.0,UniProt
Q9NUU7,O14757,unknown,Phosphorylation,1.0,PhosphoSitePlus
Q9NUW8,P78527,unknown,Phosphorylation,1.0,PhosphoSitePlus
Q9NUW8,Q13315,unknown,Phosphorylation,1.0,PhosphoSitePlus
Q9NUY8,P28482,unknown,Phosphorylation,1.0,PhosphoSitePlus
Q9NV88,P50613,unknown,Phosphorylation,1.0,Reactome
Q9NV88,P50750,unknown,Phosphorylation,1.0,Reactome
Q9NV92,P12931,unknown,Phosphorylation,1.0,PhosphoSitePlus
Q9NVH2,P50613,unknown,Phosphorylation,1.0,Reactome
Q9NVH2,P50750,unknown,Phosphorylation,1.0,Reactome
Q9NVI1,Q13315,unknown,Phosphorylation,1.0,PhosphoSitePlus
Q9NVI1,Q13535,unknown,Phosphorylation,0.625,SIGNOR
Q9NVM9,P50613,unknown,Phosphorylation,1.0,Reactome
Q9NVM9,P50750,unknown,Phosphorylation,1.0,Reactome
Q9NVP1,P42345,unknown,Phosphorylation,1.0,PhosphoSitePlus
Q9NVP2,Q86UE8,unknown,Phosphorylation,1.0,PhosphoSitePlus
Q9NVR2,P50613,unknown,Phosphorylation,1.0,Reactome
Q9NVR2,P50750,unknown,Phosphorylation,1.0,Reactome
Q9NVV9,P07947,Y,Phosphorylation,1.0,UniProt
Q9NVX0,P53350,unknown,Phosphorylation,1.0,Reactome
Q9NWB1,P22607,Y,Phosphorylation,1.0,UniProt
Q9NWH9,O14757,unknown,Phosphorylation,1.0,PhosphoSitePlus
Q9NWQ4,P22607,Y,Phosphorylation,1.0,UniProt
Q9NWQ8,P00533,unknown,Phosphorylation,1.0,Reactome
Q9NWQ8,P06241,Y,Phosphorylation,1.0,SIGNOR;UniProt
Q9NWQ8,P07948,Y105,Phosphorylation,1.0,PhosphoSitePlus;UniProt;iPTMnet
Q9NWQ8,P12931,unknown,Phosphorylation,1.0,PhosphoSitePlus
Q9NWQ8,P41240,Y,Phosphorylation,1.0,UniProt
Q9NWV8,O96017,unknown,Phosphorylation,1.0,Reactome
Q9NWW5,P29323,Y,Phosphorylation,1.0,UniProt
Q9NWZ3,Q9NWZ3,unknown,Phosphorylation,1.0,PhosphoSitePlus
Q9NX63,P17612,unknown,Phosphorylation,1.0,PhosphoSitePlus
Q9NX94,P22607,Y,Phosphorylation,1.0,UniProt
Q9NXE8,O14757,unknown,Phosphorylation,1.0,PhosphoSitePlus
Q9NXH3,P17252,unknown,Phosphorylation,100.0,PhosphoNetworks
Q9NXL2,P22607,Y,Phosphorylation,1.0,UniProt
Q9NXR1,P06493,unknown,Phosphorylation,1.0,Reactome;SIGNOR
Q9NXR1,P17612,unknown,Phosphorylation,1.0,PhosphoSitePlus
Q9NXR1,P24941,unknown,Phosphorylation,1.0,PhosphoSitePlus
Q9NXR1,P53350,unknown,Phosphorylation,1.0,Reactome
Q9NXR7,O96017,unknown,Phosphorylation,1.0,Reactome
Q9NXX0,P22607,Y,Phosphorylation,1.0,UniProt
Q9NY61,O96017,unknown,Phosphorylation,1.0,PhosphoSitePlus
Q9NY61,P49137,unknown,Phosphorylation,1.0,PhosphoSitePlus
Q9NY61,Q13315,unknown,Phosphorylation,1.0,PhosphoSitePlus
Q9NY61,Q9H2X6,unknown,Phosphorylation,0.344,SIGNOR
Q9NYA1,P05129,unknown,Phosphorylation,1.0,Reactome
Q9NYA1,P05771,unknown,Phosphorylation,1.0,Reactome
Q9NYA1,P17252,unknown,Phosphorylation,1.0,Reactome
Q9NYA1,P19525,unknown,Phosphorylation,1.0,Reactome
Q9NYA1,P27361,unknown,Phosphorylation,1.0,PhosphoSitePlus
Q9NYA1,P28482,unknown,Phosphorylation,1.0,PhosphoSitePlus
Q9NYA1,Q05513,unknown,Phosphorylation,1.0,Reactome
Q9NYA1,Q05655,unknown,Phosphorylation,1.0,Reactome
Q9NYB0,O43683,unknown,Phosphorylation,18.32,PhosphoNetworks
Q9NYB0,O43781,unknown,Phosphorylation,1.93,PhosphoNetworks
Q9NYB0,P24941,unknown,Phosphorylation,1.0,PhosphoSitePlus
Q9NYB0,P29597,unknown,Phosphorylation,2.7,PhosphoNetworks
Q9NYB9,O00238,unknown,Phosphorylation,38.08,PhosphoNetworks
Q9NYB9,O60674,unknown,Phosphorylation,5.45,PhosphoNetworks
Q9NYB9,P00519,Y,Phosphorylation,1.0,UniProt
Q9NYB9,P08581,unknown,Phosphorylation,7.75,PhosphoNetworks
Q9NYB9,P31749,unknown,Phosphorylation,4.29,PhosphoNetworks
Q9NYB9,P37173,unknown,Phosphorylation,1.73,PhosphoNetworks
Q9NYB9,P41240,unknown,Phosphorylation,1.91,PhosphoNetworks
Q9NYB9,P41743,unknown,Phosphorylation,1.57,PhosphoNetworks
Q9NYB9,P42684,Y,Phosphorylation,1.0,UniProt
Q9NYB9,P43403,unknown,Phosphorylation,15.83,PhosphoNetworks
Q9NYB9,P49841,unknown,Phosphorylation,1.57,PhosphoNetworks
Q9NYB9,Q00535,unknown,Phosphorylation,18.54,PhosphoNetworks
Q9NYB9,Q06187,unknown,Phosphorylation,18.88,PhosphoNetworks
Q9NYB9,Q07912,unknown,Phosphorylation,2.41,PhosphoNetworks
Q9NYB9,Q08345,unknown,Phosphorylation,11.76,PhosphoNetworks
Q9NYB9,Q13153,unknown,Phosphorylation,65.45,PhosphoNetworks
Q9NYB9,Q6J9G0,unknown,Phosphorylation,4.02,PhosphoNetworks
Q9NYB9,Q8TD19,unknown,Phosphorylation,1.57,PhosphoNetworks
Q9NYB9,Q9NR20,unknown,Phosphorylation,1.67,PhosphoNetworks
Q9NYF0,P17612,unknown,Phosphorylation,1.0,PhosphoSitePlus
Q9NYF3,Q13627,Y,Phosphorylation,1.0,UniProt
Q9NYF8,P12931,unknown,Phosphorylation,1.0,PhosphoSitePlus
Q9NYF8,P49841,unknown,Phosphorylation,1.0,PhosphoSitePlus
Q9NYG5,P53350,unknown,Phosphorylation,1.0,Reactome
Q9NYL2,Q16512,unknown,Phosphorylation,0.2,SIGNOR
Q9NYL9,P31751,unknown,Phosphorylation,1.0,PhosphoSitePlus
Q9NYQ6,P53350,unknown,Phosphorylation,0.2,SIGNOR
Q9NYV4,P50613,unknown,Phosphorylation,1.0,PhosphoSitePlus
Q9NYV6,P24941,unknown,Phosphorylation,1.0,PhosphoSitePlus
Q9NYV6,P27361,unknown,Phosphorylation,100.0,PhosphoNetworks;PhosphoSitePlus
Q9NYV6,P45984,unknown,Phosphorylation,100.0,PhosphoNetworks;PhosphoSitePlus
Q9NYV6,P51812,unknown,Phosphorylation,100.0,PhosphoNetworks;PhosphoSitePlus
Q9NYV6,P68400,unknown,Phosphorylation,1.0,PhosphoSitePlus
Q9NYV6,Q13131,unknown,Phosphorylation,1.0,PhosphoSitePlus
Q9NYW8,P42681,Y,Phosphorylation,1.0,UniProt
Q9NYZ3,P28482,unknown,Phosphorylation,1.0,PhosphoSitePlus
Q9NYZ3,P53350,unknown,Phosphorylation,1.0,PhosphoSitePlus
Q9NZ42,P06241,Y,Phosphorylation,1.0,UniProt
Q9NZ72,P28482,unknown,Phosphorylation,1.0,PhosphoSitePlus
Q9NZ72,P49840,unknown,Phosphorylation,1.0,PhosphoSitePlus
Q9NZ72,Q00535,unknown,Phosphorylation,1.0,PhosphoSitePlus
Q9NZA1,P06241,Y33,Phosphorylation,1.0,PhosphoSitePlus;SIGNOR
Q9NZC2,P06239,unknown,Phosphorylation,1.0,Reactome
Q9NZC2,P06241,unknown,Phosphorylation,1.0,Reactome
Q9NZC7,P12931,Y33,Phosphorylation,1.0,PhosphoSitePlus;SIGNOR;iPTMnet
Q9NZC7,Q07912,Y287,Phosphorylation,1.0,PhosphoSitePlus;iPTMnet
Q9NZC9,P51956,unknown,Phosphorylation,1.9,PhosphoNetworks
Q9NZC9,Q13535,unknown,Phosphorylation,1.0,PhosphoSitePlus
Q9NZH5,P06493,unknown,Phosphorylation,1.0,PhosphoSitePlus
Q9NZH6,P22607,Y,Phosphorylation,1.0,UniProt
Q9NZI2,Q14289,unknown,Phosphorylation,2.67,PhosphoNetworks
Q9NZI5,O43781,unknown,Phosphorylation,1.93,PhosphoNetworks
Q9NZI8,Q13627,Y,Phosphorylation,1.0,UniProt
Q9NZJ0,P06493,unknown,Phosphorylation,1.0,PhosphoSitePlus
Q9NZJ0,P24941,unknown,Phosphorylation,1.0,PhosphoSitePlus
Q9NZJ5,P31749,unknown,Phosphorylation,1.0,PhosphoSitePlus
Q9NZJ5,Q9NZJ5,Y619,Phosphorylation,1.0,PhosphoSitePlus;SIGNOR;iPTMnet
Q9NZJ9,P07947,unknown,Phosphorylation,1.67,PhosphoNetworks
Q9NZJ9,P21802,unknown,Phosphorylation,6.16,PhosphoNetworks
Q9NZJ9,Q92630,unknown,Phosphorylation,1.99,PhosphoNetworks
Q9NZM3,P00533,Y,Phosphorylation,1.0,UniProt
Q9NZN5,P08069,Y,Phosphorylation,1.0,UniProt
Q9NZN5,Q05397,unknown,Phosphorylation,0.305,SIGNOR
Q9NZN8,Q13535,unknown,Phosphorylation,1.0,PhosphoSitePlus
Q9NZQ3,P06241,Y,Phosphorylation,1.0,UniProt
Q9NZQ3,P12931,unknown,Phosphorylation,1.0,PhosphoSitePlus;SIGNOR
Q9NZQ3,P27361,unknown,Phosphorylation,0.422,SIGNOR
Q9NZQ3,Q05397,unknown,Phosphorylation,1.0,Reactome
Q9NZQ7,P41240,unknown,Phosphorylation,1.0,Reactome
Q9NZQ7,P49841,unknown,Phosphorylation,0.305,SIGNOR
Q9NZS9,P04049,unknown,Phosphorylation,9.14,PhosphoNetworks
Q9NZS9,P06241,unknown,Phosphorylation,9.14,PhosphoNetworks
Q9NZS9,P17252,unknown,Phosphorylation,15.62,PhosphoNetworks
Q9NZS9,Q05513,unknown,Phosphorylation,3.11,PhosphoNetworks
Q9NZS9,Q15759,unknown,Phosphorylation,1.57,PhosphoNetworks
Q9NZS9,Q16539,unknown,Phosphorylation,4.26,PhosphoNetworks
Q9NZT2,P06493,unknown,Phosphorylation,1.0,PhosphoSitePlus
Q9NZV7,Q9HCP0,unknown,Phosphorylation,2.07,PhosphoNetworks
Q9NZV8,P17612,unknown,Phosphorylation,1.0,PhosphoSitePlus
Q9NZV8,P27361,unknown,Phosphorylation,1.0,PhosphoSitePlus
Q9NZV8,P28482,unknown,Phosphorylation,1.0,PhosphoSitePlus
Q9NZV8,Q16566,unknown,Phosphorylation,100.0,PhosphoNetworks
Q9P0J0,Q15349,unknown,Phosphorylation,2.21,PhosphoNetworks
Q9P0J1,P00533,unknown,Phosphorylation,1.0,PhosphoSitePlus
Q9P0J1,P11362,unknown,Phosphorylation,1.0,PhosphoSitePlus
Q9P0K7,P28482,unknown,Phosphorylation,1.0,PhosphoSitePlus
Q9P0L0,P00533,Y,Phosphorylation,1.0,UniProt
Q9P0L2,Q15831,unknown,Phosphorylation,100.0,PhosphoNetworks;PhosphoSitePlus
Q9P0T4,P22607,Y,Phosphorylation,1.0,UniProt
Q9P0U4,Q13153,unknown,Phosphorylation,2.64,PhosphoNetworks
Q9P0V3,P31749,unknown,Phosphorylation,1.0,PhosphoSitePlus
Q9P0W2,P42685,unknown,Phosphorylation,2.21,PhosphoNetworks
Q9P127,P49760,Y,Phosphorylation,1.0,UniProt
Q9P1Q0,P22607,Y,Phosphorylation,1.0,UniProt
Q9P1Z0,P30291,unknown,Phosphorylation,1.93,PhosphoNetworks
Q9P1Z0,Q9H2X6,unknown,Phosphorylation,1.0,PhosphoSitePlus
Q9P1Z0,Q9UEE5,unknown,Phosphorylation,2.55,PhosphoNetworks
Q9P209,P53350,unknown,Phosphorylation,1.0,Reactome
Q9P218,Q05397,unknown,Phosphorylation,1.0,Reactome
Q9P218,Q14289,unknown,Phosphorylation,1.0,Reactome
Q9P242,P06241,unknown,Phosphorylation,1.0,PhosphoSitePlus
Q9P258,P06493,unknown,Phosphorylation,1.0,Reactome
Q9P258,P53350,unknown,Phosphorylation,1.0,Reactome
Q9P270,P24941,unknown,Phosphorylation,1.0,PhosphoSitePlus
Q9P2B4,P24941,unknown,Phosphorylation,1.0,PhosphoSitePlus
Q9P2D0,P05771,unknown,Phosphorylation,1.0,PhosphoSitePlus
Q9P2D1,O14757,unknown,Phosphorylation,1.0,PhosphoSitePlus
Q9P2D1,P24941,unknown,Phosphorylation,1.0,PhosphoSitePlus
Q9P2E2,Q9UQM7,unknown,Phosphorylation,1.0,PhosphoSitePlus
Q9P2F6,Q13153,unknown,Phosphorylation,2.35,PhosphoNetworks
Q9P2I0,Q92989,unknown,Phosphorylation,1.0,Reactome
Q9P2J5,P27361,unknown,Phosphorylation,1.0,Reactome
Q9P2J5,P28482,unknown,Phosphorylation,1.0,Reactome
Q9P2K3,P22607,Y,Phosphorylation,1.0,UniProt
Q9P2K5,P42685,unknown,Phosphorylation,3.19,PhosphoNetworks
Q9P2M7,Q13131,unknown,Phosphorylation,1.0,PhosphoSitePlus
Q9P2N5,P24941,unknown,Phosphorylation,1.0,PhosphoSitePlus
Q9P2N5,P42685,unknown,Phosphorylation,2.6,PhosphoNetworks
Q9QPN3,P06241,Y,Phosphorylation,1.0,UniProt
Q9QPN3,P07948,Y,Phosphorylation,1.0,UniProt
Q9QPN3,P08631,Y,Phosphorylation,1.0,UniProt
Q9QPN3,P12931,Y,Phosphorylation,1.0,UniProt
Q9QZC5,P00533,Y,Phosphorylation,1.0,UniProt
Q9UBB4,P53350,unknown,Phosphorylation,1.0,PhosphoSitePlus
Q9UBB4,Q96GD4,unknown,Phosphorylation,1.0,PhosphoSitePlus
Q9UBC0,P51957,unknown,Phosphorylation,1.93,PhosphoNetworks
Q9UBD5,P24941,unknown,Phosphorylation,1.0,Reactome
Q9UBD5,Q13535,unknown,Phosphorylation,1.0,Reactome
Q9UBE8,O43318,unknown,Phosphorylation,1.0,Reactome;SIGNOR
Q9UBE8,Q13873,unknown,Phosphorylation,3.22,PhosphoNetworks
Q9UBF6,P68400,unknown,Phosphorylation,100.0,PhosphoNetworks;PhosphoSitePlus
Q9UBF8,P06493,unknown,Phosphorylation,1.0,PhosphoSitePlus
Q9UBF8,Q15139,unknown,Phosphorylation,1.0,PhosphoSitePlus
Q9UBF8,Q15208,unknown,Phosphorylation,1.0,PhosphoSitePlus
Q9UBF8,Q9BZL6,unknown,Phosphorylation,1.0,PhosphoSitePlus
Q9UBH6,P11362,unknown,Phosphorylation,5.51,PhosphoNetworks
Q9UBK2,P17612,unknown,Phosphorylation,1.0,PhosphoSitePlus
Q9UBK2,P23443,unknown,Phosphorylation,1.0,PhosphoSitePlus
Q9UBK2,P31749,unknown,Phosphorylation,1.0,PhosphoSitePlus
Q9UBK2,P31751,unknown,Phosphorylation,1.0,PhosphoSitePlus
Q9UBK2,P49760,unknown,Phosphorylation,0.2,SIGNOR
Q9UBK2,P49841,unknown,Phosphorylation,0.476,SIGNOR
Q9UBK2,P53778,unknown,Phosphorylation,1.0,Reactome
Q9UBK2,P54646,unknown,Phosphorylation,1.0,PhosphoSitePlus;Reactome
Q9UBK2,Q15759,unknown,Phosphorylation,1.0,Reactome
Q9UBK2,Q16539,unknown,Phosphorylation,100.0,PhosphoNetworks;PhosphoSitePlus;Reactome
Q9UBL0,P17612,unknown,Phosphorylation,1.0,PhosphoSitePlus
Q9UBN1,Q13554,unknown,Phosphorylation,1.0,Reactome
Q9UBN1,Q13555,unknown,Phosphorylation,1.0,Reactome
Q9UBN1,Q13557,unknown,Phosphorylation,1.0,Reactome
Q9UBN1,Q9UQM7,unknown,Phosphorylation,1.0,Reactome
Q9UBN7,P00533,Y570,Phosphorylation,1.0,PhosphoSitePlus;SIGNOR;UniProt;iPTMnet
Q9UBN7,P27361,unknown,Phosphorylation,1.0,PhosphoSitePlus
Q9UBN7,P28482,unknown,Phosphorylation,1.0,PhosphoSitePlus
Q9UBN7,P68400,unknown,Phosphorylation,1.0,PhosphoSitePlus
Q9UBP6,P31749,unknown,Phosphorylation,1.0,PhosphoSitePlus
Q9UBP6,Q15418,unknown,Phosphorylation,1.0,PhosphoSitePlus
Q9UBQ0,P06241,Y,Phosphorylation,1.0,UniProt
Q9UBR2,P48730,unknown,Phosphorylation,1.0,Reactome
Q9UBR4,O75116,unknown,Phosphorylation,0.2,SIGNOR
Q9UBS0,O15530,unknown,Phosphorylation,1.0,PhosphoSitePlus
Q9UBS0,P05129,unknown,Phosphorylation,1.0,PhosphoSitePlus
Q9UBS0,P05771,unknown,Phosphorylation,1.0,PhosphoSitePlus
Q9UBS0,P12931,Y45,Phosphorylation,1.0,PhosphoSitePlus;SIGNOR;iPTMnet
Q9UBS0,P17252,unknown,Phosphorylation,100.0,PhosphoNetworks;PhosphoSitePlus
Q9UBS0,P31749,unknown,Phosphorylation,1.0,Reactome
Q9UBS0,P41743,unknown,Phosphorylation,100.0,PhosphoNetworks;PhosphoSitePlus
Q9UBS0,P42345,unknown,Phosphorylation,0.834,SIGNOR
Q9UBS0,Q02156,unknown,Phosphorylation,1.0,PhosphoSitePlus
Q9UBS0,Q05513,unknown,Phosphorylation,100.0,PhosphoNetworks;PhosphoSitePlus
Q9UBS0,Q05655,unknown,Phosphorylation,100.0,PhosphoNetworks;PhosphoSitePlus
Q9UBS5,Q9UQM7,unknown,Phosphorylation,1.0,PhosphoSitePlus
Q9UBS8,Q00534,unknown,Phosphorylation,34.96,PhosphoNetworks
Q9UBS8,Q04771,unknown,Phosphorylation,12.84,PhosphoNetworks
Q9UBT6,Q08345,unknown,Phosphorylation,1.93,PhosphoNetworks
Q9UBT6,Q96S53,unknown,Phosphorylation,1.9,PhosphoNetworks
Q9UBU3,P05771,unknown,Phosphorylation,1.0,PhosphoSitePlus
Q9UBU7,Q13315,unknown,Phosphorylation,1.0,PhosphoSitePlus
Q9UBU7,Q13535,unknown,Phosphorylation,1.0,PhosphoSitePlus;Reactome
Q9UBU8,P41240,unknown,Phosphorylation,2.68,PhosphoNetworks
Q9UBU9,P49760,Y,Phosphorylation,1.0,UniProt
Q9UBU9,P49761,Y,Phosphorylation,1.0,UniProt
Q9UBV2,P00533,Y,Phosphorylation,1.0,UniProt
Q9UBV2,Q16288,Y,Phosphorylation,1.0,UniProt
Q9UBW7,P11362,unknown,Phosphorylation,1.0,PhosphoSitePlus
Q9UBW7,P53350,unknown,Phosphorylation,1.0,PhosphoSitePlus;SIGNOR
Q9UBX5,P22607,Y,Phosphorylation,1.0,UniProt
Q9UD71,P17612,unknown,Phosphorylation,1.0,PhosphoSitePlus
Q9UD71,P23443,unknown,Phosphorylation,0.258,SIGNOR
Q9UD71,P49674,unknown,Phosphorylation,1.0,PhosphoSitePlus;SIGNOR
Q9UD71,Q00535,unknown,Phosphorylation,1.0,PhosphoSitePlus;Reactome
Q9UDY8,O43318,unknown,Phosphorylation,1.0,Reactome
Q9UEF7,P27361,unknown,Phosphorylation,1.0,Reactome
Q9UEF7,P28482,unknown,Phosphorylation,1.0,Reactome
Q9UER7,O43318,unknown,Phosphorylation,29.53,PhosphoNetworks
Q9UER7,P17612,unknown,Phosphorylation,34.33,PhosphoNetworks
Q9UER7,P31749,unknown,Phosphorylation,53.57,PhosphoNetworks
Q9UER7,P53779,unknown,Phosphorylation,4.8,PhosphoNetworks
Q9UER7,P68400,unknown,Phosphorylation,1.0,PhosphoSitePlus
Q9UER7,Q00535,unknown,Phosphorylation,34.96,PhosphoNetworks
Q9UER7,Q05513,unknown,Phosphorylation,4.8,PhosphoNetworks
Q9UER7,Q13153,unknown,Phosphorylation,41.39,PhosphoNetworks
Q9UER7,Q13315,unknown,Phosphorylation,1.0,PhosphoSitePlus
Q9UER7,Q13535,unknown,Phosphorylation,1.0,PhosphoSitePlus
Q9UER7,Q59H18,unknown,Phosphorylation,2.97,PhosphoNetworks
Q9UER7,Q86Z02,unknown,Phosphorylation,1.0,PhosphoSitePlus
Q9UER7,Q8IW41,unknown,Phosphorylation,80.43,PhosphoNetworks
Q9UER7,Q99683,unknown,Phosphorylation,1.0,PhosphoSitePlus
Q9UER7,Q9Y572,unknown,Phosphorylation,1.0,PhosphoSitePlus
Q9UEW8,Q04759,unknown,Phosphorylation,100.0,PhosphoNetworks;PhosphoSitePlus
Q9UEW8,Q96J92,unknown,Phosphorylation,1.0,PhosphoSitePlus
Q9UEW8,Q9H4A3,unknown,Phosphorylation,100.0,PhosphoNetworks;PhosphoSitePlus
Q9UEW8,Q9UEW8,unknown,Phosphorylation,1.0,PhosphoSitePlus
Q9UEW8,Q9Y3S1,unknown,Phosphorylation,1.0,PhosphoSitePlus
Q9UEY8,O14757,unknown,Phosphorylation,1.0,PhosphoSitePlus
Q9UEY8,P24941,unknown,Phosphorylation,1.0,PhosphoSitePlus
Q9UF33,P29317,Y,Phosphorylation,1.0,UniProt
Q9UF33,P54760,Y,Phosphorylation,1.0,UniProt
Q9UFC0,P24941,unknown,Phosphorylation,1.0,PhosphoSitePlus
Q9UFW8,Q13535,unknown,Phosphorylation,1.0,PhosphoSitePlus
Q9UGH3,P17612,unknown,Phosphorylation,1.0,PhosphoSitePlus
Q9UGI0,P35590,Y,Phosphorylation,1.0,UniProt
Q9UGI9,O75385,unknown,Phosphorylation,0.408,SIGNOR
Q9UGI9,P04049,unknown,Phosphorylation,9.14,PhosphoNetworks
Q9UGI9,Q15831,unknown,Phosphorylation,1.0,Reactome
Q9UGI9,Q8IYT8,unknown,Phosphorylation,0.2,SIGNOR
Q9UGI9,Q96RR4,unknown,Phosphorylation,1.0,Reactome
Q9UGJ0,Q15831,unknown,Phosphorylation,1.0,Reactome
Q9UGJ0,Q96RR4,unknown,Phosphorylation,1.0,Reactome
Q9UGJ1,P22607,Y,Phosphorylation,1.0,UniProt
Q9UGK3,O60674,Y22;Y250;Y310;Y322,Phosphorylation,1.0,PhosphoSitePlus;iPTMnet
Q9UGK3,P07947,Y,Phosphorylation,1.0,UniProt
Q9UGK3,P12931,Y22;Y250;Y310;Y322,Phosphorylation,1.0,PhosphoSitePlus;SIGNOR;iPTMnet
Q9UGK3,P42681,Y,Phosphorylation,1.0,UniProt
Q9UGK3,P51451,Y,Phosphorylation,1.0,UniProt
Q9UGK3,Q13882,Y250,Phosphorylation,1.0,PhosphoSitePlus;SIGNOR;iPTMnet
Q9UGL9,P43405,Y,Phosphorylation,1.0,UniProt
Q9UGM3,P17252,unknown,Phosphorylation,1.0,PhosphoSitePlus
Q9UGM3,P68400,unknown,Phosphorylation,1.0,PhosphoSitePlus
Q9UGM3,Q05397,unknown,Phosphorylation,1.0,Reactome
Q9UGM3,Q14289,unknown,Phosphorylation,1.0,Reactome
Q9UGP5,P24941,unknown,Phosphorylation,1.0,PhosphoSitePlus;SIGNOR
Q9UH65,P43405,unknown,Phosphorylation,1.0,PhosphoSitePlus
Q9UH77,P22607,Y,Phosphorylation,1.0,UniProt
Q9UH92,O00238,unknown,Phosphorylation,3.22,PhosphoNetworks
Q9UH92,O15530,unknown,Phosphorylation,2.04,PhosphoNetworks
Q9UH92,O43683,unknown,Phosphorylation,4.19,PhosphoNetworks
Q9UH92,O43781,unknown,Phosphorylation,3.74,PhosphoNetworks
Q9UH92,O43930,unknown,Phosphorylation,1.75,PhosphoNetworks
Q9UH92,O76039,unknown,Phosphorylation,5.31,PhosphoNetworks
Q9UH92,O96017,unknown,Phosphorylation,3.24,PhosphoNetworks
Q9UH92,P30291,unknown,Phosphorylation,3.24,PhosphoNetworks
Q9UH92,P31749,unknown,Phosphorylation,3.52,PhosphoNetworks
Q9UH92,P41743,unknown,Phosphorylation,2.25,PhosphoNetworks
Q9UH92,P43405,unknown,Phosphorylation,2.04,PhosphoNetworks
Q9UH92,P50613,unknown,Phosphorylation,3.24,PhosphoNetworks
Q9UH92,P53350,unknown,Phosphorylation,4.19,PhosphoNetworks
Q9UH92,P68400,unknown,Phosphorylation,8.2,PhosphoNetworks
Q9UH92,Q00535,unknown,Phosphorylation,1.58,PhosphoNetworks
Q9UH92,Q16539,unknown,Phosphorylation,2.25,PhosphoNetworks
Q9UH92,Q6J9G0,unknown,Phosphorylation,5.27,PhosphoNetworks
Q9UH92,Q8NE63,unknown,Phosphorylation,1.6,PhosphoNetworks
Q9UH92,Q8TD19,unknown,Phosphorylation,34.96,PhosphoNetworks
Q9UH92,Q96SB4,unknown,Phosphorylation,2.25,PhosphoNetworks
Q9UH92,Q99558,unknown,Phosphorylation,15.18,PhosphoNetworks
Q9UH92,Q9BUB5,unknown,Phosphorylation,5.18,PhosphoNetworks
Q9UH92,Q9NR20,unknown,Phosphorylation,1.6,PhosphoNetworks
Q9UH92,Q9UEE5,unknown,Phosphorylation,6.88,PhosphoNetworks
Q9UH92,Q9Y2H1,unknown,Phosphorylation,2.25,PhosphoNetworks
Q9UH99,P17612,unknown,Phosphorylation,1.0,PhosphoSitePlus
Q9UH99,Q13535,unknown,Phosphorylation,1.0,PhosphoSitePlus
Q9UHA4,P31749,unknown,Phosphorylation,1.0,Reactome
Q9UHA4,P54646,unknown,Phosphorylation,1.0,Reactome
Q9UHA4,Q13131,unknown,Phosphorylation,1.0,Reactome
Q9UHB6,Q13557,unknown,Phosphorylation,7.75,PhosphoNetworks
Q9UHB7,P50750,unknown,Phosphorylation,1.0,Reactome
Q9UHC7,P31749,unknown,Phosphorylation,1.0,Reactome
Q9UHD2,P06239,Y354;Y394,Phosphorylation,0.2,SIGNOR
Q9UHD2,P08631,Y354;Y394,Phosphorylation,0.2,SIGNOR
Q9UHD2,P09769,Y354;Y394,Phosphorylation,0.2,SIGNOR
Q9UHD2,Q13546,unknown,Phosphorylation,0.375,SIGNOR
Q9UHD2,Q14289,Y591,Phosphorylation,0.266,SIGNOR
Q9UHD2,Q9UHD2,unknown,Phosphorylation,1.0,PhosphoSitePlus
Q9UHD9,Q08345,Y,Phosphorylation,1.0,UniProt
Q9UHH9,P68400,unknown,Phosphorylation,1.0,PhosphoSitePlus
Q9UHI5,P22607,Y,Phosphorylation,1.0,UniProt
Q9UHJ3,O43781,unknown,Phosphorylation,4.45,PhosphoNetworks
Q9UHJ3,P51957,unknown,Phosphorylation,1.93,PhosphoNetworks
Q9UHL0,P11802,unknown,Phosphorylation,5.31,PhosphoNetworks
Q9UHL0,P42685,unknown,Phosphorylation,3.69,PhosphoNetworks
Q9UHL0,P78362,unknown,Phosphorylation,3.69,PhosphoNetworks
Q9UHL0,Q15349,unknown,Phosphorylation,2.6,PhosphoNetworks
Q9UHL0,Q8N5S9,unknown,Phosphorylation,3.69,PhosphoNetworks
Q9UHL0,Q9UHD2,unknown,Phosphorylation,1.57,PhosphoNetworks
Q9UHM6,P17612,unknown,Phosphorylation,1.0,PhosphoSitePlus
Q9UHP3,P43405,Y740,Phosphorylation,1.0,SIGNOR;UniProt
Q9UHP3,Q86Y07,unknown,Phosphorylation,1.0,PhosphoSitePlus
Q9UHP9,O43683,unknown,Phosphorylation,3.74,PhosphoNetworks
Q9UHP9,O96017,unknown,Phosphorylation,3.74,PhosphoNetworks
Q9UHP9,P31749,unknown,Phosphorylation,4.37,PhosphoNetworks
Q9UHP9,P49760,unknown,Phosphorylation,3.74,PhosphoNetworks
Q9UHP9,P49841,unknown,Phosphorylation,2.6,PhosphoNetworks
Q9UHP9,P51955,unknown,Phosphorylation,2.6,PhosphoNetworks
Q9UHP9,P51956,unknown,Phosphorylation,3.74,PhosphoNetworks
Q9UHP9,Q05655,unknown,Phosphorylation,2.6,PhosphoNetworks
Q9UHP9,Q06187,unknown,Phosphorylation,2.6,PhosphoNetworks
Q9UHP9,Q13188,unknown,Phosphorylation,3.69,PhosphoNetworks
Q9UHP9,Q13882,unknown,Phosphorylation,4.87,PhosphoNetworks
Q9UHP9,Q8IW41,unknown,Phosphorylation,2.6,PhosphoNetworks
Q9UHP9,Q8N5S9,unknown,Phosphorylation,2.6,PhosphoNetworks
Q9UHP9,Q92630,unknown,Phosphorylation,2.6,PhosphoNetworks
Q9UHP9,Q9UEE5,unknown,Phosphorylation,3.74,PhosphoNetworks
Q9UHP9,Q9UHD2,unknown,Phosphorylation,1.6,PhosphoNetworks
Q9UHP9,Q9UQB9,unknown,Phosphorylation,3.74,PhosphoNetworks
Q9UHR4,P12931,Y156;Y163;Y274;Y293;Y37;Y439,Phosphorylation,1.0,iPTMnet
Q9UHV7,P49336,unknown,Phosphorylation,0.901,SIGNOR
Q9UHW9,Q9BYP7,unknown,Phosphorylation,1.0,PhosphoSitePlus
Q9UHW9,Q9H4A3,unknown,Phosphorylation,1.0,PhosphoSitePlus
Q9UHW9,Q9UEW8,unknown,Phosphorylation,1.0,PhosphoSitePlus
Q9UHY1,Q92630,unknown,Phosphorylation,1.57,PhosphoNetworks
Q9UHY8,Q96PY6,Y,Phosphorylation,1.0,UniProt
Q9UI08,Q13976,unknown,Phosphorylation,0.2,SIGNOR
Q9UIF9,P24941,unknown,Phosphorylation,1.0,PhosphoSitePlus
Q9UIG0,P27361,unknown,Phosphorylation,1.0,PhosphoSitePlus
Q9UIG0,P45984,unknown,Phosphorylation,1.0,PhosphoSitePlus
Q9UIG0,Q16539,unknown,Phosphorylation,1.0,PhosphoSitePlus
Q9UIH9,P12931,Y,Phosphorylation,1.0,UniProt
Q9UII2,P22607,Y,Phosphorylation,1.0,UniProt
Q9UIK4,Q96GD4,unknown,Phosphorylation,8.27,PhosphoNetworks
Q9UIK4,Q9UIK4,unknown,Phosphorylation,1.0,PhosphoSitePlus
Q9UIQ6,P31749,unknown,Phosphorylation,1.0,Reactome
Q9UIQ6,P31751,unknown,Phosphorylation,1.0,Reactome
Q9UIW0,P17612,unknown,Phosphorylation,1.0,PhosphoSitePlus
Q9UIW2,P07332,unknown,Phosphorylation,1.0,Reactome
Q9UIW2,P49841,unknown,Phosphorylation,1.0,Reactome
Q9UJ41,P00533,Y,Phosphorylation,1.0,UniProt
Q9UJ70,P06493,unknown,Phosphorylation,1.0,PhosphoSitePlus
Q9UJ70,Q96GD4,unknown,Phosphorylation,1.0,PhosphoSitePlus
Q9UJ98,Q13535,unknown,Phosphorylation,1.0,Reactome
Q9UJA2,Q9BXM7,unknown,Phosphorylation,0.428,SIGNOR
Q9UJA3,P24941,unknown,Phosphorylation,1.0,Reactome
Q9UJA3,Q13535,unknown,Phosphorylation,1.0,Reactome
Q9UJM3,O14757,unknown,Phosphorylation,1.0,PhosphoSitePlus
Q9UJM3,P00533,Y,Phosphorylation,1.0,UniProt
Q9UJM3,P04626,Y,Phosphorylation,1.0,UniProt
Q9UJM3,P06241,Y,Phosphorylation,1.0,UniProt
Q9UJM3,P12931,Y395,Phosphorylation,1.0,SIGNOR;iPTMnet
Q9UJT2,Q96PF2,unknown,Phosphorylation,1.0,PhosphoSitePlus
Q9UJU2,P08069,Y,Phosphorylation,1.0,UniProt
Q9UJU2,P48730,unknown,Phosphorylation,0.251,SIGNOR
Q9UJU2,P49674,unknown,Phosphorylation,0.268,SIGNOR
Q9UJU2,P68400,unknown,Phosphorylation,1.0,PhosphoSitePlus;SIGNOR
Q9UJU2,Q9UBE8,unknown,Phosphorylation,100.0,PhosphoNetworks;PhosphoSitePlus;SIGNOR
Q9UJU6,P07948,unknown,Phosphorylation,1.0,PhosphoSitePlus
Q9UJU6,P22607,Y,Phosphorylation,1.0,UniProt
Q9UJU6,P24941,unknown,Phosphorylation,1.0,PhosphoSitePlus
Q9UJU6,P43403,Y334;Y335;Y344;Y345,Phosphorylation,100.0,PhosphoNetworks;PhosphoSitePlus;SIGNOR;iPTMnet
Q9UJU6,P43405,unknown,Phosphorylation,1.0,PhosphoSitePlus
Q9UJU6,P51451,unknown,Phosphorylation,1.0,PhosphoSitePlus
Q9UJV3,P08631,Y,Phosphorylation,1.0,UniProt
Q9UJV3,P51451,Y,Phosphorylation,1.0,UniProt
Q9UJV9,Q06187,unknown,Phosphorylation,1.0,PhosphoSitePlus
Q9UJX2,P06493,unknown,Phosphorylation,1.0,PhosphoSitePlus
Q9UJX2,P53350,unknown,Phosphorylation,100.0,PhosphoNetworks;PhosphoSitePlus;Reactome
Q9UJX3,P53350,unknown,Phosphorylation,100.0,PhosphoNetworks;PhosphoSitePlus;Reactome
Q9UJX4,P53350,unknown,Phosphorylation,1.0,Reactome
Q9UJX5,P06493,unknown,Phosphorylation,1.0,PhosphoSitePlus
Q9UJX5,P53350,unknown,Phosphorylation,100.0,PhosphoNetworks;PhosphoSitePlus;Reactome
Q9UJX6,P53350,unknown,Phosphorylation,1.0,Reactome
Q9UJY1,P17612,unknown,Phosphorylation,1.0,PhosphoSitePlus
Q9UJY1,P27361,unknown,Phosphorylation,100.0,PhosphoNetworks;PhosphoSitePlus
Q9UJY5,P68400,unknown,Phosphorylation,1.0,PhosphoSitePlus
Q9UK08,P34947,unknown,Phosphorylation,1.0,Reactome
Q9UK11,P53350,unknown,Phosphorylation,1.93,PhosphoNetworks
Q9UK11,P68400,unknown,Phosphorylation,2.2,PhosphoNetworks
Q9UK13,P11802,unknown,Phosphorylation,2.55,PhosphoNetworks
Q9UK17,P00533,Y136,Phosphorylation,1.0,PhosphoSitePlus;SIGNOR
Q9UK17,P06241,Y108,Phosphorylation,0.2,SIGNOR
Q9UK17,P07948,Y108,Phosphorylation,0.2,SIGNOR
Q9UK17,P09769,Y108,Phosphorylation,0.2,SIGNOR
Q9UK17,P12931,Y108,Phosphorylation,1.0,PhosphoSitePlus;SIGNOR
Q9UK32,P27361,unknown,Phosphorylation,1.0,Reactome
Q9UK32,Q13164,unknown,Phosphorylation,1.0,Reactome
Q9UK32,Q16659,unknown,Phosphorylation,1.0,Reactome
Q9UK32,Q8TD08,unknown,Phosphorylation,1.0,Reactome
Q9UK53,O14757,unknown,Phosphorylation,1.0,PhosphoSitePlus
Q9UK53,P06493,unknown,Phosphorylation,1.0,PhosphoSitePlus
Q9UK99,P45983,unknown,Phosphorylation,1.57,PhosphoNetworks
Q9UKA4,P42345,unknown,Phosphorylation,1.0,PhosphoSitePlus
Q9UKB1,P30291,Y,Phosphorylation,1.0,UniProt
Q9UKF6,P51957,unknown,Phosphorylation,1.93,PhosphoNetworks
Q9UKF6,Q8NEB9,unknown,Phosphorylation,2.75,PhosphoNetworks
Q9UKF6,Q92989,unknown,Phosphorylation,1.0,Reactome
Q9UKG1,P00533,Y,Phosphorylation,1.0,UniProt
Q9UKG1,P17252,unknown,Phosphorylation,1.0,PhosphoSitePlus
Q9UKG1,P17612,unknown,Phosphorylation,1.0,PhosphoSitePlus
Q9UKI2,Q16659,unknown,Phosphorylation,1.0,Reactome
Q9UKI2,Q8IW41,unknown,Phosphorylation,1.0,Reactome
Q9UKI8,O14757,unknown,Phosphorylation,1.0,PhosphoSitePlus
Q9UKL4,P17612,unknown,Phosphorylation,1.0,PhosphoSitePlus
Q9UKM9,O14757,unknown,Phosphorylation,1.0,PhosphoSitePlus
Q9UKM9,P24941,unknown,Phosphorylation,1.0,PhosphoSitePlus
Q9UKT4,P06493,unknown,Phosphorylation,1.0,Reactome;SIGNOR
Q9UKT4,P12931,Y142,Phosphorylation,1.0,PhosphoSitePlus;SIGNOR;iPTMnet
Q9UKT4,P53350,unknown,Phosphorylation,1.0,PhosphoSitePlus;Reactome;SIGNOR
Q9UKT5,P49841,unknown,Phosphorylation,1.0,PhosphoSitePlus
Q9UKT8,Q86Y07,unknown,Phosphorylation,0.297,SIGNOR
Q9UKT9,P07947,Y,Phosphorylation,1.0,UniProt
Q9UKT9,P51451,Y,Phosphorylation,1.0,UniProt
Q9UKT9,Q13882,Y,Phosphorylation,1.0,UniProt
Q9UKV0,Q14012,unknown,Phosphorylation,1.0,PhosphoSitePlus
Q9UKV0,Q16512,unknown,Phosphorylation,1.0,PhosphoSitePlus
Q9UKV3,P31749,unknown,Phosphorylation,1.0,PhosphoSitePlus
Q9UKV3,P78362,unknown,Phosphorylation,1.0,PhosphoSitePlus
Q9UKV3,Q13523,unknown,Phosphorylation,1.0,Reactome
Q9UKV8,P00533,Y393,Phosphorylation,1.0,PhosphoSitePlus;SIGNOR;UniProt
Q9UKV8,P22607,Y,Phosphorylation,1.0,UniProt
Q9UKV8,P48729,unknown,Phosphorylation,0.37,SIGNOR
Q9UKV8,P49137,unknown,Phosphorylation,1.0,PhosphoSitePlus
Q9UKV8,Q9Y243,unknown,Phosphorylation,1.0,PhosphoSitePlus
Q9UKW4,O75914,unknown,Phosphorylation,1.0,Reactome
Q9UKW4,P06239,unknown,Phosphorylation,1.0,Reactome
Q9UKW4,P06241,unknown,Phosphorylation,1.0,Reactome
Q9UKW4,P07948,unknown,Phosphorylation,1.0,Reactome
Q9UKW4,P08581,Y,Phosphorylation,1.0,UniProt
Q9UKW4,P12931,Y173,Phosphorylation,1.0,PhosphoSitePlus;Reactome;SIGNOR;iPTMnet
Q9UKW4,P35968,unknown,Phosphorylation,1.0,Reactome
Q9UKW4,P43405,unknown,Phosphorylation,1.0,Reactome
Q9UKW4,Q05397,unknown,Phosphorylation,1.0,Reactome
Q9UKW4,Q13153,unknown,Phosphorylation,1.0,Reactome
Q9UKW4,Q13177,unknown,Phosphorylation,1.0,Reactome
Q9UKX2,P68400,unknown,Phosphorylation,1.0,PhosphoSitePlus
Q9UKX5,Q05397,unknown,Phosphorylation,1.0,Reactome
Q9UKX5,Q14289,unknown,Phosphorylation,1.0,Reactome
Q9UKX7,P06493,unknown,Phosphorylation,1.0,PhosphoSitePlus;Reactome
Q9UKX7,P27361,unknown,Phosphorylation,1.0,PhosphoSitePlus
Q9UKX7,P28482,unknown,Phosphorylation,1.0,PhosphoSitePlus
Q9UKX7,Q8TD19,unknown,Phosphorylation,1.0,Reactome
Q9UKX7,Q9HC98,unknown,Phosphorylation,1.0,Reactome
Q9UKY1,O96013,unknown,Phosphorylation,2.75,PhosphoNetworks
Q9UKY1,P17252,unknown,Phosphorylation,2.68,PhosphoNetworks
Q9UKY1,P17612,unknown,Phosphorylation,7.73,PhosphoNetworks
Q9UKY1,P19784,unknown,Phosphorylation,1.93,PhosphoNetworks
Q9UKY1,P24941,unknown,Phosphorylation,1.0,PhosphoSitePlus
Q9UKY1,P27361,unknown,Phosphorylation,2.75,PhosphoNetworks
Q9UKY1,P30291,unknown,Phosphorylation,18.32,PhosphoNetworks
Q9UKY1,P31749,unknown,Phosphorylation,2.64,PhosphoNetworks
Q9UKY1,P45983,unknown,Phosphorylation,3.55,PhosphoNetworks
Q9UKY1,P45984,unknown,Phosphorylation,3.55,PhosphoNetworks
Q9UKY1,P49674,unknown,Phosphorylation,7.87,PhosphoNetworks
Q9UKY1,P49841,unknown,Phosphorylation,5.54,PhosphoNetworks
Q9UKY1,P53350,unknown,Phosphorylation,17.99,PhosphoNetworks
Q9UKY1,P53779,unknown,Phosphorylation,3.47,PhosphoNetworks
Q9UKY1,P68400,unknown,Phosphorylation,2460.36,PhosphoNetworks
Q9UKY1,Q00534,unknown,Phosphorylation,10.19,PhosphoNetworks
Q9UKY1,Q00535,unknown,Phosphorylation,10.19,PhosphoNetworks
Q9UKY1,Q13153,unknown,Phosphorylation,2.68,PhosphoNetworks
Q9UKY1,Q16288,unknown,Phosphorylation,2.7,PhosphoNetworks
Q9UKY1,Q16539,unknown,Phosphorylation,7.87,PhosphoNetworks
Q9UKY1,Q8N165,unknown,Phosphorylation,18.32,PhosphoNetworks
Q9UKY1,Q96KB5,unknown,Phosphorylation,1.93,PhosphoNetworks
Q9UKY1,Q9P1W9,unknown,Phosphorylation,1.93,PhosphoNetworks
Q9UKY1,Q9UEE5,unknown,Phosphorylation,1.93,PhosphoNetworks
Q9UKY1,Q9Y2H9,unknown,Phosphorylation,3.47,PhosphoNetworks
Q9UKY7,P00519,unknown,Phosphorylation,1.0,PhosphoSitePlus
Q9UL03,P50613,unknown,Phosphorylation,1.0,Reactome
Q9UL03,P50750,unknown,Phosphorylation,1.0,Reactome
Q9UL17,P00519,unknown,Phosphorylation,1.0,PhosphoSitePlus
Q9UL17,P48729,unknown,Phosphorylation,1.0,PhosphoSitePlus
Q9UL17,P49840,unknown,Phosphorylation,1.0,PhosphoSitePlus
Q9UL17,Q08881,unknown,Phosphorylation,1.0,PhosphoSitePlus
Q9UL33,P48730,unknown,Phosphorylation,1.0,Reactome
Q9UL40,P19525,Y,Phosphorylation,1.0,UniProt
Q9UL40,Q9HC98,unknown,Phosphorylation,2.25,PhosphoNetworks
Q9UL51,P12931,Y476,Phosphorylation,1.0,PhosphoSitePlus;SIGNOR;iPTMnet
Q9UL51,Q13237,unknown,Phosphorylation,1.0,PhosphoSitePlus
Q9UL63,P17252,unknown,Phosphorylation,1.0,PhosphoSitePlus
Q9ULB1,O14936,unknown,Phosphorylation,1.0,PhosphoSitePlus
Q9ULC4,P06493,unknown,Phosphorylation,1.0,PhosphoSitePlus
Q9ULC4,P27361,unknown,Phosphorylation,1.0,PhosphoSitePlus
Q9ULC4,P28482,unknown,Phosphorylation,1.0,PhosphoSitePlus
Q9ULD4,P22607,Y,Phosphorylation,1.0,UniProt
Q9ULD5,P49761,Y,Phosphorylation,1.0,UniProt
Q9ULH1,P06241,Y,Phosphorylation,1.0,UniProt
Q9ULH1,P08631,Y,Phosphorylation,1.0,UniProt
Q9ULH1,P12931,Y,Phosphorylation,1.0,PhosphoSitePlus;UniProt
Q9ULH1,Q14289,Y323;Y767,Phosphorylation,1.0,PhosphoSitePlus;SIGNOR;iPTMnet
Q9ULJ8,P17612,unknown,Phosphorylation,1.0,PhosphoSitePlus
Q9ULK2,P22607,Y,Phosphorylation,1.0,UniProt
Q9ULK5,P35790,unknown,Phosphorylation,0.2,SIGNOR
Q9ULK5,P48730,unknown,Phosphorylation,1.0,PhosphoSitePlus
Q9ULK5,Q01974,unknown,Phosphorylation,0.594,SIGNOR
Q9ULL1,P06241,unknown,Phosphorylation,0.2,SIGNOR
Q9ULL4,P08581,Y,Phosphorylation,1.0,UniProt
Q9ULL4,Q04912,Y,Phosphorylation,1.0,UniProt
Q9ULM6,P50613,unknown,Phosphorylation,4.19,PhosphoNetworks
Q9ULM6,P51957,unknown,Phosphorylation,5.31,PhosphoNetworks
Q9ULM6,Q00534,unknown,Phosphorylation,34.96,PhosphoNetworks
Q9ULM6,Q96GD4,unknown,Phosphorylation,4.27,PhosphoNetworks
Q9ULU4,Q13627,Y,Phosphorylation,1.0,UniProt
Q9ULV4,P68400,unknown,Phosphorylation,1.0,PhosphoSitePlus
Q9ULV5,P52564,unknown,Phosphorylation,1.0,PhosphoSitePlus
Q9ULV8,P07947,Y,Phosphorylation,1.0,UniProt
Q9ULV8,P12931,Y341,Phosphorylation,1.0,PhosphoSitePlus;SIGNOR;iPTMnet
Q9ULW0,P06493,unknown,Phosphorylation,1.0,PhosphoSitePlus
Q9ULW0,P24941,unknown,Phosphorylation,1.0,PhosphoSitePlus
Q9ULW0,P28482,unknown,Phosphorylation,1.0,PhosphoSitePlus
Q9ULX3,P24941,unknown,Phosphorylation,1.0,PhosphoSitePlus
Q9ULX6,P29597,Y,Phosphorylation,1.0,UniProt
Q9ULY5,P06241,unknown,Phosphorylation,1.0,Reactome
Q9ULY5,P07948,unknown,Phosphorylation,1.0,Reactome
Q9ULZ2,P08581,Y,Phosphorylation,1.0,UniProt
Q9ULZ2,P10721,Y,Phosphorylation,1.0,SIGNOR;UniProt
Q9ULZ2,P42680,unknown,Phosphorylation,0.391,SIGNOR
Q9ULZ2,Q14289,unknown,Phosphorylation,0.35,SIGNOR
Q9ULZ3,P43405,Y146;Y187,Phosphorylation,1.0,PhosphoSitePlus;UniProt;iPTMnet
Q9ULZ3,Q14289,Y146,Phosphorylation,1.0,iPTMnet
Q9UM11,P06493,unknown,Phosphorylation,1.0,Reactome
Q9UM11,P11309,unknown,Phosphorylation,0.315,SIGNOR
Q9UM11,P53350,unknown,Phosphorylation,1.0,Reactome
Q9UM11,Q00535,unknown,Phosphorylation,1.0,PhosphoSitePlus
Q9UM13,P53350,unknown,Phosphorylation,1.0,Reactome
Q9UM47,P00533,unknown,Phosphorylation,0.596,SIGNOR
Q9UM54,Q13554,unknown,Phosphorylation,1.0,Reactome
Q9UM54,Q13555,unknown,Phosphorylation,1.0,Reactome
Q9UM54,Q13557,unknown,Phosphorylation,1.0,Reactome
Q9UM54,Q9UQM7,unknown,Phosphorylation,1.0,Reactome
Q9UM73,P07949,Y,Phosphorylation,1.0,UniProt
Q9UM73,P53350,unknown,Phosphorylation,100.0,PhosphoNetworks
Q9UM73,Q9UM73,Y1278;Y1282;Y1283;Y1604,Phosphorylation,1.0,PhosphoSitePlus;iPTMnet
Q9UMD9,P68400,unknown,Phosphorylation,1.0,PhosphoSitePlus
Q9UMD9,Q05397,unknown,Phosphorylation,1.0,Reactome
Q9UMD9,Q14289,unknown,Phosphorylation,1.0,Reactome
Q9UMR2,O14757,unknown,Phosphorylation,1.0,PhosphoSitePlus
Q9UMR2,P11802,unknown,Phosphorylation,3.24,PhosphoNetworks
Q9UMR2,P53671,unknown,Phosphorylation,2.25,PhosphoNetworks
Q9UMR3,O75676,unknown,Phosphorylation,1.93,PhosphoNetworks
Q9UMR3,P49760,unknown,Phosphorylation,1.93,PhosphoNetworks
Q9UMR3,P54646,unknown,Phosphorylation,1.93,PhosphoNetworks
Q9UMX1,O75676,unknown,Phosphorylation,3.24,PhosphoNetworks
Q9UMX1,P17612,unknown,Phosphorylation,1.0,PhosphoSitePlus;Reactome
Q9UMX1,P22612,unknown,Phosphorylation,1.0,Reactome
Q9UMX1,P22694,unknown,Phosphorylation,1.0,Reactome
Q9UMX1,P48729,unknown,Phosphorylation,1.0,Reactome
Q9UMX1,P49841,unknown,Phosphorylation,1.0,PhosphoSitePlus;Reactome
Q9UMX1,P51955,unknown,Phosphorylation,0.2,SIGNOR
Q9UMX1,Q9H4A3,unknown,Phosphorylation,2.25,PhosphoNetworks
Q9UMX1,Q9Y6S9,unknown,Phosphorylation,1.75,PhosphoNetworks
Q9UMY1,O76039,unknown,Phosphorylation,1.93,PhosphoNetworks
Q9UMY1,P11802,unknown,Phosphorylation,4.45,PhosphoNetworks
Q9UMY1,P49760,unknown,Phosphorylation,1.93,PhosphoNetworks
Q9UMY1,P50613,unknown,Phosphorylation,2.55,PhosphoNetworks
Q9UMY1,P51957,unknown,Phosphorylation,1.93,PhosphoNetworks
Q9UMY1,P54646,unknown,Phosphorylation,1.9,PhosphoNetworks
Q9UMY1,Q96GD4,unknown,Phosphorylation,2.55,PhosphoNetworks
Q9UMY1,Q96SB4,unknown,Phosphorylation,1.91,PhosphoNetworks
Q9UN19,P06239,Y139,Phosphorylation,100.0,PhosphoNetworks;PhosphoSitePlus;iPTMnet
Q9UN19,P07948,Y139,Phosphorylation,1.0,PhosphoSitePlus;iPTMnet
Q9UN19,P12931,Y139,Phosphorylation,1.0,PhosphoSitePlus;SIGNOR;iPTMnet
Q9UN19,Q06187,Y139,Phosphorylation,1.0,iPTMnet
Q9UN36,O00141,unknown,Phosphorylation,1.0,PhosphoSitePlus
Q9UN36,P23443,unknown,Phosphorylation,1.0,PhosphoSitePlus
Q9UN36,P31749,unknown,Phosphorylation,1.0,PhosphoSitePlus
Q9UN36,P53355,unknown,Phosphorylation,0.274,SIGNOR
Q9UN36,Q04759,unknown,Phosphorylation,1.0,PhosphoSitePlus
Q9UN36,Q15418,unknown,Phosphorylation,1.0,PhosphoSitePlus
Q9UNA1,Q05397,unknown,Phosphorylation,1.0,Reactome
Q9UNA1,Q14289,unknown,Phosphorylation,1.0,Reactome
Q9UNE7,P00533,Y,Phosphorylation,1.0,UniProt
Q9UNE7,P06241,Y,Phosphorylation,1.0,UniProt
Q9UNE7,P17612,unknown,Phosphorylation,18.88,PhosphoNetworks
Q9UNE7,P45983,unknown,Phosphorylation,10.03,PhosphoNetworks
Q9UNE7,P53779,unknown,Phosphorylation,1.91,PhosphoNetworks
Q9UNE7,Q00534,unknown,Phosphorylation,18.88,PhosphoNetworks
Q9UNE7,Q05513,unknown,Phosphorylation,1.91,PhosphoNetworks
Q9UNE7,Q12851,unknown,Phosphorylation,15.54,PhosphoNetworks
Q9UNE7,Q14289,unknown,Phosphorylation,29.65,PhosphoNetworks
Q9UNE7,Q15418,unknown,Phosphorylation,7.61,PhosphoNetworks
Q9UNE7,Q9NR20,unknown,Phosphorylation,1.67,PhosphoNetworks
Q9UNE7,Q9UHD2,unknown,Phosphorylation,15.54,PhosphoNetworks
Q9UNE7,Q9UQM7,unknown,Phosphorylation,7.75,PhosphoNetworks
Q9UNE7,Q9Y4K4,unknown,Phosphorylation,15.83,PhosphoNetworks
Q9UNF1,P52333,Y,Phosphorylation,1.0,UniProt
Q9UNN5,O14965,unknown,Phosphorylation,1.0,PhosphoSitePlus
Q9UNN5,P68400,unknown,Phosphorylation,100.0,PhosphoNetworks;PhosphoSitePlus
Q9UNP9,O43683,unknown,Phosphorylation,1.56,PhosphoNetworks
Q9UNP9,P22607,Y,Phosphorylation,1.0,UniProt
Q9UNP9,Q9UEE5,unknown,Phosphorylation,2.55,PhosphoNetworks
Q9UNQ0,P11309,unknown,Phosphorylation,1.0,PhosphoSitePlus
Q9UNS2,Q13315,unknown,Phosphorylation,1.0,PhosphoSitePlus
Q9UNT1,P22607,Y,Phosphorylation,1.0,UniProt
Q9UNY4,P17612,unknown,Phosphorylation,2.25,PhosphoNetworks
Q9UNY4,P37173,unknown,Phosphorylation,70.96,PhosphoNetworks
Q9UNY5,P12931,Y,Phosphorylation,1.0,UniProt
Q9UNZ2,P06493,unknown,Phosphorylation,1.0,PhosphoSitePlus
Q9UP38,P78368,unknown,Phosphorylation,1.0,Reactome
Q9UP95,Q9UEW8,unknown,Phosphorylation,1.0,PhosphoSitePlus
Q9UPG8,Q9UQB9,unknown,Phosphorylation,2.55,PhosphoNetworks
Q9UPM6,Q01974,Y,Phosphorylation,1.0,UniProt
Q9UPN4,P53350,unknown,Phosphorylation,1.0,Reactome
Q9UPP1,O14757,unknown,Phosphorylation,1.0,PhosphoSitePlus
Q9UPP1,P06493,unknown,Phosphorylation,1.0,PhosphoSitePlus;Reactome
Q9UPP1,P28482,unknown,Phosphorylation,0.2,SIGNOR
Q9UPQ4,P06239,Y,Phosphorylation,1.0,UniProt
Q9UPQ4,P22607,Y,Phosphorylation,1.0,UniProt
Q9UPR0,P22607,Y,Phosphorylation,1.0,UniProt
Q9UPT5,P27361,unknown,Phosphorylation,1.0,PhosphoSitePlus
Q9UPT5,P28482,unknown,Phosphorylation,1.0,PhosphoSitePlus
Q9UPT6,P45983,unknown,Phosphorylation,1.0,PhosphoSitePlus
Q9UPT6,P53779,unknown,Phosphorylation,1.0,PhosphoSitePlus
Q9UPT6,Q13464,unknown,Phosphorylation,1.0,PhosphoSitePlus
Q9UPT8,P12931,unknown,Phosphorylation,1.0,PhosphoSitePlus
Q9UPT9,P06493,unknown,Phosphorylation,0.47,SIGNOR
Q9UPU5,Q13315,unknown,Phosphorylation,0.251,SIGNOR
Q9UPV0,P53350,unknown,Phosphorylation,1.0,Reactome
Q9UPY3,P19525,Y,Phosphorylation,1.0,UniProt
Q9UPY6,P00519,Y151;Y248;Y337;Y486,Phosphorylation,1.0,SIGNOR;iPTMnet
Q9UPY6,P00533,Y,Phosphorylation,1.0,UniProt
Q9UPY8,O14965,unknown,Phosphorylation,1.0,PhosphoSitePlus
Q9UPY8,Q96GD4,unknown,Phosphorylation,1.0,PhosphoSitePlus
Q9UPZ9,Q9UPZ9,Y159,Phosphorylation,1.0,SIGNOR;iPTMnet
Q9UQ35,O14757,unknown,Phosphorylation,1.0,PhosphoSitePlus
Q9UQ35,P06493,unknown,Phosphorylation,1.0,PhosphoSitePlus
Q9UQ35,P42345,unknown,Phosphorylation,1.0,PhosphoSitePlus
Q9UQ80,P17252,unknown,Phosphorylation,1.0,PhosphoSitePlus
Q9UQ80,P19525,unknown,Phosphorylation,0.243,SIGNOR
Q9UQ80,Q05655,unknown,Phosphorylation,1.0,PhosphoSitePlus
Q9UQ80,Q13153,unknown,Phosphorylation,1.0,PhosphoSitePlus
Q9UQ84,O96017,unknown,Phosphorylation,0.567,SIGNOR
Q9UQ84,Q13315,unknown,Phosphorylation,0.832,SIGNOR
Q9UQB3,P12931,Y1154;Y1157,Phosphorylation,1.0,PhosphoSitePlus;SIGNOR
Q9UQB3,P31749,unknown,Phosphorylation,1.0,PhosphoSitePlus
Q9UQB3,P49841,unknown,Phosphorylation,1.0,PhosphoSitePlus;SIGNOR
Q9UQB3,Q00535,unknown,Phosphorylation,1.0,PhosphoSitePlus;SIGNOR
Q9UQB8,P00519,unknown,Phosphorylation,1.0,Reactome
Q9UQB8,P00533,Y,Phosphorylation,1.0,UniProt
Q9UQB8,P22607,Y,Phosphorylation,1.0,UniProt
Q9UQB8,P27361,unknown,Phosphorylation,1.0,Reactome
Q9UQB8,P28482,unknown,Phosphorylation,1.0,Reactome
Q9UQB8,P54646,unknown,Phosphorylation,1.0,PhosphoSitePlus
Q9UQB8,Q7KZI7,unknown,Phosphorylation,1.0,PhosphoSitePlus
Q9UQB9,P17612,unknown,Phosphorylation,1.0,PhosphoSitePlus
Q9UQC2,O60674,Y643,Phosphorylation,1.0,PhosphoSitePlus;SIGNOR;iPTMnet
Q9UQC2,P00533,Y,Phosphorylation,1.0,UniProt
Q9UQC2,P06241,unknown,Phosphorylation,1.0,Reactome;SIGNOR
Q9UQC2,P07948,unknown,Phosphorylation,1.0,Reactome
Q9UQC2,P08631,Y452,Phosphorylation,1.0,iPTMnet
Q9UQC2,P27361,unknown,Phosphorylation,100.0,PhosphoNetworks;PhosphoSitePlus
Q9UQC2,P28482,unknown,Phosphorylation,1.0,PhosphoSitePlus
Q9UQC2,P31749,unknown,Phosphorylation,1.0,PhosphoSitePlus
Q9UQC2,P43403,Y614,Phosphorylation,100.0,PhosphoNetworks;PhosphoSitePlus;SIGNOR;iPTMnet
Q9UQC2,P43405,unknown,Phosphorylation,1.0,Reactome
Q9UQC2,Q15418,unknown,Phosphorylation,1.0,PhosphoSitePlus
Q9UQD0,Q16539,unknown,Phosphorylation,1.0,PhosphoSitePlus
Q9UQE7,P06493,unknown,Phosphorylation,1.0,Reactome
Q9UQE7,P17252,unknown,Phosphorylation,2.67,PhosphoNetworks
Q9UQE7,P17612,unknown,Phosphorylation,2.25,PhosphoNetworks
Q9UQE7,P19784,unknown,Phosphorylation,1.0,PhosphoSitePlus
Q9UQE7,P28482,unknown,Phosphorylation,2.25,PhosphoNetworks
Q9UQE7,P37173,unknown,Phosphorylation,4.57,PhosphoNetworks
Q9UQE7,P53350,unknown,Phosphorylation,1.0,Reactome
Q9UQE7,P68400,unknown,Phosphorylation,1.0,PhosphoSitePlus
Q9UQE7,Q13315,unknown,Phosphorylation,1.0,PhosphoSitePlus
Q9UQE7,Q13535,unknown,Phosphorylation,1.0,Reactome
Q9UQE7,Q9HC98,unknown,Phosphorylation,5436.3,PhosphoNetworks
Q9UQF2,O14733,Y,Phosphorylation,1.0,UniProt
Q9UQF2,P00533,Y,Phosphorylation,1.0,UniProt
Q9UQF2,P04626,Y,Phosphorylation,1.0,UniProt
Q9UQF2,P45983,unknown,Phosphorylation,100.0,PhosphoNetworks;PhosphoSitePlus
Q9UQF2,P45984,unknown,Phosphorylation,100.0,PhosphoNetworks;PhosphoSitePlus
Q9UQK1,Q13131,unknown,Phosphorylation,1.0,PhosphoSitePlus
Q9UQL6,O43318,unknown,Phosphorylation,1.0,PhosphoSitePlus
Q9UQL6,O94806,unknown,Phosphorylation,1.0,PhosphoSitePlus
Q9UQL6,P17612,unknown,Phosphorylation,1.0,PhosphoSitePlus
Q9UQL6,P34947,unknown,Phosphorylation,0.358,SIGNOR
Q9UQL6,P54646,unknown,Phosphorylation,1.0,PhosphoSitePlus
Q9UQL6,Q00535,unknown,Phosphorylation,1.0,PhosphoSitePlus
Q9UQL6,Q05655,unknown,Phosphorylation,1.0,PhosphoSitePlus
Q9UQL6,Q13131,unknown,Phosphorylation,1.0,PhosphoSitePlus
Q9UQL6,Q14012,unknown,Phosphorylation,1.0,PhosphoSitePlus
Q9UQL6,Q15139,unknown,Phosphorylation,1.0,PhosphoSitePlus
Q9UQL6,Q16512,unknown,Phosphorylation,1.0,PhosphoSitePlus
Q9UQL6,Q16566,unknown,Phosphorylation,1.0,PhosphoSitePlus
Q9UQL6,Q7KZI7,unknown,Phosphorylation,1.0,PhosphoSitePlus
Q9UQL6,Q96GD4,unknown,Phosphorylation,1.0,PhosphoSitePlus
Q9UQL6,Q9BZL6,unknown,Phosphorylation,1.0,PhosphoSitePlus
Q9UQL6,Q9UQM7,unknown,Phosphorylation,1.0,PhosphoSitePlus
Q9UQL6,Q9Y463,unknown,Phosphorylation,1.0,PhosphoSitePlus
Q9UQM7,P12931,unknown,Phosphorylation,1.0,Reactome
Q9UQM7,P34947,unknown,Phosphorylation,3.11,PhosphoNetworks
Q9UQM7,Q07912,unknown,Phosphorylation,9.14,PhosphoNetworks
Q9UQM7,Q14012,unknown,Phosphorylation,1.0,PhosphoSitePlus
Q9UQM7,Q16566,unknown,Phosphorylation,1.0,PhosphoSitePlus
Q9UQM7,Q99558,unknown,Phosphorylation,2.0,PhosphoNetworks
Q9UQM7,Q9UQM7,unknown,Phosphorylation,1.0,PhosphoSitePlus
Q9UQQ2,P00533,Y,Phosphorylation,1.0,UniProt
Q9UQQ2,P06239,Y273,Phosphorylation,100.0,PhosphoNetworks;PhosphoSitePlus;SIGNOR;iPTMnet
Q9UQQ2,P08581,Y,Phosphorylation,1.0,UniProt
Q9UQQ2,P10721,Y,Phosphorylation,1.0,UniProt
Q9UQQ2,P21860,Y,Phosphorylation,1.0,UniProt
Q9UQQ2,P43403,Y273,Phosphorylation,100.0,PhosphoNetworks;PhosphoSitePlus;SIGNOR;iPTMnet
Q9UQR0,P06493,unknown,Phosphorylation,1.0,PhosphoSitePlus
Q9UQR0,P24941,unknown,Phosphorylation,1.0,PhosphoSitePlus
Q9UQR1,Q13315,unknown,Phosphorylation,1.0,PhosphoSitePlus
Q9WMX2,P06241,Y,Phosphorylation,1.0,UniProt
Q9WMX2,P07948,Y,Phosphorylation,1.0,UniProt
Q9WU82,P06241,Y,Phosphorylation,1.0,UniProt
Q9Y210,P06241,unknown,Phosphorylation,0.505,SIGNOR
Q9Y210,P12931,Y31,Phosphorylation,0.434,SIGNOR
Q9Y210,P17612,unknown,Phosphorylation,1.0,PhosphoSitePlus
Q9Y210,Q05655,unknown,Phosphorylation,1.0,PhosphoSitePlus
Q9Y210,Q13976,unknown,Phosphorylation,1.0,PhosphoSitePlus
Q9Y210,Q9UQM7,unknown,Phosphorylation,1.0,PhosphoSitePlus
Q9Y230,O14733,unknown,Phosphorylation,24.59,PhosphoNetworks
Q9Y230,O43318,unknown,Phosphorylation,12.61,PhosphoNetworks
Q9Y230,O75676,unknown,Phosphorylation,3.24,PhosphoNetworks
Q9Y230,O75716,unknown,Phosphorylation,16.61,PhosphoNetworks
Q9Y230,P11309,unknown,Phosphorylation,2.67,PhosphoNetworks
Q9Y230,P11802,unknown,Phosphorylation,65.13,PhosphoNetworks
Q9Y230,P17612,unknown,Phosphorylation,34.96,PhosphoNetworks
Q9Y230,P21802,unknown,Phosphorylation,2.16,PhosphoNetworks
Q9Y230,P30291,unknown,Phosphorylation,50.32,PhosphoNetworks
Q9Y230,P37173,unknown,Phosphorylation,70.96,PhosphoNetworks
Q9Y230,P42685,unknown,Phosphorylation,1.58,PhosphoNetworks
Q9Y230,P43405,unknown,Phosphorylation,13.8,PhosphoNetworks
Q9Y230,P45983,unknown,Phosphorylation,12.61,PhosphoNetworks
Q9Y230,P49760,unknown,Phosphorylation,3.18,PhosphoNetworks
Q9Y230,Q05513,unknown,Phosphorylation,9.71,PhosphoNetworks
Q9Y230,Q12851,unknown,Phosphorylation,15.18,PhosphoNetworks
Q9Y230,Q13882,unknown,Phosphorylation,1.58,PhosphoNetworks
Q9Y230,Q14289,unknown,Phosphorylation,9.71,PhosphoNetworks
Q9Y230,Q15349,unknown,Phosphorylation,2.25,PhosphoNetworks
Q9Y230,Q16512,unknown,Phosphorylation,15.18,PhosphoNetworks
Q9Y230,Q59H18,unknown,Phosphorylation,2.21,PhosphoNetworks
Q9Y230,Q8IW41,unknown,Phosphorylation,34.96,PhosphoNetworks
Q9Y230,Q8N5S9,unknown,Phosphorylation,2.25,PhosphoNetworks
Q9Y230,Q92630,unknown,Phosphorylation,1.58,PhosphoNetworks
Q9Y230,Q9NR20,unknown,Phosphorylation,1.6,PhosphoNetworks
Q9Y230,Q9UEE5,unknown,Phosphorylation,5.31,PhosphoNetworks
Q9Y230,Q9UHD2,unknown,Phosphorylation,3054.93,PhosphoNetworks
Q9Y233,P17612,unknown,Phosphorylation,1.0,PhosphoSitePlus
Q9Y237,P68400,unknown,Phosphorylation,1.0,PhosphoSitePlus
Q9Y243,O15530,unknown,Phosphorylation,1.0,PhosphoSitePlus;Reactome
Q9Y243,P04626,unknown,Phosphorylation,1.0,Reactome
Q9Y243,P11362,unknown,Phosphorylation,1.0,Reactome
Q9Y243,P21802,unknown,Phosphorylation,1.0,Reactome
Q9Y243,P22455,unknown,Phosphorylation,1.0,Reactome
Q9Y243,P22607,unknown,Phosphorylation,1.0,Reactome
Q9Y243,P37173,unknown,Phosphorylation,1.73,PhosphoNetworks
Q9Y243,P42338,unknown,Phosphorylation,1.0,Reactome
Q9Y243,Q14289,unknown,Phosphorylation,22.91,PhosphoNetworks
Q9Y243,Q15303,unknown,Phosphorylation,1.0,Reactome
Q9Y248,Q13535,unknown,Phosphorylation,1.0,PhosphoSitePlus
Q9Y250,O96017,unknown,Phosphorylation,47.71,PhosphoNetworks
Q9Y250,P29320,unknown,Phosphorylation,33.58,PhosphoNetworks
Q9Y250,P45983,unknown,Phosphorylation,1.57,PhosphoNetworks
Q9Y250,Q15759,unknown,Phosphorylation,1.6,PhosphoNetworks
Q9Y250,Q7KZI7,unknown,Phosphorylation,13.06,PhosphoNetworks
Q9Y250,Q9UQB9,unknown,Phosphorylation,2.16,PhosphoNetworks
Q9Y250,Q9UQM7,unknown,Phosphorylation,1.57,PhosphoNetworks
Q9Y253,Q13535,unknown,Phosphorylation,1.0,PhosphoSitePlus
Q9Y261,O15111,unknown,Phosphorylation,1.0,PhosphoSitePlus
Q9Y261,P31749,unknown,Phosphorylation,1.0,PhosphoSitePlus
Q9Y265,O75676,unknown,Phosphorylation,3.24,PhosphoNetworks
Q9Y265,O75716,unknown,Phosphorylation,16.93,PhosphoNetworks
Q9Y265,P11802,unknown,Phosphorylation,7.46,PhosphoNetworks
Q9Y265,P36894,unknown,Phosphorylation,49.92,PhosphoNetworks
Q9Y265,P37173,unknown,Phosphorylation,49.92,PhosphoNetworks
Q9Y265,P42685,unknown,Phosphorylation,2.25,PhosphoNetworks
Q9Y265,P45984,unknown,Phosphorylation,16.61,PhosphoNetworks
Q9Y265,P52564,unknown,Phosphorylation,12.84,PhosphoNetworks
Q9Y265,Q00534,unknown,Phosphorylation,45.24,PhosphoNetworks
Q9Y265,Q14289,unknown,Phosphorylation,13.55,PhosphoNetworks
Q9Y265,Q15349,unknown,Phosphorylation,2.25,PhosphoNetworks
Q9Y265,Q8IW41,unknown,Phosphorylation,2.25,PhosphoNetworks
Q9Y265,Q96S53,unknown,Phosphorylation,3.18,PhosphoNetworks
Q9Y265,Q9NR20,unknown,Phosphorylation,1.6,PhosphoNetworks
Q9Y265,Q9UEE5,unknown,Phosphorylation,5.31,PhosphoNetworks
Q9Y266,P06493,unknown,Phosphorylation,1.0,Reactome
Q9Y266,P24941,unknown,Phosphorylation,1.0,PhosphoSitePlus
Q9Y266,P53350,unknown,Phosphorylation,100.0,PhosphoNetworks;PhosphoSitePlus
Q9Y281,Q16566,unknown,Phosphorylation,100.0,PhosphoNetworks
Q9Y281,Q59H18,unknown,Phosphorylation,2.25,PhosphoNetworks
Q9Y285,Q13535,unknown,Phosphorylation,1.0,PhosphoSitePlus
Q9Y294,Q86UE8,unknown,Phosphorylation,1.0,PhosphoSitePlus
Q9Y295,O75716,unknown,Phosphorylation,1.0,PhosphoSitePlus
Q9Y296,P48730,unknown,Phosphorylation,1.0,Reactome
Q9Y297,P30291,Y,Phosphorylation,1.0,UniProt
Q9Y297,Q02750,Y,Phosphorylation,1.0,UniProt
Q9Y2A7,P00519,unknown,Phosphorylation,1.0,Reactome
Q9Y2A7,P27361,unknown,Phosphorylation,1.0,Reactome
Q9Y2A7,P28482,unknown,Phosphorylation,1.0,Reactome
Q9Y2D0,Q7KZI7,unknown,Phosphorylation,1.94,PhosphoNetworks
Q9Y2F5,P50613,unknown,Phosphorylation,1.0,Reactome
Q9Y2F5,P50750,unknown,Phosphorylation,1.0,Reactome
Q9Y2G1,Q02750,unknown,Phosphorylation,0.258,SIGNOR
Q9Y2H0,P06241,Y,Phosphorylation,1.0,UniProt
Q9Y2H1,Q9Y2H1,unknown,Phosphorylation,1.0,PhosphoSitePlus
Q9Y2H1,Q9Y6E0,unknown,Phosphorylation,100.0,PhosphoNetworks;PhosphoSitePlus
Q9Y2H9,P00533,Y,Phosphorylation,1.0,UniProt
Q9Y2H9,P28482,unknown,Phosphorylation,1.0,PhosphoSitePlus
Q9Y2I6,P06493,unknown,Phosphorylation,1.0,PhosphoSitePlus
Q9Y2I6,P53350,unknown,Phosphorylation,1.0,PhosphoSitePlus;Reactome
Q9Y2I6,Q96GD4,unknown,Phosphorylation,1.0,PhosphoSitePlus
Q9Y2I7,O00141,unknown,Phosphorylation,1.0,PhosphoSitePlus
Q9Y2I7,P31749,unknown,Phosphorylation,1.0,PhosphoSitePlus
Q9Y2I7,Q13131,unknown,Phosphorylation,1.0,PhosphoSitePlus
Q9Y2J2,P24941,unknown,Phosphorylation,1.0,PhosphoSitePlus
Q9Y2J4,P07947,Y,Phosphorylation,1.0,UniProt
Q9Y2J4,P11362,Y107,Phosphorylation,1.0,PhosphoSitePlus;SIGNOR;iPTMnet
Q9Y2J4,Q9NRM7,unknown,Phosphorylation,1.0,PhosphoSitePlus
Q9Y2K2,Q15831,unknown,Phosphorylation,1.0,PhosphoSitePlus
Q9Y2K5,Q9P1W9,unknown,Phosphorylation,2.75,PhosphoNetworks
Q9Y2K5,Q9UEE5,unknown,Phosphorylation,1.9,PhosphoNetworks
Q9Y2K6,P17612,unknown,Phosphorylation,1.0,PhosphoSitePlus
Q9Y2K6,Q13535,unknown,Phosphorylation,0.305,SIGNOR
Q9Y2K7,P24941,unknown,Phosphorylation,1.0,PhosphoSitePlus
Q9Y2K7,Q13315,unknown,Phosphorylation,1.0,PhosphoSitePlus
Q9Y2M5,P22607,Y,Phosphorylation,1.0,UniProt
Q9Y2P0,P42681,Y,Phosphorylation,1.0,UniProt
Q9Y2P0,P49761,Y,Phosphorylation,1.0,UniProt
Q9Y2Q5,P31749,unknown,Phosphorylation,1.0,Reactome
Q9Y2Q5,P54646,unknown,Phosphorylation,1.0,Reactome
Q9Y2Q5,Q13131,unknown,Phosphorylation,1.0,Reactome
Q9Y2R2,P00533,Y,Phosphorylation,1.0,UniProt
Q9Y2R2,P06239,Y,Phosphorylation,1.0,UniProt
Q9Y2R2,P43403,Y,Phosphorylation,1.0,UniProt
Q9Y2R2,Q05655,unknown,Phosphorylation,1.0,PhosphoSitePlus
Q9Y2R4,Q96GD4,unknown,Phosphorylation,1.0,PhosphoSitePlus
Q9Y2T7,O14757,unknown,Phosphorylation,1.0,PhosphoSitePlus
Q9Y2U5,Q13163,Y,Phosphorylation,1.0,UniProt
Q9Y2U5,Q9Y2U5,unknown,Phosphorylation,1.0,PhosphoSitePlus
Q9Y2V2,O00141,unknown,Phosphorylation,1.0,PhosphoSitePlus
Q9Y2V2,P06493,unknown,Phosphorylation,1.0,PhosphoSitePlus
Q9Y2V2,P22455,unknown,Phosphorylation,3.17,PhosphoNetworks
Q9Y2V2,P31749,unknown,Phosphorylation,1.0,PhosphoSitePlus
Q9Y2V2,P43405,unknown,Phosphorylation,22.91,PhosphoNetworks
Q9Y2V2,Q15418,unknown,Phosphorylation,1.0,PhosphoSitePlus
Q9Y2V2,Q8N5S9,unknown,Phosphorylation,6.56,PhosphoNetworks
Q9Y2V2,Q92630,unknown,Phosphorylation,1.0,PhosphoSitePlus
Q9Y2V2,Q9NR20,unknown,Phosphorylation,2.2,PhosphoNetworks
Q9Y2W1,P12931,unknown,Phosphorylation,1.0,PhosphoSitePlus
Q9Y2W1,P24941,unknown,Phosphorylation,1.0,PhosphoSitePlus
Q9Y2W2,P06241,Y,Phosphorylation,1.0,UniProt
Q9Y2W2,Q13523,unknown,Phosphorylation,1.0,Reactome
Q9Y2W7,P08069,Y,Phosphorylation,1.0,UniProt
Q9Y2W7,P48729,unknown,Phosphorylation,100.0,PhosphoNetworks;PhosphoSitePlus
Q9Y2W7,Q15349,unknown,Phosphorylation,67.58,PhosphoNetworks
Q9Y2X7,O94806,unknown,Phosphorylation,1.0,PhosphoSitePlus
Q9Y2X7,P06241,unknown,Phosphorylation,1.0,Reactome
Q9Y2X7,P12931,unknown,Phosphorylation,1.0,PhosphoSitePlus;Reactome
Q9Y2X7,P29323,unknown,Phosphorylation,1.0,Reactome
Q9Y2X7,P54753,unknown,Phosphorylation,1.0,Reactome
Q9Y2X7,P54760,unknown,Phosphorylation,1.0,Reactome
Q9Y2X7,P54762,unknown,Phosphorylation,1.0,Reactome
Q9Y2X7,Q05397,unknown,Phosphorylation,1.0,PhosphoSitePlus
Q9Y2X7,Q13153,unknown,Phosphorylation,1.0,PhosphoSitePlus
Q9Y2X7,Q14012,unknown,Phosphorylation,1.0,Reactome
Q9Y2Y0,P22607,Y,Phosphorylation,1.0,UniProt
Q9Y2Y1,Q9UEE5,unknown,Phosphorylation,2.5,PhosphoNetworks
Q9Y2Y9,Q13523,unknown,Phosphorylation,0.341,SIGNOR
Q9Y2Z0,P53350,unknown,Phosphorylation,1.0,PhosphoSitePlus
Q9Y314,P24941,unknown,Phosphorylation,1.0,PhosphoSitePlus
Q9Y316,P04626,Y,Phosphorylation,1.0,UniProt
Q9Y365,P19784,unknown,Phosphorylation,1.0,Reactome
Q9Y365,P68400,unknown,Phosphorylation,1.0,PhosphoSitePlus;Reactome
Q9Y371,P12931,unknown,Phosphorylation,1.0,PhosphoSitePlus
Q9Y371,Q00535,unknown,Phosphorylation,1.0,PhosphoSitePlus
Q9Y383,O96013,unknown,Phosphorylation,1.57,PhosphoNetworks
Q9Y383,P31749,unknown,Phosphorylation,28.74,PhosphoNetworks
Q9Y388,Q13523,unknown,Phosphorylation,1.0,Reactome
Q9Y3C5,P31749,unknown,Phosphorylation,1.0,PhosphoSitePlus
Q9Y3D0,P22607,Y,Phosphorylation,1.0,UniProt
Q9Y3E5,Q05397,Y,Phosphorylation,1.0,UniProt
Q9Y3E5,Q15139,unknown,Phosphorylation,1.0,PhosphoSitePlus
Q9Y3F4,Q99683,unknown,Phosphorylation,1.0,PhosphoSitePlus
Q9Y3I1,P22607,Y,Phosphorylation,1.0,UniProt
Q9Y3M2,P31749,unknown,Phosphorylation,1.0,PhosphoSitePlus;Reactome
Q9Y3M2,P31751,unknown,Phosphorylation,1.0,PhosphoSitePlus;Reactome
Q9Y3Q4,P12931,Y531,Phosphorylation,1.0,PhosphoSitePlus;SIGNOR;iPTMnet
Q9Y3Q4,P17612,unknown,Phosphorylation,1.0,PhosphoSitePlus
Q9Y3Q8,P22607,Y,Phosphorylation,1.0,UniProt
Q9Y3Q8,P30291,unknown,Phosphorylation,18.32,PhosphoNetworks
Q9Y3Q8,Q00535,unknown,Phosphorylation,7.87,PhosphoNetworks
Q9Y3Q8,Q05655,unknown,Phosphorylation,7.87,PhosphoNetworks
Q9Y3Q8,Q9UEE5,unknown,Phosphorylation,1.9,PhosphoNetworks
Q9Y3R0,P05129,unknown,Phosphorylation,1.0,Reactome
Q9Y3R0,P05771,unknown,Phosphorylation,1.0,Reactome
Q9Y3R0,P17252,unknown,Phosphorylation,1.0,Reactome
Q9Y3T9,O15530,unknown,Phosphorylation,3.47,PhosphoNetworks
Q9Y3T9,O43683,unknown,Phosphorylation,2.71,PhosphoNetworks
Q9Y3T9,O43781,unknown,Phosphorylation,1.93,PhosphoNetworks
Q9Y3T9,P30291,unknown,Phosphorylation,1.56,PhosphoNetworks
Q9Y3T9,P31749,unknown,Phosphorylation,3.47,PhosphoNetworks
Q9Y3T9,P50613,unknown,Phosphorylation,2.71,PhosphoNetworks
Q9Y3Y2,O14757,unknown,Phosphorylation,1.0,PhosphoSitePlus
Q9Y3Y2,Q92989,unknown,Phosphorylation,1.0,Reactome
Q9Y3Z3,P06493,unknown,Phosphorylation,1.0,PhosphoSitePlus
Q9Y3Z3,P24941,unknown,Phosphorylation,1.0,PhosphoSitePlus
Q9Y446,P12931,Y195,Phosphorylation,0.306,SIGNOR
Q9Y448,O14965,unknown,Phosphorylation,0.262,SIGNOR
Q9Y463,P45983,unknown,Phosphorylation,2.75,PhosphoNetworks
Q9Y463,P46734,Y,Phosphorylation,1.0,SIGNOR;UniProt
Q9Y463,Q9Y463,Y271;Y273,Phosphorylation,1.0,SIGNOR;iPTMnet
Q9Y478,Q13131,unknown,Phosphorylation,1.0,PhosphoSitePlus
Q9Y478,Q15831,unknown,Phosphorylation,1.0,Reactome
Q9Y478,Q8IYT8,unknown,Phosphorylation,0.328,SIGNOR
Q9Y478,Q96RR4,unknown,Phosphorylation,1.0,Reactome
Q9Y483,P45983,unknown,Phosphorylation,2.7,PhosphoNetworks
Q9Y484,Q8IWQ3,unknown,Phosphorylation,0.248,SIGNOR
Q9Y484,Q9H093,unknown,Phosphorylation,0.263,SIGNOR
Q9Y490,P00533,Y,Phosphorylation,1.0,UniProt
Q9Y490,P04626,Y,Phosphorylation,1.0,UniProt
Q9Y490,P07949,Y,Phosphorylation,1.0,UniProt
Q9Y490,P12931,unknown,Phosphorylation,1.0,Reactome
Q9Y490,Q00535,unknown,Phosphorylation,1.0,PhosphoSitePlus
Q9Y496,Q9UQM7,unknown,Phosphorylation,1.0,PhosphoSitePlus
Q9Y4C1,O60674,Y1101,Phosphorylation,0.2,SIGNOR
Q9Y4C1,Q07912,Y1114,Phosphorylation,0.369,SIGNOR
Q9Y4C8,P17612,unknown,Phosphorylation,7.73,PhosphoNetworks
Q9Y4D1,P12931,unknown,Phosphorylation,0.325,SIGNOR
Q9Y4E8,Q13315,unknown,Phosphorylation,1.0,PhosphoSitePlus
Q9Y4F5,O14757,unknown,Phosphorylation,1.0,PhosphoSitePlus
Q9Y4F5,P22607,Y,Phosphorylation,1.0,UniProt
Q9Y4F5,P28482,unknown,Phosphorylation,1.0,PhosphoSitePlus
Q9Y4G6,P00519,Y,Phosphorylation,1.0,UniProt
Q9Y4G8,O14920,unknown,Phosphorylation,1.0,PhosphoSitePlus;SIGNOR
Q9Y4G8,P48729,unknown,Phosphorylation,1.0,PhosphoSitePlus
Q9Y4G8,Q04759,unknown,Phosphorylation,1.0,PhosphoSitePlus
Q9Y4G8,Q9NYY3,unknown,Phosphorylation,0.359,SIGNOR
Q9Y4H2,O60674,unknown,Phosphorylation,1.0,Reactome
Q9Y4H2,P05771,unknown,Phosphorylation,1.0,PhosphoSitePlus
Q9Y4H2,P06213,Y628;Y632,Phosphorylation,1.0,PhosphoSitePlus;UniProt;iPTMnet
Q9Y4H2,P06493,unknown,Phosphorylation,1.0,PhosphoSitePlus
Q9Y4H2,P08069,unknown,Phosphorylation,0.804,SIGNOR
Q9Y4H2,P17612,unknown,Phosphorylation,1.0,PhosphoSitePlus
Q9Y4H2,P27361,unknown,Phosphorylation,1.0,Reactome
Q9Y4H2,P28482,unknown,Phosphorylation,1.0,PhosphoSitePlus
Q9Y4H2,P42345,unknown,Phosphorylation,1.0,PhosphoSitePlus
Q9Y4H2,P45983,unknown,Phosphorylation,1.0,PhosphoSitePlus
Q9Y4H2,P49840,unknown,Phosphorylation,1.0,PhosphoSitePlus
Q9Y4H2,P53350,unknown,Phosphorylation,1.0,PhosphoSitePlus
Q9Y4I1,P31751,unknown,Phosphorylation,1.0,PhosphoSitePlus;Reactome
Q9Y4K3,P07947,Y,Phosphorylation,1.0,UniProt
Q9Y4K3,P12931,Y288;Y326;Y353;Y381;Y473;Y68,Phosphorylation,0.563,SIGNOR
Q9Y4K3,P43405,Y,Phosphorylation,1.0,UniProt
Q9Y4K4,O60674,unknown,Phosphorylation,7.61,PhosphoNetworks
Q9Y4K4,P22455,unknown,Phosphorylation,1.73,PhosphoNetworks
Q9Y4K4,Q00535,unknown,Phosphorylation,18.88,PhosphoNetworks
Q9Y4K4,Q99558,unknown,Phosphorylation,15.83,PhosphoNetworks
Q9Y4K4,Q9H1R3,unknown,Phosphorylation,11.13,PhosphoNetworks
Q9Y4P8,P42345,unknown,Phosphorylation,1.0,PhosphoSitePlus
Q9Y4R8,P68400,unknown,Phosphorylation,1.0,PhosphoSitePlus
Q9Y4W2,O43683,unknown,Phosphorylation,2.71,PhosphoNetworks
Q9Y4W2,Q9UEE5,unknown,Phosphorylation,2.5,PhosphoNetworks
Q9Y520,O14757,unknown,Phosphorylation,1.0,PhosphoSitePlus
Q9Y534,O43683,unknown,Phosphorylation,3.74,PhosphoNetworks
Q9Y534,P11309,unknown,Phosphorylation,3.07,PhosphoNetworks
Q9Y534,P11802,unknown,Phosphorylation,3.74,PhosphoNetworks
Q9Y534,P17612,unknown,Phosphorylation,4.87,PhosphoNetworks
Q9Y534,P21802,unknown,Phosphorylation,10.2,PhosphoNetworks
Q9Y534,P30291,unknown,Phosphorylation,3.74,PhosphoNetworks
Q9Y534,P37173,unknown,Phosphorylation,5.27,PhosphoNetworks
Q9Y534,P41743,unknown,Phosphorylation,2.6,PhosphoNetworks
Q9Y534,P49674,unknown,Phosphorylation,3.69,PhosphoNetworks
Q9Y534,P49760,unknown,Phosphorylation,5.31,PhosphoNetworks
Q9Y534,P49841,unknown,Phosphorylation,2.6,PhosphoNetworks
Q9Y534,P51955,unknown,Phosphorylation,2.6,PhosphoNetworks
Q9Y534,P51956,unknown,Phosphorylation,3.74,PhosphoNetworks
Q9Y534,Q15349,unknown,Phosphorylation,3.63,PhosphoNetworks
Q9Y534,Q59H18,unknown,Phosphorylation,2.6,PhosphoNetworks
Q9Y534,Q8IW41,unknown,Phosphorylation,3.69,PhosphoNetworks
Q9Y534,Q8N5S9,unknown,Phosphorylation,2.6,PhosphoNetworks
Q9Y534,Q92630,unknown,Phosphorylation,2.6,PhosphoNetworks
Q9Y534,Q9UEE5,unknown,Phosphorylation,5.31,PhosphoNetworks
Q9Y534,Q9UHD2,unknown,Phosphorylation,1.6,PhosphoNetworks
Q9Y570,O14757,unknown,Phosphorylation,1.0,PhosphoSitePlus
Q9Y572,O00238,unknown,Phosphorylation,26.79,PhosphoNetworks
Q9Y572,O43318,unknown,Phosphorylation,7.75,PhosphoNetworks;SIGNOR
Q9Y572,O60674,unknown,Phosphorylation,7.75,PhosphoNetworks
Q9Y572,P22455,unknown,Phosphorylation,1.73,PhosphoNetworks
Q9Y572,P28482,unknown,Phosphorylation,1.0,PhosphoSitePlus
Q9Y572,P45985,unknown,Phosphorylation,5.45,PhosphoNetworks
Q9Y572,Q04771,unknown,Phosphorylation,7.75,PhosphoNetworks
Q9Y572,Q13131,unknown,Phosphorylation,7.61,PhosphoNetworks
Q9Y572,Q13164,unknown,Phosphorylation,7.75,PhosphoNetworks
Q9Y572,Q13546,unknown,Phosphorylation,0.752,SIGNOR
Q9Y572,Q13554,unknown,Phosphorylation,7.75,PhosphoNetworks
Q9Y572,Q13557,unknown,Phosphorylation,7.75,PhosphoNetworks
Q9Y572,Q86Z02,unknown,Phosphorylation,1.6,PhosphoNetworks
Q9Y572,Q9H1R3,unknown,Phosphorylation,11.13,PhosphoNetworks
Q9Y572,Q9NRH2,unknown,Phosphorylation,1.74,PhosphoNetworks
Q9Y572,Q9UHD2,unknown,Phosphorylation,15.83,PhosphoNetworks
Q9Y592,P07947,Y,Phosphorylation,1.0,UniProt
Q9Y5A6,P49760,Y,Phosphorylation,1.0,UniProt
Q9Y5B0,P50750,unknown,Phosphorylation,1.0,Reactome
Q9Y5B0,P68400,unknown,Phosphorylation,1.0,PhosphoSitePlus
Q9Y5B9,Q96GD4,unknown,Phosphorylation,1.0,PhosphoSitePlus
Q9Y5J1,P68400,unknown,Phosphorylation,2.39,PhosphoNetworks
Q9Y5J1,Q9UEE5,unknown,Phosphorylation,1.93,PhosphoNetworks
Q9Y5K2,Q06418,Y,Phosphorylation,1.0,UniProt
Q9Y5K6,P06241,Y,Phosphorylation,1.0,UniProt
Q9Y5N6,P06493,unknown,Phosphorylation,1.0,PhosphoSitePlus
Q9Y5N6,P24941,unknown,Phosphorylation,1.0,Reactome
Q9Y5N6,Q13535,unknown,Phosphorylation,1.0,Reactome
Q9Y5P4,O94806,unknown,Phosphorylation,1.0,Reactome
Q9Y5P4,P78368,unknown,Phosphorylation,1.0,Reactome
Q9Y5P4,Q15139,unknown,Phosphorylation,1.0,Reactome
Q9Y5P4,Q9BZL6,unknown,Phosphorylation,1.0,Reactome
Q9Y5Q3,P45983,unknown,Phosphorylation,1.0,PhosphoSitePlus
Q9Y5Q3,P49840,unknown,Phosphorylation,0.2,SIGNOR
Q9Y5Q3,P49841,unknown,Phosphorylation,0.2,SIGNOR
Q9Y5Q9,Q13164,unknown,Phosphorylation,3.55,PhosphoNetworks
Q9Y5R8,P48730,unknown,Phosphorylation,1.0,Reactome
Q9Y5S2,P42345,unknown,Phosphorylation,1.0,PhosphoSitePlus
Q9Y5S9,Q92989,unknown,Phosphorylation,1.0,Reactome
Q9Y5S9,Q96SB4,unknown,Phosphorylation,1.0,PhosphoSitePlus
Q9Y5T5,P06493,unknown,Phosphorylation,1.0,PhosphoSitePlus
Q9Y5V3,Q14289,unknown,Phosphorylation,2.83,PhosphoNetworks
Q9Y5X1,Q07912,Y56,Phosphorylation,1.0,SIGNOR;UniProt;iPTMnet
Q9Y5X2,P23458,Y126;Y95,Phosphorylation,0.342,SIGNOR
Q9Y5Z0,P42679,Y,Phosphorylation,1.0,UniProt
Q9Y613,P12931,unknown,Phosphorylation,1.0,PhosphoSitePlus
Q9Y613,Q13464,unknown,Phosphorylation,1.0,PhosphoSitePlus
Q9Y613,Q13976,unknown,Phosphorylation,1.0,PhosphoSitePlus
Q9Y618,O15111,unknown,Phosphorylation,1.0,PhosphoSitePlus
Q9Y618,P24941,unknown,Phosphorylation,0.431,SIGNOR
Q9Y618,P28482,unknown,Phosphorylation,1.0,PhosphoSitePlus
Q9Y618,P68400,unknown,Phosphorylation,1.0,PhosphoSitePlus
Q9Y618,Q9UQM7,unknown,Phosphorylation,1.0,PhosphoSitePlus
Q9Y624,P17252,unknown,Phosphorylation,1.0,PhosphoSitePlus
Q9Y624,Q05513,unknown,Phosphorylation,1.0,PhosphoSitePlus
Q9Y666,Q9UEW8,unknown,Phosphorylation,1.0,PhosphoSitePlus
Q9Y676,P24941,unknown,Phosphorylation,1.0,PhosphoSitePlus
Q9Y691,Q13237,unknown,Phosphorylation,1.0,Reactome
Q9Y691,Q13976,unknown,Phosphorylation,1.0,Reactome
Q9Y692,P10398,unknown,Phosphorylation,1.9,PhosphoNetworks
Q9Y692,P49759,unknown,Phosphorylation,3.24,PhosphoNetworks
Q9Y698,P17612,unknown,Phosphorylation,1.0,PhosphoSitePlus
Q9Y698,Q13554,unknown,Phosphorylation,1.0,Reactome
Q9Y698,Q13555,unknown,Phosphorylation,1.0,Reactome
Q9Y698,Q13557,unknown,Phosphorylation,1.0,Reactome
Q9Y698,Q9UQM7,unknown,Phosphorylation,1.0,Reactome
Q9Y6A5,O14965,unknown,Phosphorylation,1.0,PhosphoSitePlus
Q9Y6A5,P00533,Y,Phosphorylation,1.0,UniProt
Q9Y6D6,P17612,unknown,Phosphorylation,1.0,PhosphoSitePlus
Q9Y6D9,P06493,unknown,Phosphorylation,1.0,Reactome
Q9Y6D9,P53350,unknown,Phosphorylation,1.0,PhosphoSitePlus;Reactome
Q9Y6D9,Q13315,unknown,Phosphorylation,1.0,PhosphoSitePlus
Q9Y6E0,P17612,unknown,Phosphorylation,1.0,PhosphoSitePlus
Q9Y6E0,Q00535,unknown,Phosphorylation,1.0,PhosphoSitePlus
Q9Y6E0,Q9Y6E0,unknown,Phosphorylation,1.0,PhosphoSitePlus
Q9Y6F6,Q13237,unknown,Phosphorylation,1.0,Reactome
Q9Y6F6,Q13976,unknown,Phosphorylation,1.0,Reactome
Q9Y6G9,P06493,unknown,Phosphorylation,1.0,Reactome
Q9Y6G9,P28482,unknown,Phosphorylation,1.0,PhosphoSitePlus
Q9Y6G9,P53350,unknown,Phosphorylation,1.0,Reactome
Q9Y6H5,P49841,unknown,Phosphorylation,1.0,PhosphoSitePlus
Q9Y6H6,P17252,unknown,Phosphorylation,1.0,PhosphoSitePlus
Q9Y6I3,P06493,unknown,Phosphorylation,1.0,PhosphoSitePlus
Q9Y6K1,Q92630,unknown,Phosphorylation,2.25,PhosphoNetworks
Q9Y6K1,Q9UEE5,unknown,Phosphorylation,5.31,PhosphoNetworks
Q9Y6K1,Q9UHD2,unknown,Phosphorylation,20.02,PhosphoNetworks
Q9Y6K9,O14920,unknown,Phosphorylation,100.0,PhosphoNetworks;PhosphoSitePlus
Q9Y6K9,O15530,unknown,Phosphorylation,1.0,Reactome
Q9Y6K9,P06241,Y374,Phosphorylation,0.355,SIGNOR
Q9Y6K9,P07948,Y374,Phosphorylation,0.355,SIGNOR
Q9Y6K9,P09769,Y374,Phosphorylation,0.325,SIGNOR
Q9Y6K9,P12931,Y374,Phosphorylation,1.0,PhosphoSitePlus;SIGNOR;UniProt
Q9Y6K9,P36888,Y,Phosphorylation,1.0,UniProt
Q9Y6K9,P49841,unknown,Phosphorylation,0.429,SIGNOR
Q9Y6K9,P51617,unknown,Phosphorylation,1.0,Reactome
Q9Y6K9,Q04759,unknown,Phosphorylation,1.0,Reactome
Q9Y6K9,Q05397,unknown,Phosphorylation,1.0,Reactome
Q9Y6K9,Q13233,unknown,Phosphorylation,1.0,Reactome
Q9Y6K9,Q13315,unknown,Phosphorylation,1.0,PhosphoSitePlus
Q9Y6M1,P42345,unknown,Phosphorylation,0.2,SIGNOR
Q9Y6M1,Q13627,Y,Phosphorylation,1.0,UniProt
Q9Y6M4,P49841,unknown,Phosphorylation,1.0,Reactome
Q9Y6N6,Q05397,unknown,Phosphorylation,1.0,Reactome
Q9Y6N6,Q14289,unknown,Phosphorylation,1.0,Reactome
Q9Y6N7,P00519,Y1073,Phosphorylation,1.0,PhosphoSitePlus;SIGNOR;iPTMnet
Q9Y6Q2,P11802,unknown,Phosphorylation,3.74,PhosphoNetworks
Q9Y6Q2,Q8TAS1,unknown,Phosphorylation,2.6,PhosphoNetworks
Q9Y6Q2,Q9UEE5,unknown,Phosphorylation,3.74,PhosphoNetworks
Q9Y6Q6,P00533,Y,Phosphorylation,1.0,UniProt
Q9Y6Q9,O14920,unknown,Phosphorylation,0.375,SIGNOR
Q9Y6Q9,O15111,unknown,Phosphorylation,1.0,PhosphoSitePlus;SIGNOR
Q9Y6Q9,P00519,Y1357,Phosphorylation,1.0,PhosphoSitePlus;SIGNOR;iPTMnet
Q9Y6Q9,P06493,unknown,Phosphorylation,1.0,PhosphoSitePlus
Q9Y6Q9,P17612,unknown,Phosphorylation,1.0,PhosphoSitePlus
Q9Y6Q9,P35790,unknown,Phosphorylation,0.2,SIGNOR
Q9Y6Q9,P45983,unknown,Phosphorylation,1.0,PhosphoSitePlus
Q9Y6Q9,P48730,unknown,Phosphorylation,1.0,PhosphoSitePlus
Q9Y6Q9,P49674,unknown,Phosphorylation,1.0,PhosphoSitePlus
Q9Y6Q9,Q05513,unknown,Phosphorylation,1.0,PhosphoSitePlus
Q9Y6Q9,Q16539,unknown,Phosphorylation,1.0,PhosphoSitePlus
Q9Y6Q9,Q16659,unknown,Phosphorylation,1.0,PhosphoSitePlus;Reactome
Q9Y6R0,P00533,Y,Phosphorylation,1.0,UniProt
Q9Y6R1,P17612,unknown,Phosphorylation,1.0,PhosphoSitePlus
Q9Y6R1,Q9UEW8,unknown,Phosphorylation,1.0,PhosphoSitePlus;SIGNOR
Q9Y6R4,Q9Y6R4,unknown,Phosphorylation,1.0,PhosphoSitePlus
Q9Y6W5,P00519,Y150,Phosphorylation,1.0,PhosphoSitePlus;Reactome;SIGNOR;UniProt;iPTMnet
Q9Y6W5,P27361,unknown,Phosphorylation,1.0,PhosphoSitePlus;Reactome
Q9Y6W5,P28482,unknown,Phosphorylation,1.0,PhosphoSitePlus;Reactome
Q9Y6W5,P68400,unknown,Phosphorylation,1.0,PhosphoSitePlus
Q9Y6W5,Q00535,unknown,Phosphorylation,1.0,PhosphoSitePlus
Q9Y6W6,P22607,Y,Phosphorylation,1.0,UniProt
Q9Y6W6,P42345,unknown,Phosphorylation,1.0,PhosphoSitePlus
Q9Y6X9,Q13153,unknown,Phosphorylation,1.0,PhosphoSitePlus
Q9Y6Y8,P48730,unknown,Phosphorylation,1.0,Reactome
Q9Y6Y9,P07948,unknown,Phosphorylation,1.0,PhosphoSitePlus
Q9YJQ8,P06239,Y,Phosphorylation,1.0,UniProt
